Detalhe;Referência;Nome;Cargo;Descontos;Líquido;Proventos;Divisão;Subdivisão;Unidade;Vínculo;CPF;Matrícula;Carga Horária (Sem.);Local de Trabalho;Contrato;Data Admissão;Data Desligamento;Ato Admissão;Ato Demissão;Data Adm. Comissão;Ato Adm. Comissão;Natureza Cargo;Forma de Provimento Cargo;Ato Criação Cargo;Categoria Funcional;Tipo de Contrato;Data Prevista Termino Contrato;Cargo Inicial
;Rescisão - Janeiro;ACILIANA JOSEFA DE OLIVEIRA;PROFESSORA DE EJA - CELETISTA;;0,00;;SECRETARIA MUNICIPAL DE EDUCAÇÃO;SECRETARIA MUNICIPAL DE EDUCAÇÃO;SME-DEPTOR. ENSINO FUNDEB 70%  VI EJA;CONTRATADOS  EDUCAÇÃO;042.XXX.XXX-96;399;40;;1;01/03/2021;01/01/2023;;1/23;;;3 - Temporário;TEMPO DETERMINADO;;;Contrato Temporario;;PROFESSORA DE EJA - CELETISTA
;Folha Mensal - Janeiro;ADAILTON JOSÉ DE MACEDO;ASSESSOR TÉCNICO (A) ADMINISTRATIVO;128,11;1.512,41;1.640,52;PREFEITURA MUNICIPAL DE PADRE MARCOS-PI;SECRETARIA MUNICIPAL  DE ADMINISTRAÇÃO;SEAD -  DEPTO. ADMINISTRAÇÃO V- COMISSIONADOS;COMISSIONADOS;014.XXX.XXX-13;357;40;;1;02/01/2020;;01/2020;01/2025;;;2 - Comissão;TEMPO DETERMINADO;;;Função de Confiança;;ASSESSOR TÉCNICO (A) ADMINISTRATIVO
;Folha Mensal - Janeiro;ADEILSON ABDIAS DE CARVALHO;ASSESSOR TÉCNICO (A) ADMINISTRATIVO;156,24;1.796,76;1.953,00;SECRETARIA MUNICIPAL DE EDUCAÇÃO;FUNDO DE MANUT. E DEC.DA EDUC.BASICA-FUNDEB;SME- DEPTOR ADM FUNDEB 30 % VI - COMISSIONADOS;COMISSIONADOS EDUCAÇÃO;053.XXX.XXX-44;388;40;;2;01/02/2022;;;01/2025;;;2 - Comissão;TEMPO DETERMINADO;;;Função de Confiança;;ASSESSOR TÉCNICO (A) ADMINISTRATIVO
;Folha Mensal - Janeiro;ADELINA JULIANA LEAL;COZINHEIRO (A);227,20;1.530,50;1.757,70;HOSPITAL MUNICIPAL DE PADRE MARCOS;SECRETARIA MUNICIPAL DE SAUDE;HOSPITAL - DEPTO. ADMINISTRATIVO I;EFETIVOS;037.XXX.XXX-23;14;40;HOSPITAL MUNICIPAL DE PADRE MARCOS;1;19/01/2015;;;007/2020;;;1 - Efetivo;CONCURSO PUBLICO ;;;Efetivo;;COZINHEIRO (A)
;Folha Mensal - Janeiro;ADENILDA ALDEILDE BENTO;ASSESSOR ESPECIAL;129,28;1.524,26;1.653,54;SECRETARIA MUNICIPAL DE EDUCAÇÃO;FUNDO DE MANUT. E DEC.DA EDUC.BASICA-FUNDEB;SME- DEPTOR ADM FUNDEB 30 % VI - COMISSIONADOS;COMISSIONADOS EDUCAÇÃO;842.XXX.XXX-20;422;40;;1;01/04/2021;;;01/2025;;;2 - Comissão;LIVRE PROVIMENTO ;;;Função de Confiança;;ASSESSOR ESPECIAL
;Rescisão - Janeiro;ADENILDA TEREZINHA DE CARVALHO;PROFESSOR SL 40H - CELETISTA;;0,00;;SECRETARIA MUNICIPAL DE EDUCAÇÃO;SECRETARIA MUNICIPAL DE EDUCAÇÃO;SME- DEPTO  ENSINO INFANTIL FUNDEB 70% - SELETISTAS;CONTRATADOS  EDUCAÇÃO;065.XXX.XXX-58;298;40;;3;01/03/2021;01/01/2023;;1/23;;;3 - Temporário;TEMPO DETERMINADO;;;Contrato Temporario;;PROFESSOR SL 40H - CELETISTA
;Folha Mensal - Janeiro;ADJANO FRANCISCO BENTO;SECRETARIO DE AGRICULTURA;138,47;1.617,13;1.755,60;PREFEITURA MUNICIPAL DE PADRE MARCOS-PI;SECRETARIA MUNICIPAL DE AGRICULTURA;SMA - SECRETARIA DE AGRICULTURA;COMISSIONADOS;842.XXX.XXX-04;373;40;;1;01/07/2020;;;01/2025;;;2 - Comissão;LIVRE PROVIMENTO ;;;Função de Confiança;;SECRETARIO DE AGRICULTURA
;Folha Mensal - Janeiro;ADJEANE DA SILVA SOUSA;PROFESSOR SE 40H;2.027,49;5.534,37;7.561,86;SECRETARIA MUNICIPAL DE EDUCAÇÃO;SECRETARIA MUNICIPAL DE EDUCAÇÃO;SME- DEPTOR ENSINO FUNDEB 70% II;EFETIVO - PROFESSORES;757.XXX.XXX-20;160;40;U.E.M. JOSE DE MOURA LEAL;1;02/02/1998;;;;;;1 - Efetivo;CONCURSO PUBLICO ;;;Efetivo;;PROFESSOR SE 40H
;Rescisão - Janeiro;ADRIANA ESPEDITA DA CONCEIÇÃO SILVA;ASSESSOR TÉCNICO (A) ADMINISTRATIVO;;0,00;;SECRETARIA MUNICIPAL DE EDUCAÇÃO;FUNDO DE MANUT. E DEC.DA EDUC.BASICA-FUNDEB;SME- DEPTOR ADM FUNDEB 30 % VI - COMISSIONADOS;COMISSIONADOS EDUCAÇÃO;991.XXX.XXX-49;344;40;;1;01/08/2019;01/01/2023;;040/2022;;;2 - Comissão;TEMPO DETERMINADO;;;Função de Confiança;;ASSESSOR TÉCNICO (A) ADMINISTRATIVO
;Rescisão - Janeiro;AGDA ÉRICA DA SILVA;FARMACÊUTICA ( O );;0,00;;SECRETARIA MUNICIPAL DE SAUDE;SECRETARIA MUNICIPAL DE SAUDE;SMS.SEC. SAUDE- FARMACÊTICA;CONTRATO TEMPORÁRIO;038.XXX.XXX-70;284;40;;5;01/04/2021;01/01/2023;;2/23;;;3 - Temporário;TEMPO DETERMINADO;;;Contrato Temporario;;FARMACÊUTICA ( O )
;Folha Mensal - Janeiro;AGDA ÉRICA DA SILVA;FARMACÊUTICA ( O );218,93;2.181,07;2.400,00;SECRETARIA MUNICIPAL DE SAUDE;SECRETARIA MUNICIPAL DE SAUDE;SMS.SEC. SAUDE- FARMACÊTICA;CONTRATO TEMPORÁRIO;038.XXX.XXX-70;284;40;;6;01/01/2023;;;01/223;;;3 - Temporário;TEMPO DETERMINADO;;;Contrato Temporario;;FARMACÊUTICA ( O )
;Rescisão - Janeiro;AILANE MARIA DE MACEDO;PROFESSOR SL 40H - CELETISTA;;0,00;;SECRETARIA MUNICIPAL DE EDUCAÇÃO;SECRETARIA MUNICIPAL DE EDUCAÇÃO;SME - DEPTOR. ENSINO FUNDEB 70% IV - CELETISTAS;CONTRATADOS  EDUCAÇÃO;057.XXX.XXX-89;264;40;;3;01/03/2021;01/01/2023;;1/23;;;3 - Temporário;TEMPO DETERMINADO;;;Contrato Temporario;;PROFESSOR SL 40H - CELETISTA
;Folha Mensal - Janeiro;ALESSIO DE SOUSA MODESTO;MOTORISTA;232,75;2.285,35;2.518,10;PREFEITURA MUNICIPAL DE PADRE MARCOS-PI;SECRETARIA MUNICIPAL  DE ADMINISTRAÇÃO;SEAD - DEPTO. ADMINISTRAÇÃO III;EFETIVOS;965.XXX.XXX-87;105;40;;1;02/03/2015;;;;;;1 - Efetivo;CONCURSO PUBLICO ;;;Efetivo;;MOTORISTA
;Folha Mensal - Janeiro;ALEXSANDRA DE SOUSA MODESTO;ASSISTENTE SOCIAL;649,60;2.950,40;3.600,00;SECRETARIA MUNICIPAL DE SAUDE;SECRETARIA MUNICIPAL DE SAUDE;SMS - SEC. SAUDE NASF II;EFETIVOS;745.XXX.XXX-20;128;40;;1;02/02/2015;;;;;;1 - Efetivo;CONCURSO PUBLICO ;;;Efetivo;;ASSISTENTE SOCIAL
;Folha Mensal - Janeiro;ALEXSANDRA DE SOUSA MODESTO;COORD. PROG. CRIANÇA FELIZ;396,25;1.166,15;1.562,40;SECRETARIA MUNICIPAL DE ASSISTENCIA SOCIAL;SECRETARIA MUNICIPAL DE ASSISTENCIA SOCIAL; PROG.CRIANÇA FELIZ;COMISSIONADOS;745.XXX.XXX-20;128;20;;3;01/03/2019;;;01/2025;;;3 - Temporário;TEMPO DETERMINADO;;;Função de Confiança;;COORD. PROG. CRIANÇA FELIZ
;Folha Mensal - Janeiro;ALEXSANDRO LOPES DE CARVALHO;VIGILANTE;209,62;1.808,48;2.018,10;HOSPITAL MUNICIPAL DE PADRE MARCOS;SECRETARIA MUNICIPAL DE SAUDE;HOSPITAL - DEPTO. ADMINISTRATIVO I;EFETIVOS;020.XXX.XXX-71;15;40;HOSPITAL MUNICIPAL DE PADRE MARCOS;1;19/01/2015;;;;;;1 - Efetivo;CONCURSO PUBLICO ;;;Efetivo;;VIGILANTE
;Rescisão - Janeiro;ALEXSON JOSE DE CARVALHO;AUX. DE SERVIÇOS GERAIS;;0,00;;SECRETARIA MUNICIPAL DE EDUCAÇÃO;FUNDO DE MANUT. E DEC.DA EDUC.BASICA-FUNDEB;SME-DEPTO.CONTRATO-ENSINO FUNDEB 30%;CONTRATADOS  EDUCAÇÃO;053.XXX.XXX-66;252;40;;3;01/03/2021;01/01/2023;;1/23;;;3 - Temporário;TEMPO DETERMINADO;;;Contrato Temporario;;AUX. DE SERVIÇOS GERAIS
;Folha Mensal - Janeiro;ALEXSON JOSE DE CARVALHO;AUX. DE SERVIÇOS GERAIS;97,65;1.204,35;1.302,00;SECRETARIA MUNICIPAL DE EDUCAÇÃO;FUNDO DE MANUT. E DEC.DA EDUC.BASICA-FUNDEB;SME-DEPTO.CONTRATO-ENSINO FUNDEB 30%;CONTRATADOS  EDUCAÇÃO;053.XXX.XXX-66;252;40;;4;01/01/2023;;01/2023;01/223;;;3 - Temporário;TEMPO DETERMINADO;;;Contrato Temporario;;AUX. DE SERVIÇOS GERAIS
;Rescisão - Janeiro;ALINE JOSEFA DE SOUSA BEZERRA;TECNICO DE ENFERMAGEM;;0,00;;SECRETARIA MUNICIPAL DE SAUDE;SECRETARIA MUNICIPAL DE SAUDE;SMS-DEPTO.SEC.SAUDE-CONTRATADOS.;CONTRATO TEMPORÁRIO;072.XXX.XXX-27;314;40;;2;02/03/2021;01/01/2023;;2/23;;;3 - Temporário;TEMPO DETERMINADO;;;Contrato Temporario;;TECNICO DE ENFERMAGEM
;Rescisão - Janeiro;AMANDA KALINE OLIVEIRA GUIMARÃES;FISIOTERAPEUTA;;0,00;;SECRETARIA MUNICIPAL DE SAUDE;SECRETARIA MUNICIPAL DE SAUDE;SME- SEC.SAUDE NASF II -  CONTRATADOS;CONTRATO TEMPORÁRIO;037.XXX.XXX-84;369;40;;2;01/03/2021;01/01/2023;;2/23;;;3 - Temporário;TEMPO DETERMINADO;03/2021;;Contrato Temporario;;FISIOTERAPEUTA
;Folha Mensal - Janeiro;AMANDA KALINE OLIVEIRA GUIMARÃES;FISIOTERAPEUTA;124,47;1.475,53;1.600,00;SECRETARIA MUNICIPAL DE SAUDE;SECRETARIA MUNICIPAL DE SAUDE;SME- SEC.SAUDE NASF II -  CONTRATADOS;CONTRATO TEMPORÁRIO;037.XXX.XXX-84;369;40;;3;01/01/2023;;01/2023;01/223;;;3 - Temporário;TEMPO DETERMINADO;03/2021;;Contrato Temporario;;FISIOTERAPEUTA
;Folha Mensal - Janeiro;ANA CLAUDIA ALVES;COORDENADOR(A) PEDAGÓGICO;151,47;1.748,53;1.900,00;SECRETARIA MUNICIPAL DE EDUCAÇÃO;SECRETARIA MUNICIPAL DE EDUCAÇÃO;SME- DEPTOR. ENSINO FUNDEB 70% V - COMISSIONADOS;COMISSIONADOS EDUCAÇÃO;104.XXX.XXX-00;266;40;UNIDADE ESCOLAR MUNICIPAL DAVI SEVERIANO DE CARVALHO;3;01/03/2019;;;01/2025;;;2 - Comissão;TEMPO DETERMINADO;;;Função de Confiança;;COORDENADOR(A) PEDAGÓGICO
;Rescisão - Janeiro;ANA CRISTINA DE CARVALHO;PROFESSOR SL 40H - CELETISTA;;0,00;;SECRETARIA MUNICIPAL DE EDUCAÇÃO;SECRETARIA MUNICIPAL DE EDUCAÇÃO;SME- DEPTO  ENSINO INFANTIL FUNDEB 70% - SELETISTAS;CONTRATADOS  EDUCAÇÃO;044.XXX.XXX-46;337;40;;2;01/03/2021;01/01/2023;;1/23;;;3 - Temporário;TEMPO DETERMINADO;;;Contrato Temporario;;PROFESSOR SL 40H - CELETISTA
;Rescisão - Janeiro;ANA FLAVIA CONCEIÇÃO SOUSA MACEDO;PROFESSOR SL 40H - CELETISTA;;0,00;;SECRETARIA MUNICIPAL DE EDUCAÇÃO;SECRETARIA MUNICIPAL DE EDUCAÇÃO;SME - DEPTOR. ENSINO FUNDEB 70% IV - CELETISTAS;CONTRATADOS  EDUCAÇÃO;061.XXX.XXX-39;330;40;;2;01/03/2021;01/01/2023;;1/23;;;3 - Temporário;TEMPO DETERMINADO;;;Contrato Temporario;;PROFESSOR SL 40H - CELETISTA
;Folha Mensal - Janeiro;ANA MARCIA DE ARAUJO MOURA RIBEIRO;ASSISTENTE ADMINISTRATIVO;377,70;2.167,50;2.545,20;PREFEITURA MUNICIPAL DE PADRE MARCOS-PI;SECRETARIA MUNICIPAL  DE ADMINISTRAÇÃO;SEAD - DEPTO. ADMINISTRAÇÃO III;EFETIVOS;322.XXX.XXX-49;100;40;;1;01/06/2015;;;;;;1 - Efetivo;CONCURSO PUBLICO ;;;Efetivo;;ASSISTENTE ADMINISTRATIVO
;Rescisão - Janeiro;ANA MÁRCIA DE CARVALHO;MONITOR / VISITADOR DO CRIANÇA FELIZ;;0,00;;SECRETARIA MUNICIPAL DE ASSISTENCIA SOCIAL;FUNDO MUNICIPAL DE ASSISTENCIA SOCIAL-FMAS; PROG.CRIANÇA FELIZ;CONTRATO TEMPORÁRIO;081.XXX.XXX-52;411;40;;1;01/03/2021;01/01/2023;;2/23;;;3 - Temporário;TEMPO DETERMINADO;;;Contrato Temporario;;MONITOR / VISITADOR DO CRIANÇA FELIZ
;Folha Mensal - Janeiro;ANA MEIRE MARIA DE MACEDO;ORIENTADORA(O) EDUCACIONAL;97,65;1.204,35;1.302,00;SECRETARIA MUNICIPAL DE EDUCAÇÃO;SECRETARIA MUNICIPAL DE EDUCAÇÃO;SME- DEPTOR. ENSINO FUNDEB 70% V - COMISSIONADOS;COMISSIONADOS EDUCAÇÃO;226.XXX.XXX-78;161;40;;2;04/01/2021;;;03/2024;;;2 - Comissão;TEMPO DETERMINADO;;;Função de Confiança;;ORIENTADORA(O) EDUCACIONAL
;Folha Mensal - Janeiro;ANA MIRTES ANDRADE DA SILVA;DIRETOR DE DEPARTAMENTO;119,91;1.429,47;1.549,38;SECRETARIA MUNICIPAL DE SAUDE;SECRETARIA MUNICIPAL DE SAUDE;SMS-DEPTO.SEC.SAUDE-CONTRATADOS.;COMISSIONADOS;065.XXX.XXX-08;419;40;;1;01/03/2021;;;083/2023;;;2 - Comissão;LIVRE PROVIMENTO ;;;Função de Confiança;;DIRETOR DE DEPARTAMENTO
;Folha Mensal - Janeiro;ANA PAULA DE CARVALHO MACEDO;PROFESSOR SE 40H;1.634,38;4.910,38;6.544,76;SECRETARIA MUNICIPAL DE EDUCAÇÃO;SECRETARIA MUNICIPAL DE EDUCAÇÃO;SME- DEPTOR ENSINO FUNDEB 70% I;EFETIVO - PROFESSORES;052.XXX.XXX-07;2;40;U.E.M. JOSE DE MOURA LEAL;1;01/03/2016;;;;;;1 - Efetivo;CONCURSO PUBLICO ;;;Efetivo;;PROFESSOR SL 20H
;Adiantamento 13º Salário - Janeiro;ANA PAULA DE CARVALHO MACEDO;PROFESSOR SE 40H;;3.073,40;3.073,40;SECRETARIA MUNICIPAL DE EDUCAÇÃO;SECRETARIA MUNICIPAL DE EDUCAÇÃO;SME- DEPTOR ENSINO FUNDEB 70% I;EFETIVO - PROFESSORES;052.XXX.XXX-07;2;40;U.E.M. JOSE DE MOURA LEAL;1;01/03/2016;;;;;;1 - Efetivo;CONCURSO PUBLICO ;;;Efetivo;;PROFESSOR SL 20H
;Rescisão - Janeiro;ANASTACIA JULIANA LEAL;PROFESSOR SL 40H - CELETISTA;;0,00;;SECRETARIA MUNICIPAL DE EDUCAÇÃO;SECRETARIA MUNICIPAL DE EDUCAÇÃO;SME- DEPTO  ENSINO INFANTIL FUNDEB 70% - SELETISTAS;CONTRATADOS  EDUCAÇÃO;933.XXX.XXX-34;247;40;U.E.M. JOSE DE MOURA LEAL;4;01/03/2021;01/01/2023;;1/23;;;3 - Temporário;TEMPO DETERMINADO;;;Contrato Temporario;;PROFESSOR SL 40H - CELETISTA
;Folha Mensal - Janeiro;ANATALIO ANTONIO DA SILVA;AUX. DE SERV. GERAIS;224,59;1.272,71;1.497,30;SECRETARIA MUNICIPAL DE ASSISTENCIA SOCIAL;FUNDO MUNICIPAL DE ASSISTENCIA SOCIAL-FMAS;SASC-SEC.ASSISTENCIA SOCIAL;EFETIVOS;444.XXX.XXX-04;26;40;SEC MUN. DE ASSISTENCIA SOCIAL;1;01/03/1998;;;;;;1 - Efetivo;CONCURSO PUBLICO ;;;Efetivo;;AUX. DE SERV. GERAIS
;Folha Mensal - Janeiro;ANDECLEIA ADALVINA DE LIMA;PROFESSOR SL 40H;1.365,36;4.416,58;5.781,94;SECRETARIA MUNICIPAL DE EDUCAÇÃO;SECRETARIA MUNICIPAL DE EDUCAÇÃO;SME- DEPTOR ENSINO FUNDEB 70% I;EFETIVO - PROFESSORES;923.XXX.XXX-72;132;40;UNIDADE ESCOLAR MUNICIPAL CÂNDIDA MACEDO;1;01/11/2016;;;;;;1 - Efetivo;CONCURSO PUBLICO ;;;Efetivo;;PROFESSOR SL 20H
;Folha Mensal - Janeiro;ANDERSON CLEYTON RAMOS NERY;ODONTÓLOGO;383,82;3.385,94;3.769,76;SECRETARIA MUNICIPAL DE SAUDE;SECRETARIA MUNICIPAL DE SAUDE;SMS - DEPTOR.SEC.SAUDE PSB II;EFETIVOS;819.XXX.XXX-87;122;40;;1;01/04/2008;;;;;;1 - Efetivo;CONCURSO PUBLICO ;;;Efetivo;;ODONTÓLOGO
;Rescisão - Janeiro;ANDRÉ MACEDO DANTAS;ODONTOLOGO;;0,00;;SECRETARIA MUNICIPAL DE SAUDE;SECRETARIA MUNICIPAL DE SAUDE;SMS-SEC.DE SAÚDE-PROTETICO;CONTRATO TEMPORÁRIO;033.XXX.XXX-97;394;40;;1;01/03/2021;01/01/2023;;2/23;;;3 - Temporário;TEMPO DETERMINADO;;;Contrato Temporario;;ODONTOLOGO
;Folha Mensal - Janeiro;ANGELA MARIA DA CONCEIÇÃO SOUSA;GARI;229,80;1.788,30;2.018,10;HOSPITAL MUNICIPAL DE PADRE MARCOS;SECRETARIA MUNICIPAL DE SAUDE;HOSPITAL - DEPTO. ADMINISTRATIVO I;EFETIVOS;759.XXX.XXX-04;4;40;;1;25/11/2016;;;;;;1 - Efetivo;CONCURSO PUBLICO ;;;Efetivo;;GARI
;Folha Mensal - Janeiro;ANTONIA EDENIA DE LIMA SILVA;AUX. DE SERV. GERAIS;200,51;1.231,69;1.432,20;SECRETARIA MUNICIPAL DE EDUCAÇÃO;FUNDO DE MANUT. E DEC.DA EDUC.BASICA-FUNDEB;SME- DEPTO. ADM -FUNDEB 30% II;EFETIVOS;082.XXX.XXX-96;216;40;;1;02/03/1998;;;012/2022;;;1 - Efetivo;CONCURSO PUBLICO ;;;Efetivo;;AUX. DE SERV. GERAIS
;Adiantamento 13º Salário - Janeiro;ANTONIA EDENIA DE LIMA SILVA;AUX. DE SERV. GERAIS;;716,10;716,10;SECRETARIA MUNICIPAL DE EDUCAÇÃO;FUNDO DE MANUT. E DEC.DA EDUC.BASICA-FUNDEB;SME- DEPTO. ADM -FUNDEB 30% II;EFETIVOS;082.XXX.XXX-96;216;40;;1;02/03/1998;;;012/2022;;;1 - Efetivo;CONCURSO PUBLICO ;;;Efetivo;;AUX. DE SERV. GERAIS
;Folha Mensal - Janeiro;ANTONIA SALVELINA DE ARAUJO;ASSESSOR TÉCNICO (A) ADMINISTRATIVO;97,65;1.204,35;1.302,00;SECRETARIA MUNICIPAL DE SAUDE;SECRETARIA MUNICIPAL DE SAUDE;SMS-DEPTO.SEC.SAUDE-CONTRATADOS.;COMISSIONADOS;767.XXX.XXX-53;233;40;;2;02/01/2018;;;01/2025;;;2 - Comissão;TEMPO DETERMINADO;;;Função de Confiança;;ASSESSOR TÉCNICO (A) ADMINISTRATIVO
;Rescisão - Janeiro;ANTONIA ZENAIDE DA SILVA CARVALHO;AUXI.DE SERV. GERAIS- SELETISTAS;;0,00;;SECRETARIA MUNICIPAL DE EDUCAÇÃO;FUNDO DE MANUT. E DEC.DA EDUC.BASICA-FUNDEB;SME-DEPTO.CONTRATO-ENSINO FUNDEB 30%;CONTRATADOS  EDUCAÇÃO;451.XXX.XXX-20;282;40;;4;01/03/2021;01/01/2023;;1/23;;;3 - Temporário;ELEICAO/INDICACAO;;;Contrato Temporario;;AUX. DE SERVIÇOS GERAIS
;Folha Mensal - Janeiro;ANTONIA ZENAIDE DA SILVA CARVALHO;DIRETOR DE DEPARTAMENTO;97,65;1.204,35;1.302,00;SECRETARIA MUNICIPAL DE EDUCAÇÃO;FUNDO DE MANUT. E DEC.DA EDUC.BASICA-FUNDEB;SME- DEPTOR ADM FUNDEB 30 % VI - COMISSIONADOS;COMISSIONADOS;451.XXX.XXX-20;282;40;;5;01/01/2023;;;01/2025;;;2 - Comissão;LIVRE PROVIMENTO ;;;Função de Confiança;;DIRETOR DE DEPARTAMENTO
;Folha Mensal - Janeiro;ANTONIO DE CARVALHO MOURA;DIRETOR DE DEPARTAMENTO;133,97;1.571,65;1.705,62;PREFEITURA MUNICIPAL DE PADRE MARCOS-PI;SECRETARIA MUNICIPAL  DE ADMINISTRAÇÃO;SEAD -  DEPTO. ADMINISTRAÇÃO V- COMISSIONADOS;COMISSIONADOS;003.XXX.XXX-02;361;40;;1;03/02/2020;;;082/2023;;;2 - Comissão;LIVRE PROVIMENTO ;;;Função de Confiança;;DIRETOR DE DEPARTAMENTO
;Folha Mensal - Janeiro;ANTONIO JOAQUIM DE MACEDO NETO;AUX. ADMINISTRATIVO;377,70;2.167,50;2.545,20;SECRETARIA MUNICIPAL DE SAUDE;SECRETARIA MUNICIPAL DE SAUDE;SMS-DEPTOR.SEC. DE SAUDE II;EFETIVOS;350.XXX.XXX-72;130;40;;1;02/02/2015;;;;;;1 - Efetivo;CONCURSO PUBLICO ;;;Efetivo;;AUX. ADMINISTRATIVO
;Folha Mensal - Janeiro;ANTONIO JOSE DE CARVALHO;DIRETOR DE DEPARTAMENTO;97,65;1.204,35;1.302,00;PREFEITURA MUNICIPAL DE PADRE MARCOS-PI;SECRETARIA MUNICIPAL  DE ADMINISTRAÇÃO;SEAD -  DEPTO. ADMINISTRAÇÃO V- COMISSIONADOS;COMISSIONADOS;025.XXX.XXX-50;387;40;;1;01/02/2021;;;01/2025;;;2 - Comissão;LIVRE PROVIMENTO ;;;Função de Confiança;;DIRETOR DE DEPARTAMENTO
;Folha Mensal - Janeiro;ANTONIO LISBOA DA SILVA;PROFESSOR SE 20H;629,14;2.897,52;3.526,66;SECRETARIA MUNICIPAL DE EDUCAÇÃO;SECRETARIA MUNICIPAL DE EDUCAÇÃO;SME-DEPTOR. ENSINO FUNDEB 70%  VI EJA;EFETIVO - PROFESSORES;231.XXX.XXX-00;162;20;SECRETARIA MUNICIPAL DE EDUCAÇÃO;1;02/02/1998;;;;;;1 - Efetivo;CONCURSO PUBLICO ;;;Efetivo;;PROFESSOR SL 20H
;Folha Mensal - Janeiro;ANTONIO MACEDO CARVALHO;ASSESSOR TÉCNICO (A) ADMINISTRATIVO;97,65;1.204,35;1.302,00;SECRETARIA MUNICIPAL DE EDUCAÇÃO;FUNDO DE MANUT. E DEC.DA EDUC.BASICA-FUNDEB;SME- DEPTOR ADM FUNDEB 30 % VI - COMISSIONADOS;COMISSIONADOS EDUCAÇÃO;011.XXX.XXX-51;371;40;;1;01/04/2020;;;01/2025;;;2 - Comissão;TEMPO DETERMINADO;;;Função de Confiança;;ASSESSOR TÉCNICO (A) ADMINISTRATIVO
;Folha Mensal - Janeiro;ANTONIO SERGIO SILVA;PROFESSOR SE 40H;2.842,19;3.702,57;6.544,76;SECRETARIA MUNICIPAL DE EDUCAÇÃO;SECRETARIA MUNICIPAL DE EDUCAÇÃO;SME- DEPTOR ENSINO FUNDEB 70% I;EFETIVO - PROFESSORES;001.XXX.XXX-00;133;40;UNIDADE ESCOLAR MUNICIPAL DAVI SEVERIANO DE CARVALHO;1;02/03/2015;;;;;;1 - Efetivo;CONCURSO PUBLICO ;;;Efetivo;;PROFESSOR SL 20H
;Folha Mensal - Janeiro;APARECIDA BENEDITA ALVES;ASSESSOR TÉCNICO (A) ADMINISTRATIVO;97,65;1.204,35;1.302,00;SECRETARIA MUNICIPAL DE EDUCAÇÃO;FUNDO DE MANUT. E DEC.DA EDUC.BASICA-FUNDEB;SME- DEPTOR ADM FUNDEB 30 % VI - COMISSIONADOS;COMISSIONADOS EDUCAÇÃO;036.XXX.XXX-81;322;40;;4;01/05/2022;;;077/2023;;;2 - Comissão;TEMPO DETERMINADO;;;Função de Confiança;;ASSESSOR TÉCNICO (A) ADMINISTRATIVO
;Folha Mensal - Janeiro;ARLETE MACEDO DE CARVALHO;PROFESSOR SE 40H;1.955,03;5.352,56;7.307,59;SECRETARIA MUNICIPAL DE EDUCAÇÃO;SECRETARIA MUNICIPAL DE EDUCAÇÃO;SME- DEPTOR ENSINO FUNDEB 70% II;EFETIVO - PROFESSORES;504.XXX.XXX-49;163;40;UNIDADE ESCOLAR MUNICIPAL DAVI SEVERIANO DE CARVALHO;1;02/02/1998;;;008/2023;;;1 - Efetivo;CONCURSO PUBLICO ;;;Efetivo;;PROFESSOR SE 40H
;Folha Mensal - Janeiro;ARLETE MARIA DA SILVA;PROFESSOR SL 40H;1.660,19;4.884,57;6.544,76;SECRETARIA MUNICIPAL DE EDUCAÇÃO;SECRETARIA MUNICIPAL DE EDUCAÇÃO;SME- DEPTO ENSINO INFANTIL FUNDEB 70% - EFETIVOS;EFETIVO - PROFESSORES;852.XXX.XXX-63;164;40;CRECHE PRÉ-ESCOLAR MARGARIDA DE JESUS ALENCAR ( TIA GUIDA);1;02/02/1998;;;;;;1 - Efetivo;CONCURSO PUBLICO ;;;Efetivo;;PROFESSOR SL 40H
;Rescisão - Janeiro;ARLEY JOHANES MOREIRA DE CARVALHO;PROFESSOR SL 40H - CELETISTA;;0,00;;SECRETARIA MUNICIPAL DE EDUCAÇÃO;SECRETARIA MUNICIPAL DE EDUCAÇÃO;SME - DEPTOR. ENSINO FUNDEB 70% IV - CELETISTAS;CONTRATADOS  EDUCAÇÃO;058.XXX.XXX-40;248;40;;4;01/03/2021;01/01/2023;;1/23;;;3 - Temporário;TEMPO DETERMINADO;;;Contrato Temporario;;PROFESSOR SL 40H - CELETISTA
;Folha Mensal - Janeiro;ARLICIO ALEXANDRE BENIZ;AUX. ADMINISTRATIVO;440,92;2.346,68;2.787,60;SECRETARIA MUNICIPAL DE SAUDE;SECRETARIA MUNICIPAL DE SAUDE;SMS-DEPTOR.SEC. DE SAUDE II;EFETIVOS;031.XXX.XXX-11;62;40;SECRETARIA MUNICIPAL DE SAÚDE;1;02/02/2015;;;;;;1 - Efetivo;CONCURSO PUBLICO ;;;Efetivo;;AUX. ADMINISTRATIVO
;Rescisão - Janeiro;ARRIGO JHORDAM DE CARVALHO GOMES;AUX. DE SERVIÇOS GERAIS;;0,00;;SECRETARIA MUNICIPAL DE EDUCAÇÃO;FUNDO DE MANUT. E DEC.DA EDUC.BASICA-FUNDEB;SME-DEPTO.CONTRATO-ENSINO FUNDEB 30%;CONTRATADOS  EDUCAÇÃO;063.XXX.XXX-80;407;40;;1;01/03/2021;01/01/2023;;1/23;;;3 - Temporário;TEMPO DETERMINADO;;;Contrato Temporario;;AUX. DE SERVIÇOS GERAIS
;Folha Mensal - Janeiro;ARRIGO JHORDAM DE CARVALHO GOMES;AUX. DE SERVIÇOS GERAIS;97,65;1.204,35;1.302,00;SECRETARIA MUNICIPAL DE EDUCAÇÃO;FUNDO DE MANUT. E DEC.DA EDUC.BASICA-FUNDEB;SME-DEPTO.CONTRATO-ENSINO FUNDEB 30%;CONTRATADOS  EDUCAÇÃO;063.XXX.XXX-80;407;40;;2;01/01/2023;;01/2023;050/2023;;;3 - Temporário;TEMPO DETERMINADO;;;Contrato Temporario;;AUX. DE SERVIÇOS GERAIS
;Folha Mensal - Janeiro;AUCILENE MODESTO DE CARVALHO;AUX. DE SERV. GERAIS;597,62;964,78;1.562,40;SECRETARIA MUNICIPAL DE EDUCAÇÃO;FUNDO DE MANUT. E DEC.DA EDUC.BASICA-FUNDEB;SME- DEPTO. ADM -FUNDEB 30% II;EFETIVO - PROFESSORES;628.XXX.XXX-49;72;40;UNIDADE ESCOLAR MUNICIPAL DAVI SEVERIANO DE CARVALHO;1;02/03/1998;;;04/2022;;;1 - Efetivo;CONCURSO PUBLICO ;;;Efetivo;;AUX. DE SERV. GERAIS
;Adiantamento 13º Salário - Janeiro;AUCILENE MODESTO DE CARVALHO;AUX. DE SERV. GERAIS;;781,20;781,20;SECRETARIA MUNICIPAL DE EDUCAÇÃO;FUNDO DE MANUT. E DEC.DA EDUC.BASICA-FUNDEB;SME- DEPTO. ADM -FUNDEB 30% II;EFETIVO - PROFESSORES;628.XXX.XXX-49;72;40;UNIDADE ESCOLAR MUNICIPAL DAVI SEVERIANO DE CARVALHO;1;02/03/1998;;;04/2022;;;1 - Efetivo;CONCURSO PUBLICO ;;;Efetivo;;AUX. DE SERV. GERAIS
;Rescisão - Janeiro;AURICELIA IRENE DE CARVALHO;PROFESSOR SL 40H - CELETISTA;;0,00;;SECRETARIA MUNICIPAL DE EDUCAÇÃO;SECRETARIA MUNICIPAL DE EDUCAÇÃO;SME - DEPTOR. ENSINO FUNDEB 70% IV - CELETISTAS;CONTRATADOS  EDUCAÇÃO;033.XXX.XXX-02;279;40;U.E.M. JOSE DE MOURA LEAL;4;01/03/2021;01/01/2023;;1/23;;;3 - Temporário;TEMPO DETERMINADO;;;Contrato Temporario;;PROFESSOR SL 40H - CELETISTA
;Rescisão - Janeiro;AURISLENE LEAL RIBEIRO;PROFESSOR SELETISTA;;0,00;;SECRETARIA MUNICIPAL DE EDUCAÇÃO;SECRETARIA MUNICIPAL DE EDUCAÇÃO;SME- DEPTO  ENSINO INFANTIL FUNDEB 70% - SELETISTAS;CONTRATADOS  EDUCAÇÃO;043.XXX.XXX-45;396;40;;1;01/03/2021;01/01/2023;;1/23;;;3 - Temporário;TEMPO DETERMINADO;;;Contrato Temporario;;PROFESSOR SELETISTA
;Folha Mensal - Janeiro;BENNIS RANGEL DE CARVALHO;ASSESSOR TÉCNICO (A) ADMINISTRATIVO;97,65;1.204,35;1.302,00;PREFEITURA MUNICIPAL DE PADRE MARCOS-PI;SECRETARIA MUNICIPAL  DE ADMINISTRAÇÃO;SEAD -  DEPTO. ADMINISTRAÇÃO V- COMISSIONADOS;COMISSIONADOS;011.XXX.XXX-45;359;40;;1;02/01/2020;;009/2020;088/2023;;;2 - Comissão;TEMPO DETERMINADO;;;Função de Confiança;;ASSESSOR TÉCNICO (A) ADMINISTRATIVO
;Folha Mensal - Janeiro;CAIO EDUARDO SILVA;DIRETOR DE DEPARTAMENTO;97,65;1.204,35;1.302,00;SECRETARIA MUNICIPAL DE EDUCAÇÃO;FUNDO DE MANUT. E DEC.DA EDUC.BASICA-FUNDEB;SME- DEPTOR ADM FUNDEB 30 % VI - COMISSIONADOS;COMISSIONADOS EDUCAÇÃO;061.XXX.XXX-32;450;40;;1;01/02/2022;;;10/2024;;;2 - Comissão;LIVRE PROVIMENTO ;;;Função de Confiança;;DIRETOR DE DEPARTAMENTO
;Rescisão - Janeiro;CAMILLY HELEN DE SOUSA DIAS;ASSESSOR TÉCNICO (A) ADMINISTRATIVO;;0,00;;SECRETARIA MUNICIPAL DE EDUCAÇÃO;FUNDO DE MANUT. E DEC.DA EDUC.BASICA-FUNDEB;SME- DEPTOR ADM FUNDEB 30 % VI - COMISSIONADOS;COMISSIONADOS EDUCAÇÃO;623.XXX.XXX-43;463;40;;1;01/04/2022;01/01/2023;;040/2022;;;2 - Comissão;TEMPO DETERMINADO;;;Função de Confiança;;ASSESSOR TÉCNICO (A) ADMINISTRATIVO
;Folha Mensal - Janeiro;CARLA LARIZA RIBEIRO CARVALHO;DIRETOR DE DEPARTAMENTO;144,52;1.678,28;1.822,80;SECRETARIA MUNICIPAL DE EDUCAÇÃO;FUNDO DE MANUT. E DEC.DA EDUC.BASICA-FUNDEB;SME- DEPTOR ADM FUNDEB 30 % VI - COMISSIONADOS;COMISSIONADOS EDUCAÇÃO;025.XXX.XXX-09;443;40;;1;03/01/2022;;;01/2025;;;2 - Comissão;LIVRE PROVIMENTO ;;;Função de Confiança;;DIRETOR DE DEPARTAMENTO
;Rescisão - Janeiro;CARLOS EDUARDO DE SOUSA LEAL;MONITOR(A);;0,00;;SECRETARIA MUNICIPAL DE EDUCAÇÃO;FUNDO DE MANUT. E DEC.DA EDUC.BASICA-FUNDEB;SME-DEPTO.CONTRATO-ENSINO FUNDEB 30%;CONTRATADOS  EDUCAÇÃO;066.XXX.XXX-13;341;40;;2;01/03/2021;01/01/2023;;1/23;;;3 - Temporário;TEMPO DETERMINADO;;;Contrato Temporario;;MONITOR(A)
;Folha Mensal - Janeiro;CASSIANO JOSE DA SILVA;GARI;229,80;1.788,30;2.018,10;PREFEITURA MUNICIPAL DE PADRE MARCOS-PI;SECRETARIA MUNICIPAL  DE ADMINISTRAÇÃO;SEAD - DEPTO.ADMINISTRAÇÃO II;EFETIVOS;029.XXX.XXX-18;3;40;;1;19/01/2015;;;;;;1 - Efetivo;CONCURSO PUBLICO ;;;Efetivo;;GARI
;Folha Mensal - Janeiro;CHESMA MARIA CASTRO SILVA LIMA;PROFESSOR SE 40H;1.929,21;5.378,37;7.307,58;SECRETARIA MUNICIPAL DE EDUCAÇÃO;SECRETARIA MUNICIPAL DE EDUCAÇÃO;SME- DEPTOR ENSINO FUNDEB 70% III;EFETIVO - PROFESSORES;628.XXX.XXX-68;208;40;UNIDADE ESCOLAR MUNICIPAL CÂNDIDA MACEDO;1;02/02/1998;;;;;;1 - Efetivo;CONCURSO PUBLICO ;;;Efetivo;;PROFESSOR SE 40H
;Folha Mensal - Janeiro;CLAUDECI RIBEIRO DE CARVALHO;PROFESSOR SE 40H;2.212,83;4.840,48;7.053,31;SECRETARIA MUNICIPAL DE EDUCAÇÃO;SECRETARIA MUNICIPAL DE EDUCAÇÃO;SME-DEPTOR. ENSINO FUNDEB 70%  VI EJA;EFETIVO - PROFESSORES;578.XXX.XXX-49;166;40;;1;02/02/1998;;;054/2023;;;1 - Efetivo;CONCURSO PUBLICO ;;;Efetivo;;PROFESSOR SE 40H
;Folha Mensal - Janeiro;CLAUDÉCIO DIAS GRANJA;ASSESSOR TÉCNICO (A) ADMINISTRATIVO;97,65;1.204,35;1.302,00;PREFEITURA MUNICIPAL DE PADRE MARCOS-PI;GABINETE DO PREFEITO;SEAD -  DEPTO. ADMINISTRAÇÃO V- COMISSIONADOS;COMISSIONADOS;041.XXX.XXX-04;458;40;;1;01/04/2022;;;01/2025;;;2 - Comissão;TEMPO DETERMINADO;;;Função de Confiança;;ASSESSOR TÉCNICO (A) ADMINISTRATIVO
;Folha Mensal - Janeiro;CLAUDINEIA MARIA DE MACEDO;DIRETOR(A) DE ESCOLA;160,47;1.839,53;2.000,00;SECRETARIA MUNICIPAL DE EDUCAÇÃO;SECRETARIA MUNICIPAL DE EDUCAÇÃO;SME- DEPTOR. ENSINO FUNDEB 70% V - COMISSIONADOS;COMISSIONADOS EDUCAÇÃO;859.XXX.XXX-91;360;40;;2;01/02/2021;;;01/2025;;;2 - Comissão;LIVRE PROVIMENTO ;;;Função de Confiança;;DIRETOR(A) DE ESCOLA
;Folha Mensal - Janeiro;CLEBSON ELISON DE ARAUJO;CONSELHEIRO TUTELAR;97,65;1.204,35;1.302,00;SECRETARIA MUNICIPAL DE ASSISTENCIA SOCIAL;SECRETARIA MUNICIPAL DE ASSISTENCIA SOCIAL;SASC-ASSISTENCIA SOCIAL - CONSELHO;ELETIVOS;051.XXX.XXX-76;32;40;SEC MUN. DE ASSISTENCIA SOCIAL;2;10/01/2020;;;02/2024;;;7 - Conselheiro;ELEICAO/INDICACAO;;;Contrato Temporario;;CONSELHEIRO TUTELAR
;Folha Mensal - Janeiro;CLEIDIANO HENRIQUE DA SILVA;DIRETOR DE DEPARTAMENTO;97,65;1.204,35;1.302,00;PREFEITURA MUNICIPAL DE PADRE MARCOS-PI;SECRETARIA MUNICIPAL  DE ADMINISTRAÇÃO;SEAD -  DEPTO. ADMINISTRAÇÃO V- COMISSIONADOS;COMISSIONADOS;013.XXX.XXX-70;290;40;PREDIO DA PREFEITURA;1;02/01/2018;;;01/2025;;;2 - Comissão;LIVRE PROVIMENTO ;;;Função de Confiança;;DIRETOR DE DEPARTAMENTO
;Folha Mensal - Janeiro;CLEIVIMAR MARIA DE SOUSA;GARI;229,80;1.788,30;2.018,10;PREFEITURA MUNICIPAL DE PADRE MARCOS-PI;SECRETARIA MUNICIPAL  DE ADMINISTRAÇÃO;SEAD - DEPTO.ADMINISTRAÇÃO II;EFETIVOS;026.XXX.XXX-02;5;40;;1;19/01/2015;;;;;;1 - Efetivo;CONCURSO PUBLICO ;;;Efetivo;;GARI
;Folha Mensal - Janeiro;CLENILSA JOSEFA LEAL;DIRETOR DE DEPARTAMENTO;118,74;1.417,62;1.536,36;SECRETARIA MUNICIPAL DE EDUCAÇÃO;FUNDO DE MANUT. E DEC.DA EDUC.BASICA-FUNDEB;SME- DEPTOR ADM FUNDEB 30 % VI - COMISSIONADOS;COMISSIONADOS;044.XXX.XXX-08;483;40;;1;01/01/2023;;;01/2025;;;2 - Comissão;LIVRE PROVIMENTO ;;;Contrato Temporario;;DIRETOR DE DEPARTAMENTO
;Rescisão - Janeiro;CLOVIS FRANCISCO DE MORAIS;MONITOR(A);;0,00;;SECRETARIA MUNICIPAL DE EDUCAÇÃO;FUNDO DE MANUT. E DEC.DA EDUC.BASICA-FUNDEB;SME-DEPTO.CONTRATO-ENSINO FUNDEB 30%;CONTRATADOS  EDUCAÇÃO;065.XXX.XXX-11;409;40;;1;01/03/2021;01/01/2023;;1/23;;;3 - Temporário;TEMPO DETERMINADO;;;Contrato Temporario;;MONITOR(A)
;Folha Mensal - Janeiro;CLOVIS FRANCISCO DE MORAIS;AUX. DE SERVIÇOS GERAIS;97,65;1.204,35;1.302,00;SECRETARIA MUNICIPAL DE EDUCAÇÃO;FUNDO DE MANUT. E DEC.DA EDUC.BASICA-FUNDEB;SME-DEPTO.CONTRATO-ENSINO FUNDEB 30%;CONTRATO TEMPORÁRIO;065.XXX.XXX-11;409;40;;2;01/01/2023;;01/2023;01/223;;;3 - Temporário;TEMPO DETERMINADO;;;Contrato Temporario;;AUX. DE SERVIÇOS GERAIS
;Folha Mensal - Janeiro;CONCEIÇÃO DE MARIA DE ARAUJO BEZERRA;FISIOTERAPEUTA;401,92;3.088,08;3.490,00;SECRETARIA MUNICIPAL DE SAUDE;SECRETARIA MUNICIPAL DE SAUDE;SMS - SEC. SAUDE NASF II;EFETIVOS;030.XXX.XXX-41;126;40;;1;02/02/2015;;;01/2022;;;1 - Efetivo;CONCURSO PUBLICO ;;;Efetivo;;FISIOTERAPEUTA
;Rescisão - Janeiro;CRISTINA MARIA LEAL;MONITOR(A);;0,00;;SECRETARIA MUNICIPAL DE EDUCAÇÃO;FUNDO DE MANUT. E DEC.DA EDUC.BASICA-FUNDEB;SME-DEPTO.CONTRATO-ENSINO FUNDEB 30%;CONTRATADOS  EDUCAÇÃO;908.XXX.XXX-68;311;40;;2;01/03/2021;01/01/2023;;1/23;;;3 - Temporário;TEMPO DETERMINADO;;;Contrato Temporario;;MONITOR(A)
;Rescisão - Janeiro;DALILA ANTONIA LEAL;AG.COMUNITÁRIO DE SAÚDE;;0,00;;SECRETARIA MUNICIPAL DE SAUDE;SECRETARIA MUNICIPAL DE SAUDE;SMS - SEC.DE SAUDE - ACS I;CONTRATO TEMPORÁRIO;002.XXX.XXX-08;243;40;SECRETARIA MUNICIPAL DE SAÚDE;4;01/04/2021;01/01/2023;;2/23;;;3 - Temporário;TEMPO DETERMINADO;;;Contrato Temporario;;AG.COMUNITÁRIO DE SAÚDE
;Folha Mensal - Janeiro;DALILA ANTONIA LEAL;AG.COMUNITÁRIO DE SAÚDE;371,64;2.989,92;3.361,56;SECRETARIA MUNICIPAL DE SAUDE;SECRETARIA MUNICIPAL DE SAUDE;SMS - SEC.DE SAUDE - ACS I;CONTRATO TEMPORÁRIO;002.XXX.XXX-08;243;40;SECRETARIA MUNICIPAL DE SAÚDE;5;01/01/2023;;;01/223;;;3 - Temporário;TEMPO DETERMINADO;;;Contrato Temporario;;AG.COMUNITÁRIO DE SAÚDE
;Folha Mensal - Janeiro;DALVA MARIA DA SILVA;AUX. ADMINISTRATIVO;403,15;2.142,05;2.545,20;PREFEITURA MUNICIPAL DE PADRE MARCOS-PI;SECRETARIA MUNICIPAL  DE ADMINISTRAÇÃO;SEAD - DEPTO. ADMINISTRAÇÃO III;TEMPO DE SERVIÇO;322.XXX.XXX-15;113;40;;1;04/04/1984;;;004/2023;;;1 - Efetivo;CONCURSO PUBLICO ;;;Efetivo;;AUX. ADMINISTRATIVO
;Folha Mensal - Janeiro;DARCILENE MOURA ARAÚJO SOUSA;PROFESSOR SE 40H;1.856,74;5.196,57;7.053,31;SECRETARIA MUNICIPAL DE EDUCAÇÃO;SECRETARIA MUNICIPAL DE EDUCAÇÃO;SME- DEPTO ENSINO INFANTIL FUNDEB 70% - EFETIVOS;EFETIVO - PROFESSORES;330.XXX.XXX-68;168;40;CRECHE PRÉ-ESCOLAR MARGARIDA DE JESUS ALENCAR ( TIA GUIDA);1;15/02/2000;;;019/2023;;;1 - Efetivo;CONCURSO PUBLICO ;;;Efetivo;;PROFESSOR SE 40H
;Folha Mensal - Janeiro;DARLAN DE OLIVEIRA ALENCAR;FISIOTERAPEUTA;224,00;1.536,00;1.760,00;SECRETARIA MUNICIPAL DE SAUDE;SECRETARIA MUNICIPAL DE SAUDE;SMS - SEC. SAUDE NASF II;EFETIVOS;027.XXX.XXX-16;131;40;;1;02/02/2015;;;55/2023;;;1 - Efetivo;CONCURSO PUBLICO ;;;Efetivo;;FISIOTERAPEUTA
;Rescisão - Janeiro;DEBORA RIBEIRO LEAL DIAS;AUX. DE SERVIÇOS GERAIS;;0,00;;SECRETARIA MUNICIPAL DE EDUCAÇÃO;FUNDO DE MANUT. E DEC.DA EDUC.BASICA-FUNDEB;SME-DEPTO.CONTRATO-ENSINO FUNDEB 30%;CONTRATADOS  EDUCAÇÃO;068.XXX.XXX-92;265;40;;2;01/03/2021;01/01/2023;;1/23;;;3 - Temporário;TEMPO DETERMINADO;;;Contrato Temporario;;AUX. DE SERVIÇOS GERAIS
;Folha Mensal - Janeiro;DEUSDARIA DE SOUSA MACEDO CARVALHO;PROFESSOR SE 40H;1.955,03;5.352,56;7.307,59;SECRETARIA MUNICIPAL DE EDUCAÇÃO;SECRETARIA MUNICIPAL DE EDUCAÇÃO;SME- DEPTOR ENSINO FUNDEB 70% II;EFETIVO - PROFESSORES;839.XXX.XXX-34;169;40;U.E.M. JOSE DE MOURA LEAL;1;02/02/1998;;;;;;1 - Efetivo;CONCURSO PUBLICO ;;;Efetivo;;PROFESSOR SE 40H
;Folha Mensal - Janeiro;DOMINGOS ALFREDO DA SILVA;AG. COMUNITARIO DE SAÚDE;608,44;3.116,72;3.725,16;SECRETARIA MUNICIPAL DE SAUDE;SECRETARIA MUNICIPAL DE SAUDE;SMS - SEC.DE SAUDE - ACS I;EFETIVOS;014.XXX.XXX-33;46;40;SECRETARIA MUNICIPAL DE SAÚDE;1;01/04/2008;;;;;;1 - Efetivo;CONCURSO PUBLICO ;;;Efetivo;;AG. COMUNITARIO DE SAÚDE
;Folha Mensal - Janeiro;DOMINGOS ALFREDO DA SILVA;DIRETOR ADJUNTO;544,30;1.455,70;2.000,00;SECRETARIA MUNICIPAL DE EDUCAÇÃO;SECRETARIA MUNICIPAL DE EDUCAÇÃO;SME- DEPTOR. ENSINO FUNDEB 70% V - COMISSIONADOS;COMISSIONADOS EDUCAÇÃO;014.XXX.XXX-33;46;40;UNIDADE ESCOLAR MUNICIPAL DAVI SEVERIANO DE CARVALHO;4;01/03/2019;;;01/2025;;;3 - Temporário;TEMPO DETERMINADO;;;Função de Confiança;;DIRETOR ADJUNTO
;Folha Mensal - Janeiro;EDELSON EDIMILSON DA SILVA;COORDENADOR(A) PEDAGÓGICO;151,47;1.748,53;1.900,00;SECRETARIA MUNICIPAL DE EDUCAÇÃO;SECRETARIA MUNICIPAL DE EDUCAÇÃO;SME- DEPTOR. ENSINO FUNDEB 70% V - COMISSIONADOS;COMISSIONADOS EDUCAÇÃO;066.XXX.XXX-48;244;40;;4;01/02/2021;;;01/2025;;;2 - Comissão;TEMPO DETERMINADO;;;Contrato Temporario;;COORDENADOR(A) PEDAGÓGICO
;Folha Mensal - Janeiro;EDENA MARIA DE SOUSA;TECNICO EM ENFERMAGEM;209,62;1.808,48;2.018,10;HOSPITAL MUNICIPAL DE PADRE MARCOS;SECRETARIA MUNICIPAL DE SAUDE;HOSPITAL - DEPTO. ADMINISTRATIVO I;EFETIVOS;397.XXX.XXX-34;16;40;HOSPITAL MUNICIPAL DE PADRE MARCOS;1;02/02/2015;;;20/2022;;;1 - Efetivo;CONCURSO PUBLICO ;;;Efetivo;;TECNICO EM ENFERMAGEM
;Folha Mensal - Janeiro;EDILENE MACEDO SILVA;PROFESSOR SE 40H;1.634,38;4.910,38;6.544,76;SECRETARIA MUNICIPAL DE EDUCAÇÃO;SECRETARIA MUNICIPAL DE EDUCAÇÃO;SME- DEPTO ENSINO INFANTIL FUNDEB 70% - EFETIVOS;EFETIVO - PROFESSORES;035.XXX.XXX-75;134;40;CRECHE PRÉ-ESCOLAR MARGARIDA DE JESUS ALENCAR ( TIA GUIDA);1;02/03/2015;;;;;;1 - Efetivo;CONCURSO PUBLICO ;;;Efetivo;;PROFESSOR SE 40H
;Folha Mensal - Janeiro;EDILSON ANTONIO DA SILVA;VIGILANTE;205,06;1.221,86;1.426,92;SECRETARIA MUNICIPAL DE EDUCAÇÃO;FUNDO DE MANUT. E DEC.DA EDUC.BASICA-FUNDEB;SME- DEPTO ADM. FUNDEB 30% IV;EFETIVOS;319.XXX.XXX-40;102;40;U.E.M. JOSE DE MOURA LEAL;1;02/03/2015;;;;;;1 - Efetivo;CONCURSO PUBLICO ;;;Efetivo;;VIGILANTE
;Folha Mensal - Janeiro;EDIMAR BENEDITO DA SILVA;AUX.JUNTA SERV. MILITAR;292,70;1.798,00;2.090,70;PREFEITURA MUNICIPAL DE PADRE MARCOS-PI;SECRETARIA MUNICIPAL  DE ADMINISTRAÇÃO;SEAD - DEPTO. ADMINISTRAÇÃO III;TEMPO DE SERVIÇO;159.XXX.XXX-34;114;40;;1;01/06/1984;;;10/2025;;;1 - Efetivo;CONCURSO PUBLICO ;;;Efetivo;;AUX.JUNTA SERV. MILITAR
;Rescisão - Janeiro;EDINALDA DE ARAUJO SILVA;PROFESSORA DE EJA - CELETISTA;;0,00;;SECRETARIA MUNICIPAL DE EDUCAÇÃO;SECRETARIA MUNICIPAL DE EDUCAÇÃO;SME-DEPTOR. ENSINO FUNDEB 70%  VI EJA;CONTRATADOS  EDUCAÇÃO;877.XXX.XXX-53;300;40;UNIDADE ESCOLAR MUNICIPAL DAVI SEVERIANO DE CARVALHO;3;01/03/2021;01/01/2023;;1/23;;;3 - Temporário;TEMPO DETERMINADO;;;Contrato Temporario;;PROFESSORA DE EJA - CELETISTA
;Rescisão - Janeiro;EDINALVA PEREIRA DE ASSIS;TECNICO DE ENFERMAGEM;;0,00;;SECRETARIA MUNICIPAL DE SAUDE;SECRETARIA MUNICIPAL DE SAUDE;SMS-DEPTO.SEC.SAUDE-CONTRATADOS.;CONTRATO TEMPORÁRIO;641.XXX.XXX-72;433;40;;1;10/08/2021;01/01/2023;;2/23;;;3 - Temporário;TEMPO DETERMINADO;;;Contrato Temporario;;TECNICO DE ENFERMAGEM
;Folha Mensal - Janeiro;EDJENANE MACEDO MOURA;DIRETOR(A) DE ESCOLA;160,47;1.839,53;2.000,00;SECRETARIA MUNICIPAL DE EDUCAÇÃO;SECRETARIA MUNICIPAL DE EDUCAÇÃO;SME- DEPTOR. ENSINO FUNDEB 70% V - COMISSIONADOS;COMISSIONADOS EDUCAÇÃO;953.XXX.XXX-20;302;40;CRECHE PRÉ-ESCOLAR MARGARIDA DE JESUS ALENCAR ( TIA GUIDA);2;01/03/2019;;;01/2025;;;2 - Comissão;LIVRE PROVIMENTO ;;;Função de Confiança;;DIRETOR(A) DE ESCOLA
;Folha Mensal - Janeiro;EDSON MACEDO CARVALHO;PROFESSOR SE 40H;1.955,03;5.352,56;7.307,59;SECRETARIA MUNICIPAL DE EDUCAÇÃO;SECRETARIA MUNICIPAL DE EDUCAÇÃO;SME- DEPTOR ENSINO FUNDEB 70% II;EFETIVO - PROFESSORES;553.XXX.XXX-15;172;40;UNIDADE ESCOLAR MUNICIPAL CÂNDIDA MACEDO;1;02/02/1998;;;016/2023;;;1 - Efetivo;CONCURSO PUBLICO ;;;Efetivo;;PROFESSOR SE 40H
;Folha Mensal - Janeiro;EDVAR JOSE DE ARAUJO;AG. COMUNITARIO DE SAÚDE;608,44;3.116,72;3.725,16;SECRETARIA MUNICIPAL DE SAUDE;SECRETARIA MUNICIPAL DE SAUDE;SMS - SEC.DE SAUDE - ACS I;EFETIVOS;819.XXX.XXX-15;47;40;;1;18/03/2003;;;;;;1 - Efetivo;CONCURSO PUBLICO ;;;Efetivo;;AG. COMUNITARIO DE SAÚDE
;Folha Mensal - Janeiro;EIDE JOSE RIBEIRO;VIGILANTE;191,39;1.495,93;1.687,32;PREFEITURA MUNICIPAL DE PADRE MARCOS-PI;SECRETARIA MUNICIPAL  DE ADMINISTRAÇÃO;SEAD - DEPTO. ADMINISTRAÇÃO III;EFETIVOS;818.XXX.XXX-87;115;40;;1;02/03/1999;;;;;;1 - Efetivo;CONCURSO PUBLICO ;;;Efetivo;;VIGILANTE
;Folha Mensal - Janeiro;ELAINE DE SOUSA CARVALHO;NUTRICIONISTA;620,06;3.003,94;3.624,00;SECRETARIA MUNICIPAL DE SAUDE;SECRETARIA MUNICIPAL DE SAUDE;SMS - SEC. SAUDE NASF II;EFETIVOS;024.XXX.XXX-27;127;40;;1;02/02/2015;;;;;;1 - Efetivo;CONCURSO PUBLICO ;;;Efetivo;;NUTRICIONISTA
;Folha Mensal - Janeiro;ELIALDO ELISVALDO DE MACEDO;DIRETOR DE DEPARTAMENTO;144,52;1.678,28;1.822,80;SECRETARIA MUNICIPAL DE EDUCAÇÃO;FUNDO DE MANUT. E DEC.DA EDUC.BASICA-FUNDEB;SME- DEPTOR ADM FUNDEB 30 % VI - COMISSIONADOS;COMISSIONADOS EDUCAÇÃO;036.XXX.XXX-32;381;40;;1;04/01/2021;;;01/2025;;;2 - Comissão;LIVRE PROVIMENTO ;;;Função de Confiança;;DIRETOR DE DEPARTAMENTO
;Folha Mensal - Janeiro;ELIANA RODRIGUES DE SOUSA;PROFESSOR SE 40H;3.156,73;3.896,58;7.053,31;SECRETARIA MUNICIPAL DE EDUCAÇÃO;SECRETARIA MUNICIPAL DE EDUCAÇÃO;SME- DEPTOR ENSINO FUNDEB 70% II;EFETIVO - PROFESSORES;628.XXX.XXX-34;174;40;CRECHE PRÉ-ESCOLAR MARGARIDA DE JESUS ALENCAR ( TIA GUIDA);1;02/02/1998;;;;;;1 - Efetivo;CONCURSO PUBLICO ;;;Efetivo;;PROFESSOR SE 40H
;Rescisão - Janeiro;ELIANE FRANCISCA DE SOUSA SILVA;PROFESSOR SL 40H - CELETISTA;;0,00;;SECRETARIA MUNICIPAL DE EDUCAÇÃO;SECRETARIA MUNICIPAL DE EDUCAÇÃO;SME - DEPTOR. ENSINO FUNDEB 70% IV - CELETISTAS;CONTRATADOS  EDUCAÇÃO;012.XXX.XXX-06;253;40;;4;01/03/2021;01/01/2023;;1/23;;;3 - Temporário;TEMPO DETERMINADO;;;Contrato Temporario;;PROFESSOR SL 40H - CELETISTA
;Rescisão - Janeiro;ELIELMA DE SOUSA SILVA;AUXI.DE SERV. GERAIS- SELETISTAS;;0,00;;SECRETARIA MUNICIPAL DE EDUCAÇÃO;FUNDO DE MANUT. E DEC.DA EDUC.BASICA-FUNDEB;SME-DEPTO.CONTRATO-ENSINO FUNDEB 30%;CONTRATADOS  EDUCAÇÃO;052.XXX.XXX-81;408;40;;1;01/03/2021;01/01/2023;;1/23;;;3 - Temporário;ELEICAO/INDICACAO;;;Contrato Temporario;;AUX. DE SERVIÇOS GERAIS
;Folha Mensal - Janeiro;ELIELMA DE SOUSA SILVA;DIRETOR DE DEPARTAMENTO;97,65;1.204,35;1.302,00;SECRETARIA MUNICIPAL DE EDUCAÇÃO;FUNDO DE MANUT. E DEC.DA EDUC.BASICA-FUNDEB;SME- DEPTOR ADM FUNDEB 30 % VI - COMISSIONADOS;COMISSIONADOS EDUCAÇÃO;052.XXX.XXX-81;408;40;;2;01/01/2023;;;01/223;;;2 - Comissão;LIVRE PROVIMENTO ;;;Contrato/Temporário;;DIRETOR DE DEPARTAMENTO
;Folha Mensal - Janeiro;ELINEIDE MARIA DA SILVA ARAÚJO ALMEIDA;COZINHEIRO (A);209,62;1.287,68;1.497,30;SECRETARIA MUNICIPAL DE EDUCAÇÃO;FUNDO DE MANUT. E DEC.DA EDUC.BASICA-FUNDEB;SME- DEPTO. ADM.FUNDEB 30% I;EFETIVOS;024.XXX.XXX-77;68;40;U.E.M. JOSE DE MOURA LEAL;1;01/04/2015;;;;;;1 - Efetivo;CONCURSO PUBLICO ;;;Efetivo;;COZINHEIRO (A)
;Rescisão - Janeiro;ELIO ZACARIAS DA SILVA JUNIOR;AUX. DE SERVIÇOS GERAIS;;0,00;;SECRETARIA MUNICIPAL DE EDUCAÇÃO;FUNDO DE MANUT. E DEC.DA EDUC.BASICA-FUNDEB;SME-DEPTO.CONTRATO-ENSINO FUNDEB 30%;CONTRATADOS  EDUCAÇÃO;006.XXX.XXX-05;412;40;;1;01/03/2021;01/01/2023;;1/23;;;3 - Temporário;TEMPO DETERMINADO;;;Contrato Temporario;;AUX. DE SERVIÇOS GERAIS
;Folha Mensal - Janeiro;ELISVAN JACINTO GOMES CARVALHO;ASSESSOR TÉCNICO (A) ADMINISTRATIVO;97,65;1.204,35;1.302,00;SECRETARIA MUNICIPAL DE EDUCAÇÃO;FUNDO DE MANUT. E DEC.DA EDUC.BASICA-FUNDEB;SME- DEPTOR ADM FUNDEB 30 % VI - COMISSIONADOS;COMISSIONADOS EDUCAÇÃO;835.XXX.XXX-10;430;40;;1;01/08/2021;;;01/2025;;;2 - Comissão;TEMPO DETERMINADO;;;Função de Confiança;;ASSESSOR TÉCNICO (A) ADMINISTRATIVO
;Rescisão - Janeiro;ELITANIA MARIA CONCEIÇÃO;PROFESSOR SL 40H - CELETISTA;;0,00;;SECRETARIA MUNICIPAL DE EDUCAÇÃO;SECRETARIA MUNICIPAL DE EDUCAÇÃO;SME - DEPTOR. ENSINO FUNDEB 70% IV - CELETISTAS;CONTRATADOS  EDUCAÇÃO;966.XXX.XXX-87;249;40;UNIDADE ESCOLAR MUNICIPAL CÂNDIDA MACEDO;4;01/03/2021;01/01/2023;;1/23;;;3 - Temporário;TEMPO DETERMINADO;;;Contrato Temporario;;PROFESSOR SL 40H - CELETISTA
;Folha Mensal - Janeiro;EMANOELA CONRADO SOUSA LIMA;PROFESSOR SE 40H;2.761,91;3.528,58;6.290,49;SECRETARIA MUNICIPAL DE EDUCAÇÃO;SECRETARIA MUNICIPAL DE EDUCAÇÃO;SME- DEPTO ENSINO INFANTIL FUNDEB 70% - EFETIVOS;EFETIVO - PROFESSORES;790.XXX.XXX-49;135;40;CRECHE PRÉ-ESCOLAR MARGARIDA DE JESUS ALENCAR ( TIA GUIDA);1;02/03/2015;;;;;;1 - Efetivo;CONCURSO PUBLICO ;;;Efetivo;;PROFESSOR SE 40H
;Folha Mensal - Janeiro;EMANUELA PAIVA SILVA;DIRETOR DE DEPARTAMENTO;97,65;1.204,35;1.302,00;SECRETARIA MUNICIPAL DE EDUCAÇÃO;FUNDO DE MANUT. E DEC.DA EDUC.BASICA-FUNDEB;SME- DEPTOR ADM FUNDEB 30 % VI - COMISSIONADOS;COMISSIONADOS EDUCAÇÃO;068.XXX.XXX-10;448;40;;1;01/02/2022;;;01/2025;;;2 - Comissão;LIVRE PROVIMENTO ;;;Função de Confiança;;DIRETOR DE DEPARTAMENTO
;Rescisão - Janeiro;EMERSON ROBERTO DA SILVA;ASSESSOR TÉCNICO (A) ADMINISTRATIVO;;0,00;;SECRETARIA MUNICIPAL DE ASSISTENCIA SOCIAL;SECRETARIA MUNICIPAL DE ASSISTENCIA SOCIAL;SASC-DEPTO. ASSISTENCIA SOCIAL I;COMISSIONADOS;068.XXX.XXX-30;453;40;;1;01/03/2022;01/01/2023;;040/2022;;;2 - Comissão;TEMPO DETERMINADO;;;Função de Confiança;;ASSESSOR TÉCNICO (A) ADMINISTRATIVO
;Folha Mensal - Janeiro;ENOQUE HERMINO LEAL;SECRETARIO(A) UNIDADE ESCOLAR MUNICIPAL;97,65;1.204,35;1.302,00;SECRETARIA MUNICIPAL DE EDUCAÇÃO;FUNDO DE MANUT. E DEC.DA EDUC.BASICA-FUNDEB;SME- DEPTOR ADM FUNDEB 30 % VI - COMISSIONADOS;COMISSIONADOS EDUCAÇÃO;869.XXX.XXX-20;469;40;;1;01/06/2022;;;01/2025;;;2 - Comissão;LIVRE PROVIMENTO ;;;Função de Confiança;;DIRETOR DE DEPARTAMENTO
;Folha Mensal - Janeiro;ERALDO CARVALHO GOMES;AUX. DE SERV. GERAIS;224,59;1.332,53;1.557,12;SECRETARIA MUNICIPAL DE EDUCAÇÃO;FUNDO DE MANUT. E DEC.DA EDUC.BASICA-FUNDEB;SME- DEPTO. ADM -FUNDEB 30% II;EFETIVOS;010.XXX.XXX-27;214;40;;1;02/03/2015;;;;;;1 - Efetivo;CONCURSO PUBLICO ;;;Efetivo em Comissão;;AUX. DE SERV. GERAIS
;Folha Mensal - Janeiro;ERIK RAMON MACEDO;VIGILANTE;224,59;1.332,53;1.557,12;SECRETARIA MUNICIPAL DE EDUCAÇÃO;FUNDO DE MANUT. E DEC.DA EDUC.BASICA-FUNDEB;SME- DEPTO ADM. FUNDEB 30% IV;EFETIVOS;007.XXX.XXX-03;103;40;UNIDADE ESCOLAR MUNICIPAL DAVI SEVERIANO DE CARVALHO;1;27/02/2015;;;;;;1 - Efetivo;CONCURSO PUBLICO ;;;Efetivo;;VIGILANTE
;Rescisão - Janeiro;ERIKA RAVENA BATISTA GOMES;PSICOLOGO;;0,00;;SECRETARIA MUNICIPAL DE SAUDE;SECRETARIA MUNICIPAL DE SAUDE;SMS-DEPTO.SEC.SAUDE-CONTRATADOS.;CONTRATO TEMPORÁRIO;026.XXX.XXX-77;362;40;;2;01/04/2021;01/01/2023;;2/23;;;3 - Temporário;TEMPO DETERMINADO;;;Contrato Temporario;;PSICOLOGO
;Folha Mensal - Janeiro;ERIMAR DE CARVALHO GOMES;SECRETARIO MUNICIPAL DE TRANSPORTE;138,47;1.617,13;1.755,60;PREFEITURA MUNICIPAL DE PADRE MARCOS-PI;SECRETARIA MUNICIPAL  DE ADMINISTRAÇÃO;ADM.SEC.MUNICIPAL DE TRANSPORTES;COMISSIONADOS;001.XXX.XXX-32;258;40;;2;01/02/2018;;;01/2025;;;2 - Comissão;LIVRE PROVIMENTO ;;;Função de Confiança;;SECRETARIO MUNICIPAL DE TRANSPORTE
;Rescisão - Janeiro;ERISVALDO FRANCISCO DA SILVA;AUX. DE SERVIÇOS GERAIS;;0,00;;SECRETARIA MUNICIPAL DE SAUDE;SECRETARIA MUNICIPAL DE SAUDE;SMS-DEPTO.SEC.SAUDE-CONTRATADOS.;CONTRATO TEMPORÁRIO;022.XXX.XXX-70;256;40;;3;01/03/2021;01/01/2023;;2/23;;;3 - Temporário;TEMPO DETERMINADO;;;Contrato Temporario;;AUX. DE SERVIÇOS GERAIS
;Folha Mensal - Janeiro;ESEQUIEL JOAQUIM SILVA DIAS;ENFERMEIRO;2.147,49;4.833,01;6.980,50;SECRETARIA MUNICIPAL DE SAUDE;SECRETARIA MUNICIPAL DE SAUDE;SMS - DEPTOR .SEC. DE SAUDE;EFETIVOS;823.XXX.XXX-15;118;40;UNIDADE PSF;1;01/04/2008;;;;;;1 - Efetivo;CONCURSO PUBLICO ;;;Efetivo;;ENFERMEIRO
;Folha Mensal - Janeiro;ESEQUIEL JOAQUIM SILVA DIAS;PROFESSOR SL 20H;526,40;2.745,99;3.272,39;SECRETARIA MUNICIPAL DE EDUCAÇÃO;SECRETARIA MUNICIPAL DE EDUCAÇÃO;SME-DEPTOR. ENSINO FUNDEB 70%  VI EJA;EFETIVO - PROFESSORES;823.XXX.XXX-15;118;20;UNIDADE ESCOLAR MUNICIPAL DAVI SEVERIANO DE CARVALHO;2;15/02/2000;;;;;;1 - Efetivo;CONCURSO PUBLICO ;;;Efetivo;;PROFESSOR SL 20H
;Folha Mensal - Janeiro;EUDE DA SILVA OLIVEIRA;AUX. DE SERV. GERAIS;621,54;1.136,16;1.757,70;HOSPITAL MUNICIPAL DE PADRE MARCOS;SECRETARIA MUNICIPAL DE SAUDE;HOSPITAL - DEPTO. ADMINISTRATIVO I;EFETIVOS;925.XXX.XXX-34;17;40;HOSPITAL MUNICIPAL DE PADRE MARCOS;1;02/03/2015;;;;;;1 - Efetivo;CONCURSO PUBLICO ;;;Efetivo;;AUX. DE SERV. GERAIS
;Folha Mensal - Janeiro;EUNICE DA SILVA OLIVEIRA;PROFESSOR SE 40H;1.856,74;5.196,57;7.053,31;SECRETARIA MUNICIPAL DE EDUCAÇÃO;SECRETARIA MUNICIPAL DE EDUCAÇÃO;SME- DEPTO ENSINO INFANTIL FUNDEB 70% - EFETIVOS;EFETIVO - PROFESSORES;837.XXX.XXX-72;177;40;CRECHE PRÉ-ESCOLAR MARGARIDA DE JESUS ALENCAR ( TIA GUIDA);1;03/02/1995;;;;;;1 - Efetivo;CONCURSO PUBLICO ;;;Efetivo;;PROFESSOR SE 40H
;Folha Mensal - Janeiro;EUZELITE ALVES DE OLIVEIRA;SECRETARIO(A) ESCOLAR II;224,59;1.272,71;1.497,30;SECRETARIA MUNICIPAL DE EDUCAÇÃO;FUNDO DE MANUT. E DEC.DA EDUC.BASICA-FUNDEB;SME- DEPTO. ADM.FUNDEB 30% I;EFETIVOS;648.XXX.XXX-00;71;40;U.E.M. JOSE DE MOURA LEAL;1;03/02/2015;;;;01/09/2021;09/2021;1 - Efetivo;CONCURSO PUBLICO ;;;Efetivo;;SECRETARIO(A) ESCOLAR II
;Rescisão - Janeiro;EVA LEONICE DA COSTA SOUSA;PROFESSOR SELETISTA;;0,00;;SECRETARIA MUNICIPAL DE EDUCAÇÃO;SECRETARIA MUNICIPAL DE EDUCAÇÃO;SME - DEPTOR. ENSINO FUNDEB 70% IV - CELETISTAS;CONTRATADOS  EDUCAÇÃO;050.XXX.XXX-51;398;40;;1;01/03/2021;01/01/2023;;1/23;;;3 - Temporário;TEMPO DETERMINADO;;;Contrato Temporario;;PROFESSOR SELETISTA
;Folha Mensal - Janeiro;EVANA SÁ BRITO;PROFESSOR SE 40H;1.634,38;4.910,38;6.544,76;SECRETARIA MUNICIPAL DE EDUCAÇÃO;SECRETARIA MUNICIPAL DE EDUCAÇÃO;SME- DEPTO ENSINO INFANTIL FUNDEB 70% - EFETIVOS;EFETIVO - PROFESSORES;035.XXX.XXX-93;136;40;CRECHE PRÉ-ESCOLAR MARGARIDA DE JESUS ALENCAR ( TIA GUIDA);1;03/08/2015;;;04/2021;;;1 - Efetivo;CONCURSO PUBLICO ;;;Efetivo;;PROFESSOR SE 40H
;Folha Mensal - Janeiro;EVANDO EDVALDO DE MACEDO FILHO;DIRETOR DE DEPARTAMENTO;156,24;1.796,76;1.953,00;SECRETARIA MUNICIPAL DE EDUCAÇÃO;FUNDO DE MANUT. E DEC.DA EDUC.BASICA-FUNDEB;SME- DEPTOR ADM FUNDEB 30 % VI - COMISSIONADOS;COMISSIONADOS EDUCAÇÃO;080.XXX.XXX-39;478;40;SECRETARIA MUNICIPAL DE EDUCAÇÃO;1;01/09/2022;;;01/2025;;;2 - Comissão;LIVRE PROVIMENTO ;;;Função de Confiança;;DIRETOR DE DEPARTAMENTO
;Folha Mensal - Janeiro;EWELYNN OLIVEIRA ALVES;MEDICO (A) TEMPORARIO (A) PLANTÃO;1.128,07;4.511,93;5.640,00;SECRETARIA MUNICIPAL DE SAUDE;SECRETARIA MUNICIPAL DE SAUDE;SMS- DEPARTAMENTO DA SAÚDE- PLANTÃO;CONTRATO TEMPORÁRIO;078.XXX.XXX-60;484;40;;1;01/01/2023;;;03/2023;;;3 - Temporário;TEMPO DETERMINADO;;;Contrato Temporario;;MEDICO (A) TEMPORARIO (A) PLANTÃO
;Folha Mensal - Janeiro;EXPEDITO ANTONIO DE CARVALHO;FISCAL DE OBRA;268,11;2.507,47;2.775,58;PREFEITURA MUNICIPAL DE PADRE MARCOS-PI;SECRETARIA MUNICIPAL  DE ADMINISTRAÇÃO;SEAD - DEPTO. ADMINISTRAÇÃO III;TEMPO DE SERVIÇO;112.XXX.XXX-53;111;40;;1;01/03/1983;;;;;;1 - Efetivo;CONCURSO PUBLICO ;;;Efetivo;;FISCAL DE TRIBUTOS
;Folha Mensal - Janeiro;FÁBIA LOANE DE MACEDO;PROFESSOR SE 40H;1.634,38;4.910,38;6.544,76;SECRETARIA MUNICIPAL DE EDUCAÇÃO;SECRETARIA MUNICIPAL DE EDUCAÇÃO;SME- DEPTOR ENSINO FUNDEB 70% I;EFETIVO - PROFESSORES;807.XXX.XXX-04;137;40;U.E.M. JOSE DE MOURA LEAL;1;02/03/2015;;;;;;1 - Efetivo;CONCURSO PUBLICO ;;;Efetivo;;PROFESSOR SE 40H
;Folha Mensal - Janeiro;FABIANO FRANCISCO DA SILVA;ASSESSOR TÉCNICO (A) ADMINISTRATIVO;97,65;1.204,35;1.302,00;SECRETARIA MUNICIPAL DE EDUCAÇÃO;FUNDO DE MANUT. E DEC.DA EDUC.BASICA-FUNDEB;SME- DEPTOR ADM FUNDEB 30 % VI - COMISSIONADOS;COMISSIONADOS;900.XXX.XXX-49;482;40;;1;01/12/2022;;;01/2025;;;2 - Comissão;TEMPO DETERMINADO;;;Função de Confiança;;ASSESSOR TÉCNICO (A) ADMINISTRATIVO
;Folha Mensal - Janeiro;FABIO JUNIOR DE CARVALHO NASCIMENTO;AUX. DE SERV. GERAIS;209,62;1.808,48;2.018,10;HOSPITAL MUNICIPAL DE PADRE MARCOS;SECRETARIA MUNICIPAL DE SAUDE;HOSPITAL - DEPTO. ADMINISTRATIVO I;EFETIVOS;007.XXX.XXX-09;18;40;HOSPITAL MUNICIPAL DE PADRE MARCOS;1;19/01/2015;;;;;;1 - Efetivo;CONCURSO PUBLICO ;;;Efetivo;;AUX. DE SERV. GERAIS
;Adiantamento 13º Salário - Janeiro;FABIO JUNIOR DE CARVALHO NASCIMENTO;AUX. DE SERV. GERAIS;;943,95;943,95;HOSPITAL MUNICIPAL DE PADRE MARCOS;SECRETARIA MUNICIPAL DE SAUDE;HOSPITAL - DEPTO. ADMINISTRATIVO I;EFETIVOS;007.XXX.XXX-09;18;40;HOSPITAL MUNICIPAL DE PADRE MARCOS;1;19/01/2015;;;;;;1 - Efetivo;CONCURSO PUBLICO ;;;Efetivo;;AUX. DE SERV. GERAIS
;Rescisão - Janeiro;FABIO MANOEL DE CARVALHO;MONITOR / VISITADOR DO CRIANÇA FELIZ;;0,00;;SECRETARIA MUNICIPAL DE ASSISTENCIA SOCIAL;FUNDO MUNICIPAL DE ASSISTENCIA SOCIAL-FMAS; PROG.CRIANÇA FELIZ;CONTRATO TEMPORÁRIO;067.XXX.XXX-51;262;40;;2;01/03/2021;01/01/2023;;2/23;;;3 - Temporário;TEMPO DETERMINADO;;;Contrato Temporario;;MONITOR / VISITADOR DO CRIANÇA FELIZ
;Folha Mensal - Janeiro;FABIO MOURA DE ARAÚJO;COZINHEIRO (A);209,62;1.347,50;1.557,12;SECRETARIA MUNICIPAL DE EDUCAÇÃO;FUNDO DE MANUT. E DEC.DA EDUC.BASICA-FUNDEB;SME- DEPTO. ADM.FUNDEB 30% I;EFETIVOS;944.XXX.XXX-04;69;40;U.E.M. JOSE DE MOURA LEAL;1;02/02/2015;;;;;;1 - Efetivo;CONCURSO PUBLICO ;;;Efetivo;;COZINHEIRO (A)
;Folha Mensal - Janeiro;FABRICIO FRANCISCO DE CARVALHO LEITE;TECNICO DE CONTROLE INTERNO DE NIVEL I;210,00;1.290,00;1.500,00;PREFEITURA MUNICIPAL DE PADRE MARCOS-PI;SECRETARIA MUNICIPAL  DE ADMINISTRAÇÃO;SEAD - DEPTO. ADMINISTRAÇÃO III;EFETIVOS;052.XXX.XXX-85;307;40;PREDIO DA PREFEITURA;1;09/11/2018;;;;;;1 - Efetivo;CONCURSO PUBLICO ;01/2018;;Efetivo;;TECNICO DE CONTROLE INTERNO DE NIVEL I
;Folha Mensal - Janeiro;FABRICIO LEAL DE FRANÇA;ASSESSOR TÉCNICO (A) ADMINISTRATIVO;97,65;1.204,35;1.302,00;SECRETARIA MUNICIPAL DE EDUCAÇÃO;FUNDO DE MANUT. E DEC.DA EDUC.BASICA-FUNDEB;SME- DEPTOR ADM FUNDEB 30 % VI - COMISSIONADOS;COMISSIONADOS EDUCAÇÃO;069.XXX.XXX-43;425;40;;1;01/06/2021;;;01/2025;;;2 - Comissão;TEMPO DETERMINADO;;;Função de Confiança;;ASSESSOR TÉCNICO (A) ADMINISTRATIVO
;Rescisão - Janeiro;FELICIANO FRANCISCO DE CARVALHO;PROFESSOR SL 40H - CELETISTA;;0,00;;SECRETARIA MUNICIPAL DE EDUCAÇÃO;SECRETARIA MUNICIPAL DE EDUCAÇÃO;SME - DEPTOR. ENSINO FUNDEB 70% IV - CELETISTAS;CONTRATADOS  EDUCAÇÃO;067.XXX.XXX-40;245;40;;4;01/03/2021;01/01/2023;;1/23;;;3 - Temporário;TEMPO DETERMINADO;;;Contrato Temporario;;PROFESSOR SL 40H - CELETISTA
;Folha Mensal - Janeiro;FERNANDO FRANCISCO DE CARVALHO;ORIENTADORA(O) EDUCACIONAL;97,65;1.204,35;1.302,00;SECRETARIA MUNICIPAL DE EDUCAÇÃO;FUNDO DE MANUT. E DEC.DA EDUC.BASICA-FUNDEB;SME- DEPTOR ADM FUNDEB 30 % VI - COMISSIONADOS;COMISSIONADOS EDUCAÇÃO;043.XXX.XXX-35;454;40;;1;01/03/2022;;;01/2025;;;2 - Comissão;TEMPO DETERMINADO;;;Função de Confiança;;DIRETOR DE DEPARTAMENTO
;Folha Mensal - Janeiro;FLAVIA MARIA CARVALHO;VIGILANTE;618,17;879,13;1.497,30;SECRETARIA MUNICIPAL DE EDUCAÇÃO;FUNDO DE MANUT. E DEC.DA EDUC.BASICA-FUNDEB;SME- DEPTO ADM. FUNDEB 30% IV;EFETIVOS;002.XXX.XXX-40;104;40;CRECHE PRÉ-ESCOLAR MARGARIDA DE JESUS ALENCAR ( TIA GUIDA);1;01/12/2016;;;;;;1 - Efetivo;CONCURSO PUBLICO ;;;Efetivo;;VIGILANTE
;Rescisão - Janeiro;FRANCIEL LUIZ DE CARVALHO;AUX. DE SERVIÇOS GERAIS;;0,00;;SECRETARIA MUNICIPAL DE EDUCAÇÃO;FUNDO DE MANUT. E DEC.DA EDUC.BASICA-FUNDEB;SME-DEPTO.CONTRATO-ENSINO FUNDEB 30%;CONTRATADOS  EDUCAÇÃO;603.XXX.XXX-04;286;40;;3;01/03/2021;01/01/2023;;1/23;;;3 - Temporário;TEMPO DETERMINADO;;;Contrato Temporario;;AUX. DE SERVIÇOS GERAIS
;Folha Mensal - Janeiro;FRANCIELE CONCEIÇÃO SILVA;DIRETOR(A) DE ESCOLA;160,47;1.839,53;2.000,00;SECRETARIA MUNICIPAL DE EDUCAÇÃO;SECRETARIA MUNICIPAL DE EDUCAÇÃO;SME- DEPTO  ENSINO INFANTIL FUNDEB 70% - SELETISTAS;COMISSIONADOS EDUCAÇÃO;037.XXX.XXX-44;346;40;;1;02/08/2019;;;01/2025;;;2 - Comissão;LIVRE PROVIMENTO ;;;Função de Confiança;;DIRETOR(A) DE ESCOLA
;Folha Mensal - Janeiro;FRANCILANA MARIA DE CARVALHO;DIRETOR(A) DE ESCOLA;160,47;1.839,53;2.000,00;SECRETARIA MUNICIPAL DE EDUCAÇÃO;SECRETARIA MUNICIPAL DE EDUCAÇÃO;SME- DEPTOR. ENSINO FUNDEB 70% V - COMISSIONADOS;COMISSIONADOS EDUCAÇÃO;026.XXX.XXX-79;255;40;;3;01/03/2019;;;01/2025;;;2 - Comissão;LIVRE PROVIMENTO ;;;Contrato/Temporário;;DIRETOR(A) DE ESCOLA
;Folha Mensal - Janeiro;FRANCILENE DA CONCEIÇÃO SILVA;PROFESSOR SL 40H;1.267,09;4.260,58;5.527,67;SECRETARIA MUNICIPAL DE EDUCAÇÃO;SECRETARIA MUNICIPAL DE EDUCAÇÃO;SME- DEPTOR ENSINO FUNDEB 70% I;EFETIVO - PROFESSORES;078.XXX.XXX-06;138;40;UNIDADE ESCOLAR JOSE JUBELINO DE MACEDO;1;03/08/2015;;;;;;1 - Efetivo;CONCURSO PUBLICO ;;;Efetivo;;PROFESSOR SL 40H
;Folha Mensal - Janeiro;FRANCILENE GOMES DA SILVA;TECNICO EM ENFERMAGEM;228,45;1.780,65;2.009,10;HOSPITAL MUNICIPAL DE PADRE MARCOS;SECRETARIA MUNICIPAL DE SAUDE;HOSPITAL - DEPTO. ADMINISTRATIVO I;EFETIVOS;897.XXX.XXX-72;19;40;HOSPITAL MUNICIPAL DE PADRE MARCOS;1;19/01/2015;;;;;;1 - Efetivo;CONCURSO PUBLICO ;;;Efetivo;;TECNICO EM ENFERMAGEM
;Rescisão - Janeiro;FRANCIMARY PERPETUA DE CARVALHO;AUX. DE SERVIÇOS GERAIS;;0,00;;SECRETARIA MUNICIPAL DE EDUCAÇÃO;FUNDO DE MANUT. E DEC.DA EDUC.BASICA-FUNDEB;SME-DEPTO.CONTRATO-ENSINO FUNDEB 30%;CONTRATADOS  EDUCAÇÃO;061.XXX.XXX-62;316;40;;2;01/03/2021;01/01/2023;;1/23;;;3 - Temporário;TEMPO DETERMINADO;;;Contrato Temporario;;AUX. DE SERVIÇOS GERAIS
;Folha Mensal - Janeiro;FRANCIMEIRY JULIETA DE CARVALHO;AG. COMUNITARIO DE SAÚDE;608,44;3.116,72;3.725,16;SECRETARIA MUNICIPAL DE SAUDE;SECRETARIA MUNICIPAL DE SAUDE;SMS - SEC.DE SAUDE - ACS I;EFETIVOS;028.XXX.XXX-27;48;40;;1;05/10/2016;;;;;;1 - Efetivo;CONCURSO PUBLICO ;;;Efetivo;;AG. COMUNITARIO DE SAÚDE
;Folha Mensal - Janeiro;FRANCINALDO SILVA LIMA;DIRETOR DE DEPARTAMENTO;156,24;1.796,76;1.953,00;SECRETARIA MUNICIPAL DE EDUCAÇÃO;FUNDO DE MANUT. E DEC.DA EDUC.BASICA-FUNDEB;SME- DEPTOR ADM FUNDEB 30 % VI - COMISSIONADOS;COMISSIONADOS EDUCAÇÃO;038.XXX.XXX-06;445;40;;1;01/02/2022;;;01/2025;;;2 - Comissão;LIVRE PROVIMENTO ;;;Função de Confiança;;DIRETOR DE DEPARTAMENTO
;Folha Mensal - Janeiro;FRANCISCA CRISTINA DE SOUSA SILVA;AUX. DE SERV. GERAIS;214,83;1.217,37;1.432,20;SECRETARIA MUNICIPAL DE EDUCAÇÃO;FUNDO DE MANUT. E DEC.DA EDUC.BASICA-FUNDEB;SME- DEPTO. ADM -FUNDEB 30% II;EFETIVO - PROFESSORES;839.XXX.XXX-00;73;40;UNIDADE ESCOLAR MUNICIPAL CÂNDIDA MACEDO;1;02/03/1998;;;;;;1 - Efetivo;CONCURSO PUBLICO ;;;Efetivo;;AUX. DE SERV. GERAIS
;Folha Mensal - Janeiro;FRANCISCA DOS SANTOS CAMPINA;AG. COMUNITARIO DE SAÚDE;608,44;3.116,72;3.725,16;SECRETARIA MUNICIPAL DE SAUDE;SECRETARIA MUNICIPAL DE SAUDE;SMS - SEC.DE SAUDE - ACS I;EFETIVOS;000.XXX.XXX-92;45;40;;1;18/03/2003;;;;;;1 - Efetivo;CONCURSO PUBLICO ;;;Efetivo;;AG. COMUNITARIO DE SAÚDE
;Folha Mensal - Janeiro;FRANCISCA QUEROBINA DE JESUS CARVALHO;ASSESSOR TÉCNICO (A) ADMINISTRATIVO;168,79;1.914,41;2.083,20;SECRETARIA MUNICIPAL DE EDUCAÇÃO;FUNDO DE MANUT. E DEC.DA EDUC.BASICA-FUNDEB;SME- DEPTOR ADM FUNDEB 30 % VI - COMISSIONADOS;COMISSIONADOS EDUCAÇÃO;988.XXX.XXX-49;460;40;;1;01/04/2022;;;01/2025;;;2 - Comissão;TEMPO DETERMINADO;;;Função de Confiança;;ASSESSOR TÉCNICO (A) ADMINISTRATIVO
;Folha Mensal - Janeiro;FRANCISCA VERIDIANA DE CARVALHO;PROFESSOR SE 40H;1.856,74;5.196,57;7.053,31;SECRETARIA MUNICIPAL DE EDUCAÇÃO;SECRETARIA MUNICIPAL DE EDUCAÇÃO;SME-DEPTOR. ENSINO FUNDEB 70%  VI EJA;EFETIVO - PROFESSORES;396.XXX.XXX-53;178;40;;1;01/02/1999;;;003/2024;;;1 - Efetivo;CONCURSO PUBLICO ;;;Efetivo;;PROFESSOR SE 40H
;Folha Mensal - Janeiro;FRANCISCO ANTONIO DA SILVA;PROFESSOR SE 40H;2.803,17;3.741,59;6.544,76;SECRETARIA MUNICIPAL DE EDUCAÇÃO;SECRETARIA MUNICIPAL DE EDUCAÇÃO;SME- DEPTOR ENSINO FUNDEB 70% I;EFETIVO - PROFESSORES;017.XXX.XXX-06;139;40;U.E.M. JOSE DE MOURA LEAL;1;02/03/2015;;;;;;1 - Efetivo;CONCURSO PUBLICO ;;;Efetivo;;PROFESSOR SE 40H
;Folha Mensal - Janeiro;FRANCISCO ANTONIO DE CARVALHO;PROFESSOR SE 40H;1.786,21;5.267,10;7.053,31;SECRETARIA MUNICIPAL DE EDUCAÇÃO;SECRETARIA MUNICIPAL DE EDUCAÇÃO;SME- DEPTOR ENSINO FUNDEB 70% II;EFETIVO - PROFESSORES;833.XXX.XXX-15;179;40;UNIDADE ESCOLAR MUNICIPAL DAVI SEVERIANO DE CARVALHO;1;02/02/1998;;;;;;1 - Efetivo;CONCURSO PUBLICO ;;;Efetivo;;PROFESSOR SL 20H
;Folha Mensal - Janeiro;FRANCISCO DE ASSIS DE CARVALHO;DIRETOR DE DEPARTAMENTO;97,65;1.204,35;1.302,00;SECRETARIA MUNICIPAL DE EDUCAÇÃO;FUNDO DE MANUT. E DEC.DA EDUC.BASICA-FUNDEB;SME- DEPTOR ADM FUNDEB 30 % VI - COMISSIONADOS;COMISSIONADOS EDUCAÇÃO;012.XXX.XXX-23;432;40;;1;01/08/2021;;;01/2025;;;2 - Comissão;LIVRE PROVIMENTO ;;;;;DIRETOR DE DEPARTAMENTO
;Folha Mensal - Janeiro;FRANCISCO EVERALDO DOS REIS JUNIOR;ASSESSOR TÉCNICO (A) ADMINISTRATIVO;97,65;1.204,35;1.302,00;SECRETARIA MUNICIPAL DE EDUCAÇÃO;FUNDO DE MANUT. E DEC.DA EDUC.BASICA-FUNDEB;SME- DEPTOR ADM FUNDEB 30 % VI - COMISSIONADOS;COMISSIONADOS EDUCAÇÃO;066.XXX.XXX-55;366;40;;1;02/03/2020;;;01/2025;;;2 - Comissão;TEMPO DETERMINADO;;;Função de Confiança;;ASSESSOR TÉCNICO (A) ADMINISTRATIVO
;Folha Mensal - Janeiro;FRANCISCO FILHO DE MACEDO;ASSESSOR TÉCNICO (A) ADMINISTRATIVO;97,65;1.204,35;1.302,00;PREFEITURA MUNICIPAL DE PADRE MARCOS-PI;SECRETARIA MUNICIPAL  DE ADMINISTRAÇÃO;SEAD -  DEPTO. ADMINISTRAÇÃO V- COMISSIONADOS;COMISSIONADOS;265.XXX.XXX-53;355;40;;1;02/01/2020;;01/2020;73/2023;;;2 - Comissão;TEMPO DETERMINADO;;;;;ASSESSOR TÉCNICO (A) ADMINISTRATIVO
;Folha Mensal - Janeiro;FRANCISCO FILHO DOS REIS GOMES;TECNICO EM ENFERMAGEM;758,57;1.259,53;2.018,10;HOSPITAL MUNICIPAL DE PADRE MARCOS;SECRETARIA MUNICIPAL DE SAUDE;HOSPITAL - DEPTO. ADMINISTRATIVO I;EFETIVOS;007.XXX.XXX-00;20;40;HOSPITAL MUNICIPAL DE PADRE MARCOS;1;19/01/2015;;;;;;1 - Efetivo;CONCURSO PUBLICO ;;;Efetivo;;TECNICO EM ENFERMAGEM
;Folha Mensal - Janeiro;FRANCISCO FLORENTINO DE CARVALHO FILHO;GARI;229,80;1.788,30;2.018,10;PREFEITURA MUNICIPAL DE PADRE MARCOS-PI;SECRETARIA MUNICIPAL  DE ADMINISTRAÇÃO;SEAD - DEPTO.ADMINISTRAÇÃO II;EFETIVOS;015.XXX.XXX-55;7;40;;1;19/01/2015;;;;;;1 - Efetivo;CONCURSO PUBLICO ;;;Efetivo;;GARI
;Folha Mensal - Janeiro;FRANCISCO JOSE DA SILVA;PROFESSOR SL 40H;1.365,36;4.416,58;5.781,94;SECRETARIA MUNICIPAL DE EDUCAÇÃO;SECRETARIA MUNICIPAL DE EDUCAÇÃO;SME- DEPTOR ENSINO FUNDEB 70% I;EFETIVO - PROFESSORES;031.XXX.XXX-12;140;40;UNIDADE ESCOLAR MUNICIPAL DAVI SEVERIANO DE CARVALHO;1;01/03/2016;;;;;;1 - Efetivo;CONCURSO PUBLICO ;;;Efetivo;;PROFESSOR SL 40H
;Folha Mensal - Janeiro;FRANCISCO JOSÉ DE CARVALHO;AG. COMUNITARIO DE SAÚDE;772,84;2.709,92;3.482,76;SECRETARIA MUNICIPAL DE SAUDE;SECRETARIA MUNICIPAL DE SAUDE;SMS - SEC.DE SAUDE - ACS I;EFETIVOS;800.XXX.XXX-20;34;40;;1;18/03/2003;;;;;;1 - Efetivo;CONCURSO PUBLICO ;;;Efetivo;;AG. COMUNITARIO DE SAÚDE
;Folha Mensal - Janeiro;FRANCISCO JOSE DE CARVALHO MACEDO;PROFESSOR SE 40H;1.634,38;4.910,38;6.544,76;SECRETARIA MUNICIPAL DE EDUCAÇÃO;SECRETARIA MUNICIPAL DE EDUCAÇÃO;SME- DEPTOR ENSINO FUNDEB 70% I;EFETIVO - PROFESSORES;034.XXX.XXX-57;141;40;UNIDADE ESCOLAR MUNICIPAL CÂNDIDA MACEDO;1;01/03/2016;;;;;;1 - Efetivo;CONCURSO PUBLICO ;;;Efetivo;;PROFESSOR SE 40H
;Folha Mensal - Janeiro;FRANCISCO MIZAEL DE CARVALHO;DIRETOR(A) DE ESCOLA;160,47;1.839,53;2.000,00;SECRETARIA MUNICIPAL DE EDUCAÇÃO;SECRETARIA MUNICIPAL DE EDUCAÇÃO;SME- DEPTOR. ENSINO FUNDEB 70% V - COMISSIONADOS;COMISSIONADOS EDUCAÇÃO;044.XXX.XXX-88;324;40;;1;01/03/2019;;;01/2025;;;2 - Comissão;LIVRE PROVIMENTO ;;;Contrato Temporario;;DIRETOR(A) DE ESCOLA
;Folha Mensal - Janeiro;FRANCISCO NASCIMENTO DA SILVA;ASSESSOR ESPECIAL;97,65;1.204,35;1.302,00;SECRETARIA MUNICIPAL DE EDUCAÇÃO;FUNDO DE MANUT. E DEC.DA EDUC.BASICA-FUNDEB;SME- DEPTOR ADM FUNDEB 30 % VI - COMISSIONADOS;COMISSIONADOS EDUCAÇÃO;944.XXX.XXX-00;321;40;;3;02/09/2021;;;06/2024;;;2 - Comissão;LIVRE PROVIMENTO ;;;Função de Confiança;;ASSESSOR ESPECIAL
;Folha Mensal - Janeiro;FRANCISCO VITALINO DA SILVA;GARI;229,80;1.788,30;2.018,10;PREFEITURA MUNICIPAL DE PADRE MARCOS-PI;SECRETARIA MUNICIPAL  DE ADMINISTRAÇÃO;SEAD - DEPTO.ADMINISTRAÇÃO II;EFETIVOS;926.XXX.XXX-72;6;40;;1;25/11/2016;;;;;;1 - Efetivo;CONCURSO PUBLICO ;;;Efetivo;;GARI
;Folha Mensal - Janeiro;FRANCISCO WESLEY DIAS DA SILVA;AUX. DE SERV. GERAIS;229,80;1.788,30;2.018,10;HOSPITAL MUNICIPAL DE PADRE MARCOS;SECRETARIA MUNICIPAL DE SAUDE;HOSPITAL - DEPTO. ADMINISTRATIVO I;EFETIVOS;010.XXX.XXX-14;21;40;HOSPITAL MUNICIPAL DE PADRE MARCOS;1;19/01/2015;;;;;;1 - Efetivo;CONCURSO PUBLICO ;;;Efetivo;;AUX. DE SERV. GERAIS
;Folha Mensal - Janeiro;FRANCISCO ZACARIAS RIBEIRO;PROFESSOR SE 40H;1.856,74;5.196,57;7.053,31;SECRETARIA MUNICIPAL DE EDUCAÇÃO;SECRETARIA MUNICIPAL DE EDUCAÇÃO;SME- DEPTOR ENSINO FUNDEB 70% II;EFETIVO - PROFESSORES;713.XXX.XXX-15;180;40;UNIDADE ESCOLAR MUNICIPAL DAVI SEVERIANO DE CARVALHO;1;02/02/1998;;;015/2022;;;1 - Efetivo;CONCURSO PUBLICO ;;;Efetivo;;PROFESSOR SE 40H
;Rescisão - Janeiro;FRANSWILKER FRANCISCO DE SOUSA;PROFESSOR SELETISTA;;0,00;;SECRETARIA MUNICIPAL DE EDUCAÇÃO;SECRETARIA MUNICIPAL DE EDUCAÇÃO;SME - DEPTOR. ENSINO FUNDEB 70% IV - CELETISTAS;CONTRATADOS  EDUCAÇÃO;055.XXX.XXX-32;401;40;;1;01/03/2021;01/01/2023;;1/23;;;3 - Temporário;TEMPO DETERMINADO;;;Contrato Temporario;;PROFESSOR SELETISTA
;Rescisão - Janeiro;GEDEONES LOPES DE BRITO;ENGENHEIRO FLORESTAL;;0,00;;PREFEITURA MUNICIPAL DE PADRE MARCOS-PI;SECRETARIA MUNICIPAL DE MEIO AMBIENTE;SEMA -  SECRETARIA DO MEIO AMBIENTE;CONTRATO TEMPORÁRIO;028.XXX.XXX-02;379;40;;2;01/04/2021;01/01/2023;;2/23;;;3 - Temporário;TEMPO DETERMINADO;;;Contrato Temporario;;ENGENHEIRO FLORESTAL
;Folha Mensal - Janeiro;GEDEONES LOPES DE BRITO;ENGENHEIRO FLORESTAL;445,02;3.054,98;3.500,00;PREFEITURA MUNICIPAL DE PADRE MARCOS-PI;SECRETARIA MUNICIPAL DE MEIO AMBIENTE;SEMA -  SECRETARIA DO MEIO AMBIENTE;CONTRATO TEMPORÁRIO;028.XXX.XXX-02;379;40;;3;01/01/2023;;01/2023;01/223;;;3 - Temporário;TEMPO DETERMINADO;;;Contrato Temporario;;ENGENHEIRO FLORESTAL
;Folha Mensal - Janeiro;GEORCISA ARAÚJO LEAL;PROFESSOR SE 20H;531,86;2.613,39;3.145,25;SECRETARIA MUNICIPAL DE EDUCAÇÃO;SECRETARIA MUNICIPAL DE EDUCAÇÃO;SME- DEPTOR ENSINO FUNDEB 70% I;EFETIVO - PROFESSORES;454.XXX.XXX-78;142;20;UNIDADE ESCOLAR MUNICIPAL CÂNDIDA MACEDO;1;02/03/2015;;;;;;1 - Efetivo;CONCURSO PUBLICO ;;;Efetivo;;PROFESSOR SL 20H
;Folha Mensal - Janeiro;GERUZA DIAS DE SOUSA;AUX. DE SERV. GERAIS;580,67;981,73;1.562,40;SECRETARIA MUNICIPAL DE EDUCAÇÃO;FUNDO DE MANUT. E DEC.DA EDUC.BASICA-FUNDEB;SME- DEPTO. ADM -FUNDEB 30% II;EFETIVO - PROFESSORES;628.XXX.XXX-04;74;40;CRECHE PRÉ-ESCOLAR MARGARIDA DE JESUS ALENCAR ( TIA GUIDA);1;02/03/1998;;;018/2023;;;1 - Efetivo;CONCURSO PUBLICO ;;;Efetivo;;AUX. DE SERV. GERAIS
;Adiantamento 13º Salário - Janeiro;GERUZA DIAS DE SOUSA;AUX. DE SERV. GERAIS;;781,20;781,20;SECRETARIA MUNICIPAL DE EDUCAÇÃO;FUNDO DE MANUT. E DEC.DA EDUC.BASICA-FUNDEB;SME- DEPTO. ADM -FUNDEB 30% II;EFETIVO - PROFESSORES;628.XXX.XXX-04;74;40;CRECHE PRÉ-ESCOLAR MARGARIDA DE JESUS ALENCAR ( TIA GUIDA);1;02/03/1998;;;018/2023;;;1 - Efetivo;CONCURSO PUBLICO ;;;Efetivo;;AUX. DE SERV. GERAIS
;Rescisão - Janeiro;GILDO PAULO DE ARAUJO;PROFESSOR SL 40H - CELETISTA;;0,00;;SECRETARIA MUNICIPAL DE EDUCAÇÃO;SECRETARIA MUNICIPAL DE EDUCAÇÃO;SME - DEPTOR. ENSINO FUNDEB 70% IV - CELETISTAS;CONTRATADOS  EDUCAÇÃO;965.XXX.XXX-15;332;40;;2;01/03/2021;01/01/2023;;1/23;;;3 - Temporário;TEMPO DETERMINADO;;;Contrato Temporario;;PROFESSOR SL 40H - CELETISTA
;Folha Mensal - Janeiro;GILSON DE CARVALHO DANTAS FILHO;PROFESSOR SL 20H;500,41;2.644,84;3.145,25;SECRETARIA MUNICIPAL DE EDUCAÇÃO;SECRETARIA MUNICIPAL DE EDUCAÇÃO;SME- DEPTOR ENSINO FUNDEB 70% II;EFETIVO - PROFESSORES;227.XXX.XXX-04;181;20;UNIDADE ESCOLAR MUNICIPAL DAVI SEVERIANO DE CARVALHO;1;20/12/1998;;;;;;1 - Efetivo;CONCURSO PUBLICO ;;;Efetivo;;PROFESSOR SL 20H
;Folha Mensal - Janeiro;GILSON JOÃO DE CARVALHO;ASSESSOR TÉCNICO (A) ADMINISTRATIVO;97,65;1.204,35;1.302,00;PREFEITURA MUNICIPAL DE PADRE MARCOS-PI;SECRETARIA MUNICIPAL DE AGRICULTURA;SMA - SECRETARIA DE AGRICULTURA;COMISSIONADOS;988.XXX.XXX-04;348;40;SECRETARIA DE CULTURA;1;01/09/2019;;;01/2025;;;2 - Comissão;TEMPO DETERMINADO;;;Função de Confiança;;ASSESSOR TÉCNICO (A) ADMINISTRATIVO
;Folha Mensal - Janeiro;GILVAN JOSE DE CARVALHO MACEDO;DIRETOR DE DEPARTAMENTO;97,65;1.204,35;1.302,00;SECRETARIA MUNICIPAL DE EDUCAÇÃO;FUNDO DE MANUT. E DEC.DA EDUC.BASICA-FUNDEB;SME- DEPTOR ADM FUNDEB 30 % VI - COMISSIONADOS;COMISSIONADOS EDUCAÇÃO;795.XXX.XXX-34;423;40;;1;01/04/2021;;;01/2025;;;2 - Comissão;LIVRE PROVIMENTO ;;;Função de Confiança;;DIRETOR DE DEPARTAMENTO
;Folha Mensal - Janeiro;GISLENE BRIGIDA DE MORAES;AUXILIAR DE ENFERMAGEM;209,62;1.644,83;1.854,45;SECRETARIA MUNICIPAL DE SAUDE;SECRETARIA MUNICIPAL DE SAUDE;SMS - DEPTOR .SEC. DE SAUDE;EFETIVOS;396.XXX.XXX-49;58;40;SECRETARIA MUNICIPAL DE SAÚDE;1;01/02/2000;;;;;;1 - Efetivo;CONCURSO PUBLICO ;;;Efetivo;;AUXILIAR DE ENFERMAGEM
;Rescisão - Janeiro;GIZELIA MARIA DO NASCIMENTO;PROFESSOR SL 40H - CELETISTA;;0,00;;SECRETARIA MUNICIPAL DE EDUCAÇÃO;SECRETARIA MUNICIPAL DE EDUCAÇÃO;SME - DEPTOR. ENSINO FUNDEB 70% IV - CELETISTAS;CONTRATADOS  EDUCAÇÃO;806.XXX.XXX-68;185;40;;2;01/03/2021;01/01/2023;;1/23;;;3 - Temporário;TEMPO DETERMINADO;;;Contrato Temporario;;PROFESSOR SL 40H - CELETISTA
;Folha Mensal - Janeiro;GRAZIELIA NILTA GRANJA;DIRETOR(A) DE ESCOLA;160,47;1.839,53;2.000,00;SECRETARIA MUNICIPAL DE EDUCAÇÃO;SECRETARIA MUNICIPAL DE EDUCAÇÃO;SME- DEPTOR. ENSINO FUNDEB 70% V - COMISSIONADOS;COMISSIONADOS EDUCAÇÃO;054.XXX.XXX-02;241;40;;4;01/02/2021;;;01/2025;;;2 - Comissão;LIVRE PROVIMENTO ;;;Contrato/Temporário;;DIRETOR(A) DE ESCOLA
;Rescisão - Janeiro;HELOÍSA MARIA DE SOUSA SILVA;SECRETARIO(A) UNIDADE ESCOLAR MUNICIPAL;;0,00;;SECRETARIA MUNICIPAL DE EDUCAÇÃO;FUNDO DE MANUT. E DEC.DA EDUC.BASICA-FUNDEB;SME- DEPTOR ADM FUNDEB 30 % VI - COMISSIONADOS;CONTRATADOS  EDUCAÇÃO;831.XXX.XXX-34;438;40;;2;01/02/2022;01/01/2023;;1/23;;;2 - Comissão;LIVRE PROVIMENTO ;;;Função de Confiança;;SECRETARIO(A) UNIDADE ESCOLAR MUNICIPAL
;Folha Mensal - Janeiro;HERCULANO PEDRO DE MACEDO;AUX. DE SERV. GERAIS;224,59;1.272,71;1.497,30;SECRETARIA MUNICIPAL DE EDUCAÇÃO;FUNDO DE MANUT. E DEC.DA EDUC.BASICA-FUNDEB;SME- DEPTO. ADM -FUNDEB 30% II;EFETIVOS;045.XXX.XXX-06;90;40;UNIDADE ESCOLAR MUNICIPAL CÂNDIDA MACEDO;1;02/03/2015;;;;;;1 - Efetivo;CONCURSO PUBLICO ;;;Efetivo;;AUX. DE SERV. GERAIS
;Folha Mensal - Janeiro;HERIKA MARIA DA SILVA;PROFESSOR SE 40H;1.634,38;4.910,38;6.544,76;SECRETARIA MUNICIPAL DE EDUCAÇÃO;SECRETARIA MUNICIPAL DE EDUCAÇÃO;SME- DEPTO ENSINO INFANTIL FUNDEB 70% - EFETIVOS;EFETIVO - PROFESSORES;003.XXX.XXX-39;144;40;CRECHE PRÉ-ESCOLAR MARGARIDA DE JESUS ALENCAR ( TIA GUIDA);1;02/03/2015;;;;;;1 - Efetivo;CONCURSO PUBLICO ;;;Efetivo;;PROFESSOR SE 40H
;Folha Mensal - Janeiro;HUGO CHARLES MACEDO;OPERADOR DE MAQUINAS PESADAS;191,39;1.365,73;1.557,12;PREFEITURA MUNICIPAL DE PADRE MARCOS-PI;SECRETARIA MUNICIPAL  DE ADMINISTRAÇÃO;SEAD - DEPTO. ADMINISTRAÇÃO III;EFETIVOS;899.XXX.XXX-34;106;40;;1;03/11/2015;;;;;;1 - Efetivo;CONCURSO PUBLICO ;;;Efetivo;;OPERADOR DE MAQUINAS PESADAS
;Folha Mensal - Janeiro;HUMBERTA SILVA VITAL;PROFESSOR SE 40H;1.634,38;4.910,38;6.544,76;SECRETARIA MUNICIPAL DE EDUCAÇÃO;SECRETARIA MUNICIPAL DE EDUCAÇÃO;SME- DEPTO ENSINO INFANTIL FUNDEB 70% - EFETIVOS;EFETIVO - PROFESSORES;988.XXX.XXX-34;145;40;CRECHE PRÉ-ESCOLAR MARGARIDA DE JESUS ALENCAR ( TIA GUIDA);1;02/03/2015;;;;;;1 - Efetivo;CONCURSO PUBLICO ;;;Efetivo;;PROFESSOR SE 40H
;Adiantamento 13º Salário - Janeiro;HYTALO JADER MACEDO;AG. DE HIGIENE E SEGURANÇA;;1.515,00;1.515,00;SECRETARIA MUNICIPAL DE SAUDE;SECRETARIA MUNICIPAL DE SAUDE;SMS- SEC SAUDE - AGENTE DE ENDEMIAS;EFETIVOS;023.XXX.XXX-80;63;40;;1;02/02/2015;;;;;;1 - Efetivo;CONCURSO PUBLICO ;;;Efetivo;;AG. DE HIGIENE E SEGURANÇA
;Folha Mensal - Janeiro;HYTALO JADER MACEDO;AG. DE HIGIENE E SEGURANÇA;1.098,50;2.231,50;3.330,00;SECRETARIA MUNICIPAL DE SAUDE;SECRETARIA MUNICIPAL DE SAUDE;SMS- SEC SAUDE - AGENTE DE ENDEMIAS;EFETIVOS;023.XXX.XXX-80;63;40;;1;02/02/2015;;;;;;1 - Efetivo;CONCURSO PUBLICO ;;;Efetivo;;AG. DE HIGIENE E SEGURANÇA
;Folha Mensal - Janeiro;IANA MÉCIA SILVA;DIRETOR DE DEPARTAMENTO;168,79;1.914,41;2.083,20;SECRETARIA MUNICIPAL DE EDUCAÇÃO;FUNDO DE MANUT. E DEC.DA EDUC.BASICA-FUNDEB;SME- DEPTOR ADM FUNDEB 30 % VI - COMISSIONADOS;COMISSIONADOS EDUCAÇÃO;433.XXX.XXX-00;446;40;;1;01/02/2022;;;01/223;;;2 - Comissão;LIVRE PROVIMENTO ;;;Função de Confiança;;DIRETOR DE DEPARTAMENTO
;Folha Mensal - Janeiro;IDALVA RITA DE LIMA SILVA;AUX. DE SERV. GERAIS;568,82;1.449,28;2.018,10;HOSPITAL MUNICIPAL DE PADRE MARCOS;SECRETARIA MUNICIPAL DE SAUDE;HOSPITAL - DEPTO. ADMINISTRATIVO I;EFETIVOS;888.XXX.XXX-34;91;40;;1;02/03/2015;;;;;;1 - Efetivo;CONCURSO PUBLICO ;;;Efetivo;;AUX. DE SERV. GERAIS
;Folha Mensal - Janeiro;IRACI HELENA DA CONCEIÇÃO;ORIENTADORA(O) EDUCACIONAL;168,79;1.914,41;2.083,20;SECRETARIA MUNICIPAL DE EDUCAÇÃO;FUNDO DE MANUT. E DEC.DA EDUC.BASICA-FUNDEB;SME- DEPTOR ADM FUNDEB 30 % VI - COMISSIONADOS;COMISSIONADOS EDUCAÇÃO;352.XXX.XXX-15;263;40;;2;01/02/2022;;;01/2025;;;2 - Comissão;TEMPO DETERMINADO;;;Função de Confiança;;ORIENTADORA(O) EDUCACIONAL
;Folha Mensal - Janeiro;IRACILDE IRENE DE SOUSA;AUX. DE SERV. GERAIS;234,36;1.328,04;1.562,40;SECRETARIA MUNICIPAL DE EDUCAÇÃO;FUNDO DE MANUT. E DEC.DA EDUC.BASICA-FUNDEB;SME- DEPTO. ADM -FUNDEB 30% II;EFETIVOS;830.XXX.XXX-53;75;40;UNIDADE ESCOLAR MUNICIPAL DAVI SEVERIANO DE CARVALHO;1;02/02/1998;;;;;;1 - Efetivo;CONCURSO PUBLICO ;;;Efetivo;;AUX. DE SERV. GERAIS
;Folha Mensal - Janeiro;IRANEIDE DE ARAUJO LEAL;PROFESSOR SL 40H;1.660,19;4.884,57;6.544,76;SECRETARIA MUNICIPAL DE EDUCAÇÃO;SECRETARIA MUNICIPAL DE EDUCAÇÃO;SME- DEPTOR ENSINO FUNDEB 70% II;EFETIVO - PROFESSORES;882.XXX.XXX-91;182;40;U.E.M. JOSE DE MOURA LEAL;1;01/02/1999;;;;;;1 - Efetivo;CONCURSO PUBLICO ;;;Efetivo;;PROFESSOR SL 40H
;Folha Mensal - Janeiro;IRANILDA ARAUJO LEAL;AUX. DE SERV. GERAIS;234,36;1.387,86;1.622,22;SECRETARIA MUNICIPAL DE EDUCAÇÃO;FUNDO DE MANUT. E DEC.DA EDUC.BASICA-FUNDEB;SME- DEPTO. ADM -FUNDEB 30% II;EFETIVOS;846.XXX.XXX-72;76;40;;1;02/03/1998;;;;;;1 - Efetivo;CONCURSO PUBLICO ;;;Efetivo;;AUX. DE SERV. GERAIS
;Folha Mensal - Janeiro;IRLA LAYANY CARVALHO BATISTA;TECNICO EM ENFERMAGEM;531,79;1.486,31;2.018,10;HOSPITAL MUNICIPAL DE PADRE MARCOS;SECRETARIA MUNICIPAL DE SAUDE;HOSPITAL - DEPTO. ADMINISTRATIVO I;EFETIVOS;044.XXX.XXX-06;22;40;HOSPITAL MUNICIPAL DE PADRE MARCOS;1;01/03/2016;;;;;;1 - Efetivo;CONCURSO PUBLICO ;;;Efetivo;;TECNICO EM ENFERMAGEM
;Folha Mensal - Janeiro;ISABEL FRANCISCA DE CARVALHO;GARI;229,80;1.788,30;2.018,10;PREFEITURA MUNICIPAL DE PADRE MARCOS-PI;SECRETARIA MUNICIPAL  DE ADMINISTRAÇÃO;SEAD - DEPTO.ADMINISTRAÇÃO II;EFETIVOS;045.XXX.XXX-59;8;40;;1;19/01/2015;;;;;;1 - Efetivo;CONCURSO PUBLICO ;;;Efetivo;;GARI
;Folha Mensal - Janeiro;ISABEL ISMÊNIA DE CARVALHO MACEDO;PROFESSOR SE 20H;504,59;2.513,52;3.018,11;SECRETARIA MUNICIPAL DE EDUCAÇÃO;SECRETARIA MUNICIPAL DE EDUCAÇÃO;SME- DEPTOR ENSINO FUNDEB 70% I;EFETIVO - PROFESSORES;962.XXX.XXX-53;292;20;UNIDADE ESCOLAR MUNICIPAL DAVI SEVERIANO DE CARVALHO;1;01/02/2018;;;;;;1 - Efetivo;CONCURSO PUBLICO ;;;Efetivo;;PROFESSOR SE 20H
;Folha Mensal - Janeiro;ISABEL MARIA DA SILVA CARVALHO;ASSESSOR TÉCNICO (A) ADMINISTRATIVO;128,11;1.512,41;1.640,52;PREFEITURA MUNICIPAL DE PADRE MARCOS-PI;SECRETARIA MUNICIPAL  DE ADMINISTRAÇÃO;SEAD -  DEPTO. ADMINISTRAÇÃO V- COMISSIONADOS;COMISSIONADOS;490.XXX.XXX-20;354;40;;1;02/01/2020;;01/2020;01/2025;;;2 - Comissão;TEMPO DETERMINADO;;;Função de Confiança;;ASSESSOR TÉCNICO (A) ADMINISTRATIVO
;Rescisão - Janeiro;ITAMARA DANTAS SILVA;ENFERMEIRO (A)  CONTRATADO (A);;0,00;;SECRETARIA MUNICIPAL DE SAUDE;SECRETARIA MUNICIPAL DE SAUDE;SMS-DEPTO.SEC.SAUDE-CONTRATADOS.;COMISSIONADOS;023.XXX.XXX-35;228;40;;4;12/02/2021;01/01/2023;;01/2023;;;3 - Temporário;TEMPO DETERMINADO;08/2020;;Função de Confiança;;ENFERMEIRO (A)  CONTRATADO (A)
;Folha Mensal - Janeiro;ITAMARA DANTAS SILVA;ENFERMEIRO (A)  CONTRATADO (A);405,16;2.936,64;3.341,80;SECRETARIA MUNICIPAL DE SAUDE;SECRETARIA MUNICIPAL DE SAUDE;SMS-DEPTO.SEC.SAUDE-CONTRATADOS.;COMISSIONADOS;023.XXX.XXX-35;228;40;;5;01/01/2023;;;01/223;;;3 - Temporário;TEMPO DETERMINADO;08/2020;;Função de Confiança;;ENFERMEIRO (A)  CONTRATADO (A)
;Rescisão - Janeiro;IVONE DE MORAIS CARVALHO;PROFESSOR SELETISTA;;0,00;;SECRETARIA MUNICIPAL DE EDUCAÇÃO;SECRETARIA MUNICIPAL DE EDUCAÇÃO;SME - DEPTOR. ENSINO FUNDEB 70% IV - CELETISTAS;CONTRATADOS  EDUCAÇÃO;612.XXX.XXX-50;395;40;;1;01/03/2021;01/01/2023;;1/23;;;3 - Temporário;TEMPO DETERMINADO;;;Contrato Temporario;;PROFESSOR SELETISTA
;Folha Mensal - Janeiro;IVONETE FRANCISCA DO NASCIMENTO CARDEAL;AUX. DE SERV. GERAIS;234,36;1.328,04;1.562,40;SECRETARIA MUNICIPAL DE EDUCAÇÃO;FUNDO DE MANUT. E DEC.DA EDUC.BASICA-FUNDEB;SME- DEPTO. ADM -FUNDEB 30% II;EFETIVOS;628.XXX.XXX-72;77;40;CRECHE PRÉ-ESCOLAR MARGARIDA DE JESUS ALENCAR ( TIA GUIDA);1;02/03/1998;;;;;;1 - Efetivo;CONCURSO PUBLICO ;;;Efetivo;;AUX. DE SERV. GERAIS
;Folha Mensal - Janeiro;IVONIERKY DE SOUSA CARDEAL;GARI;229,80;1.788,30;2.018,10;PREFEITURA MUNICIPAL DE PADRE MARCOS-PI;SECRETARIA MUNICIPAL  DE ADMINISTRAÇÃO;SEAD - DEPTO.ADMINISTRAÇÃO II;EFETIVOS;965.XXX.XXX-00;9;40;;1;19/01/2015;;;01/2022;;;1 - Efetivo;CONCURSO PUBLICO ;;;Efetivo;;GARI
;Folha Mensal - Janeiro;IVONILDA DE SOUSA CARDEAL;GARI;229,80;1.788,30;2.018,10;PREFEITURA MUNICIPAL DE PADRE MARCOS-PI;SECRETARIA MUNICIPAL  DE ADMINISTRAÇÃO;SEAD - DEPTO.ADMINISTRAÇÃO II;EFETIVOS;273.XXX.XXX-35;10;40;;1;02/02/2015;;;;;;1 - Efetivo;CONCURSO PUBLICO ;;;Efetivo;;GARI
;Folha Mensal - Janeiro;JACINTO MARTINIANO DE CARVALHO;SECRETARIO MUNICICIPAL DE GOVERNO;138,47;1.617,13;1.755,60;PREFEITURA MUNICIPAL DE PADRE MARCOS-PI;GABINETE DO PREFEITO;GABINETE DO PREFEITO;COMISSIONADOS;392.XXX.XXX-68;385;40;;1;01/02/2021;;;03/2024;;;2 - Comissão;LIVRE PROVIMENTO ;;;;;SECRETARIO MUNICICIPAL DE GOVERNO
;Folha Mensal - Janeiro;JAELSON JOSÉ DA SILVA;GARI;229,80;1.788,30;2.018,10;HOSPITAL MUNICIPAL DE PADRE MARCOS;SECRETARIA MUNICIPAL DE SAUDE;HOSPITAL - DEPTO. ADMINISTRATIVO I;EFETIVOS;046.XXX.XXX-09;30;40;HOSPITAL MUNICIPAL DE PADRE MARCOS;1;02/02/2015;;;;;;1 - Efetivo;CONCURSO PUBLICO ;;;Efetivo;;GARI
;Folha Mensal - Janeiro;JANAIRA ELVIRA DA CONCEIÇÃO;GARI;229,80;1.788,30;2.018,10;HOSPITAL MUNICIPAL DE PADRE MARCOS;SECRETARIA MUNICIPAL DE SAUDE;HOSPITAL - DEPTO. ADMINISTRATIVO I;EFETIVOS;335.XXX.XXX-06;29;40;HOSPITAL MUNICIPAL DE PADRE MARCOS;1;02/02/2015;;;;;;1 - Efetivo;CONCURSO PUBLICO ;;;Efetivo;;GARI
;Folha Mensal - Janeiro;JANETE MATILDES DA SILVA;ASSESSOR TÉCNICO (A) ADMINISTRATIVO;97,65;1.204,35;1.302,00;PREFEITURA MUNICIPAL DE PADRE MARCOS-PI;SECRETARIA MUNICIPAL  DE ADMINISTRAÇÃO;SEAD - DEPTO. ADMINISTRAÇÃO IV;COMISSIONADOS;034.XXX.XXX-21;308;40;PREDIO DA PREFEITURA;1;01/11/2018;;;01/2025;;;2 - Comissão;TEMPO DETERMINADO;;;;;ASSESSOR TÉCNICO (A) ADMINISTRATIVO
;Folha Mensal - Janeiro;JÂNIA KALINE DIAS;ASSESSOR TÉCNICO (A) ADMINISTRATIVO;97,65;1.204,35;1.302,00;SECRETARIA MUNICIPAL DE EDUCAÇÃO;FUNDO DE MANUT. E DEC.DA EDUC.BASICA-FUNDEB;SME- DEPTOR ADM FUNDEB 30 % VI - COMISSIONADOS;COMISSIONADOS EDUCAÇÃO;065.XXX.XXX-27;267;40;SECRETARIA MUNICIPAL DE EDUCAÇÃO;3;02/01/2019;;;01/2025;;;2 - Comissão;TEMPO DETERMINADO;;;Função de Confiança;;ASSESSOR TÉCNICO (A) ADMINISTRATIVO
;Folha Mensal - Janeiro;JANNAÍNA ANTONIA DE ALENCAR CASTRO;COORDENADOR DE SERVIÇOS;445,02;3.054,98;3.500,00;SECRETARIA MUNICIPAL DE SAUDE;SECRETARIA MUNICIPAL DE SAUDE;SMS-DEPTO.SEC.SAUDE-CONTRATADOS.;COMISSIONADOS;011.XXX.XXX-40;442;40;;1;03/01/2022;;;01/2025;;;2 - Comissão;TEMPO DETERMINADO;;;Função de Confiança;;COORDENADOR DE SERVIÇOS
;Rescisão - Janeiro;JARBAS DA SILVA SOUSA;AUX. DE SERVIÇOS GERAIS;;0,00;;SECRETARIA MUNICIPAL DE SAUDE;SECRETARIA MUNICIPAL DE SAUDE;SMS-DEPTO.SEC.SAUDE-CONTRATADOS.;CONTRATO TEMPORÁRIO;080.XXX.XXX-16;406;40;;1;01/03/2021;01/01/2023;;2/23;;;3 - Temporário;TEMPO DETERMINADO;;;Contrato Temporario;;AUX. DE SERVIÇOS GERAIS
;Folha Mensal - Janeiro;JEREMIAS ELIAS DA SILVA;DIRETOR DE DEPARTAMENTO;97,65;1.204,35;1.302,00;SECRETARIA MUNICIPAL DE EDUCAÇÃO;FUNDO DE MANUT. E DEC.DA EDUC.BASICA-FUNDEB;SME- DEPTOR ADM FUNDEB 30 % VI - COMISSIONADOS;COMISSIONADOS EDUCAÇÃO;788.XXX.XXX-49;392;40;;1;01/02/2021;;;098/2023;;;2 - Comissão;LIVRE PROVIMENTO ;;;Função de Confiança;;DIRETOR DE DEPARTAMENTO
;Folha Mensal - Janeiro;JOÃO BATISTA RIBEIRO;ORIENTADORA(O) EDUCACIONAL;97,65;1.204,35;1.302,00;SECRETARIA MUNICIPAL DE EDUCAÇÃO;FUNDO DE MANUT. E DEC.DA EDUC.BASICA-FUNDEB;SME- DEPTOR ADM FUNDEB 30 % VI - COMISSIONADOS;COMISSIONADOS EDUCAÇÃO;900.XXX.XXX-04;426;40;;1;01/07/2021;;;01/2025;;;2 - Comissão;TEMPO DETERMINADO;;;Função de Confiança;;ASSESSOR TÉCNICO (A) ADMINISTRATIVO
;Folha Mensal - Janeiro;JOÃO ISAAC ARAÚJO MODESTO;ASSESSOR ESPECIAL;97,65;1.204,35;1.302,00;SECRETARIA MUNICIPAL DE EDUCAÇÃO;FUNDO DE MANUT. E DEC.DA EDUC.BASICA-FUNDEB;SME- DEPTOR ADM FUNDEB 30 % VI - COMISSIONADOS;COMISSIONADOS EDUCAÇÃO;069.XXX.XXX-12;470;40;SECRETARIA MUNICIPAL DE EDUCAÇÃO;1;01/08/2022;;;01/2025;;;2 - Comissão;LIVRE PROVIMENTO ;;;Função de Confiança;;ASSESSOR ESPECIAL
;Folha Mensal - Janeiro;JOÃO ISIDRO DE CARVALHO;DIRETOR DE DEPARTAMENTO;133,97;1.571,65;1.705,62;PREFEITURA MUNICIPAL DE PADRE MARCOS-PI;SECRETARIA MUNICIPAL DE AGRICULTURA;SMA - SECRETARIA DE AGRICULTURA;COMISSIONADOS;517.XXX.XXX-15;370;40;;2;01/03/2021;;;01/2025;;;2 - Comissão;LIVRE PROVIMENTO ;;;Função de Confiança;;DIRETOR DE DEPARTAMENTO
;Folha Mensal - Janeiro;JOÃO JUNIOR DE ALENCAR MACEDO;MOTORISTA;601,05;1.167,18;1.768,23;SECRETARIA MUNICIPAL DE EDUCAÇÃO;FUNDO DE MANUT. E DEC.DA EDUC.BASICA-FUNDEB;SME- DEPTOR. ADM FUNDEB 30% V;TEMPO DE SERVIÇO;454.XXX.XXX-53;107;40;SECRETARIA MUNICIPAL DE EDUCAÇÃO;1;01/08/1984;;;11/2025;;;1 - Efetivo;CONCURSO PUBLICO ;;;Efetivo;;MOTORISTA
;Folha Mensal - Janeiro;JOÃO MARCUS CARVALHO MACEDO;ORIENTADORA(O) EDUCACIONAL;97,65;1.204,35;1.302,00;SECRETARIA MUNICIPAL DE EDUCAÇÃO;FUNDO DE MANUT. E DEC.DA EDUC.BASICA-FUNDEB;SME- DEPTOR ADM FUNDEB 30 % VI - COMISSIONADOS;COMISSIONADOS EDUCAÇÃO;057.XXX.XXX-52;472;40;;1;01/08/2022;;;01/2023;;;2 - Comissão;TEMPO DETERMINADO;;;Função de Confiança;;ORIENTADORA(O) EDUCACIONAL
;Rescisão - Janeiro;JOELMA FRANCISCA DE SOUSA;PROFESSOR SL 40H - CELETISTA;;0,00;;SECRETARIA MUNICIPAL DE EDUCAÇÃO;SECRETARIA MUNICIPAL DE EDUCAÇÃO;SME - DEPTOR. ENSINO FUNDEB 70% IV - CELETISTAS;CONTRATADOS  EDUCAÇÃO;022.XXX.XXX-97;325;40;;2;01/03/2021;01/01/2023;;1/23;;;3 - Temporário;TEMPO DETERMINADO;;;Contrato Temporario;;PROFESSOR SL 40H - CELETISTA
;Folha Mensal - Janeiro;JOSE AFONSO DE ARAUJO MACEDO;ODONTÓLOGO;543,82;3.225,94;3.769,76;SECRETARIA MUNICIPAL DE SAUDE;SECRETARIA MUNICIPAL DE SAUDE;SMS - DEPTOR.SEC.SAUDE PSB II;EFETIVOS;160.XXX.XXX-04;123;40;;1;01/04/2008;;;;;;1 - Efetivo;CONCURSO PUBLICO ;;;Efetivo;;ODONTÓLOGO
;Folha Mensal - Janeiro;JOSE ALAILSON DA SILVA;SECRETARIO(A) UNIDADE ESCOLAR MUNICIPAL;97,65;1.204,35;1.302,00;SECRETARIA MUNICIPAL DE EDUCAÇÃO;FUNDO DE MANUT. E DEC.DA EDUC.BASICA-FUNDEB;SME- DEPTOR ADM FUNDEB 30 % VI - COMISSIONADOS;COMISSIONADOS EDUCAÇÃO;069.XXX.XXX-61;280;40;U.E.M LUIZ LINO DA SILVA;3;01/03/2019;;;01/2025;;;2 - Comissão;LIVRE PROVIMENTO ;;;Função de Confiança;;DIRETOR(A) DE ESCOLA
;Folha Mensal - Janeiro;JOSE AQUILES DA SILVA;PROFESSOR SE 40H;1.955,03;5.352,56;7.307,59;SECRETARIA MUNICIPAL DE EDUCAÇÃO;SECRETARIA MUNICIPAL DE EDUCAÇÃO;SME- DEPTOR ENSINO FUNDEB 70% II;EFETIVO - PROFESSORES;451.XXX.XXX-91;184;40;SECRETARIA MUNICIPAL DE EDUCAÇÃO;1;02/02/1998;;;;;;1 - Efetivo;CONCURSO PUBLICO ;;;Efetivo;;PROFESSOR SE 40H
;Folha Mensal - Janeiro;JOSÉ AUGUSTO DE SOUSA MACEDO;AUX. DE SERV. GERAIS;563,59;933,71;1.497,30;SECRETARIA MUNICIPAL DE EDUCAÇÃO;FUNDO DE MANUT. E DEC.DA EDUC.BASICA-FUNDEB;SME- DEPTO. ADM -FUNDEB 30% II;EFETIVOS;001.XXX.XXX-07;93;40;;1;02/03/2015;;;;;;1 - Efetivo;CONCURSO PUBLICO ;;;Efetivo;;AUX. DE SERV. GERAIS
;Folha Mensal - Janeiro;JOSÉ BONIFÁCIO DA SILVA DIAS;PROFESSOR SE 40H;2.537,62;4.769,96;7.307,58;SECRETARIA MUNICIPAL DE EDUCAÇÃO;SECRETARIA MUNICIPAL DE EDUCAÇÃO;SME- DEPTOR ENSINO FUNDEB 70% III;EFETIVO - PROFESSORES;782.XXX.XXX-15;186;40;UNIDADE ESCOLAR MUNICIPAL CÂNDIDA MACEDO;1;02/02/1998;;;;;;1 - Efetivo;CONCURSO PUBLICO ;;;Efetivo;;PROFESSOR SE 40H
;Folha Mensal - Janeiro;JOSÉ ELIAS DA SILVA;AG. COMUNITARIO DE SAÚDE;608,44;3.116,72;3.725,16;SECRETARIA MUNICIPAL DE SAUDE;SECRETARIA MUNICIPAL DE SAUDE;SMS - SEC.DE SAUDE - ACS I;EFETIVOS;809.XXX.XXX-49;38;40;;1;12/09/1995;;;;;;1 - Efetivo;CONCURSO PUBLICO ;;;Efetivo;;AG. COMUNITARIO DE SAÚDE
;Folha Mensal - Janeiro;JOSE EVALDO DA SILVA;ASSESSOR TÉCNICO (A) ADMINISTRATIVO;156,24;1.796,76;1.953,00;PREFEITURA MUNICIPAL DE PADRE MARCOS-PI;SECRETARIA MUNICIPAL  DE ADMINISTRAÇÃO;SEAD - DEPTO. ADMINISTRAÇÃO IV;COMISSIONADOS;872.XXX.XXX-91;309;40;;1;02/01/2019;;;01/2025;;;2 - Comissão;TEMPO DETERMINADO;;;;;ASSESSOR TÉCNICO (A) ADMINISTRATIVO
;Folha Mensal - Janeiro;JOSE FRANCISCO DE SOUSA;AUX. ADMINISTRATIVO;994,42;1.739,78;2.734,20;SECRETARIA MUNICIPAL DE EDUCAÇÃO;FUNDO DE MANUT. E DEC.DA EDUC.BASICA-FUNDEB;SME- DEPTO. ADM -FUNDEB 30% II;TEMPO DE SERVIÇO;022.XXX.XXX-24;116;40;U.E.M. JOSE DE MOURA LEAL;1;01/09/1986;;;;;;1 - Efetivo;CONCURSO PUBLICO ;;;Efetivo;;AUX. ADMINISTRATIVO
;Folha Mensal - Janeiro;JOSE GILDEMAR SOUSA SILVA;PROFESSOR SE 40H;1.561,91;4.728,58;6.290,49;SECRETARIA MUNICIPAL DE EDUCAÇÃO;SECRETARIA MUNICIPAL DE EDUCAÇÃO;SME- DEPTOR ENSINO FUNDEB 70% I;EFETIVO - PROFESSORES;041.XXX.XXX-10;146;40;U.E.M LUIZ LINO DA SILVA;1;02/03/2015;;;030/2022;;;1 - Efetivo;CONCURSO PUBLICO ;;;Efetivo;;PROFESSOR SL 40H
;Folha Mensal - Janeiro;JOSÉ LEAL DE MACEDO;ASSESSOR TÉCNICO (A) ADMINISTRATIVO;97,65;1.204,35;1.302,00;PREFEITURA MUNICIPAL DE PADRE MARCOS-PI;SEC.MUN.DE OBRAS E SERVIÇOS URBANOS;SMO - SECRETARIA DE OBRAS;COMISSIONADOS;895.XXX.XXX-49;240;40;;2;02/01/2018;;;01/2025;;;2 - Comissão;TEMPO DETERMINADO;;;Função de Confiança;;ASSESSOR TÉCNICO (A) ADMINISTRATIVO
;Folha Mensal - Janeiro;JOSE VALDINAR DA SILVA;PREFEITO;3.066,62;8.933,38;12.000,00;PREFEITURA MUNICIPAL DE PADRE MARCOS-PI;GABINETE DO PREFEITO;GABINETE DO PREFEITO;ELETIVOS;864.XXX.XXX-20;223;40;;1;01/01/2017;;;01/2025;;;9 - Outros;ELEICAO/INDICACAO;;;Função de Confiança;;PREFEITO
;Folha Mensal - Janeiro;JOSEAN SANTOS ALMEIDA;PROFESSOR SE 40H;2.009,97;5.857,01;7.866,98;SECRETARIA MUNICIPAL DE EDUCAÇÃO;SECRETARIA MUNICIPAL DE EDUCAÇÃO;SME- DEPTOR ENSINO FUNDEB 70% II;EFETIVO - PROFESSORES;718.XXX.XXX-49;183;40;UNIDADE ESCOLAR JOSE JUBELINO DE MACEDO;1;02/03/1998;;;;;;1 - Efetivo;CONCURSO PUBLICO ;;;Efetivo;;PROFESSOR SE 40H
;Folha Mensal - Janeiro;JOSEANO VALDECI DE LIMA;DIRETOR DE DEPARTAMENTO;144,52;1.678,28;1.822,80;PREFEITURA MUNICIPAL DE PADRE MARCOS-PI;SECRETARIA MUNICIPAL  DE ADMINISTRAÇÃO;SEAD -  DEPTO. ADMINISTRAÇÃO V- COMISSIONADOS;COMISSIONADOS;010.XXX.XXX-56;390;40;;1;01/02/2021;;;01/2025;;;2 - Comissão;LIVRE PROVIMENTO ;;;Função de Confiança;;DIRETOR DE DEPARTAMENTO
;Folha Mensal - Janeiro;JOSEFA BENEDITA DA SILVA;TECNICO EM ENFERMAGEM;209,62;1.644,83;1.854,45;SECRETARIA MUNICIPAL DE SAUDE;SECRETARIA MUNICIPAL DE SAUDE;SMS-DEPTOR.SEC. DE SAUDE II;EFETIVOS;241.XXX.XXX-53;56;40;SECRETARIA MUNICIPAL DE SAÚDE;1;02/02/2015;;;;;;1 - Efetivo;CONCURSO PUBLICO ;;;Efetivo;;TECNICO EM ENFERMAGEM
;Folha Mensal - Janeiro;JOSEFA MACEDO DA SILVA;AUX. DE SERV. GERAIS;234,36;1.387,86;1.622,22;SECRETARIA MUNICIPAL DE EDUCAÇÃO;FUNDO DE MANUT. E DEC.DA EDUC.BASICA-FUNDEB;SME- DEPTO. ADM -FUNDEB 30% II;EFETIVOS;628.XXX.XXX-49;92;40;U.E.M.BERLAMINO FLORENTINO DE CARVALHO;1;02/03/1998;;;;;;1 - Efetivo;CONCURSO PUBLICO ;;;Efetivo;;AUX. DE SERV. GERAIS
;Folha Mensal - Janeiro;JOSEFA MÁRCIA DE CARVALHO;DIRETOR(A) DE ESCOLA;160,47;1.839,53;2.000,00;SECRETARIA MUNICIPAL DE EDUCAÇÃO;SECRETARIA MUNICIPAL DE EDUCAÇÃO;SME- DEPTOR. ENSINO FUNDEB 70% V - COMISSIONADOS;COMISSIONADOS EDUCAÇÃO;010.XXX.XXX-42;449;40;U.E.M LUIZ LINO DA SILVA;1;01/02/2022;;;01/2025;;;2 - Comissão;LIVRE PROVIMENTO ;;;Contrato Temporario;;DIRETOR(A) DE ESCOLA
;Folha Mensal - Janeiro;JOSEFA PEDRINA DA CONCEIÇÃO SILVA;AG. COMUNITARIO DE SAÚDE;608,44;3.116,72;3.725,16;SECRETARIA MUNICIPAL DE SAUDE;SECRETARIA MUNICIPAL DE SAUDE;SMS - SEC.DE SAUDE - ACS I;EFETIVOS;689.XXX.XXX-63;44;40;;1;18/03/2003;;;;;;1 - Efetivo;CONCURSO PUBLICO ;;;Efetivo;;AG. COMUNITARIO DE SAÚDE
;Folha Mensal - Janeiro;JOSELIA LUISA DE CARVALHO;ASSESSOR ESPECIAL;97,65;1.204,35;1.302,00;SECRETARIA MUNICIPAL DE EDUCAÇÃO;FUNDO DE MANUT. E DEC.DA EDUC.BASICA-FUNDEB;SME- DEPTOR ADM FUNDEB 30 % VI - COMISSIONADOS;COMISSIONADOS EDUCAÇÃO;068.XXX.XXX-50;339;40;;1;01/05/2019;;;01/2025;;;2 - Comissão;LIVRE PROVIMENTO ;;;;;ASSESSOR ESPECIAL
;Adiantamento 13º Salário - Janeiro;JOSIVALDO GERALDO CARVALHO MACEDO;MOTORISTA;;716,10;716,10;SECRETARIA MUNICIPAL DE EDUCAÇÃO;FUNDO DE MANUT. E DEC.DA EDUC.BASICA-FUNDEB;SME- DEPTOR. ADM FUNDEB 30% V;EFETIVOS;004.XXX.XXX-03;108;40;SECRETARIA MUNICIPAL DE EDUCAÇÃO;1;02/03/2015;;;;;;1 - Efetivo;CONCURSO PUBLICO ;;;Efetivo;;MOTORISTA
;Folha Mensal - Janeiro;JOSIVALDO GERALDO CARVALHO MACEDO;MOTORISTA;205,06;1.352,06;1.557,12;SECRETARIA MUNICIPAL DE EDUCAÇÃO;FUNDO DE MANUT. E DEC.DA EDUC.BASICA-FUNDEB;SME- DEPTOR. ADM FUNDEB 30% V;EFETIVOS;004.XXX.XXX-03;108;40;SECRETARIA MUNICIPAL DE EDUCAÇÃO;1;02/03/2015;;;;;;1 - Efetivo;CONCURSO PUBLICO ;;;Efetivo;;MOTORISTA
;Rescisão - Janeiro;JOSIVANHA DE MORAIS CARVALHO;MONITOR / VISITADOR DO CRIANÇA FELIZ;;0,00;;SECRETARIA MUNICIPAL DE ASSISTENCIA SOCIAL;FUNDO MUNICIPAL DE ASSISTENCIA SOCIAL-FMAS; PROG.CRIANÇA FELIZ;CONTRATO TEMPORÁRIO;062.XXX.XXX-78;242;40;;4;01/03/2021;01/01/2023;;2/23;;;3 - Temporário;TEMPO DETERMINADO;;;Contrato Temporario;;MONITOR / VISITADOR DO CRIANÇA FELIZ
;Folha Mensal - Janeiro;JOSIVANIA ELVIRA DE MACEDO;COORDENADOR DE SERVIÇOS;97,65;1.204,35;1.302,00;PREFEITURA MUNICIPAL DE PADRE MARCOS-PI;SECRETARIA MUNICIPAL  DE ADMINISTRAÇÃO;SEAD- DPTO.ADM. ALMOXARIFADO;COMISSIONADOS;009.XXX.XXX-29;237;40;;1;01/02/2017;;;01/2025;;;2 - Comissão;TEMPO DETERMINADO;;;Função de Confiança;;COORDENADOR DE SERVIÇOS
;Folha Mensal - Janeiro;JOSUE JOÃO DA SILVA GOMES;ASSESSOR TÉCNICO (A) ADMINISTRATIVO;156,24;1.796,76;1.953,00;SECRETARIA MUNICIPAL DE EDUCAÇÃO;FUNDO DE MANUT. E DEC.DA EDUC.BASICA-FUNDEB;SME- DEPTOR ADM FUNDEB 30 % VI - COMISSIONADOS;COMISSIONADOS EDUCAÇÃO;006.XXX.XXX-81;342;40;;1;01/08/2019;;;01/2025;;;2 - Comissão;TEMPO DETERMINADO;;;Função de Confiança;;ASSESSOR TÉCNICO (A) ADMINISTRATIVO
;Folha Mensal - Janeiro;JOVELANDO JOSE DE CARVALHO;PROFESSOR SE 40H;1.634,38;4.910,38;6.544,76;SECRETARIA MUNICIPAL DE EDUCAÇÃO;SECRETARIA MUNICIPAL DE EDUCAÇÃO;SME- DEPTOR ENSINO FUNDEB 70% I;EFETIVO - PROFESSORES;015.XXX.XXX-86;147;40;UNIDADE ESCOLAR MUNICIPAL DAVI SEVERIANO DE CARVALHO;1;02/03/2015;;;;;;1 - Efetivo;CONCURSO PUBLICO ;;;Efetivo;;PROFESSOR SE 40H
;Folha Mensal - Janeiro;JOYCE MAIANNE DA SILVA SOUZA;AG. COMUNITARIO DE SAÚDE;608,44;3.116,72;3.725,16;SECRETARIA MUNICIPAL DE SAUDE;SECRETARIA MUNICIPAL DE SAUDE;SMS - SEC.DE SAUDE - ACS I;EFETIVOS;037.XXX.XXX-56;43;40;;1;02/02/2015;;;02/2021;;;1 - Efetivo;CONCURSO PUBLICO ;;;Efetivo;;AG. COMUNITARIO DE SAÚDE
;Rescisão - Janeiro;JOZELIA MAURICIA MACEDO CARVALHO;PROFESSOR SL 40H - CELETISTA;;0,00;;SECRETARIA MUNICIPAL DE EDUCAÇÃO;SECRETARIA MUNICIPAL DE EDUCAÇÃO;SME- DEPTO  ENSINO INFANTIL FUNDEB 70% - SELETISTAS;CONTRATADOS  EDUCAÇÃO;010.XXX.XXX-30;327;40;;2;01/03/2021;01/01/2023;;1/23;;;3 - Temporário;TEMPO DETERMINADO;;;Contrato Temporario;;PROFESSOR SL 40H - CELETISTA
;Folha Mensal - Janeiro;JUCENAIDE DE CARVALHO BOEIRO;PROFESSOR SE 40H;1.634,38;4.910,38;6.544,76;SECRETARIA MUNICIPAL DE EDUCAÇÃO;SECRETARIA MUNICIPAL DE EDUCAÇÃO;SME- DEPTOR ENSINO FUNDEB 70% I;EFETIVO - PROFESSORES;004.XXX.XXX-20;148;40;UNIDADE ESCOLAR MUNICIPAL CÂNDIDA MACEDO;1;02/03/2015;;;;;;1 - Efetivo;CONCURSO PUBLICO ;;;Efetivo;;PROFESSOR SL 20H
;Folha Mensal - Janeiro;JUCILIA ANAILDA DE SOUSA LEAL;PROFESSOR SE 40H;1.463,64;4.572,58;6.036,22;SECRETARIA MUNICIPAL DE EDUCAÇÃO;SECRETARIA MUNICIPAL DE EDUCAÇÃO;SME- DEPTOR ENSINO FUNDEB 70% I;EFETIVO - PROFESSORES;014.XXX.XXX-08;291;40;UNIDADE ESCOLAR MUNICIPAL DAVI SEVERIANO DE CARVALHO;1;01/02/2018;;;;;;1 - Efetivo;CONCURSO PUBLICO ;;;Efetivo;;PROFESSOR SL 20H
;Folha Mensal - Janeiro;JUED CLEITON DA SILVA;DIRETOR HOSPITAL;138,47;1.617,13;1.755,60;HOSPITAL MUNICIPAL DE PADRE MARCOS;SECRETARIA MUNICIPAL DE SAUDE;HOSPITAL-DEPTO. ADMINISTRATIVO III;COMISSIONADOS;029.XXX.XXX-30;234;40;;2;01/03/2019;;;01/2025;;;2 - Comissão;LIVRE PROVIMENTO ;;;Função de Confiança;;DIRETOR HOSPITAL
;Rescisão - Janeiro;JÚLIA BEZERRA MORAES;MEDICO (A) TEMPORARIO (A) PLANTÃO;;0,00;;SECRETARIA MUNICIPAL DE SAUDE;SECRETARIA MUNICIPAL DE SAUDE;SMS- DEPARTAMENTO DA SAÚDE- PLANTÃO;CONTRATO TEMPORÁRIO;076.XXX.XXX-86;480;40;;1;01/10/2022;01/01/2023;;2/23;;;3 - Temporário;TEMPO DETERMINADO;;;Contrato Temporario;;MEDICO (A) TEMPORARIO (A) PLANTÃO
;Folha Mensal - Janeiro;JÚLIA BEZERRA MORAES;MEDICO (A) TEMPORARIO (A) PLANTÃO;1.613,76;5.316,24;6.930,00;SECRETARIA MUNICIPAL DE SAUDE;SECRETARIA MUNICIPAL DE SAUDE;SMS- DEPARTAMENTO DA SAÚDE- PLANTÃO;CONTRATO TEMPORÁRIO;076.XXX.XXX-86;480;40;;2;01/01/2023;;;03/2023;;;3 - Temporário;TEMPO DETERMINADO;;;Contrato Temporario;;MEDICO (A) TEMPORARIO (A) PLANTÃO
;Folha Mensal - Janeiro;JULIA MARIA DE JESUS DIAS;PROFESSOR SE 40H;2.468,99;5.092,87;7.561,86;SECRETARIA MUNICIPAL DE EDUCAÇÃO;SECRETARIA MUNICIPAL DE EDUCAÇÃO;SME- DEPTO ENSINO INFANTIL FUNDEB 70% - EFETIVOS;EFETIVO - PROFESSORES;514.XXX.XXX-49;187;40;CRECHE PRÉ-ESCOLAR MARGARIDA DE JESUS ALENCAR ( TIA GUIDA);1;02/02/1998;;;;;;1 - Efetivo;CONCURSO PUBLICO ;;;Efetivo;;PROFESSOR SE 40H
;Folha Mensal - Janeiro;JULIANA CRISTINA DIAS BRITO;SECRETARIO(A) UNIDADE ESCOLAR MUNICIPAL;97,65;1.204,35;1.302,00;SECRETARIA MUNICIPAL DE EDUCAÇÃO;FUNDO DE MANUT. E DEC.DA EDUC.BASICA-FUNDEB;SME- DEPTOR ADM FUNDEB 30 % VI - COMISSIONADOS;COMISSIONADOS EDUCAÇÃO;062.XXX.XXX-06;273;40;UNIDADE ESCOLAR MUNICIPAL CÂNDIDA MACEDO;3;01/03/2019;;;01/2023;;;2 - Comissão;LIVRE PROVIMENTO ;;;Função de Confiança;;SECRETARIO(A) UNIDADE ESCOLAR MUNICIPAL
;Folha Mensal - Janeiro;JULIÊTA TEREZA DE CARVALHO NETA;AG. COMUNITARIO DE SAÚDE;608,44;3.116,72;3.725,16;SECRETARIA MUNICIPAL DE SAUDE;SECRETARIA MUNICIPAL DE SAUDE;SMS - SEC.DE SAUDE - ACS I;EFETIVOS;877.XXX.XXX-68;42;40;;1;01/08/1999;;;;;;1 - Efetivo;CONCURSO PUBLICO ;;;Efetivo;;AG. COMUNITARIO DE SAÚDE
;Folha Mensal - Janeiro;JUSSANDRA JUDITE DE MACEDO;AUX. DE SERV. GERAIS;234,36;1.328,04;1.562,40;SECRETARIA MUNICIPAL DE EDUCAÇÃO;FUNDO DE MANUT. E DEC.DA EDUC.BASICA-FUNDEB;SME- DEPTO. ADM -FUNDEB 30% II;EFETIVOS;454.XXX.XXX-72;80;40;UNIDADE ESCOLAR MUNICIPAL DAVI SEVERIANO DE CARVALHO;1;01/03/1988;;;;;;1 - Efetivo;CONCURSO PUBLICO ;;;Efetivo;;AUX. DE SERV. GERAIS
;Folha Mensal - Janeiro;JUVANIR ANTONIO DE MACEDO;AG. DE HIGIENE E SEGURANÇA;520,77;3.251,63;3.772,40;SECRETARIA MUNICIPAL DE SAUDE;SECRETARIA MUNICIPAL DE SAUDE;SMS- SEC SAUDE - AGENTE DE ENDEMIAS;EFETIVOS;008.XXX.XXX-66;66;40;;1;02/02/2015;;;;;;1 - Efetivo;CONCURSO PUBLICO ;;;Efetivo;;AG. DE HIGIENE E SEGURANÇA
;Adiantamento 13º Salário - Janeiro;JUVANIR ANTONIO DE MACEDO;AG. DE HIGIENE E SEGURANÇA;;1.636,20;1.636,20;SECRETARIA MUNICIPAL DE SAUDE;SECRETARIA MUNICIPAL DE SAUDE;SMS- SEC SAUDE - AGENTE DE ENDEMIAS;EFETIVOS;008.XXX.XXX-66;66;40;;1;02/02/2015;;;;;;1 - Efetivo;CONCURSO PUBLICO ;;;Efetivo;;AG. DE HIGIENE E SEGURANÇA
;Folha Mensal - Janeiro;JUVENAL BORGES DE CARVALHO;MOTORISTA;209,62;1.808,48;2.018,10;HOSPITAL MUNICIPAL DE PADRE MARCOS;SECRETARIA MUNICIPAL DE SAUDE;HOSPITAL-DEPTO.ADMINISTRATIVO II;EFETIVOS;004.XXX.XXX-29;25;40;HOSPITAL MUNICIPAL DE PADRE MARCOS;1;04/05/2015;;;02/2026;;;1 - Efetivo;CONCURSO PUBLICO ;;;Efetivo;;MOTORISTA
;Folha Mensal - Janeiro;KALINE BARBOSA CAVALCANTE ARRAES;ENFERMEIRO;1.377,84;5.022,16;6.400,00;SECRETARIA MUNICIPAL DE SAUDE;SECRETARIA MUNICIPAL DE SAUDE;SMS-DEPTOR.SEC. DE SAUDE II;EFETIVOS;936.XXX.XXX-20;119;40;;1;02/05/2008;;;085/2024;;;1 - Efetivo;CONCURSO PUBLICO ;;;Efetivo;;ENFERMEIRO
;Folha Mensal - Janeiro;kAROLINY VIANA DE SOUSA;PROFESSOR SE 40H;1.634,38;4.910,38;6.544,76;SECRETARIA MUNICIPAL DE EDUCAÇÃO;SECRETARIA MUNICIPAL DE EDUCAÇÃO;SME- DEPTOR ENSINO FUNDEB 70% I;EFETIVO - PROFESSORES;035.XXX.XXX-03;149;40;UNIDADE ESCOLAR MUNICIPAL DAVI SEVERIANO DE CARVALHO;1;02/03/2015;;;195/2021;;;1 - Efetivo;CONCURSO PUBLICO ;;;Efetivo;;PROFESSOR SL 40H
;Folha Mensal - Janeiro;KATHYANNE LEAL SOUSA;DIRETOR DE DEPARTAMENTO;97,65;1.204,35;1.302,00;SECRETARIA MUNICIPAL DE EDUCAÇÃO;FUNDO DE MANUT. E DEC.DA EDUC.BASICA-FUNDEB;SME- DEPTOR ADM FUNDEB 30 % VI - COMISSIONADOS;COMISSIONADOS EDUCAÇÃO;046.XXX.XXX-55;347;40;;2;01/05/2021;;;01/2025;;;2 - Comissão;LIVRE PROVIMENTO ;;;Função de Confiança;;DIRETOR DE DEPARTAMENTO
;Rescisão - Janeiro;KATHYUSSE LEAL SOUSA BENIZ;PROFESSOR SL 40H - CELETISTA;;0,00;;SECRETARIA MUNICIPAL DE EDUCAÇÃO;SECRETARIA MUNICIPAL DE EDUCAÇÃO;SME- DEPTO  ENSINO INFANTIL FUNDEB 70% - SELETISTAS;CONTRATADOS  EDUCAÇÃO;043.XXX.XXX-79;276;40;CRECHE PRÉ-ESCOLAR MARGARIDA DE JESUS ALENCAR ( TIA GUIDA);3;01/03/2021;01/01/2023;;1/23;;;3 - Temporário;TEMPO DETERMINADO;;;Contrato Temporario;;PROFESSOR SL 40H - CELETISTA
;Folha Mensal - Janeiro;KEDNA RAIMUNDA DA SILVA;PROFESSOR SE 40H;1.634,38;4.910,38;6.544,76;SECRETARIA MUNICIPAL DE EDUCAÇÃO;SECRETARIA MUNICIPAL DE EDUCAÇÃO;SME- DEPTOR ENSINO FUNDEB 70% I;EFETIVO - PROFESSORES;015.XXX.XXX-10;150;40;U.E.M LUIZ LINO DA SILVA;1;02/03/2015;;;;;;1 - Efetivo;CONCURSO PUBLICO ;;;Efetivo;;PROFESSOR SL 40H
;Folha Mensal - Janeiro;LAERCIO SILVA SANTOS;GARI;229,80;1.788,30;2.018,10;PREFEITURA MUNICIPAL DE PADRE MARCOS-PI;SECRETARIA MUNICIPAL  DE ADMINISTRAÇÃO;SEAD - DEPTO.ADMINISTRAÇÃO II;EFETIVOS;065.XXX.XXX-60;224;40;;1;25/11/2016;;;;;;1 - Efetivo;CONCURSO PUBLICO ;;;Efetivo;;GARI
;Adiantamento 13º Salário - Janeiro;LAERCIO SILVA SANTOS;GARI;;1.009,05;1.009,05;PREFEITURA MUNICIPAL DE PADRE MARCOS-PI;SECRETARIA MUNICIPAL  DE ADMINISTRAÇÃO;SEAD - DEPTO.ADMINISTRAÇÃO II;EFETIVOS;065.XXX.XXX-60;224;40;;1;25/11/2016;;;;;;1 - Efetivo;CONCURSO PUBLICO ;;;Efetivo;;GARI
;Folha Mensal - Janeiro;LAESIO JOSE DE MACEDO SILVA;AG. DE HIGIENE E SEGURANÇA;1.010,52;2.319,48;3.330,00;SECRETARIA MUNICIPAL DE SAUDE;SECRETARIA MUNICIPAL DE SAUDE;SMS- SEC SAUDE - AGENTE DE ENDEMIAS;EFETIVOS;008.XXX.XXX-93;64;40;;1;02/02/2015;;;;;;1 - Efetivo;CONCURSO PUBLICO ;;;Efetivo em Comissão;;AG. DE HIGIENE E SEGURANÇA
;Adiantamento 13º Salário - Janeiro;LAESIO JOSE DE MACEDO SILVA;AG. DE HIGIENE E SEGURANÇA;;1.515,00;1.515,00;SECRETARIA MUNICIPAL DE SAUDE;SECRETARIA MUNICIPAL DE SAUDE;SMS- SEC SAUDE - AGENTE DE ENDEMIAS;EFETIVOS;008.XXX.XXX-93;64;40;;1;02/02/2015;;;;;;1 - Efetivo;CONCURSO PUBLICO ;;;Efetivo em Comissão;;AG. DE HIGIENE E SEGURANÇA
;Rescisão - Janeiro;LANNA RAFAELA DO NASCIMENTO MACEDO;FISIOTERAPEUTA;;0,00;;SECRETARIA MUNICIPAL DE SAUDE;SECRETARIA MUNICIPAL DE SAUDE;SEC. MUN. SAÚDE- DEPTO. DE SAUDE II-CONTRATADOS;CONTRATO TEMPORÁRIO;049.XXX.XXX-10;420;40;;1;01/03/2021;01/01/2023;;2/23;;;3 - Temporário;TEMPO DETERMINADO;03/2021;;Contrato Temporario;;FISIOTERAPEUTA
;Folha Mensal - Janeiro;LARIEL MACEDO CARDEAL;COORDENADOR DE SERVIÇOS;97,65;1.204,35;1.302,00;SECRETARIA MUNICIPAL DE SAUDE;SECRETARIA MUNICIPAL DE SAUDE;SMS-DEPTO.SEC.SAUDE-CONTRATADOS.;COMISSIONADOS;078.XXX.XXX-70;383;40;;1;04/01/2021;;;01/2025;;;2 - Comissão;TEMPO DETERMINADO;;;;;COORDENADOR DE SERVIÇOS
;Folha Mensal - Janeiro;LÊDA VANIA DA SILVA SOUSA;AUX. DE SERV. GERAIS;599,50;832,70;1.432,20;SECRETARIA MUNICIPAL DE EDUCAÇÃO;FUNDO DE MANUT. E DEC.DA EDUC.BASICA-FUNDEB;SME- DEPTO. ADM -FUNDEB 30% II;EFETIVOS;526.XXX.XXX-82;81;40;UNIDADE ESCOLAR MUNICIPAL CÂNDIDA MACEDO;1;02/03/1998;;;018/2022;;;1 - Efetivo;CONCURSO PUBLICO ;;;Efetivo;;AUX. DE SERV. GERAIS
;Folha Mensal - Janeiro;LEILANE RAVELLY MACEDO FEITOSA;ASSESSOR TÉCNICO (A) ADMINISTRATIVO;97,65;1.204,35;1.302,00;SECRETARIA MUNICIPAL DE SAUDE;SECRETARIA MUNICIPAL DE SAUDE;SMS-DEPTO.SEC.SAUDE-CONTRATADOS.;COMISSIONADOS;614.XXX.XXX-15;352;40;;1;02/01/2020;;01/2020;01/2025;;;2 - Comissão;TEMPO DETERMINADO;;;Função de Confiança;;ASSESSOR TÉCNICO (A) ADMINISTRATIVO
;Folha Mensal - Janeiro;LEOMIR BONIVAL DE SOUSA;SECRETARIA MUNICIPAL DO MEIO AMBIENTE;138,47;1.617,13;1.755,60;PREFEITURA MUNICIPAL DE PADRE MARCOS-PI;SECRETARIA MUNICIPAL DE MEIO AMBIENTE;SEMA -  SECRETARIA DO MEIO AMBIENTE;COMISSIONADOS;030.XXX.XXX-64;305;40;;2;02/04/2019;;;04/2024;;;2 - Comissão;LIVRE PROVIMENTO ;;;Função de Confiança;;SECRETARIA MUNICIPAL DO MEIO AMBIENTE
;Folha Mensal - Janeiro;LINNARA EMILY BENEDITO MOURA;SECRETARIO (A);138,47;1.617,13;1.755,60;PREFEITURA MUNICIPAL DE PADRE MARCOS-PI;SECRETARIA MUNICIPAL DE CULTURA;SECRETARIA  MUNICIPAL DE CULTURA;COMISSIONADOS;056.XXX.XXX-80;221;40;;2;01/07/2018;;;01/2025;;;2 - Comissão;LIVRE PROVIMENTO ;;;Função de Confiança;;SECRETARIO (A) DE CULTURA
;Folha Mensal - Janeiro;LORENA MACEDO BARROS;SECRETARIO(A) UNIDADE ESCOLAR MUNICIPAL;97,65;1.204,35;1.302,00;SECRETARIA MUNICIPAL DE EDUCAÇÃO;FUNDO DE MANUT. E DEC.DA EDUC.BASICA-FUNDEB;SME- DEPTOR ADM FUNDEB 30 % VI - COMISSIONADOS;COMISSIONADOS EDUCAÇÃO;025.XXX.XXX-01;468;40;;1;01/06/2022;;;063/2023;;;2 - Comissão;LIVRE PROVIMENTO ;;;Função de Confiança;;COORDENADOR DE SERVIÇOS
;Folha Mensal - Janeiro;LORENA MACEDO CARVALHO;AUX. DE SERV. GERAIS;209,62;1.347,50;1.557,12;SECRETARIA MUNICIPAL DE EDUCAÇÃO;FUNDO DE MANUT. E DEC.DA EDUC.BASICA-FUNDEB;SME- DEPTO. ADM -FUNDEB 30% II;EFETIVOS;612.XXX.XXX-88;95;40;UNIDADE ESCOLAR MUNICIPAL CÂNDIDA MACEDO;1;03/08/2015;;;;;;1 - Efetivo;CONCURSO PUBLICO ;;;Efetivo;;AUX. DE SERV. GERAIS
;Rescisão - Janeiro;LOURIVAL JOSÉ DE SOUSA NETO;MONITOR / VISITADOR DO CRIANÇA FELIZ;;0,00;;SECRETARIA MUNICIPAL DE ASSISTENCIA SOCIAL;FUNDO MUNICIPAL DE ASSISTENCIA SOCIAL-FMAS; PROG.CRIANÇA FELIZ;CONTRATO TEMPORÁRIO;072.XXX.XXX-41;413;40;;1;01/03/2021;01/01/2023;;2/23;;;3 - Temporário;TEMPO DETERMINADO;;;Contrato Temporario;;MONITOR / VISITADOR DO CRIANÇA FELIZ
;Folha Mensal - Janeiro;LUANA LUCIENE DE SOUSA;CONSELHEIRO TUTELAR;97,65;1.264,17;1.361,82;SECRETARIA MUNICIPAL DE ASSISTENCIA SOCIAL;SECRETARIA MUNICIPAL DE ASSISTENCIA SOCIAL;SASC-ASSISTENCIA SOCIAL - CONSELHO;ELETIVOS;046.XXX.XXX-12;358;40;;1;10/01/2020;;10/2020;05/2024;;;7 - Conselheiro;ELEICAO/INDICACAO;;;;;CONSELHEIRO TUTELAR
;Folha Mensal - Janeiro;LUCIA PEREIRA DA SILVA;AUX. DE SERV. GERAIS;234,36;1.328,04;1.562,40;SECRETARIA MUNICIPAL DE EDUCAÇÃO;FUNDO DE MANUT. E DEC.DA EDUC.BASICA-FUNDEB;SME- DEPTO. ADM -FUNDEB 30% II;EFETIVOS;629.XXX.XXX-72;82;40;;1;02/03/1998;;;;;;1 - Efetivo;CONCURSO PUBLICO ;;;Efetivo;;AUX. DE SERV. GERAIS
;Folha Mensal - Janeiro;LUCIANO FRANCISCO DA SILVA;ASSESSOR TÉCNICO (A) ADMINISTRATIVO;97,65;1.204,35;1.302,00;SECRETARIA MUNICIPAL DE EDUCAÇÃO;FUNDO DE MANUT. E DEC.DA EDUC.BASICA-FUNDEB;SME- DEPTOR ADM FUNDEB 30 % VI - COMISSIONADOS;COMISSIONADOS EDUCAÇÃO;116.XXX.XXX-28;367;40;;1;02/03/2020;;;01/2025;;;2 - Comissão;TEMPO DETERMINADO;;;Função de Confiança;;ASSESSOR TÉCNICO (A) ADMINISTRATIVO
;Rescisão - Janeiro;LUCICLEIDE DE MACEDO SILVA;AUX. DE SERVIÇOS GERAIS;;0,00;;SECRETARIA MUNICIPAL DE SAUDE;SECRETARIA MUNICIPAL DE SAUDE;SMS-DEPTO.SEC.SAUDE-CONTRATADOS.;CONTRATO TEMPORÁRIO;081.XXX.XXX-33;319;40;;2;02/03/2021;01/01/2023;;2/23;;;3 - Temporário;TEMPO DETERMINADO;;;Contrato Temporario;;AUX. DE SERVIÇOS GERAIS
;Rescisão - Janeiro;LUCILÉIA LUCIA DE SOUSA;ORIENTADORA(O) EDUCACIONAL;;0,00;;SECRETARIA MUNICIPAL DE EDUCAÇÃO;SECRETARIA MUNICIPAL DE EDUCAÇÃO;SME- DEPTOR. ENSINO FUNDEB 70% V - COMISSIONADOS;COMISSIONADOS EDUCAÇÃO;037.XXX.XXX-60;429;40;;2;01/02/2022;01/01/2023;;040/2022;;;2 - Comissão;TEMPO DETERMINADO;;;Função de Confiança;;ORIENTADORA(O) EDUCACIONAL
;Rescisão - Janeiro;LUCILEIDE LÚCIA DE SOUSA;PROFESSOR SELETISTA;;0,00;;SECRETARIA MUNICIPAL DE EDUCAÇÃO;SECRETARIA MUNICIPAL DE EDUCAÇÃO;SME - DEPTOR. ENSINO FUNDEB 70% IV - CELETISTAS;CONTRATADOS  EDUCAÇÃO;940.XXX.XXX-68;402;40;;1;01/03/2021;01/01/2023;;1/23;;;3 - Temporário;TEMPO DETERMINADO;;;Contrato Temporario;;PROFESSOR SELETISTA
;Folha Mensal - Janeiro;LUCILENE MARIA DE CARVALHO;PROFESSOR SE 40H;3.373,31;4.951,37;8.324,68;SECRETARIA MUNICIPAL DE EDUCAÇÃO;SECRETARIA MUNICIPAL DE EDUCAÇÃO;SME- DEPTOR ENSINO FUNDEB 70% II;EFETIVO - PROFESSORES;628.XXX.XXX-20;189;40;UNIDADE ESCOLAR MUNICIPAL CÂNDIDA MACEDO;1;02/02/1998;;;;;;1 - Efetivo;CONCURSO PUBLICO ;;;Efetivo;;PROFESSOR SL 40H
;Folha Mensal - Janeiro;LUCIMÁRIA MOURA MACEDO SILVA;PROFESSOR SE 40H;2.551,94;4.501,37;7.053,31;SECRETARIA MUNICIPAL DE EDUCAÇÃO;SECRETARIA MUNICIPAL DE EDUCAÇÃO;SME-DEPTOR. ENSINO FUNDEB 70%  VI EJA;EFETIVO - PROFESSORES;752.XXX.XXX-00;190;40;SECRETARIA MUNICIPAL DE EDUCAÇÃO;1;02/02/1998;;;;;;1 - Efetivo;CONCURSO PUBLICO ;;;Efetivo;;PROFESSOR SE 40H
;Folha Mensal - Janeiro;LUCINEIDE FRANCISCA DA CONCEIÇÃO;DIRETOR DE DEPARTAMENTO;97,65;1.204,35;1.302,00;SECRETARIA MUNICIPAL DE EDUCAÇÃO;FUNDO DE MANUT. E DEC.DA EDUC.BASICA-FUNDEB;SME- DEPTOR ADM FUNDEB 30 % VI - COMISSIONADOS;COMISSIONADOS EDUCAÇÃO;986.XXX.XXX-91;424;40;;1;01/04/2021;;;01/2025;;;2 - Comissão;LIVRE PROVIMENTO ;;;Função de Confiança;;DIRETOR DE DEPARTAMENTO
;Folha Mensal - Janeiro;LUCINEIDE MOURA MACEDO SILVA;COORDENADOR(A) PEDAGÓGICO;151,47;1.748,53;1.900,00;SECRETARIA MUNICIPAL DE EDUCAÇÃO;SECRETARIA MUNICIPAL DE EDUCAÇÃO;SME- DEPTOR. ENSINO FUNDEB 70% V - COMISSIONADOS;COMISSIONADOS EDUCAÇÃO;011.XXX.XXX-52;275;40;CRECHE PRÉ-ESCOLAR MARGARIDA DE JESUS ALENCAR ( TIA GUIDA);3;01/03/2019;;;01/2025;;;2 - Comissão;TEMPO DETERMINADO;;;Contrato Temporario;;COORDENADOR(A) PEDAGÓGICO
;Folha Mensal - Janeiro;LUCIO FLÁVIO MOURA;ASSESSOR TÉCNICO (A) ADMINISTRATIVO;97,65;1.204,35;1.302,00;SECRETARIA MUNICIPAL DE SAUDE;SECRETARIA MUNICIPAL DE SAUDE;SMS-DEPTO.SEC.SAUDE-CONTRATADOS.;COMISSIONADOS;673.XXX.XXX-91;353;40;HOSPITAL MUNICIPAL DE PADRE MARCOS;1;02/01/2020;;01/2020;01/2025;;;2 - Comissão;TEMPO DETERMINADO;;;Função de Confiança;;ASSESSOR TÉCNICO (A) ADMINISTRATIVO
;Folha Mensal - Janeiro;LUIS EDUARDO DE CARVALHO;ASSESSOR TÉCNICO (A) ADMINISTRATIVO;144,52;1.678,28;1.822,80;SECRETARIA MUNICIPAL DE EDUCAÇÃO;FUNDO DE MANUT. E DEC.DA EDUC.BASICA-FUNDEB;SME- DEPTOR ADM FUNDEB 30 % VI - COMISSIONADOS;COMISSIONADOS EDUCAÇÃO;086.XXX.XXX-52;455;40;;1;01/04/2022;;;01/2025;;;2 - Comissão;TEMPO DETERMINADO;;;Função de Confiança;;ASSESSOR TÉCNICO (A) ADMINISTRATIVO
;Folha Mensal - Janeiro;LUIS JOSÉ DE CARVALHO;DIRETOR DE DEPARTAMENTO;156,24;1.796,76;1.953,00;SECRETARIA MUNICIPAL DE EDUCAÇÃO;FUNDO DE MANUT. E DEC.DA EDUC.BASICA-FUNDEB;SME- DEPTOR ADM FUNDEB 30 % VI - COMISSIONADOS;COMISSIONADOS EDUCAÇÃO;956.XXX.XXX-91;479;40;;1;01/10/2022;;;01/2025;;;2 - Comissão;LIVRE PROVIMENTO ;;;;;DIRETOR DE DEPARTAMENTO
;Folha Mensal - Janeiro;LUIS JOSE DE SOUSA FILHO;SECRETARIO DE DESENV. DE EMPREENDEDORISMO;138,47;1.617,13;1.755,60;PREFEITURA MUNICIPAL DE PADRE MARCOS-PI;SECRETARIA MUNICIPAL  DE ADMINISTRAÇÃO;SECRETARIA DE EMPREENDEDORISMO;COMISSIONADOS;965.XXX.XXX-91;323;40;;2;01/01/2021;;;05/2023;;;2 - Comissão;LIVRE PROVIMENTO ;;;Função de Confiança;;SECRETARIO DE DESENV. DE EMPREENDEDORISMO
;Rescisão - Janeiro;LUIS WIDNEY CARVALHO MACEDO;PROFESSOR SL 40H - CELETISTA;;0,00;;SECRETARIA MUNICIPAL DE EDUCAÇÃO;SECRETARIA MUNICIPAL DE EDUCAÇÃO;SME - DEPTOR. ENSINO FUNDEB 70% IV - CELETISTAS;CONTRATADOS  EDUCAÇÃO;059.XXX.XXX-12;246;40;UNIDADE ESCOLAR MUNICIPAL CÂNDIDA MACEDO;4;01/03/2021;01/01/2023;;1/23;;;3 - Temporário;TEMPO DETERMINADO;;;Contrato Temporario;;PROFESSOR SL 40H - CELETISTA
;Folha Mensal - Janeiro;LUISA GENICARLA DE SOUSA REIS;COZINHEIRO (A);209,62;1.347,50;1.557,12;SECRETARIA MUNICIPAL DE EDUCAÇÃO;FUNDO DE MANUT. E DEC.DA EDUC.BASICA-FUNDEB;SME- DEPTO. ADM.FUNDEB 30% I;EFETIVOS;042.XXX.XXX-54;67;40;;1;02/02/2015;;;;;;1 - Efetivo;CONCURSO PUBLICO ;;;Efetivo;;COZINHEIRO (A)
;Folha Mensal - Janeiro;LUISA MARIA DE MACEDO SILVA;AG. COMUNITARIO DE SAÚDE;572,72;3.152,44;3.725,16;SECRETARIA MUNICIPAL DE SAUDE;SECRETARIA MUNICIPAL DE SAUDE;SMS - SEC.DE SAUDE - ACS I;EFETIVOS;844.XXX.XXX-68;40;40;;1;01/04/2008;;;;;;1 - Efetivo;CONCURSO PUBLICO ;;;Efetivo;;AG. COMUNITARIO DE SAÚDE
;Folha Mensal - Janeiro;LUIZ JOSÉ DE CARVALHO;ASSESSOR TÉCNICO (A) ADMINISTRATIVO;97,65;1.204,35;1.302,00;SECRETARIA MUNICIPAL DE EDUCAÇÃO;FUNDO DE MANUT. E DEC.DA EDUC.BASICA-FUNDEB;SME- DEPTOR ADM FUNDEB 30 % VI - COMISSIONADOS;COMISSIONADOS EDUCAÇÃO;958.XXX.XXX-34;444;40;;1;03/01/2022;;;01/2025;;;2 - Comissão;TEMPO DETERMINADO;;;Função de Confiança;;ASSESSOR TÉCNICO (A) ADMINISTRATIVO
;Folha Mensal - Janeiro;LUIZ RAIMUNDO DA SILVA NETO;COORDENADOR DA VIGILANCIA SOCIOASSISTENCIAL;97,65;1.204,35;1.302,00;SECRETARIA MUNICIPAL DE ASSISTENCIA SOCIAL;SECRETARIA MUNICIPAL DE ASSISTENCIA SOCIAL;SASC-DEPTO. ASSISTENCIA SOCIAL I;COMISSIONADOS;053.XXX.XXX-67;295;40;;3;02/03/2021;;;06/2024;;;2 - Comissão;TEMPO DETERMINADO;;;Contrato/Temporário;;COORDENADOR DA VIGILANCIA SOCIOASSISTENCIAL
;Rescisão - Janeiro;LUIZA DEBORA DA SILVA;PROFESSOR SL 40H - CELETISTA;;0,00;;SECRETARIA MUNICIPAL DE EDUCAÇÃO;SECRETARIA MUNICIPAL DE EDUCAÇÃO;SME - DEPTOR. ENSINO FUNDEB 70% IV - CELETISTAS;CONTRATADOS  EDUCAÇÃO;027.XXX.XXX-11;331;40;;2;01/03/2021;01/01/2023;;1/23;;;3 - Temporário;TEMPO DETERMINADO;;;Contrato Temporario;;PROFESSOR SL 40H - CELETISTA
;Folha Mensal - Janeiro;LUVESON BESERRA DE SOUSA;MOTORISTA;224,59;1.522,55;1.747,14;SECRETARIA MUNICIPAL DE EDUCAÇÃO;FUNDO DE MANUT. E DEC.DA EDUC.BASICA-FUNDEB;SME- DEPTOR. ADM FUNDEB 30% V;EFETIVOS;915.XXX.XXX-49;109;40;SECRETARIA MUNICIPAL DE EDUCAÇÃO;1;01/04/2016;;;;;;1 - Efetivo;CONCURSO PUBLICO ;;;Efetivo;;MOTORISTA
;Folha Mensal - Janeiro;LUZANIRA MOURA MACEDO;AUX. DE SERV. GERAIS;209,62;1.287,68;1.497,30;SECRETARIA MUNICIPAL DE EDUCAÇÃO;FUNDO DE MANUT. E DEC.DA EDUC.BASICA-FUNDEB;SME- DEPTO. ADM -FUNDEB 30% II;EFETIVOS;002.XXX.XXX-60;31;40;UNIDADE ESCOLAR MUNICIPAL DAVI SEVERIANO DE CARVALHO;1;02/03/2015;;;;;;1 - Efetivo;CONCURSO PUBLICO ;;;;;AUX. DE SERV. GERAIS
;Folha Mensal - Janeiro;LUZIA GRIGORE DA SILVA;ORIENTADORA(O) EDUCACIONAL;97,65;1.204,35;1.302,00;SECRETARIA MUNICIPAL DE EDUCAÇÃO;FUNDO DE MANUT. E DEC.DA EDUC.BASICA-FUNDEB;SME- DEPTOR ADM FUNDEB 30 % VI - COMISSIONADOS;COMISSIONADOS EDUCAÇÃO;671.XXX.XXX-68;437;40;;1;01/09/2021;;;01/2025;;;2 - Comissão;TEMPO DETERMINADO;;;Função de Confiança;;ORIENTADORA(O) EDUCACIONAL
;Folha Mensal - Janeiro;LUZIA LEAL DE ARAUJO CARVALHO;ASSESSOR ESPECIAL;97,65;1.204,35;1.302,00;PREFEITURA MUNICIPAL DE PADRE MARCOS-PI;SECRETARIA MUNICIPAL  DE ADMINISTRAÇÃO;SEAD - DEPTO. ADMINISTRAÇÃO IV;COMISSIONADOS;004.XXX.XXX-59;310;40;;1;02/01/2019;;;01/2025;;;2 - Comissão;LIVRE PROVIMENTO ;;;Função de Confiança;;ASSESSOR ESPECIAL
;Folha Mensal - Janeiro;LUZILENE DE ARAÚJO CARVALHO MATOS;AUX. DE SERV. GERAIS;532,68;964,62;1.497,30;SECRETARIA MUNICIPAL DE EDUCAÇÃO;FUNDO DE MANUT. E DEC.DA EDUC.BASICA-FUNDEB;SME- DEPTO. ADM -FUNDEB 30% II;EFETIVOS;843.XXX.XXX-82;94;40;U.E.M. JOSE DE MOURA LEAL;1;02/02/2015;;;07/2022;;;1 - Efetivo;CONCURSO PUBLICO ;;;Efetivo;;AUX. DE SERV. GERAIS
;Folha Mensal - Janeiro;LUZILENE SILVA SOUSA;DIRETOR(A) DE ESCOLA;160,47;1.839,53;2.000,00;SECRETARIA MUNICIPAL DE EDUCAÇÃO;SECRETARIA MUNICIPAL DE EDUCAÇÃO;SME- DEPTOR. ENSINO FUNDEB 70% V - COMISSIONADOS;COMISSIONADOS EDUCAÇÃO;029.XXX.XXX-74;277;40;UNIDADE ESCOLAR MUNICIPAL DAVI SEVERIANO DE CARVALHO;3;01/03/2019;;;01/2025;;;2 - Comissão;LIVRE PROVIMENTO ;;;Função de Confiança;;DIRETOR(A) DE ESCOLA
;Folha Mensal - Janeiro;LYVIA SUELLEN ALVES LIMEIRA SOUSA;ASSESSOR(A) DE COMUNICAÇÃO INSTITUCIONAL ESCOLAR;97,65;1.204,35;1.302,00;SECRETARIA MUNICIPAL DE EDUCAÇÃO;FUNDO DE MANUT. E DEC.DA EDUC.BASICA-FUNDEB;SME- DEPTOR ADM FUNDEB 30 % VI - COMISSIONADOS;COMISSIONADOS EDUCAÇÃO;076.XXX.XXX-23;467;40;;1;01/06/2022;;;01/2025;;;2 - Comissão;LIVRE PROVIMENTO ;;;Função de Confiança;;ASSESSOR(A) DE COMUNICAÇÃO INSTITUCIONAL ESCOLAR
;Rescisão - Janeiro;MAILA MENDES PINHEIRO;PROFESSOR SELETISTA;;0,00;;SECRETARIA MUNICIPAL DE EDUCAÇÃO;SECRETARIA MUNICIPAL DE EDUCAÇÃO;SME - DEPTOR. ENSINO FUNDEB 70% IV - CELETISTAS;CONTRATADOS  EDUCAÇÃO;074.XXX.XXX-55;403;40;;1;01/03/2021;01/01/2023;;1/23;;;3 - Temporário;TEMPO DETERMINADO;;;Contrato Temporario;;PROFESSOR SELETISTA
;Rescisão - Janeiro;MANELICIA MARIA DE CARVALHO;PROFESSOR SL 40H - CELETISTA;;0,00;;SECRETARIA MUNICIPAL DE EDUCAÇÃO;SECRETARIA MUNICIPAL DE EDUCAÇÃO;SME- DEPTO  ENSINO INFANTIL FUNDEB 70% - SELETISTAS;CONTRATADOS  EDUCAÇÃO;062.XXX.XXX-12;333;40;;2;01/03/2021;01/01/2023;;1/23;;;3 - Temporário;TEMPO DETERMINADO;;;Contrato Temporario;;PROFESSOR SL 40H - CELETISTA
;Folha Mensal - Janeiro;MANOEL DO NASCIMENTO LEAL;MOTORISTA;250,59;2.080,26;2.330,85;HOSPITAL MUNICIPAL DE PADRE MARCOS;SECRETARIA MUNICIPAL DE SAUDE;HOSPITAL-DEPTO.ADMINISTRATIVO II;EFETIVOS;780.XXX.XXX-20;28;40;HOSPITAL MUNICIPAL DE PADRE MARCOS;1;02/03/1998;;;;;;1 - Efetivo;CONCURSO PUBLICO ;;;Efetivo;;MOTORISTA
;Rescisão - Janeiro;MANOELA MARIA DE CARVALHO;PROFESSOR SL 40H - CELETISTA;;0,00;;SECRETARIA MUNICIPAL DE EDUCAÇÃO;SECRETARIA MUNICIPAL DE EDUCAÇÃO;SME- DEPTO  ENSINO INFANTIL FUNDEB 70% - SELETISTAS;CONTRATADOS  EDUCAÇÃO;062.XXX.XXX-52;272;40;;4;01/03/2021;01/01/2023;;1/23;;;3 - Temporário;TEMPO DETERMINADO;;;Contrato Temporario;;PROFESSOR SL 40H - CELETISTA
;Rescisão - Janeiro;MARCELO DE CARVALHO MACEDO;PROFESSOR SELETISTA;;0,00;;SECRETARIA MUNICIPAL DE EDUCAÇÃO;SECRETARIA MUNICIPAL DE EDUCAÇÃO;SME - DEPTOR. ENSINO FUNDEB 70% IV - CELETISTAS;CONTRATADOS  EDUCAÇÃO;081.XXX.XXX-03;404;40;;1;01/03/2021;01/01/2023;;1/23;;;3 - Temporário;TEMPO DETERMINADO;;;Contrato Temporario;;PROFESSOR SELETISTA
;Rescisão - Janeiro;MARCIANA ANATALIA DA SILVA;PROFESSOR SL 40H - CELETISTA;;0,00;;SECRETARIA MUNICIPAL DE EDUCAÇÃO;SECRETARIA MUNICIPAL DE EDUCAÇÃO;SME- DEPTO  ENSINO INFANTIL FUNDEB 70% - SELETISTAS;CONTRATADOS  EDUCAÇÃO;050.XXX.XXX-80;334;40;;2;01/03/2021;01/01/2023;;1/23;;;3 - Temporário;TEMPO DETERMINADO;;;Contrato Temporario;;PROFESSOR SL 40H - CELETISTA
;Folha Mensal - Janeiro;MARCINETE DA SILVA;VIGILANTE;210,27;1.677,63;1.887,90;HOSPITAL MUNICIPAL DE PADRE MARCOS;SECRETARIA MUNICIPAL DE SAUDE;HOSPITAL - DEPTO. ADMINISTRATIVO I;EFETIVOS;796.XXX.XXX-49;23;40;HOSPITAL MUNICIPAL DE PADRE MARCOS;1;02/02/2015;;;;;;1 - Efetivo;CONCURSO PUBLICO ;;;Efetivo;;VIGILANTE
;Folha Mensal - Janeiro;MARIA BEATRIZ RODRIGUES MACEDO;ASSESSOR ESPECIAL;97,65;1.204,35;1.302,00;SECRETARIA MUNICIPAL DE SAUDE;SECRETARIA MUNICIPAL DE SAUDE;SMS-DEPTO.SEC.SAUDE-CONTRATADOS.;COMISSIONADOS;041.XXX.XXX-01;434;40;;1;01/08/2021;;;01/2025;;;2 - Comissão;LIVRE PROVIMENTO ;;;Função de Confiança;;ASSESSOR ESPECIAL
;Folha Mensal - Janeiro;MARIA CONCEIÇÃO FEITOSA COUTINHO;ENFERMEIRO;1.441,84;5.538,66;6.980,50;SECRETARIA MUNICIPAL DE SAUDE;SECRETARIA MUNICIPAL DE SAUDE;SMS - DEPTOR .SEC. DE SAUDE;EFETIVOS;871.XXX.XXX-72;121;40;;1;01/04/2008;;;;;;1 - Efetivo;CONCURSO PUBLICO ;;;Efetivo;;ENFERMEIRO
;Folha Mensal - Janeiro;MARIA CRISTIANA DE CARVALHO;DIRETOR DE DEPARTAMENTO;97,65;1.204,35;1.302,00;SECRETARIA MUNICIPAL DE EDUCAÇÃO;FUNDO DE MANUT. E DEC.DA EDUC.BASICA-FUNDEB;SME- DEPTOR ADM FUNDEB 30 % VI - COMISSIONADOS;COMISSIONADOS EDUCAÇÃO;072.XXX.XXX-50;440;40;;2;01/02/2022;;;08/2024;;;2 - Comissão;LIVRE PROVIMENTO ;;;Função de Confiança;;DIRETOR DE DEPARTAMENTO
;Folha Mensal - Janeiro;MARIA DA CRUZ DIAS SILVA;CONSELHEIRO TUTELAR;97,65;1.264,17;1.361,82;SECRETARIA MUNICIPAL DE ASSISTENCIA SOCIAL;SECRETARIA MUNICIPAL DE ASSISTENCIA SOCIAL;SASC-ASSISTENCIA SOCIAL - CONSELHO;ELETIVOS;052.XXX.XXX-28;33;40;SEC MUN. DE ASSISTENCIA SOCIAL;2;10/01/2020;;;04/2024;;;7 - Conselheiro;ELEICAO/INDICACAO;;;Contrato Temporario;;CONSELHEIRO TUTELAR
;Folha Mensal - Janeiro;MARIA DA PAZ CONCEIÇÃO SILVA;AG. COMUNITARIO DE SAÚDE;608,44;3.116,72;3.725,16;SECRETARIA MUNICIPAL DE SAUDE;SECRETARIA MUNICIPAL DE SAUDE;SMS - SEC.DE SAUDE - ACS I;EFETIVOS;972.XXX.XXX-72;37;40;;1;18/03/2003;;;;;;1 - Efetivo;CONCURSO PUBLICO ;;;Efetivo;;AG. COMUNITARIO DE SAÚDE
;Folha Mensal - Janeiro;MARIA DA PAZ DE CARVALHO MACEDO;AUX. DE SERV. GERAIS;200,51;1.231,69;1.432,20;SECRETARIA MUNICIPAL DE EDUCAÇÃO;FUNDO DE MANUT. E DEC.DA EDUC.BASICA-FUNDEB;SME- DEPTO. ADM -FUNDEB 30% II;EFETIVOS;840.XXX.XXX-68;83;40;U.E.M.BERLAMINO FLORENTINO DE CARVALHO;1;02/03/1998;;;010/2023;;;1 - Efetivo;CONCURSO PUBLICO ;;;Efetivo;;AUX. DE SERV. GERAIS
;Rescisão - Janeiro;MARIA DARLANE DA SILVA;MONITOR / VISITADOR DO CRIANÇA FELIZ;;0,00;;SECRETARIA MUNICIPAL DE ASSISTENCIA SOCIAL;FUNDO MUNICIPAL DE ASSISTENCIA SOCIAL-FMAS; PROG.CRIANÇA FELIZ;CONTRATO TEMPORÁRIO;059.XXX.XXX-23;317;40;;2;01/03/2021;01/01/2023;;2/23;;;3 - Temporário;TEMPO DETERMINADO;;;Contrato Temporario;;MONITOR / VISITADOR DO CRIANÇA FELIZ
;Folha Mensal - Janeiro;MARIA DAS DORES DA CONCEIÇÃO COSTA;TECNICO EM ENFERMAGEM;217,44;1.691,55;1.908,99;SECRETARIA MUNICIPAL DE SAUDE;SECRETARIA MUNICIPAL DE SAUDE;SMS - DEPTOR .SEC. DE SAUDE;EFETIVOS;712.XXX.XXX-53;60;40;HOSPITAL MUNICIPAL DE PADRE MARCOS;1;03/11/2015;;;;;;1 - Efetivo;CONCURSO PUBLICO ;;;Efetivo;;TECNICO EM ENFERMAGEM
;Folha Mensal - Janeiro;MARIA DAS GRAÇAS DE CARVALHO;AUX. DE SERV. GERAIS;200,51;1.231,69;1.432,20;SECRETARIA MUNICIPAL DE EDUCAÇÃO;FUNDO DE MANUT. E DEC.DA EDUC.BASICA-FUNDEB;SME- DEPTO. ADM -FUNDEB 30% II;EFETIVOS;809.XXX.XXX-00;125;40;PRÉ-ESCOLAR BARRA;1;02/03/1998;;;027/2022;;;1 - Efetivo;CONCURSO PUBLICO ;;;Efetivo;;AUX. DE SERV. GERAIS
;Folha Mensal - Janeiro;MARIA DAS GRAÇAS DE MACEDO;PROFESSOR SE 40H;1.856,74;5.196,57;7.053,31;SECRETARIA MUNICIPAL DE EDUCAÇÃO;SECRETARIA MUNICIPAL DE EDUCAÇÃO;SME- DEPTOR ENSINO FUNDEB 70% II;EFETIVO - PROFESSORES;156.XXX.XXX-10;193;40;UNIDADE ESCOLAR MUNICIPAL DAVI SEVERIANO DE CARVALHO;1;02/02/1998;;;003/2023;;;1 - Efetivo;CONCURSO PUBLICO ;;;Efetivo;;PROFESSOR SE 40H
;Rescisão - Janeiro;MARIA DAS MERCES MOURA MACEDO;PROFESSOR SL 40H - CELETISTA;;0,00;;SECRETARIA MUNICIPAL DE EDUCAÇÃO;SECRETARIA MUNICIPAL DE EDUCAÇÃO;SME- DEPTO  ENSINO INFANTIL FUNDEB 70% - SELETISTAS;CONTRATADOS  EDUCAÇÃO;050.XXX.XXX-75;338;40;;2;01/03/2021;01/01/2023;;1/23;;;3 - Temporário;TEMPO DETERMINADO;;;Contrato Temporario;;PROFESSOR SL 40H - CELETISTA
;Folha Mensal - Janeiro;MARIA DE JESUS CARVALHO;PROFESSOR SE 40H;1.561,91;4.728,58;6.290,49;SECRETARIA MUNICIPAL DE EDUCAÇÃO;SECRETARIA MUNICIPAL DE EDUCAÇÃO;SME- DEPTO ENSINO INFANTIL FUNDEB 70% - EFETIVOS;EFETIVO - PROFESSORES;841.XXX.XXX-53;151;40;CRECHE PRÉ-ESCOLAR MARGARIDA DE JESUS ALENCAR ( TIA GUIDA);1;20/03/2015;;;;;;1 - Efetivo;CONCURSO PUBLICO ;;;Efetivo;;PROFESSOR SL 40H
;Folha Mensal - Janeiro;MARIA DE JESUS LEAL;AUX. DE SERV. GERAIS;200,51;1.231,69;1.432,20;SECRETARIA MUNICIPAL DE EDUCAÇÃO;FUNDO DE MANUT. E DEC.DA EDUC.BASICA-FUNDEB;SME- DEPTO. ADM -FUNDEB 30% II;EFETIVOS;842.XXX.XXX-59;217;40;;1;02/03/1998;;;0004/2024;;;1 - Efetivo;CONCURSO PUBLICO ;;;Efetivo;;AUX. DE SERV. GERAIS
;Rescisão - Janeiro;MARIA DO PERPETUO SOCORRO SOUSA ALVES;ASSISTENTE SOCIAL - CONTRATADA;;0,00;;SECRETARIA MUNICIPAL DE ASSISTENCIA SOCIAL;FUNDO MUNICIPAL DE ASSISTENCIA SOCIAL-FMAS;CENTRO DE REFERENCIA. ASSISTENCIA SOCIAL-CRAS-PSB;CONTRATO TEMPORÁRIO;025.XXX.XXX-05;418;40;;1;01/03/2021;01/01/2023;;2/23;;;3 - Temporário;TEMPO DETERMINADO;10/2019;;Contrato Temporario;;ASSISTENTE SOCIAL - CONTRATADA
;Folha Mensal - Janeiro;MARIA DO ROSÁRIO RIBEIRO;GARI;229,80;1.788,30;2.018,10;PREFEITURA MUNICIPAL DE PADRE MARCOS-PI;SECRETARIA MUNICIPAL  DE ADMINISTRAÇÃO;SEAD - DEPTO.ADMINISTRAÇÃO II;EFETIVOS;988.XXX.XXX-91;11;40;;1;19/01/2015;;;;;;1 - Efetivo;CONCURSO PUBLICO ;;;Efetivo;;GARI
;Folha Mensal - Janeiro;MARIA DO SOCORRO CONCEIÇÃO SOUSA;PROFESSOR SE 40H;2.745,41;4.816,45;7.561,86;SECRETARIA MUNICIPAL DE EDUCAÇÃO;SECRETARIA MUNICIPAL DE EDUCAÇÃO;SME- DEPTOR ENSINO FUNDEB 70% III;EFETIVO - PROFESSORES;780.XXX.XXX-49;195;40;UNIDADE ESCOLAR MUNICIPAL CÂNDIDA MACEDO;1;15/10/1998;;;007/2023;;;1 - Efetivo;CONCURSO PUBLICO ;;;;;PROFESSOR SE 40H
;Folha Mensal - Janeiro;MARIA DO SOCORRO RODRIGUES SILVA;AG. COMUNITARIO DE SAÚDE;572,72;3.152,44;3.725,16;SECRETARIA MUNICIPAL DE SAUDE;SECRETARIA MUNICIPAL DE SAUDE;SMS - SEC.DE SAUDE - ACS I;EFETIVOS;988.XXX.XXX-34;51;40;;1;18/03/2003;;;;;;1 - Efetivo;CONCURSO PUBLICO ;;;Efetivo;;AG. COMUNITARIO DE SAÚDE
;Folha Mensal - Janeiro;MARIA ELVIRA DE MACEDO;ASSESSOR ESPECIAL;97,65;1.204,35;1.302,00;SECRETARIA MUNICIPAL DE EDUCAÇÃO;FUNDO DE MANUT. E DEC.DA EDUC.BASICA-FUNDEB;SME- DEPTOR ADM FUNDEB 30 % VI - COMISSIONADOS;COMISSIONADOS EDUCAÇÃO;811.XXX.XXX-49;471;40;;1;01/08/2022;;;01/2025;;;2 - Comissão;LIVRE PROVIMENTO ;;;Função de Confiança;;ASSESSOR ESPECIAL
;Folha Mensal - Janeiro;MARIA FRANCISCA DA CONCEIÇÃO SILVA;PROFESSOR SE 40H;1.856,74;5.196,57;7.053,31;SECRETARIA MUNICIPAL DE EDUCAÇÃO;SECRETARIA MUNICIPAL DE EDUCAÇÃO;SME- DEPTOR ENSINO FUNDEB 70% II;EFETIVO - PROFESSORES;838.XXX.XXX-15;196;40;U.E.M. JOSE DE MOURA LEAL;1;15/02/2000;;;;;;1 - Efetivo;CONCURSO PUBLICO ;;;Efetivo;;PROFESSOR SE 40H
;Folha Mensal - Janeiro;MARIA GORETE DE SOUSA LEAL;ASSESSOR ESPECIAL;97,65;1.204,35;1.302,00;SECRETARIA MUNICIPAL DE EDUCAÇÃO;FUNDO DE MANUT. E DEC.DA EDUC.BASICA-FUNDEB;SME- DEPTOR ADM FUNDEB 30 % VI - COMISSIONADOS;COMISSIONADOS EDUCAÇÃO;805.XXX.XXX-10;227;40;;2;02/01/2020;;;01/2025;;;2 - Comissão;LIVRE PROVIMENTO ;;;Função de Confiança;;ASSESSOR ESPECIAL
;Folha Mensal - Janeiro;MARIA IRACI LEAL DE ARAÚJO;PROFESSOR SE 40H;1.856,74;5.196,57;7.053,31;SECRETARIA MUNICIPAL DE EDUCAÇÃO;SECRETARIA MUNICIPAL DE EDUCAÇÃO;SME- DEPTO ENSINO INFANTIL FUNDEB 70% - EFETIVOS;EFETIVO - PROFESSORES;805.XXX.XXX-91;197;40;CRECHE PRÉ-ESCOLAR MARGARIDA DE JESUS ALENCAR ( TIA GUIDA);1;02/02/1998;;;182/2020;;;1 - Efetivo;CONCURSO PUBLICO ;;;Efetivo;;PROFESSOR SE 40H
;Folha Mensal - Janeiro;MARIA JOAQUINA DE BARROS LEAL;PROFESSOR SL 20H;426,33;2.226,95;2.653,28;PREFEITURA MUNICIPAL DE PADRE MARCOS-PI;SECRETARIA MUNICIPAL  DE ADMINISTRAÇÃO;ADMINISTRAÇÃO APOSENTADA;EFETIVO - PROFESSORES;289.XXX.XXX-53;230;20;;1;10/09/1966;;;;;;1 - Efetivo;CONCURSO PUBLICO ;;;Efetivo;;PROFESSOR SL 20H
;Rescisão - Janeiro;MARIA JOSE DE MACEDO;PROFESSOR SELETISTA;;0,00;;SECRETARIA MUNICIPAL DE EDUCAÇÃO;SECRETARIA MUNICIPAL DE EDUCAÇÃO;SME - DEPTOR. ENSINO FUNDEB 70% IV - CELETISTAS;CONTRATADOS  EDUCAÇÃO;079.XXX.XXX-64;397;40;;1;01/03/2021;01/01/2023;;1/23;;;3 - Temporário;TEMPO DETERMINADO;;;Contrato Temporario;;PROFESSOR SELETISTA
;Rescisão - Janeiro;MARIA LAISIA DE ARAUJO;AUX. DE SERVIÇOS GERAIS;;0,00;;SECRETARIA MUNICIPAL DE SAUDE;SECRETARIA MUNICIPAL DE SAUDE;SMS-DEPTO.SEC.SAUDE-CONTRATADOS.;CONTRATO TEMPORÁRIO;020.XXX.XXX-44;251;40;;3;12/02/2021;01/01/2023;;2/23;;;3 - Temporário;TEMPO DETERMINADO;;;Contrato Temporario;;AUX. DE SERVIÇOS GERAIS
;Folha Mensal - Janeiro;MARIA LAISIA DE ARAUJO;DIRETOR DE DEPARTAMENTO;97,65;1.204,35;1.302,00;SECRETARIA MUNICIPAL DE SAUDE;SECRETARIA MUNICIPAL DE SAUDE;SMS-DEPTO.SEC.SAUDE-CONTRATADOS.;COMISSIONADOS;020.XXX.XXX-44;251;40;;4;01/01/2023;;;01/223;;;2 - Comissão;LIVRE PROVIMENTO ;;;Contrato/Temporário;;DIRETOR DE DEPARTAMENTO
;Adiantamento 13º Salário - Janeiro;MARIA LUCIA DA CONCEIÇÃO;AUX. DE SERV. GERAIS;;716,10;716,10;SECRETARIA MUNICIPAL DE EDUCAÇÃO;FUNDO DE MANUT. E DEC.DA EDUC.BASICA-FUNDEB;SME- DEPTO. ADM -FUNDEB 30% II;EFETIVOS;838.XXX.XXX-00;85;40;CRECHE PRÉ-ESCOLAR MARGARIDA DE JESUS ALENCAR ( TIA GUIDA);1;02/03/1998;;;017/2023;;;1 - Efetivo;CONCURSO PUBLICO ;;;Efetivo;;AUX. DE SERV. GERAIS
;Folha Mensal - Janeiro;MARIA LUCIA DA CONCEIÇÃO;AUX. DE SERV. GERAIS;214,83;1.217,37;1.432,20;SECRETARIA MUNICIPAL DE EDUCAÇÃO;FUNDO DE MANUT. E DEC.DA EDUC.BASICA-FUNDEB;SME- DEPTO. ADM -FUNDEB 30% II;EFETIVOS;838.XXX.XXX-00;85;40;CRECHE PRÉ-ESCOLAR MARGARIDA DE JESUS ALENCAR ( TIA GUIDA);1;02/03/1998;;;017/2023;;;1 - Efetivo;CONCURSO PUBLICO ;;;Efetivo;;AUX. DE SERV. GERAIS
;Folha Mensal - Janeiro;MARIA LUCIA DA SILVA;SECRETARIA DE SAUDE- LOTADA;245,78;1.509,82;1.755,60;SECRETARIA MUNICIPAL DE SAUDE;SECRETARIA MUNICIPAL DE SAUDE;SMS.DEPTO.SAUDE.SECRETARIO(A);EFETIVOS;245.XXX.XXX-00;129;40;;1;02/02/2015;;;;;;2 - Comissão;LIVRE PROVIMENTO ;;;Efetivo;;TECNICO EM ENFERMAGEM
;Rescisão - Janeiro;MARIA LUCIA DE CARVALHO;PROFESSOR SL 40H - CELETISTA;;0,00;;SECRETARIA MUNICIPAL DE EDUCAÇÃO;SECRETARIA MUNICIPAL DE EDUCAÇÃO;SME - DEPTOR. ENSINO FUNDEB 70% IV - CELETISTAS;CONTRATADOS  EDUCAÇÃO;063.XXX.XXX-19;271;40;PRÉ-ESCOLAR TIANA MACEDO;4;01/03/2021;01/01/2023;;1/23;;;3 - Temporário;TEMPO DETERMINADO;;;Contrato Temporario;;PROFESSOR SL 40H - CELETISTA
;Folha Mensal - Janeiro;MARIA LUCICLEIDE DA SILVA DIAS;SECR. DE ASSISTENCIA SOCIAL;138,47;1.617,13;1.755,60;SECRETARIA MUNICIPAL DE ASSISTENCIA SOCIAL;SECRETARIA MUNICIPAL DE ASSISTENCIA SOCIAL;SASC-SEC.ASSISTENCIA SOCIAL;COMISSIONADOS;015.XXX.XXX-01;222;40;;1;02/01/2017;;;01/2025;;;2 - Comissão;LIVRE PROVIMENTO ;;;Função de Confiança;;SECR. DE ASSISTENCIA SOCIAL
;Folha Mensal - Janeiro;MARIA LUCILENE DA SILVA DIAS;PROFESSOR SE 40H;2.230,40;6.043,42;8.273,82;SECRETARIA MUNICIPAL DE EDUCAÇÃO;SECRETARIA MUNICIPAL DE EDUCAÇÃO;SME- DEPTOR ENSINO FUNDEB 70% II;EFETIVO - PROFESSORES;553.XXX.XXX-72;198;40;SECRETARIA MUNICIPAL DE EDUCAÇÃO;1;02/02/1998;;;;;;1 - Efetivo;CONCURSO PUBLICO ;;;Efetivo;;PROFESSOR SE 40H
;Folha Mensal - Janeiro;MARIA LUCILENE DE MACEDO SILVA;AG. COMUNITARIO DE SAÚDE;572,72;3.152,44;3.725,16;SECRETARIA MUNICIPAL DE SAUDE;SECRETARIA MUNICIPAL DE SAUDE;SMS - SEC.DE SAUDE - ACS I;EFETIVOS;535.XXX.XXX-87;50;40;;1;18/03/2003;;;;;;1 - Efetivo;CONCURSO PUBLICO ;;;Efetivo;;AG. COMUNITARIO DE SAÚDE
;Rescisão - Janeiro;MARIA LUIZA DE SOUSA RODRIGUES;TECNICO DE ENFERMAGEM;;0,00;;SECRETARIA MUNICIPAL DE SAUDE;SECRETARIA MUNICIPAL DE SAUDE;SEC. MUN. SAÚDE- DEPTO. DE SAUDE II-CONTRATADOS;CONTRATO TEMPORÁRIO;068.XXX.XXX-77;375;40;;2;01/03/2021;01/01/2023;;2/23;;;3 - Temporário;TEMPO DETERMINADO;;;Contrato Temporario;;TECNICO DE ENFERMAGEM
;Folha Mensal - Janeiro;MARIA LUSENEIDE DO NASCIMENTO SILVA;PROFESSOR SE 40H;1.929,21;5.378,37;7.307,58;SECRETARIA MUNICIPAL DE EDUCAÇÃO;SECRETARIA MUNICIPAL DE EDUCAÇÃO;SME- DEPTOR ENSINO FUNDEB 70% III;EFETIVO - PROFESSORES;086.XXX.XXX-42;199;40;SECRETARIA MUNICIPAL DE EDUCAÇÃO;1;02/02/1998;;;02/2024;;;1 - Efetivo;CONCURSO PUBLICO ;;;Efetivo;;PROFESSOR SE 40H
;Folha Mensal - Janeiro;MARIA LUZIMAR DE CARVALHO;PROFESSOR SE 40H;2.368,37;6.299,03;8.667,40;SECRETARIA MUNICIPAL DE EDUCAÇÃO;SECRETARIA MUNICIPAL DE EDUCAÇÃO;SME- DEPTOR ENSINO FUNDEB 70% II;TEMPO DE SERVIÇO;439.XXX.XXX-91;200;40;SECRETARIA MUNICIPAL DE EDUCAÇÃO;1;01/01/1986;;;;;;1 - Efetivo;CONCURSO PUBLICO ;;;Efetivo;;PROFESSOR SE 40H
;Folha Mensal - Janeiro;MARIA NILZA DA CONCEIÇÃO;AUX. DE SERV. GERAIS;205,06;1.162,04;1.367,10;SECRETARIA MUNICIPAL DE EDUCAÇÃO;FUNDO DE MANUT. E DEC.DA EDUC.BASICA-FUNDEB;SME- DEPTO. ADM -FUNDEB 30% II;EFETIVOS;988.XXX.XXX-68;96;40;U.E.M. JOSE DE MOURA LEAL;1;02/03/2015;;;;;;1 - Efetivo;CONCURSO PUBLICO ;;;Efetivo;;AUX. DE SERV. GERAIS
;Folha Mensal - Janeiro;MARIA RITA SOUSA LIMA;ASSESSOR TÉCNICO (A) ADMINISTRATIVO;97,65;1.204,35;1.302,00;SECRETARIA MUNICIPAL DE EDUCAÇÃO;FUNDO DE MANUT. E DEC.DA EDUC.BASICA-FUNDEB;SME- DEPTOR ADM FUNDEB 30 % VI - COMISSIONADOS;COMISSIONADOS EDUCAÇÃO;061.XXX.XXX-47;481;40;;1;01/11/2022;;;071/2023;;;2 - Comissão;TEMPO DETERMINADO;;;Função de Confiança;;ASSESSOR TÉCNICO (A) ADMINISTRATIVO
;Rescisão - Janeiro;MARIA ROSA DE CARVALHO;PROFESSOR SL 40H - CELETISTA;;0,00;;SECRETARIA MUNICIPAL DE EDUCAÇÃO;SECRETARIA MUNICIPAL DE EDUCAÇÃO;SME- DEPTO  ENSINO INFANTIL FUNDEB 70% - SELETISTAS;CONTRATADOS  EDUCAÇÃO;868.XXX.XXX-91;326;40;;2;01/03/2021;01/01/2023;;1/23;;;3 - Temporário;TEMPO DETERMINADO;;;Contrato Temporario;;PROFESSOR SL 40H - CELETISTA
;Folha Mensal - Janeiro;MARIA SIMONE DA SILVA;GARI;229,80;1.788,30;2.018,10;PREFEITURA MUNICIPAL DE PADRE MARCOS-PI;SECRETARIA MUNICIPAL  DE ADMINISTRAÇÃO;SEAD - DEPTO.ADMINISTRAÇÃO II;EFETIVOS;031.XXX.XXX-01;12;40;;1;02/02/2015;;;;;;1 - Efetivo;CONCURSO PUBLICO ;;;Efetivo;;GARI
;Folha Mensal - Janeiro;MARIA VANDILENE DA SILVA;PROFESSOR SE 40H;1.561,91;4.728,58;6.290,49;SECRETARIA MUNICIPAL DE EDUCAÇÃO;SECRETARIA MUNICIPAL DE EDUCAÇÃO;SME- DEPTOR ENSINO FUNDEB 70% I;EFETIVO - PROFESSORES;005.XXX.XXX-65;152;40;UNIDADE ESCOLAR MUNICIPAL DAVI SEVERIANO DE CARVALHO;1;01/04/2015;;;;;;1 - Efetivo;CONCURSO PUBLICO ;;;;;PROFESSOR SL 40H
;Folha Mensal - Janeiro;MARIA ZULDETE DE SOUSA;AUX. DE SERV. GERAIS;197,68;1.214,32;1.412,00;SECRETARIA MUNICIPAL DE EDUCAÇÃO;FUNDO DE MANUT. E DEC.DA EDUC.BASICA-FUNDEB;SME- DEPTO. ADM -FUNDEB 30% II;TEMPO DE SERVIÇO;840.XXX.XXX-53;86;40;CRECHE PRÉ-ESCOLAR MARGARIDA DE JESUS ALENCAR ( TIA GUIDA);1;01/11/1983;;;;;;1 - Efetivo;CONCURSO PUBLICO ;;;Efetivo;;AUX. DE SERV. GERAIS
;Folha Mensal - Janeiro;MARIELLE PEREIRA DE MATOS;CONSELHEIRO TUTELAR;97,65;1.323,99;1.421,64;SECRETARIA MUNICIPAL DE ASSISTENCIA SOCIAL;SECRETARIA MUNICIPAL DE ASSISTENCIA SOCIAL;SASC-ASSISTENCIA SOCIAL - CONSELHO;ELETIVOS;034.XXX.XXX-04;35;40;SEC MUN. DE ASSISTENCIA SOCIAL;2;10/01/2020;;;03/2024;;;7 - Conselheiro;ELEICAO/INDICACAO;;;;;CONSELHEIRO TUTELAR
;Folha Mensal - Janeiro;MARISLETTE DE SOUSA CARVALHO;AUX. DE SERV. GERAIS;224,59;1.272,71;1.497,30;SECRETARIA MUNICIPAL DE EDUCAÇÃO;FUNDO DE MANUT. E DEC.DA EDUC.BASICA-FUNDEB;SME- DEPTO. ADM -FUNDEB 30% II;EFETIVOS;790.XXX.XXX-00;97;40;UNIDADE ESCOLAR MUNICIPAL CÂNDIDA MACEDO;1;02/02/2015;;;;;;1 - Efetivo;CONCURSO PUBLICO ;;;Efetivo;;AUX. DE SERV. GERAIS
;Folha Mensal - Janeiro;MARLON DA SILVA CARVALHO;DIRETOR DE DEPARTAMENTO;133,97;1.571,65;1.705,62;PREFEITURA MUNICIPAL DE PADRE MARCOS-PI;SECRETARIA MUNICIPAL  DE ADMINISTRAÇÃO;SEAD -  DEPTO. ADMINISTRAÇÃO V- COMISSIONADOS;COMISSIONADOS;037.XXX.XXX-38;382;40;;1;04/01/2021;;;04/2024;;;2 - Comissão;LIVRE PROVIMENTO ;;;;;DIRETOR DE DEPARTAMENTO
;Rescisão - Janeiro;MAURICELES MACEDO LOBO DE DEUS;FONOAUDIOLOGO;;0,00;;SECRETARIA MUNICIPAL DE SAUDE;SECRETARIA MUNICIPAL DE SAUDE;SME- SEC.SAUDE NASF II -  CONTRATADOS;CONTRATO TEMPORÁRIO;330.XXX.XXX-91;261;40;;3;12/02/2021;01/01/2023;;2/23;;;3 - Temporário;TEMPO DETERMINADO;;;Contrato Temporario;;FONOAUDIOLOGO
;Folha Mensal - Janeiro;MENILDA DOS SANTOS SILVA;ASSESSOR TÉCNICO (A) ADMINISTRATIVO;97,65;1.204,35;1.302,00;SECRETARIA MUNICIPAL DE EDUCAÇÃO;FUNDO DE MANUT. E DEC.DA EDUC.BASICA-FUNDEB;SME- DEPTOR ADM FUNDEB 30 % VI - COMISSIONADOS;COMISSIONADOS EDUCAÇÃO;080.XXX.XXX-11;456;40;;1;01/04/2022;;;08/2024;;;2 - Comissão;TEMPO DETERMINADO;;;Função de Confiança;;ASSESSOR TÉCNICO (A) ADMINISTRATIVO
;Rescisão - Janeiro;MIRELLY MYLLA DOS REIS OLIVEIRA;MEDICO(A) TEMPORARIO(A);;0,00;;SECRETARIA MUNICIPAL DE SAUDE;SECRETARIA MUNICIPAL DE SAUDE;SMS- DEPARTAMENTO DA SAÚDE- PLANTÃO;CONTRATO TEMPORÁRIO;063.XXX.XXX-76;474;40;;1;01/08/2022;01/01/2023;;2/23;;;3 - Temporário;TEMPO DETERMINADO;;;Contrato Temporario;;MEDICO(A) TEMPORARIO(A)
;Folha Mensal - Janeiro;MIRELLY MYLLA DOS REIS OLIVEIRA;MEDICO (A) TEMPORARIO (A) PLANTÃO;439,98;3.040,02;3.480,00;SECRETARIA MUNICIPAL DE SAUDE;SECRETARIA MUNICIPAL DE SAUDE;SMS- DEPARTAMENTO DA SAÚDE- PLANTÃO;CONTRATO TEMPORÁRIO;063.XXX.XXX-76;474;40;;2;01/01/2023;;;01/223;;;3 - Temporário;TEMPO DETERMINADO;;;Contrato Temporario;;MEDICO (A) TEMPORARIO (A) PLANTÃO
;Folha Mensal - Janeiro;MYCHELL UMBELINO RIBEIRO;DIRETOR DE DEPARTAMENTO;168,79;1.914,41;2.083,20;PREFEITURA MUNICIPAL DE PADRE MARCOS-PI;SECRETARIA MUNICIPAL  DE ADMINISTRAÇÃO;SEAD -  DEPTO. ADMINISTRAÇÃO V- COMISSIONADOS;COMISSIONADOS;045.XXX.XXX-85;220;40;;1;02/01/2017;;;084/2023;;;2 - Comissão;LIVRE PROVIMENTO ;;;Função de Confiança;;DIRETOR DE DEPARTAMENTO
;Folha Mensal - Janeiro;NAGILA MERCES MENDES SANTANA;PROFESSOR SE 40H;2.024,56;5.639,01;7.663,57;SECRETARIA MUNICIPAL DE EDUCAÇÃO;SECRETARIA MUNICIPAL DE EDUCAÇÃO;SME- DEPTOR ENSINO FUNDEB 70% II;EFETIVO - PROFESSORES;805.XXX.XXX-87;202;40;UNIDADE ESCOLAR MUNICIPAL CÂNDIDA MACEDO;1;15/02/2000;;;;;;1 - Efetivo;CONCURSO PUBLICO ;;;Efetivo;;PROFESSOR SE 40H
;Adiantamento 13º Salário - Janeiro;NAGILA MERCES MENDES SANTANA;PROFESSOR SE 40H;;3.518,92;3.518,92;SECRETARIA MUNICIPAL DE EDUCAÇÃO;SECRETARIA MUNICIPAL DE EDUCAÇÃO;SME- DEPTOR ENSINO FUNDEB 70% II;EFETIVO - PROFESSORES;805.XXX.XXX-87;202;40;UNIDADE ESCOLAR MUNICIPAL CÂNDIDA MACEDO;1;15/02/2000;;;;;;1 - Efetivo;CONCURSO PUBLICO ;;;Efetivo;;PROFESSOR SE 40H
;Rescisão - Janeiro;NATILÂNIA DE SOUSA RIBEIRO;PROFESSOR SL 40H - CELETISTA;;0,00;;SECRETARIA MUNICIPAL DE EDUCAÇÃO;SECRETARIA MUNICIPAL DE EDUCAÇÃO;SME- DEPTO  ENSINO INFANTIL FUNDEB 70% - SELETISTAS;CONTRATADOS  EDUCAÇÃO;818.XXX.XXX-68;336;40;;2;01/03/2021;01/01/2023;;1/23;;;3 - Temporário;TEMPO DETERMINADO;;;Contrato Temporario;;PROFESSOR SL 40H - CELETISTA
;Folha Mensal - Janeiro;NELI ROSENO DA SILVA;VIGILANTE;229,80;1.788,30;2.018,10;HOSPITAL MUNICIPAL DE PADRE MARCOS;SECRETARIA MUNICIPAL DE SAUDE;HOSPITAL - DEPTO. ADMINISTRATIVO I;EFETIVOS;603.XXX.XXX-08;24;40;HOSPITAL MUNICIPAL DE PADRE MARCOS;1;19/01/2015;;;;;;1 - Efetivo;CONCURSO PUBLICO ;;;Efetivo;;VIGILANTE
;Rescisão - Janeiro;NILDETE GORETE DE LIMA;MONITOR / VISITADOR DO CRIANÇA FELIZ;;0,00;;SECRETARIA MUNICIPAL DE ASSISTENCIA SOCIAL;FUNDO MUNICIPAL DE ASSISTENCIA SOCIAL-FMAS; PROG.CRIANÇA FELIZ;CONTRATO TEMPORÁRIO;049.XXX.XXX-02;176;40;;2;01/03/2021;01/01/2023;;2/23;;;3 - Temporário;TEMPO DETERMINADO;;;Contrato Temporario;;MONITOR / VISITADOR DO CRIANÇA FELIZ
;Folha Mensal - Janeiro;OCIMARIA MARIA CARVALHO MACEDO;CONSELHEIRO TUTELAR;97,65;1.323,99;1.421,64;SECRETARIA MUNICIPAL DE ASSISTENCIA SOCIAL;SECRETARIA MUNICIPAL DE ASSISTENCIA SOCIAL;SASC-ASSISTENCIA SOCIAL - CONSELHO;ELETIVOS;030.XXX.XXX-50;36;40;SEC MUN. DE ASSISTENCIA SOCIAL;2;10/01/2020;;;01/2024;;;7 - Conselheiro;ELEICAO/INDICACAO;;;;;CONSELHEIRO TUTELAR
;Folha Mensal - Janeiro;ODAIR JOSÉ DA SILVA;CORDENADOR DE TRANSPORTE;97,65;1.204,35;1.302,00;SECRETARIA MUNICIPAL DE EDUCAÇÃO;FUNDO DE MANUT. E DEC.DA EDUC.BASICA-FUNDEB;SME- DEPTOR ADM FUNDEB 30 % VI - COMISSIONADOS;COMISSIONADOS EDUCAÇÃO;265.XXX.XXX-63;439;40;;1;01/10/2021;;;01/2025;;;2 - Comissão;LIVRE PROVIMENTO ;01/2021;;Função de Confiança;;CORDENADOR DE TRANSPORTE
;Folha Mensal - Janeiro;ORLANDIO JOSE DE CARVALHO;SECRETARIO (A);138,47;1.617,13;1.755,60;PREFEITURA MUNICIPAL DE PADRE MARCOS-PI;SECRETARIA MUNICIPAL DE FINANÇAS;SMF - DEPARTAMENTO DE FINANÇA - I;COMISSIONADOS;025.XXX.XXX-22;212;40;PREDIO DA PREFEITURA;1;02/01/2017;;;01/2025;;;2 - Comissão;LIVRE PROVIMENTO ;;;Função de Confiança;;SECRETARIO DE FINANÇAS
;Folha Mensal - Janeiro;OSIELDO MACEDO PINHEIRO;DIGITADOR(A);224,59;1.332,53;1.557,12;SECRETARIA MUNICIPAL DE ASSISTENCIA SOCIAL;SECRETARIA MUNICIPAL DE ASSISTENCIA SOCIAL;SASC - DEPTO. ASSISTENCIA SOCIAL IV;EFETIVOS;628.XXX.XXX-72;49;40;SEC MUN. DE ASSISTENCIA SOCIAL;1;02/02/2015;;;;;;1 - Efetivo;CONCURSO PUBLICO ;;;Efetivo;;DIGITADOR(A)
;Folha Mensal - Janeiro;OZEIAS DE ARAUJO SILVA;COORDENADOR DE SERVIÇOS;97,65;1.204,35;1.302,00;SECRETARIA MUNICIPAL DE ASSISTENCIA SOCIAL;FUNDO MUNICIPAL DE ASSISTENCIA SOCIAL-FMAS;CENTRO DE REFERENCIA. ASSISTENCIA SOCIAL-CRAS-PSB;COMISSIONADOS;612.XXX.XXX-70;259;40;SEC MUN. DE ASSISTENCIA SOCIAL;3;01/02/2019;;;01/2025;;;2 - Comissão;TEMPO DETERMINADO;;;Função de Confiança;;COORDENADOR DE SERVIÇOS
;Folha Mensal - Janeiro;OZIEL JOSÉ DE CARVALHO MACEDO;SECRETARIO MUNICIPAL DE OBRAS E SERVIÇOS URBANOS;138,47;1.617,13;1.755,60;PREFEITURA MUNICIPAL DE PADRE MARCOS-PI;SEC.MUN.DE OBRAS E SERVIÇOS URBANOS;SMO - SECRETARIA DE OBRAS;COMISSIONADOS;948.XXX.XXX-72;232;40;;2;02/01/2018;;;01/2025;;;2 - Comissão;LIVRE PROVIMENTO ;;;Função de Confiança;;SECRETARIO MUNICIPAL DE OBRAS E SERVIÇOS URBANOS
;Folha Mensal - Janeiro;PAULO LUIZ DE CARVALHO;COORDENADOR(A) PEDAGÓGICO;151,47;1.748,53;1.900,00;SECRETARIA MUNICIPAL DE EDUCAÇÃO;SECRETARIA MUNICIPAL DE EDUCAÇÃO;SME- DEPTOR. ENSINO FUNDEB 70% V - COMISSIONADOS;COMISSIONADOS EDUCAÇÃO;071.XXX.XXX-24;477;40;;1;01/10/2022;;;03/2023;;;2 - Comissão;TEMPO DETERMINADO;;;Função de Confiança;;COORDENADOR(A) PEDAGÓGICO
;Folha Mensal - Janeiro;PEDRO BATISTA DA SILVA;MOTORISTA;224,59;1.402,91;1.627,50;SECRETARIA MUNICIPAL DE EDUCAÇÃO;FUNDO DE MANUT. E DEC.DA EDUC.BASICA-FUNDEB;SME- DEPTOR. ADM FUNDEB 30% V;EFETIVOS;353.XXX.XXX-15;110;40;SECRETARIA MUNICIPAL DE EDUCAÇÃO;1;02/03/2015;;;;;;1 - Efetivo;CONCURSO PUBLICO ;;;Efetivo;;MOTORISTA
;Folha Mensal - Janeiro;PERPETUA SOCORRO DA SILVA;COORDENADOR(A) PEDAGÓGICO;151,47;1.748,53;1.900,00;SECRETARIA MUNICIPAL DE EDUCAÇÃO;SECRETARIA MUNICIPAL DE EDUCAÇÃO;SME- DEPTOR. ENSINO FUNDEB 70% V - COMISSIONADOS;COMISSIONADOS EDUCAÇÃO;050.XXX.XXX-83;268;40;CRECHE PRÉ-ESCOLAR MARGARIDA DE JESUS ALENCAR ( TIA GUIDA);3;01/03/2019;;;01/2025;;;2 - Comissão;TEMPO DETERMINADO;;;Função de Confiança;;COORDENADOR(A) PEDAGÓGICO
;Folha Mensal - Janeiro;PRESLEY ARAÚJO LEAL;PROFESSOR SE 40H;1.634,38;4.910,38;6.544,76;SECRETARIA MUNICIPAL DE EDUCAÇÃO;SECRETARIA MUNICIPAL DE EDUCAÇÃO;SME- DEPTOR ENSINO FUNDEB 70% I;EFETIVO - PROFESSORES;007.XXX.XXX-13;153;40;UNIDADE ESCOLAR MUNICIPAL CÂNDIDA MACEDO;1;02/03/2015;;;;;06/2018;1 - Efetivo;CONCURSO PUBLICO ;;;Efetivo;;PROFESSOR SL 20H
;Rescisão - Janeiro;RAFAEL VIEIRA DE ARAUJO;AUXI.DE SERV. GERAIS- SELETISTAS;;0,00;;SECRETARIA MUNICIPAL DE EDUCAÇÃO;FUNDO DE MANUT. E DEC.DA EDUC.BASICA-FUNDEB;SME-DEPTO.CONTRATO-ENSINO FUNDEB 30%;CONTRATADOS  EDUCAÇÃO;612.XXX.XXX-80;416;40;;1;01/03/2021;01/01/2023;;1/23;;;3 - Temporário;ELEICAO/INDICACAO;;;Contrato Temporario;;AUXI.DE SERV. GERAIS- SELETISTAS
;Folha Mensal - Janeiro;RAIANA MARY DE MACEDO VIEIRA;PROFESSOR SE 40H;1.561,91;4.728,58;6.290,49;SECRETARIA MUNICIPAL DE EDUCAÇÃO;SECRETARIA MUNICIPAL DE EDUCAÇÃO;SME- DEPTOR ENSINO FUNDEB 70% I;EFETIVO - PROFESSORES;030.XXX.XXX-33;154;40;;1;02/03/2015;;;;;;1 - Efetivo;CONCURSO PUBLICO ;;;Efetivo;;PROFESSOR SL 20H
;Folha Mensal - Janeiro;RAIMUNDO DINIZ DE OLIVEIRA NETO;AG. COMUNITARIO DE SAÚDE;608,44;3.116,72;3.725,16;SECRETARIA MUNICIPAL DE SAUDE;SECRETARIA MUNICIPAL DE SAUDE;SMS - SEC.DE SAUDE - ACS I;EFETIVOS;553.XXX.XXX-87;59;40;;1;18/03/2003;;;;;;1 - Efetivo;CONCURSO PUBLICO ;;;Efetivo;;AG. COMUNITARIO DE SAÚDE
;Folha Mensal - Janeiro;RAIMUNDO NEIVA FILHO;MEDICO (A);1.814,73;7.265,72;9.080,45;SECRETARIA MUNICIPAL DE SAUDE;SECRETARIA MUNICIPAL DE SAUDE;SMS - DEPTOR .SEC. DE SAUDE;EFETIVOS;142.XXX.XXX-49;219;40;;1;01/04/2008;;;05/2023;;;1 - Efetivo;CONCURSO PUBLICO ;;;Efetivo;;MEDICO (A)
;Folha Mensal - Janeiro;REJANE MARIA LEAL DE MOURA LIMA;AG. COMUNITARIO DE SAÚDE;507,52;2.975,24;3.482,76;SECRETARIA MUNICIPAL DE SAUDE;SECRETARIA MUNICIPAL DE SAUDE;SMS - SEC.DE SAUDE - ACS I;EFETIVOS;454.XXX.XXX-53;52;40;;1;01/04/2008;;;;;;1 - Efetivo;CONCURSO PUBLICO ;;;Efetivo;;AG. COMUNITARIO DE SAÚDE
;Rescisão - Janeiro;RENATO ANTONIO DE OLIVEIRA;TECNICO EM PROTESI DENTARIA;;0,00;;SECRETARIA MUNICIPAL DE SAUDE;SECRETARIA MUNICIPAL DE SAUDE;SMS-SEC.DE SAÚDE-PROTETICO;CONTRATO TEMPORÁRIO;044.XXX.XXX-01;285;40;;3;01/03/2021;01/01/2023;;2/23;;;3 - Temporário;TEMPO DETERMINADO;;;Contrato Temporario;;TECNICO PROTESE DENTARIA
;Folha Mensal - Janeiro;RITA DE LOURDES SOUSA SILVA;AUX. DE SERV. GERAIS;200,51;1.231,69;1.432,20;SECRETARIA MUNICIPAL DE EDUCAÇÃO;FUNDO DE MANUT. E DEC.DA EDUC.BASICA-FUNDEB;SME- DEPTO. ADM -FUNDEB 30% II;EFETIVOS;553.XXX.XXX-00;88;40;;1;02/03/1998;;;009/2023;;;1 - Efetivo;CONCURSO PUBLICO ;;;Efetivo;;AUX. DE SERV. GERAIS
;Folha Mensal - Janeiro;RIVALDO DE OLIVEIRA SANTOS;PROFESSOR SE 40H;2.804,13;3.740,63;6.544,76;SECRETARIA MUNICIPAL DE EDUCAÇÃO;SECRETARIA MUNICIPAL DE EDUCAÇÃO;SME- DEPTOR ENSINO FUNDEB 70% I;EFETIVO - PROFESSORES;025.XXX.XXX-20;155;40;U.E.M. JOSE DE MOURA LEAL;1;02/03/2015;;;;;;1 - Efetivo;CONCURSO PUBLICO ;;;Efetivo;;PROFESSOR SL 40H
;Rescisão - Janeiro;ROBERIO ROBERTO DA SILVA;DIRETOR DE DEPARTAMENTO;;0,00;;SECRETARIA MUNICIPAL DE EDUCAÇÃO;FUNDO DE MANUT. E DEC.DA EDUC.BASICA-FUNDEB;SME- DEPTOR ADM FUNDEB 30 % VI - COMISSIONADOS;COMISSIONADOS EDUCAÇÃO;065.XXX.XXX-07;476;40;SECRETARIA MUNICIPAL DE EDUCAÇÃO;1;01/09/2022;01/01/2023;;040/2022;;;2 - Comissão;LIVRE PROVIMENTO ;;;Função de Confiança;;DIRETOR DE DEPARTAMENTO
;Folha Mensal - Janeiro;ROBSON LUIS DE SOUSA;PROFESSOR SE 40H;1.856,74;5.196,57;7.053,31;SECRETARIA MUNICIPAL DE EDUCAÇÃO;SECRETARIA MUNICIPAL DE EDUCAÇÃO;SME- DEPTOR ENSINO FUNDEB 70% II;EFETIVO - PROFESSORES;643.XXX.XXX-53;204;40;UNIDADE ESCOLAR MUNICIPAL CÂNDIDA MACEDO;1;02/02/1998;;;;;;1 - Efetivo;CONCURSO PUBLICO ;;;;;PROFESSOR SE 40H
;Folha Mensal - Janeiro;ROMÂRIO SILVA;ASSESSOR TÉCNICO (A) ADMINISTRATIVO;97,65;1.204,35;1.302,00;SECRETARIA MUNICIPAL DE EDUCAÇÃO;FUNDO DE MANUT. E DEC.DA EDUC.BASICA-FUNDEB;SME- DEPTOR ADM FUNDEB 30 % VI - COMISSIONADOS;COMISSIONADOS EDUCAÇÃO;104.XXX.XXX-40;452;40;SECRETARIA MUNICIPAL DE EDUCAÇÃO;1;01/03/2022;;;01/2025;;;2 - Comissão;TEMPO DETERMINADO;;;Função de Confiança;;ASSESSOR TÉCNICO (A) ADMINISTRATIVO
;Folha Mensal - Janeiro;RONALD MARTAN MACEDO LEAL;ENFERMEIRO;1.377,84;5.602,66;6.980,50;SECRETARIA MUNICIPAL DE SAUDE;SECRETARIA MUNICIPAL DE SAUDE;SMS - DEPTOR .SEC. DE SAUDE;EFETIVOS;010.XXX.XXX-08;120;40;;1;01/04/2015;;;054/2023;;;1 - Efetivo;CONCURSO PUBLICO ;;;Efetivo;;ENFERMEIRO
;Folha Mensal - Janeiro;RONIMAURA SOCORRO DIAS SILVA;COORDENADOR(A) PEDAGÓGICO;151,47;1.748,53;1.900,00;SECRETARIA MUNICIPAL DE EDUCAÇÃO;SECRETARIA MUNICIPAL DE EDUCAÇÃO;SME- DEPTOR. ENSINO FUNDEB 70% V - COMISSIONADOS;COMISSIONADOS EDUCAÇÃO;050.XXX.XXX-70;297;40;U.E.M. JOSE DE MOURA LEAL;2;01/03/2019;;;01/2025;;;2 - Comissão;TEMPO DETERMINADO;;;Função de Confiança;;COORDENADOR(A) PEDAGÓGICO
;Folha Mensal - Janeiro;RONIVONN BIZERRA DA COSTA;ASSESSOR TÉCNICO (A) ADMINISTRATIVO;156,24;1.796,76;1.953,00;SECRETARIA MUNICIPAL DE EDUCAÇÃO;FUNDO DE MANUT. E DEC.DA EDUC.BASICA-FUNDEB;SME- DEPTOR ADM FUNDEB 30 % VI - COMISSIONADOS;COMISSIONADOS EDUCAÇÃO;440.XXX.XXX-91;384;40;;1;01/02/2021;;;01/2025;;;2 - Comissão;TEMPO DETERMINADO;;;Função de Confiança;;ASSESSOR TÉCNICO (A) ADMINISTRATIVO
;Rescisão - Janeiro;ROSIANA MARIA DA CONCEIÇÃO;ASSESSOR TÉCNICO (A) ADMINISTRATIVO;;0,00;;SECRETARIA MUNICIPAL DE SAUDE;SECRETARIA MUNICIPAL DE SAUDE;SMS-DEPTO.SEC.SAUDE-CONTRATADOS.;COMISSIONADOS;037.XXX.XXX-07;393;40;;1;01/02/2021;01/01/2023;;040/2022;;;2 - Comissão;TEMPO DETERMINADO;;;Função de Confiança;;ASSESSOR TÉCNICO (A) ADMINISTRATIVO
;Folha Mensal - Janeiro;ROSIANA MARIA DA CONCEIÇÃO;ASSESSOR TÉCNICO (A) ADMINISTRATIVO;97,65;1.204,35;1.302,00;SECRETARIA MUNICIPAL DE SAUDE;SECRETARIA MUNICIPAL DE SAUDE;SMS-DEPTO.SEC.SAUDE-CONTRATADOS.;COMISSIONADOS;037.XXX.XXX-07;393;40;;2;01/01/2023;;;01/223;;;2 - Comissão;TEMPO DETERMINADO;;;Função de Confiança;;ASSESSOR TÉCNICO (A) ADMINISTRATIVO
;Folha Mensal - Janeiro;ROZALICE ZITA DA CONCEIÇÃO;PROFESSOR SE 40H;3.330,20;3.977,38;7.307,58;SECRETARIA MUNICIPAL DE EDUCAÇÃO;SECRETARIA MUNICIPAL DE EDUCAÇÃO;SME- DEPTOR ENSINO FUNDEB 70% III;EFETIVO - PROFESSORES;788.XXX.XXX-34;205;40;U.E.M. JOSE DE MOURA LEAL;1;02/02/1998;;;;;;1 - Efetivo;CONCURSO PUBLICO ;;;Efetivo;;PROFESSOR SE 40H
;Folha Mensal - Janeiro;RUBENS BATISTA;MEDICO (A);1.814,73;7.265,72;9.080,45;SECRETARIA MUNICIPAL DE SAUDE;SECRETARIA MUNICIPAL DE SAUDE;SMS- SEC. DE SAUDE -PSF I;EFETIVOS;041.XXX.XXX-72;209;40;HOSPITAL MUNICIPAL DE PADRE MARCOS;1;01/04/2008;;;;;;1 - Efetivo;CONCURSO PUBLICO ;;;Efetivo;;MEDICO (A)
;Rescisão - Janeiro;RUBENS BATISTA;MEDICO (A) TEMPORARIO (A) PLANTÃO;;0,00;;SECRETARIA MUNICIPAL DE SAUDE;SECRETARIA MUNICIPAL DE SAUDE;SMS- DEPARTAMENTO DA SAÚDE- PLANTÃO;CONTRATO TEMPORÁRIO;041.XXX.XXX-72;209;40;HOSPITAL MUNICIPAL DE PADRE MARCOS;4;02/01/2020;01/01/2023;;2/23;;;3 - Temporário;TEMPO DETERMINADO;;;Contrato Temporario;;MEDICO (A) TEMPORARIO (A) PLANTÃO
;Folha Mensal - Janeiro;RUBENS BATISTA;MEDICO (A) TEMPORARIO (A) PLANTÃO;1.940,96;3.549,04;5.490,00;SECRETARIA MUNICIPAL DE SAUDE;SECRETARIA MUNICIPAL DE SAUDE;SMS- DEPARTAMENTO DA SAÚDE- PLANTÃO;CONTRATO TEMPORÁRIO;041.XXX.XXX-72;209;40;HOSPITAL MUNICIPAL DE PADRE MARCOS;5;01/01/2023;;;03/2023;;;3 - Temporário;TEMPO DETERMINADO;;;Contrato Temporario;;MEDICO (A) TEMPORARIO (A) PLANTÃO
;Rescisão - Janeiro;RUTH BRITO COSTA;MEDICO(A) TEMPORARIO(A);;0,00;;SECRETARIA MUNICIPAL DE SAUDE;SECRETARIA MUNICIPAL DE SAUDE;SMS- DEPARTAMENTO DA SAÚDE- PLANTÃO;CONTRATO TEMPORÁRIO;053.XXX.XXX-40;473;40;;1;01/08/2022;01/01/2023;;2/23;;;3 - Temporário;TEMPO DETERMINADO;;;Contrato Temporario;;MEDICO(A) TEMPORARIO(A)
;Rescisão - Janeiro;SABRINA DA SILVA ARAUJO LEAL;ASSESSOR TÉCNICO (A) ADMINISTRATIVO;;0,00;;SECRETARIA MUNICIPAL DE EDUCAÇÃO;FUNDO DE MANUT. E DEC.DA EDUC.BASICA-FUNDEB;SME- DEPTOR ADM FUNDEB 30 % VI - COMISSIONADOS;COMISSIONADOS EDUCAÇÃO;067.XXX.XXX-14;451;40;SECRETARIA MUNICIPAL DE EDUCAÇÃO;1;01/03/2022;01/01/2023;;040/2022;;;2 - Comissão;TEMPO DETERMINADO;;;Função de Confiança;;ASSESSOR TÉCNICO (A) ADMINISTRATIVO
;Folha Mensal - Janeiro;SANDRA HERCILIA DE MACEDO DIAS;AUX. DE SERV. GERAIS;214,83;1.217,37;1.432,20;SECRETARIA MUNICIPAL DE EDUCAÇÃO;FUNDO DE MANUT. E DEC.DA EDUC.BASICA-FUNDEB;SME- DEPTO. ADM -FUNDEB 30% II;EFETIVOS;880.XXX.XXX-63;89;40;U.E.M. JOSE DE MOURA LEAL;1;02/03/1998;;;008/2022;;;1 - Efetivo;CONCURSO PUBLICO ;;;Efetivo;;AUX. DE SERV. GERAIS
;Rescisão - Janeiro;SEBASTIANA MARIA DA SILVA;MONITOR(A);;0,00;;SECRETARIA MUNICIPAL DE EDUCAÇÃO;FUNDO DE MANUT. E DEC.DA EDUC.BASICA-FUNDEB;SME-DEPTO.CONTRATO-ENSINO FUNDEB 30%;CONTRATADOS  EDUCAÇÃO;051.XXX.XXX-13;254;40;;4;01/03/2021;01/01/2023;;1/23;;;3 - Temporário;TEMPO DETERMINADO;;;Contrato Temporario;;MONITOR(A)
;Folha Mensal - Janeiro;SEBASTIÃO PEREIRA DA SILVA NETO;DIRETOR DE DEPARTAMENTO;97,65;1.204,35;1.302,00;PREFEITURA MUNICIPAL DE PADRE MARCOS-PI;SECRETARIA MUNICIPAL DE AGRICULTURA;SMA - SECRETARIA DE AGRICULTURA;COMISSIONADOS;042.XXX.XXX-86;236;40;;2;02/01/2018;;;01/2025;;;2 - Comissão;LIVRE PROVIMENTO ;;;Função de Confiança;;DIRETOR DE DEPARTAMENTO
;Folha Mensal - Janeiro;SHAIDY FRANC CARVALHO BESERRA;ASSESSOR TÉCNICO (A) ADMINISTRATIVO;97,65;1.204,35;1.302,00;SECRETARIA MUNICIPAL DE EDUCAÇÃO;FUNDO DE MANUT. E DEC.DA EDUC.BASICA-FUNDEB;SME- DEPTOR ADM FUNDEB 30 % VI - COMISSIONADOS;COMISSIONADOS EDUCAÇÃO;079.XXX.XXX-70;364;40;;1;02/03/2020;;;01/2025;;;2 - Comissão;TEMPO DETERMINADO;;;;;ASSESSOR TÉCNICO (A) ADMINISTRATIVO
;Folha Mensal - Janeiro;SIBELLY DE MOURA SOUSA;AUX. DE SERV. GERAIS;224,59;1.332,53;1.557,12;SECRETARIA MUNICIPAL DE EDUCAÇÃO;FUNDO DE MANUT. E DEC.DA EDUC.BASICA-FUNDEB;SME- DEPTO. ADM -FUNDEB 30% II;EFETIVOS;009.XXX.XXX-46;99;40;CRECHE PRÉ-ESCOLAR MARGARIDA DE JESUS ALENCAR ( TIA GUIDA);1;02/03/2015;;;;;;1 - Efetivo;CONCURSO PUBLICO ;;;Efetivo;;AUX. DE SERV. GERAIS
;Folha Mensal - Janeiro;SOCORRO MOURA MACEDO;DIRETOR(A) DE ESCOLA;160,47;1.839,53;2.000,00;SECRETARIA MUNICIPAL DE EDUCAÇÃO;SECRETARIA MUNICIPAL DE EDUCAÇÃO;SME- DEPTOR. ENSINO FUNDEB 70% V - COMISSIONADOS;COMISSIONADOS EDUCAÇÃO;041.XXX.XXX-16;269;40;UNIDADE ESCOLAR JOSE JUBELINO DE MACEDO;3;01/03/2019;;;01/2025;;;2 - Comissão;LIVRE PROVIMENTO ;;;Função de Confiança;;DIRETOR(A) DE ESCOLA
;Folha Mensal - Janeiro;SOENIO JOSE RIBEIRO;SECRETARIO DE ESPORTE;138,47;1.617,13;1.755,60;PREFEITURA MUNICIPAL DE PADRE MARCOS-PI;SECRETARIA MUNICIPAL  DE ADMINISTRAÇÃO;ADM.SEC.MUNICIPAL DE JUVENTUDE ESPORTE E LAZER;COMISSIONADOS;440.XXX.XXX-91;281;40;;2;01/02/2018;;02/2018;01/2025;;;2 - Comissão;LIVRE PROVIMENTO ;;;Função de Confiança;;SECRETARIO DE ESPORTE
;Folha Mensal - Janeiro;SÔNIA MARIA LEAL RIBEIRO;PROFESSOR SE 40H;1.856,74;5.196,57;7.053,31;SECRETARIA MUNICIPAL DE EDUCAÇÃO;SECRETARIA MUNICIPAL DE EDUCAÇÃO;SME- DEPTO ENSINO INFANTIL FUNDEB 70% - EFETIVOS;EFETIVO - PROFESSORES;827.XXX.XXX-30;206;40;CRECHE PRÉ-ESCOLAR MARGARIDA DE JESUS ALENCAR ( TIA GUIDA);1;02/02/1998;;;005/2023;;;1 - Efetivo;CONCURSO PUBLICO ;;;Efetivo;;PROFESSOR SE 40H
;Rescisão - Janeiro;SORAYA SOLANGE RIBEIRO MARQUES;TECNICO DE ENFERMAGEM;;0,00;;SECRETARIA MUNICIPAL DE SAUDE;SECRETARIA MUNICIPAL DE SAUDE;SEC. MUN. SAÚDE- DEPTO. DE SAUDE II-CONTRATADOS;CONTRATO TEMPORÁRIO;048.XXX.XXX-48;376;40;;2;01/03/2021;01/01/2023;;2/23;;;3 - Temporário;TEMPO DETERMINADO;;;Contrato Temporario;;TECNICO DE ENFERMAGEM
;Folha Mensal - Janeiro;SUELY SILVA;AG. COMUNITARIO DE SAÚDE;572,72;3.152,44;3.725,16;SECRETARIA MUNICIPAL DE SAUDE;SECRETARIA MUNICIPAL DE SAUDE;SMS - SEC.DE SAUDE - ACS I;EFETIVOS;000.XXX.XXX-54;54;40;;1;18/03/2003;;;;;;1 - Efetivo;CONCURSO PUBLICO ;;;Efetivo;;AG. COMUNITARIO DE SAÚDE
;Rescisão - Janeiro;SUZANA SOCORRO DIAS SILVA;AUXI.DE SERV. GERAIS- SELETISTAS;;0,00;;SECRETARIA MUNICIPAL DE EDUCAÇÃO;FUNDO DE MANUT. E DEC.DA EDUC.BASICA-FUNDEB;SME-DEPTO.CONTRATO-ENSINO FUNDEB 30%;CONTRATADOS  EDUCAÇÃO;067.XXX.XXX-00;414;40;;1;01/03/2021;01/01/2023;;1/23;;;3 - Temporário;ELEICAO/INDICACAO;;;Contrato Temporario;;AUXI.DE SERV. GERAIS- SELETISTAS
;Rescisão - Janeiro;TALITA LUANA PEREIRA DA SILVA;TECNICO DE ENFERMAGEM;;0,00;;SECRETARIA MUNICIPAL DE SAUDE;SECRETARIA MUNICIPAL DE SAUDE;SMS-DEPTO.SEC.SAUDE-CONTRATADOS.;CONTRATO TEMPORÁRIO;612.XXX.XXX-86;315;40;;2;02/03/2021;01/01/2023;;2/23;;;3 - Temporário;TEMPO DETERMINADO;;;Contrato Temporario;;TECNICO DE ENFERMAGEM
;Folha Mensal - Janeiro;TALITA LUANA PEREIRA DA SILVA;TECNICO DE ENFERMAGEM;121,08;1.441,32;1.562,40;SECRETARIA MUNICIPAL DE SAUDE;SECRETARIA MUNICIPAL DE SAUDE;SMS-DEPTO.SEC.SAUDE-CONTRATADOS.;CONTRATO TEMPORÁRIO;612.XXX.XXX-86;315;40;;3;01/01/2023;;;01/223;;;3 - Temporário;TEMPO DETERMINADO;;;Contrato Temporario;;TECNICO DE ENFERMAGEM
;Folha Mensal - Janeiro;TASSIO CANDIDO VIEIRA BARBOSA;ODONTÓLOGO;383,89;3.519,06;3.902,95;SECRETARIA MUNICIPAL DE SAUDE;SECRETARIA MUNICIPAL DE SAUDE;SMS - DEPTOR.SEC.SAUDE PSB II;EFETIVOS;021.XXX.XXX-90;124;40;;1;02/02/2015;;;11/2023;;;1 - Efetivo;CONCURSO PUBLICO ;;;Efetivo;;ODONTÓLOGO
;Rescisão - Janeiro;TATHIANA FRANCISCA DE MACEDO LEITE;MONITOR(A);;0,00;;SECRETARIA MUNICIPAL DE EDUCAÇÃO;FUNDO DE MANUT. E DEC.DA EDUC.BASICA-FUNDEB;SME-DEPTO.CONTRATO-ENSINO FUNDEB 30%;CONTRATADOS  EDUCAÇÃO;062.XXX.XXX-24;410;40;;1;01/03/2021;01/01/2023;;1/23;;;3 - Temporário;TEMPO DETERMINADO;;;Contrato Temporario;;MONITOR(A)
;Folha Mensal - Janeiro;TATHIANA FRANCISCA DE MACEDO LEITE;AUX. DE SERVIÇOS GERAIS;97,65;1.204,35;1.302,00;SECRETARIA MUNICIPAL DE EDUCAÇÃO;FUNDO DE MANUT. E DEC.DA EDUC.BASICA-FUNDEB;SME-DEPTO.CONTRATO-ENSINO FUNDEB 30%;CONTRATO TEMPORÁRIO;062.XXX.XXX-24;410;40;;2;01/01/2023;;01/2023;01/223;;;3 - Temporário;TEMPO DETERMINADO;;;Contrato Temporario;;AUX. DE SERVIÇOS GERAIS
;Folha Mensal - Janeiro;TERESA MARIA DE SOUSA MACEDO;AG. COMUNITARIO DE SAÚDE;820,56;2.662,20;3.482,76;SECRETARIA MUNICIPAL DE SAUDE;SECRETARIA MUNICIPAL DE SAUDE;SMS - SEC.DE SAUDE - ACS I;EFETIVOS;011.XXX.XXX-99;55;40;;1;01/04/2008;;;;;;1 - Efetivo;CONCURSO PUBLICO ;;;Efetivo;;AG. COMUNITARIO DE SAÚDE
;Folha Mensal - Janeiro;THATIANA ARAUJO SOUSA LEAL;ASSESSOR ESPECIAL;109,36;1.322,84;1.432,20;PREFEITURA MUNICIPAL DE PADRE MARCOS-PI;SECRETARIA MUNICIPAL  DE ADMINISTRAÇÃO;SEAD -  DEPTO. ADMINISTRAÇÃO V- COMISSIONADOS;COMISSIONADOS;868.XXX.XXX-34;278;40;;1;01/03/2017;;;01/2025;;;2 - Comissão;LIVRE PROVIMENTO ;;;Função de Confiança;;ASSESSOR TÉCNICO (A) ADMINISTRATIVO
;Folha Mensal - Janeiro;THAYNA MÁROLLE DA CONCEIÇÃO SILVA;COORDENADORA DE FOMENTO DO TURISMO;168,79;1.914,41;2.083,20;PREFEITURA MUNICIPAL DE PADRE MARCOS-PI;SECRETARIA MUNICIPAL DE MEIO AMBIENTE;SEMA -  SECRETARIA DO MEIO AMBIENTE;COMISSIONADOS;037.XXX.XXX-28;235;40;;4;03/05/2021;;;01/2025;;;3 - Temporário;ELEICAO/INDICACAO;114/2021;;Função de Confiança;;COORDENADORA DE FOMENTO DO TURISMO
;Folha Mensal - Janeiro;THERLLY KELLY DA CONCEIÇÃO MACEDO;ASSESSOR TÉCNICO (A) ADMINISTRATIVO;97,65;1.204,35;1.302,00;SECRETARIA MUNICIPAL DE EDUCAÇÃO;FUNDO DE MANUT. E DEC.DA EDUC.BASICA-FUNDEB;SME- DEPTOR ADM FUNDEB 30 % VI - COMISSIONADOS;COMISSIONADOS EDUCAÇÃO;625.XXX.XXX-10;461;40;;1;01/04/2022;;;08/2024;;;2 - Comissão;TEMPO DETERMINADO;;;Função de Confiança;;ASSESSOR TÉCNICO (A) ADMINISTRATIVO
;Folha Mensal - Janeiro;THIAGO DE CARVALHO MACEDO;ASSESSOR TÉCNICO (A) ADMINISTRATIVO;97,65;1.204,35;1.302,00;PREFEITURA MUNICIPAL DE PADRE MARCOS-PI;SEC.MUN.DE OBRAS E SERVIÇOS URBANOS;SMO - SECRETARIA DE OBRAS;COMISSIONADOS;070.XXX.XXX-82;301;40;PREDIO DA PREFEITURA;1;01/07/2018;;;03/2024;;;2 - Comissão;TEMPO DETERMINADO;;;Função de Confiança;;ASSESSOR TÉCNICO (A) ADMINISTRATIVO
;Folha Mensal - Janeiro;THUANNY MIKAELLA CONCEIÇÃO SILVA;PSICOLOGO;1.004,69;3.915,31;4.920,00;SECRETARIA MUNICIPAL DE SAUDE;SECRETARIA MUNICIPAL DE SAUDE;SMS-DEPTOR.SEC. DE SAUDE II;EFETIVOS;037.XXX.XXX-40;41;40;PREDIO DA PREFEITURA;1;02/02/2015;;;;;;1 - Efetivo;CONCURSO PUBLICO ;;;;;PSICOLOGO
;Rescisão - Janeiro;VALDINETE DE ARAÚJO SILVA;PROFESSORA DE EJA - CELETISTA;;0,00;;SECRETARIA MUNICIPAL DE EDUCAÇÃO;SECRETARIA MUNICIPAL DE EDUCAÇÃO;SME - DEPTOR. ENSINO FUNDEB 70% IV - CELETISTAS;CONTRATADOS  EDUCAÇÃO;953.XXX.XXX-49;405;40;;1;01/03/2021;01/01/2023;;1/23;;;3 - Temporário;TEMPO DETERMINADO;;;Contrato Temporario;;PROFESSORA DE EJA - CELETISTA
;Rescisão - Janeiro;VALQUIRIA DA CONCEIÇÃO SILVA;PROFESSOR SL 40H - CELETISTA;;0,00;;SECRETARIA MUNICIPAL DE EDUCAÇÃO;SECRETARIA MUNICIPAL DE EDUCAÇÃO;SME - DEPTOR. ENSINO FUNDEB 70% IV - CELETISTAS;CONTRATADOS  EDUCAÇÃO;891.XXX.XXX-15;329;40;;2;01/03/2021;01/01/2023;;1/23;;;3 - Temporário;TEMPO DETERMINADO;;;Contrato Temporario;;PROFESSOR SL 40H - CELETISTA
;Rescisão - Janeiro;VANESSA DE MACEDO MARQUES;PSICOLOGO;;0,00;;SECRETARIA MUNICIPAL DE ASSISTENCIA SOCIAL;FUNDO MUNICIPAL DE ASSISTENCIA SOCIAL-FMAS;CENTRO DE REFERENCIA. ASSISTENCIA SOCIAL-CRAS-PSB;CONTRATO TEMPORÁRIO;038.XXX.XXX-94;296;40;;3;01/04/2021;01/01/2023;;2/23;;;3 - Temporário;TEMPO DETERMINADO;;;Contrato Temporario;;PSICOLOGO
;Folha Mensal - Janeiro;VANESSA DE MACEDO MARQUES;DIRETOR DE DEPARTAMENTO;118,74;1.417,62;1.536,36;SECRETARIA MUNICIPAL DE ASSISTENCIA SOCIAL;FUNDO MUNICIPAL DE ASSISTENCIA SOCIAL-FMAS;CENTRO DE REFERENCIA. ASSISTENCIA SOCIAL-CRAS-PSB;CONTRATO TEMPORÁRIO;038.XXX.XXX-94;296;40;;4;01/01/2023;;;01/2025;;;2 - Comissão;LIVRE PROVIMENTO ;;;Contrato Temporario;;DIRETOR DE DEPARTAMENTO
;Rescisão - Janeiro;VANESSA KELLY MACEDO;PROFESSOR SL 40H - CELETISTA;;0,00;;SECRETARIA MUNICIPAL DE EDUCAÇÃO;SECRETARIA MUNICIPAL DE EDUCAÇÃO;SME - DEPTOR. ENSINO FUNDEB 70% IV - CELETISTAS;CONTRATADOS  EDUCAÇÃO;062.XXX.XXX-84;328;40;;2;01/03/2021;01/01/2023;;1/23;;;3 - Temporário;TEMPO DETERMINADO;;;Contrato Temporario;;PROFESSOR SL 40H - CELETISTA
;Folha Mensal - Janeiro;VANESSA THYARA DOS ANJOS BEZERRA;PROFESSOR SE 20H;531,86;2.613,39;3.145,25;SECRETARIA MUNICIPAL DE EDUCAÇÃO;SECRETARIA MUNICIPAL DE EDUCAÇÃO;SME- DEPTOR ENSINO FUNDEB 70% I;EFETIVO - PROFESSORES;015.XXX.XXX-80;156;40;UNIDADE ESCOLAR MUNICIPAL CÂNDIDA MACEDO;1;02/03/2015;;;;;;1 - Efetivo;CONCURSO PUBLICO ;;;Efetivo;;PROFESSOR SE 20H
;Folha Mensal - Janeiro;VIRLANDIA MARIA DE SOUSA;AG. COMUNITARIO DE SAÚDE;572,72;3.152,44;3.725,16;SECRETARIA MUNICIPAL DE SAUDE;SECRETARIA MUNICIPAL DE SAUDE;SMS - SEC.DE SAUDE - ACS I;EFETIVOS;217.XXX.XXX-87;57;40;;1;18/03/2003;;;;;;1 - Efetivo;CONCURSO PUBLICO ;;;Efetivo;;AG. COMUNITARIO DE SAÚDE
;Rescisão - Janeiro;VITÓRIA DE CARVALHO SILVA;ASSESSOR TÉCNICO (A) ADMINISTRATIVO;;0,00;;SECRETARIA MUNICIPAL DE EDUCAÇÃO;FUNDO DE MANUT. E DEC.DA EDUC.BASICA-FUNDEB;SME- DEPTOR ADM FUNDEB 30 % VI - COMISSIONADOS;COMISSIONADOS EDUCAÇÃO;080.XXX.XXX-67;441;40;;1;03/01/2022;01/01/2023;;040/2022;;;2 - Comissão;TEMPO DETERMINADO;;;Função de Confiança;;ASSESSOR TÉCNICO (A) ADMINISTRATIVO
;Folha Mensal - Janeiro;WESLEY FRANCISCO DE CARVALHO;ASSESSOR TÉCNICO (A) ADMINISTRATIVO;97,65;1.204,35;1.302,00;SECRETARIA MUNICIPAL DE SAUDE;SECRETARIA MUNICIPAL DE SAUDE;SMS-DEPTO.SEC.SAUDE-CONTRATADOS.;COMISSIONADOS;612.XXX.XXX-50;462;40;;1;01/04/2022;;;081/2023;;;2 - Comissão;TEMPO DETERMINADO;;;;;ASSESSOR TÉCNICO (A) ADMINISTRATIVO
;Rescisão - Janeiro;WESLEY SOUSA MARQUES;ORIENTADORA(O) EDUCACIONAL;;0,00;;SECRETARIA MUNICIPAL DE EDUCAÇÃO;FUNDO DE MANUT. E DEC.DA EDUC.BASICA-FUNDEB;SME- DEPTOR ADM FUNDEB 30 % VI - COMISSIONADOS;COMISSIONADOS EDUCAÇÃO;053.XXX.XXX-99;435;40;;1;01/09/2021;01/01/2023;;040/2022;;;2 - Comissão;TEMPO DETERMINADO;;;Função de Confiança;;ORIENTADORA(O) EDUCACIONAL
;Rescisão - Janeiro;WESLLEY SIMÃO DE CARVALHO;MONITOR(A);;0,00;;SECRETARIA MUNICIPAL DE EDUCAÇÃO;FUNDO DE MANUT. E DEC.DA EDUC.BASICA-FUNDEB;SME-DEPTO.CONTRATO-ENSINO FUNDEB 30%;CONTRATADOS  EDUCAÇÃO;086.XXX.XXX-10;427;40;;1;06/07/2021;01/01/2023;;1/23;;;3 - Temporário;TEMPO DETERMINADO;;;Contrato Temporario;;MONITOR(A)
;Folha Mensal - Janeiro;WILDEMAR MOURA MACEDO;ASSESSOR TÉCNICO (A) ADMINISTRATIVO;97,65;1.204,35;1.302,00;SECRETARIA MUNICIPAL DE EDUCAÇÃO;FUNDO DE MANUT. E DEC.DA EDUC.BASICA-FUNDEB;SME- DEPTOR ADM FUNDEB 30 % VI - COMISSIONADOS;COMISSIONADOS EDUCAÇÃO;056.XXX.XXX-32;464;40;;1;01/05/2022;;;01/2025;;;2 - Comissão;TEMPO DETERMINADO;;;Função de Confiança;;ASSESSOR TÉCNICO (A) ADMINISTRATIVO
;Folha Mensal - Janeiro;WILLIAMS MACEDO;PROFESSOR SE 40H;1.634,38;4.910,38;6.544,76;SECRETARIA MUNICIPAL DE EDUCAÇÃO;SECRETARIA MUNICIPAL DE EDUCAÇÃO;SME- DEPTOR ENSINO FUNDEB 70% I;EFETIVO - PROFESSORES;504.XXX.XXX-68;157;40;UNIDADE ESCOLAR MUNICIPAL DAVI SEVERIANO DE CARVALHO;1;02/03/2015;;;;;;1 - Efetivo;CONCURSO PUBLICO ;;;Efetivo;;PROFESSOR SL 40H
;Adiantamento 13º Salário - Janeiro;WILLIAMS MACEDO;PROFESSOR SE 40H;;3.073,40;3.073,40;SECRETARIA MUNICIPAL DE EDUCAÇÃO;SECRETARIA MUNICIPAL DE EDUCAÇÃO;SME- DEPTOR ENSINO FUNDEB 70% I;EFETIVO - PROFESSORES;504.XXX.XXX-68;157;40;UNIDADE ESCOLAR MUNICIPAL DAVI SEVERIANO DE CARVALHO;1;02/03/2015;;;;;;1 - Efetivo;CONCURSO PUBLICO ;;;Efetivo;;PROFESSOR SL 40H
;Rescisão - Janeiro;WILLISSANDRA BEZERRA DE MOURA;MEDICO (A) TEMPORARIO (A) PLANTÃO;;0,00;;SECRETARIA MUNICIPAL DE SAUDE;SECRETARIA MUNICIPAL DE SAUDE;SMS- DEPARTAMENTO DA SAÚDE- PLANTÃO;CONTRATO TEMPORÁRIO;036.XXX.XXX-60;293;40;HOSPITAL MUNICIPAL DE PADRE MARCOS;9;03/08/2022;01/01/2023;;2/23;;;3 - Temporário;TEMPO DETERMINADO;;;Contrato Temporario;;MEDICO (A) TEMPORARIO (A) PLANTÃO
;Rescisão - Janeiro;WILLISSANDRA BEZERRA DE MOURA;MEDICO(A) TEMPORARIO(A);;0,00;;SECRETARIA MUNICIPAL DE SAUDE;SECRETARIA MUNICIPAL DE SAUDE;SMS- SEC. DE SAUDE -PSF I;CONTRATO TEMPORÁRIO;036.XXX.XXX-60;293;40;HOSPITAL MUNICIPAL DE PADRE MARCOS;10;02/08/2022;01/01/2023;;2/23;;;3 - Temporário;TEMPO DETERMINADO;;;Contrato Temporario;;MEDICO(A) TEMPORARIO(A)
;Folha Mensal - Janeiro;WILLISSANDRA BEZERRA DE MOURA;MEDICO(A) TEMPORARIO(A);2.285,62;6.874,38;9.160,00;SECRETARIA MUNICIPAL DE SAUDE;SECRETARIA MUNICIPAL DE SAUDE;SMS- SEC. DE SAUDE -PSF I;CONTRATO TEMPORÁRIO;036.XXX.XXX-60;293;40;HOSPITAL MUNICIPAL DE PADRE MARCOS;11;01/01/2023;;;01/223;;;3 - Temporário;TEMPO DETERMINADO;;;Contrato Temporario;;MEDICO(A) TEMPORARIO(A)
;Folha Mensal - Janeiro;WILLISSANDRA BEZERRA DE MOURA;MEDICO (A) TEMPORARIO (A) PLANTÃO;1.749,00;4.611,00;6.360,00;SECRETARIA MUNICIPAL DE SAUDE;SECRETARIA MUNICIPAL DE SAUDE;SMS- DEPARTAMENTO DA SAÚDE- PLANTÃO;CONTRATO TEMPORÁRIO;036.XXX.XXX-60;293;40;HOSPITAL MUNICIPAL DE PADRE MARCOS;12;02/01/2023;;;01/223;;;3 - Temporário;TEMPO DETERMINADO;;;Contrato Temporario;;MEDICO (A) TEMPORARIO (A) PLANTÃO
;Folha Mensal - Janeiro;WOLNEY BARROS LEAL;PROFESSOR SE 20H;1.403,28;4.632,94;6.036,22;SECRETARIA MUNICIPAL DE EDUCAÇÃO;SECRETARIA MUNICIPAL DE EDUCAÇÃO;SME-DEPTOR. ENSINO FUNDEB 70%  VI EJA;EFETIVO - PROFESSORES;899.XXX.XXX-72;158;40;UNIDADE ESCOLAR MUNICIPAL CÂNDIDA MACEDO;1;02/03/2015;;;;;;1 - Efetivo;CONCURSO PUBLICO ;;;Efetivo;;PROFESSOR SL 40H
;Folha Mensal - Janeiro;YAGO JANDER MACEDO SOUSA;ASSESSOR TÉCNICO (A) ADMINISTRATIVO;97,65;1.204,35;1.302,00;SECRETARIA MUNICIPAL DE EDUCAÇÃO;FUNDO DE MANUT. E DEC.DA EDUC.BASICA-FUNDEB;SME- DEPTOR ADM FUNDEB 30 % VI - COMISSIONADOS;COMISSIONADOS EDUCAÇÃO;064.XXX.XXX-92;466;40;;1;01/05/2022;;;01/2025;;;2 - Comissão;TEMPO DETERMINADO;;;Função de Confiança;;ASSESSOR TÉCNICO (A) ADMINISTRATIVO
;Folha Mensal - Janeiro;YAN JARNEI MACEDO SOUSA;ASSESSOR TÉCNICO (A) ADMINISTRATIVO;97,65;1.204,35;1.302,00;SECRETARIA MUNICIPAL DE ASSISTENCIA SOCIAL;FUNDO MUNICIPAL DE ASSISTENCIA SOCIAL-FMAS;CENTRO DE REFERENCIA. ASSISTENCIA SOCIAL-CRAS-PSB;COMISSIONADOS;037.XXX.XXX-94;457;40;;1;01/04/2022;;;065/2023;;;2 - Comissão;TEMPO DETERMINADO;;;Função de Confiança;;ASSESSOR TÉCNICO (A) ADMINISTRATIVO
;Rescisão - Janeiro;YEDDA DAFNY CARVALHO MACEDO;ODONTOLOGO;;0,00;;SECRETARIA MUNICIPAL DE SAUDE;SECRETARIA MUNICIPAL DE SAUDE;SMS-DEPTO.SEC.SAUDE-CONTRATADOS.;CONTRATO TEMPORÁRIO;057.XXX.XXX-80;320;40;;2;01/03/2021;01/01/2023;;2/23;;;3 - Temporário;TEMPO DETERMINADO;;;Contrato Temporario;;ODONTOLOGO
;Folha Mensal - Janeiro;YEDDA DAFNY CARVALHO MACEDO;ODONTOLOGO;405,16;2.936,64;3.341,80;SECRETARIA MUNICIPAL DE SAUDE;SECRETARIA MUNICIPAL DE SAUDE;SMS-DEPTO.SEC.SAUDE-CONTRATADOS.;CONTRATO TEMPORÁRIO;057.XXX.XXX-80;320;40;;3;01/01/2023;;;052/2023;;;3 - Temporário;TEMPO DETERMINADO;;;Contrato Temporario;;ODONTOLOGO
;;;;197.991,86;802.788,53;1.000.780,39;;;;;;;;;;;;;;;;;;;;;;
