Detalhe;Referência;Nome;Cargo;Descontos;Líquido;Proventos;Divisão;Subdivisão;Unidade;Vínculo;CPF;Matrícula;Carga Horária (Sem.);Local de Trabalho;Contrato;Data Admissão;Data Desligamento;Ato Admissão;Ato Demissão;Data Adm. Comissão;Ato Adm. Comissão;Natureza Cargo;Forma de Provimento Cargo;Ato Criação Cargo;Categoria Funcional;Tipo de Contrato;Data Prevista Termino Contrato;Cargo Inicial
;Folha Mensal - Abril; PHELYPE ALCANTARA BARBOSA LIMA;SECRETARIO DE DESENV. DE EMPREENDEDORISMO;180,23;2.075,37;2.255,60;PREFEITURA MUNICIPAL DE PADRE MARCOS-PI;SECRETARIA MUNICIPAL  DE ADMINISTRAÇÃO;SECRETARIA DE EMPREENDEDORISMO;COMISSIONADOS;541.XXX.XXX-71;598;40;PREDIO DA PREFEITURA;1;01/01/2025;;;02/2026;;;2 - Comissão;LIVRE PROVIMENTO ;;;Função de Confiança;;SECRETARIO DE DESENV. DE EMPREENDEDORISMO
;Folha Mensal - Abril;ABDIAS DE CARVALHO FILHO;ASSESSOR TÉCNICO (A) ADMINISTRATIVO;113,85;1.404,15;1.518,00;SECRETARIA MUNICIPAL DE EDUCAÇÃO;FUNDO DE MANUT. E DEC.DA EDUC.BASICA-FUNDEB;SME- DEPTOR ADM FUNDEB 30 % VI - COMISSIONADOS;COMISSIONADOS;080.XXX.XXX-16;564;40;SECRETARIA MUNICIPAL DE EDUCAÇÃO;2;02/01/2025;;;;;;2 - Comissão;TEMPO DETERMINADO;;;Função de Confiança;;ASSESSOR TÉCNICO (A) ADMINISTRATIVO
;Folha Mensal - Abril;ACILIANA JOSEFA DE OLIVEIRA;PROFESSORA DE EJA - CELETISTA;503,53;3.482,71;3.986,24;SECRETARIA MUNICIPAL DE EDUCAÇÃO;SECRETARIA MUNICIPAL DE EDUCAÇÃO;SME - DEPTOR. ENSINO FUNDEB 70% IV - CELETISTAS;CONTRATADOS  EDUCAÇÃO;042.XXX.XXX-96;399;40;;4;24/02/2025;;;;;;3 - Temporário;TEMPO DETERMINADO;;;Contrato Temporario;;PROFESSORA DE EJA - CELETISTA
;Folha Mensal - Abril;ADA KALINE LEAL RAMOS;FISIOTERAPEUTA;184,23;2.115,77;2.300,00;SECRETARIA MUNICIPAL DE SAUDE;SECRETARIA MUNICIPAL DE SAUDE;SMS-DEPTO.SEC.SAUDE-CONTRATADOS - FUS;CONTRATO TEMPORÁRIO;025.XXX.XXX-25;717;40;;1;01/03/2025;;;;;;3 - Temporário;TEMPO DETERMINADO;03/2021;;Contrato Temporario;;FISIOTERAPEUTA
;Rescisão - Abril;ADAILTON JOSÉ DE MACEDO;ASSESSOR TÉCNICO (A) ADMINISTRATIVO;163,03;1.901,45;2.064,48;PREFEITURA MUNICIPAL DE PADRE MARCOS-PI;SECRETARIA MUNICIPAL  DE ADMINISTRAÇÃO;SEAD -  DEPTO. ADMINISTRAÇÃO V- COMISSIONADOS;COMISSIONADOS;014.XXX.XXX-13;357;40;;2;02/01/2025;30/04/2025;01/2020;04/2025;;;2 - Comissão;TEMPO DETERMINADO;;;Função de Confiança;;ASSESSOR TÉCNICO (A) ADMINISTRATIVO
;Folha Mensal - Abril;ADÃO JOSE DA SILVA;VICE PREFEITO;3.241,63;3.508,37;6.750,00;PREFEITURA MUNICIPAL DE PADRE MARCOS-PI;GABINETE DO PREFEITO;GABINETE DO PREFEITO;ELETIVOS;769.XXX.XXX-49;599;40;PREDIO DA PREFEITURA;1;01/01/2025;;;;;;9 - Outros;ELEICAO/INDICACAO;;;;;VICE PREFEITO
;Folha Mensal - Abril;ADEILSON ABDIAS DE CARVALHO;ASSESSOR TÉCNICO (A) ADMINISTRATIVO;182,16;2.094,84;2.277,00;SECRETARIA MUNICIPAL DE EDUCAÇÃO;FUNDO DE MANUT. E DEC.DA EDUC.BASICA-FUNDEB;SME- DEPTOR ADM FUNDEB 30 % VI - COMISSIONADOS;COMISSIONADOS EDUCAÇÃO;053.XXX.XXX-44;388;40;;3;02/01/2025;;;;;;2 - Comissão;TEMPO DETERMINADO;;;Função de Confiança;;ASSESSOR TÉCNICO (A) ADMINISTRATIVO
;Folha Mensal - Abril;ADELINA JULIANA LEAL;COZINHEIRO (A);276,27;1.848,93;2.125,20;HOSPITAL MUNICIPAL DE PADRE MARCOS;SECRETARIA MUNICIPAL DE SAUDE;HOSPITAL - DEPTO. ADMINISTRATIVO I;EFETIVOS;037.XXX.XXX-23;14;40;HOSPITAL MUNICIPAL DE PADRE MARCOS;1;19/01/2015;;;007/2020;;;1 - Efetivo;CONCURSO PUBLICO ;;;Efetivo;;COZINHEIRO (A)
;Adiantamento 13º Salário - Abril;ADELINA JULIANA LEAL;COZINHEIRO (A);;1.062,60;1.062,60;HOSPITAL MUNICIPAL DE PADRE MARCOS;SECRETARIA MUNICIPAL DE SAUDE;HOSPITAL - DEPTO. ADMINISTRATIVO I;EFETIVOS;037.XXX.XXX-23;14;40;HOSPITAL MUNICIPAL DE PADRE MARCOS;1;19/01/2015;;;007/2020;;;1 - Efetivo;CONCURSO PUBLICO ;;;Efetivo;;COZINHEIRO (A)
;Folha Mensal - Abril;ADENILDA ALDEILDE BENTO;ASSESSOR ESPECIAL;150,73;1.777,13;1.927,86;SECRETARIA MUNICIPAL DE SAUDE;SECRETARIA MUNICIPAL DE SAUDE;SMS-DEPTO.SEC.SAUDE-CONTRATADOS - FUS;COMISSIONADOS;842.XXX.XXX-20;422;40;;2;02/01/2025;;;;;;2 - Comissão;LIVRE PROVIMENTO ;;;Função de Confiança;;ASSESSOR ESPECIAL
;Folha Mensal - Abril;ADENILDA NAILDES DA SILVA;ASSESSOR TÉCNICO (A) ADMINISTRATIVO;113,85;1.404,15;1.518,00;SECRETARIA MUNICIPAL DE SAUDE;SECRETARIA MUNICIPAL DE SAUDE;SMS-DEPTO.SEC.SAUDE-CONTRATADOS - FUS;COMISSIONADOS;295.XXX.XXX-77;552;40;SECRETARIA MUNICIPAL DE SAÚDE;2;02/01/2025;;;04/2026;;;2 - Comissão;TEMPO DETERMINADO;;;Função de Confiança;;ASSESSOR TÉCNICO (A) ADMINISTRATIVO
;Folha Complementar c/ Encargos - Abril;ADENILDA NAILDES DA SILVA;ASSESSOR TÉCNICO (A) ADMINISTRATIVO;482,01;-482,01;;SECRETARIA MUNICIPAL DE SAUDE;SECRETARIA MUNICIPAL DE SAUDE;SMS-DEPTO.SEC.SAUDE-CONTRATADOS - FUS;COMISSIONADOS;295.XXX.XXX-77;552;40;SECRETARIA MUNICIPAL DE SAÚDE;2;02/01/2025;;;04/2026;;;2 - Comissão;TEMPO DETERMINADO;;;Função de Confiança;;ASSESSOR TÉCNICO (A) ADMINISTRATIVO
;Folha Mensal - Abril;ADENILDA ORINEUSA DA SILVA;ASSESSOR TÉCNICO (A) ADMINISTRATIVO;113,85;1.404,15;1.518,00;SECRETARIA MUNICIPAL DE EDUCAÇÃO;FUNDO DE MANUT. E DEC.DA EDUC.BASICA-FUNDEB;SME- DEPTOR ADM FUNDEB 30 % VI - COMISSIONADOS;COMISSIONADOS EDUCAÇÃO;066.XXX.XXX-29;521;40;SECRETARIA MUNICIPAL DE EDUCAÇÃO;2;03/02/2025;;;;;;2 - Comissão;TEMPO DETERMINADO;;;Função de Confiança;;ASSESSOR TÉCNICO (A) ADMINISTRATIVO
;Folha Mensal - Abril;ADENILDA TEREZINHA DE CARVALHO;PROFESSOR SL 40H - CELETISTA;503,53;3.482,71;3.986,24;SECRETARIA MUNICIPAL DE EDUCAÇÃO;SECRETARIA MUNICIPAL DE EDUCAÇÃO;SME - DEPTOR. ENSINO FUNDEB 70% IV - CELETISTAS;CONTRATADOS  EDUCAÇÃO;065.XXX.XXX-58;298;40;;6;24/02/2025;;;;;;3 - Temporário;TEMPO DETERMINADO;;;Contrato Temporario;;PROFESSOR SL 40H - CELETISTA
;Folha Mensal - Abril;ADERNIL ROBERTO JACÓ DANTAS;MEDICO (A) TEMPORARIO (A) PLANTÃO;1.416,96;5.093,04;6.510,00;SECRETARIA MUNICIPAL DE SAUDE;SECRETARIA MUNICIPAL DE SAUDE;SMS- DEPARTAMENTO DA SAÚDE- PLANTÃO - FUS;CONTRATO TEMPORÁRIO;037.XXX.XXX-29;999;40;SECRETARIA MUNICIPAL DE SAÚDE;1;01/01/2025;;;;;;3 - Temporário;TEMPO DETERMINADO;;;Contrato Temporario;;MEDICO (A) TEMPORARIO (A) PLANTÃO
;Folha Mensal - Abril;ADESANDRA SOUSA SANTOS;DIRETOR DE DEPARTAMENTO;156,20;1.832,38;1.988,58;PREFEITURA MUNICIPAL DE PADRE MARCOS-PI;SECRETARIA MUNICIPAL  DE ADMINISTRAÇÃO;SEAD -  DEPTO. ADMINISTRAÇÃO V- COMISSIONADOS;COMISSIONADOS;052.XXX.XXX-51;570;40;;2;02/01/2025;;;;;;2 - Comissão;LIVRE PROVIMENTO ;;;Função de Confiança;;DIRETOR DE DEPARTAMENTO
;Folha Mensal - Abril;ADJANO FRANCISCO BENTO;SECRETARIO DE AGRICULTURA;180,23;2.075,37;2.255,60;PREFEITURA MUNICIPAL DE PADRE MARCOS-PI;SECRETARIA MUNICIPAL DE AGRICULTURA;SMA - SECRETARIA DE AGRICULTURA;COMISSIONADOS;842.XXX.XXX-04;373;40;;2;02/01/2025;;;;;;2 - Comissão;LIVRE PROVIMENTO ;;;Função de Confiança;;SECRETARIO DE AGRICULTURA
;Folha Mensal - Abril;ADJEANE DA SILVA SOUSA;PROFESSOR SE 40H;2.344,67;6.114,70;8.459,37;SECRETARIA MUNICIPAL DE EDUCAÇÃO;SECRETARIA MUNICIPAL DE EDUCAÇÃO;SME- DEPTOR ENSINO FUNDEB 70% II;EFETIVO - PROFESSORES;757.XXX.XXX-20;160;40;U.E.M. JOSE DE MOURA LEAL;1;02/02/1998;;;;;;1 - Efetivo;CONCURSO PUBLICO ;;;Efetivo;;PROFESSOR SE 40H
;Folha Mensal - Abril;ADRIANA ESPEDITA DA CONCEIÇÃO SILVA;ASSESSOR TÉCNICO (A) ADMINISTRATIVO;113,85;1.404,15;1.518,00;SECRETARIA MUNICIPAL DE EDUCAÇÃO;FUNDO DE MANUT. E DEC.DA EDUC.BASICA-FUNDEB;SME- DEPTOR ADM FUNDEB 30 % VI - COMISSIONADOS;COMISSIONADOS EDUCAÇÃO;991.XXX.XXX-49;344;40;;3;02/01/2025;;;;;;2 - Comissão;TEMPO DETERMINADO;;;Função de Confiança;;ASSESSOR TÉCNICO (A) ADMINISTRATIVO
;Folha Mensal - Abril;ADRIANO OTACÍLIO DA LUZ;DIRETOR DE DEPARTAMENTO;182,16;2.094,84;2.277,00;SECRETARIA MUNICIPAL DE EDUCAÇÃO;FUNDO DE MANUT. E DEC.DA EDUC.BASICA-FUNDEB;SME- DEPTOR ADM FUNDEB 30 % VI - COMISSIONADOS;COMISSIONADOS;009.XXX.XXX-86;562;40;SECRETARIA MUNICIPAL DE EDUCAÇÃO;2;03/02/2025;;;;;;2 - Comissão;LIVRE PROVIMENTO ;;;Função de Confiança;;DIRETOR DE DEPARTAMENTO
;Folha Mensal - Abril;ADRIANO SILVA SANTOS;DIRETOR DE DEPARTAMENTO;195,82;2.232,98;2.428,80;SECRETARIA MUNICIPAL DE EDUCAÇÃO;FUNDO DE MANUT. E DEC.DA EDUC.BASICA-FUNDEB;SME- DEPTOR ADM FUNDEB 30 % VI - COMISSIONADOS;COMISSIONADOS EDUCAÇÃO;002.XXX.XXX-27;504;40;;3;03/02/2025;;;;;;2 - Comissão;LIVRE PROVIMENTO ;;;Função de Confiança;;DIRETOR DE DEPARTAMENTO
;Folha Mensal - Abril;AGDA ÉRICA DA SILVA;DIRETOR HOSPITAL;180,23;2.075,37;2.255,60;HOSPITAL MUNICIPAL DE PADRE MARCOS;SECRETARIA MUNICIPAL DE SAUDE;HOSPITAL-DEPTO. ADMINISTRATIVO III;CONTRATO TEMPORÁRIO;038.XXX.XXX-70;284;40;HOSPITAL MUNICIPAL DE PADRE MARCOS;8;02/01/2025;;;04/2026;;;2 - Comissão;LIVRE PROVIMENTO ;;;Contrato Temporario;;DIRETOR HOSPITAL
;Folha Mensal - Abril;AILANE MARIA DE MACEDO;PROFESSOR SL 40H - CELETISTA;503,53;3.482,71;3.986,24;SECRETARIA MUNICIPAL DE EDUCAÇÃO;SECRETARIA MUNICIPAL DE EDUCAÇÃO;SME - DEPTOR. ENSINO FUNDEB 70% IV - CELETISTAS;CONTRATADOS  EDUCAÇÃO;057.XXX.XXX-89;264;40;;6;24/02/2025;;;;;;3 - Temporário;TEMPO DETERMINADO;;;Contrato Temporario;;PROFESSOR SL 40H - CELETISTA
;Folha Mensal - Abril;ALDEVAN SOUSA MACEDO;DIRETOR DE DEPARTAMENTO;195,82;2.232,98;2.428,80;SECRETARIA MUNICIPAL DE EDUCAÇÃO;FUNDO DE MANUT. E DEC.DA EDUC.BASICA-FUNDEB;SME- DEPTOR ADM FUNDEB 30 % VI - COMISSIONADOS;COMISSIONADOS;960.XXX.XXX-87;528;40;SECRETARIA MUNICIPAL DE EDUCAÇÃO;2;02/01/2025;;;;;;2 - Comissão;LIVRE PROVIMENTO ;;;Função de Confiança;;DIRETOR DE DEPARTAMENTO
;Folha Mensal - Abril;ALESSIO DE SOUSA MODESTO;MOTORISTA;350,85;2.987,81;3.338,66;PREFEITURA MUNICIPAL DE PADRE MARCOS-PI;SECRETARIA MUNICIPAL  DE ADMINISTRAÇÃO;SEAD - DEPTO. ADMINISTRAÇÃO III;EFETIVOS;965.XXX.XXX-87;105;40;;1;02/03/2015;;;;;;1 - Efetivo;CONCURSO PUBLICO ;;;Efetivo;;MOTORISTA
;Folha Mensal - Abril;ALEXSANDRA DE SOUSA MODESTO;ASSISTENTE SOCIAL;613,84;3.386,16;4.000,00;SECRETARIA MUNICIPAL DE SAUDE;SECRETARIA MUNICIPAL DE SAUDE;SMS - SEC. SAUDE NASF II - PAB;EFETIVOS;745.XXX.XXX-20;128;40;;1;02/02/2015;;;;;;1 - Efetivo;CONCURSO PUBLICO ;;;Efetivo;;ASSISTENTE SOCIAL
;Folha Mensal - Abril;ALEXSANDRA DE SOUSA MODESTO;COORD. PROG. CRIANÇA FELIZ;691,45;1.737,35;2.428,80;SECRETARIA MUNICIPAL DE ASSISTENCIA SOCIAL;SECRETARIA MUNICIPAL DE ASSISTENCIA SOCIAL; PROG.CRIANÇA FELIZ;COMISSIONADOS;745.XXX.XXX-20;128;40;;4;02/01/2025;;;;;;3 - Temporário;TEMPO DETERMINADO;;;Função de Confiança;;COORD. PROG. CRIANÇA FELIZ
;Folha Mensal - Abril;ALEXSANDRO LOPES DE CARVALHO;VIGILANTE;244,40;2.108,50;2.352,90;HOSPITAL MUNICIPAL DE PADRE MARCOS;SECRETARIA MUNICIPAL DE SAUDE;HOSPITAL - DEPTO. ADMINISTRATIVO I;EFETIVOS;020.XXX.XXX-71;15;40;HOSPITAL MUNICIPAL DE PADRE MARCOS;1;19/01/2015;;;;;;1 - Efetivo;CONCURSO PUBLICO ;;;Efetivo;;VIGILANTE
;Adiantamento 13º Salário - Abril;ALEXSANDRO LOPES DE CARVALHO;VIGILANTE;;1.100,55;1.100,55;HOSPITAL MUNICIPAL DE PADRE MARCOS;SECRETARIA MUNICIPAL DE SAUDE;HOSPITAL - DEPTO. ADMINISTRATIVO I;EFETIVOS;020.XXX.XXX-71;15;40;HOSPITAL MUNICIPAL DE PADRE MARCOS;1;19/01/2015;;;;;;1 - Efetivo;CONCURSO PUBLICO ;;;Efetivo;;VIGILANTE
;Folha Mensal - Abril;ALEXSON JOSE DE CARVALHO;ASSESSOR TÉCNICO (A) ADMINISTRATIVO;168,49;1.956,71;2.125,20;SECRETARIA MUNICIPAL DE EDUCAÇÃO;FUNDO DE MANUT. E DEC.DA EDUC.BASICA-FUNDEB;SME- DEPTOR ADM FUNDEB 30 % VI - COMISSIONADOS;CONTRATADOS  EDUCAÇÃO;053.XXX.XXX-66;252;40;;6;03/02/2025;;01/2023;;;;2 - Comissão;TEMPO DETERMINADO;;;Contrato Temporario;;ASSESSOR TÉCNICO (A) ADMINISTRATIVO
;Folha Mensal - Abril;ALINE JOSEFA DE SOUSA BEZERRA;TECNICO DE ENFERMAGEM;113,85;1.404,15;1.518,00;SECRETARIA MUNICIPAL DE SAUDE;SECRETARIA MUNICIPAL DE SAUDE;SMS-DEPTO.SEC.SAUDE-CONTRATADOS - FUS;CONTRATO TEMPORÁRIO;072.XXX.XXX-27;314;40;;4;02/01/2025;;;;;;3 - Temporário;TEMPO DETERMINADO;;;Contrato Temporario;;TECNICO DE ENFERMAGEM
;Folha Complementar c/ Encargos - Abril;ALINE JOSEFA DE SOUSA BEZERRA;TECNICO DE ENFERMAGEM;157,18;-157,18;;SECRETARIA MUNICIPAL DE SAUDE;SECRETARIA MUNICIPAL DE SAUDE;SMS-DEPTO.SEC.SAUDE-CONTRATADOS - FUS;CONTRATO TEMPORÁRIO;072.XXX.XXX-27;314;40;;4;02/01/2025;;;;;;3 - Temporário;TEMPO DETERMINADO;;;Contrato Temporario;;TECNICO DE ENFERMAGEM
;Folha Mensal - Abril;ALONSO SOUSA SILVA;ASSESSOR TÉCNICO (A) ADMINISTRATIVO;113,85;1.404,15;1.518,00;SECRETARIA MUNICIPAL DE EDUCAÇÃO;FUNDO DE MANUT. E DEC.DA EDUC.BASICA-FUNDEB;SME- DEPTOR ADM FUNDEB 30 % VI - COMISSIONADOS;COMISSIONADOS;082.XXX.XXX-13;779;40;;1;01/04/2025;;;04/2026;;;2 - Comissão;TEMPO DETERMINADO;;;Função de Confiança;;ASSESSOR TÉCNICO (A) ADMINISTRATIVO
;Folha Mensal - Abril;AMABILLY MACEDO SOUSA;DIRETOR DE DEPARTAMENTO;195,82;2.232,98;2.428,80;SECRETARIA MUNICIPAL DE EDUCAÇÃO;FUNDO DE MANUT. E DEC.DA EDUC.BASICA-FUNDEB;SME- DEPTOR ADM FUNDEB 30 % VI - COMISSIONADOS;COMISSIONADOS;064.XXX.XXX-58;518;40;;3;02/01/2025;;;;;;2 - Comissão;LIVRE PROVIMENTO ;;;Função de Confiança;;DIRETOR DE DEPARTAMENTO
;Folha Mensal - Abril;AMANDA KALINE OLIVEIRA GUIMARÃES;FISIOTERAPEUTA;205,20;2.327,80;2.533,00;SECRETARIA MUNICIPAL DE SAUDE;SECRETARIA MUNICIPAL DE SAUDE;SEC. MUN. SAÚDE- DEPTO. DE SAUDE II-CONTRATADOS - PAB;CONTRATO TEMPORÁRIO;037.XXX.XXX-84;369;40;;5;02/01/2025;;01/2023;;;;3 - Temporário;TEMPO DETERMINADO;03/2021;;Contrato Temporario;;FISIOTERAPEUTA
;Folha Mensal - Abril;ANA CLAUDIA ALVES;COORDENADOR(A) PEDAGÓGICO;305,60;2.894,40;3.200,00;SECRETARIA MUNICIPAL DE EDUCAÇÃO;SECRETARIA MUNICIPAL DE EDUCAÇÃO;SME- DEPTOR. ENSINO FUNDEB 70% V - COMISSIONADOS;COMISSIONADOS EDUCAÇÃO;104.XXX.XXX-00;266;40;UNIDADE ESCOLAR MUNICIPAL DAVI SEVERIANO DE CARVALHO;4;02/01/2025;;;;;;2 - Comissão;TEMPO DETERMINADO;;;Função de Confiança;;COORDENADOR(A) PEDAGÓGICO
;Folha Mensal - Abril;ANA CRISTINA DE CARVALHO;PROFESSOR SL 40H - CELETISTA;503,53;3.482,71;3.986,24;SECRETARIA MUNICIPAL DE EDUCAÇÃO;SECRETARIA MUNICIPAL DE EDUCAÇÃO;SME- DEPTO  ENSINO INFANTIL FUNDEB 70% - SELETISTAS;CONTRATADOS  EDUCAÇÃO;044.XXX.XXX-46;337;40;;5;24/02/2025;;;;;;3 - Temporário;TEMPO DETERMINADO;;;Contrato Temporario;;PROFESSOR SL 40H - CELETISTA
;Folha Mensal - Abril;ANA FLAVIA CONCEIÇÃO SOUSA MACEDO;PROFESSOR SL 40H - CELETISTA;503,53;3.482,71;3.986,24;SECRETARIA MUNICIPAL DE EDUCAÇÃO;SECRETARIA MUNICIPAL DE EDUCAÇÃO;SME - DEPTOR. ENSINO FUNDEB 70% IV - CELETISTAS;CONTRATADOS  EDUCAÇÃO;061.XXX.XXX-39;330;40;;5;24/02/2025;;;;;;3 - Temporário;TEMPO DETERMINADO;;;Contrato Temporario;;PROFESSOR SL 40H - CELETISTA
;Folha Mensal - Abril;ANA KELE DE CARVALHO ALENCAR;ASSESSOR TÉCNICO (A) ADMINISTRATIVO;113,85;1.404,15;1.518,00;SECRETARIA MUNICIPAL DE EDUCAÇÃO;FUNDO DE MANUT. E DEC.DA EDUC.BASICA-FUNDEB;SME- DEPTOR ADM FUNDEB 30 % VI - COMISSIONADOS;COMISSIONADOS;041.XXX.XXX-35;712;40;;1;01/03/2025;;;;;;2 - Comissão;TEMPO DETERMINADO;;;Função de Confiança;;ASSESSOR TÉCNICO (A) ADMINISTRATIVO
;Folha Mensal - Abril;ANA LAIANE CARVALHO;ASSESSOR ESPECIAL;182,16;2.094,84;2.277,00;SECRETARIA MUNICIPAL DE EDUCAÇÃO;FUNDO DE MANUT. E DEC.DA EDUC.BASICA-FUNDEB;SME- DEPTOR ADM FUNDEB 30 % VI - COMISSIONADOS;COMISSIONADOS;081.XXX.XXX-58;1074;40;;1;01/03/2025;;;;;;2 - Comissão;LIVRE PROVIMENTO ;;;Função de Confiança;;ASSESSOR ESPECIAL
;Folha Mensal - Abril;ANA MARCIA DE ARAUJO MOURA RIBEIRO;ASSISTENTE ADMINISTRATIVO;473,57;2.714,23;3.187,80;PREFEITURA MUNICIPAL DE PADRE MARCOS-PI;SECRETARIA MUNICIPAL  DE ADMINISTRAÇÃO;SEAD - DEPTO. ADMINISTRAÇÃO III;EFETIVOS;322.XXX.XXX-49;100;40;;1;01/06/2015;;;;;;1 - Efetivo;CONCURSO PUBLICO ;;;Efetivo;;ASSISTENTE ADMINISTRATIVO
;Folha Mensal - Abril;ANA MÁRCIA DE CARVALHO LEAL;PROFESSOR SL 40H - CELETISTA;503,53;3.482,71;3.986,24;SECRETARIA MUNICIPAL DE EDUCAÇÃO;SECRETARIA MUNICIPAL  DE ADMINISTRAÇÃO;SME - DEPTOR. ENSINO FUNDEB 70% IV - CELETISTAS;CONTRATADOS  EDUCAÇÃO;081.XXX.XXX-52;411;40;;4;24/02/2025;;;;;;3 - Temporário;TEMPO DETERMINADO;;;Contrato Temporario;;MONITOR(A)
;Folha Mensal - Abril;ANA MEIRE MARIA DE MACEDO;SUPERVIORA DE ENSINO;113,85;1.404,15;1.518,00;SECRETARIA MUNICIPAL DE EDUCAÇÃO;SECRETARIA MUNICIPAL DE EDUCAÇÃO;SME- DEPTOR. ENSINO FUNDEB 70% V - COMISSIONADOS;COMISSIONADOS EDUCAÇÃO;226.XXX.XXX-78;161;40;SECRETARIA MUNICIPAL DE EDUCAÇÃO;4;02/01/2025;;;;;;2 - Comissão;TEMPO DETERMINADO;03/2024;;Função de Confiança;;SUPERVIORA DE ENSINO
;Folha Mensal - Abril;ANA PAULA DE CARVALHO MACEDO;PROFESSOR SE 40H;1.904,92;5.416,64;7.321,56;SECRETARIA MUNICIPAL DE EDUCAÇÃO;SECRETARIA MUNICIPAL DE EDUCAÇÃO;SME- DEPTOR ENSINO FUNDEB 70% I;EFETIVO - PROFESSORES;052.XXX.XXX-07;2;40;U.E.M. JOSE DE MOURA LEAL;1;01/03/2016;;;;;;1 - Efetivo;CONCURSO PUBLICO ;;;Efetivo;;PROFESSOR SL 20H
;Folha Mensal - Abril;ANASTACIA JULIANA LEAL;PROFESSOR SL 40H - CELETISTA;503,53;3.482,71;3.986,24;SECRETARIA MUNICIPAL DE EDUCAÇÃO;SECRETARIA MUNICIPAL DE EDUCAÇÃO;SME- DEPTO  ENSINO INFANTIL FUNDEB 70% - SELETISTAS;CONTRATADOS  EDUCAÇÃO;933.XXX.XXX-34;247;40;U.E.M. JOSE DE MOURA LEAL;7;24/02/2025;;;;;;3 - Temporário;TEMPO DETERMINADO;;;Contrato Temporario;;PROFESSOR SL 40H - CELETISTA
;Folha Mensal - Abril;ANATÁLIA CLEIDE DE LIMA;SECRETARIO(A) UNIDADE ESCOLAR MUNICIPAL;503,53;3.482,71;3.986,24;SECRETARIA MUNICIPAL DE EDUCAÇÃO;SECRETARIA MUNICIPAL DE EDUCAÇÃO;SME- DEPTO  ENSINO INFANTIL FUNDEB 70% - SELETISTAS;CONTRATADOS  EDUCAÇÃO;930.XXX.XXX-91;545;40;SECRETARIA MUNICIPAL DE EDUCAÇÃO;2;24/02/2025;;;;;;2 - Comissão;LIVRE PROVIMENTO ;;;Contrato Temporario;;PROFESSOR SL 40H - CELETISTA
;Folha Mensal - Abril;ANATÁLIA ZENILTA LEAL;ASSESSOR TÉCNICO (A) ADMINISTRATIVO;113,85;1.404,15;1.518,00;SECRETARIA MUNICIPAL DE EDUCAÇÃO;FUNDO DE MANUT. E DEC.DA EDUC.BASICA-FUNDEB;SME- DEPTOR ADM FUNDEB 30 % VI - COMISSIONADOS;COMISSIONADOS;041.XXX.XXX-23;565;40;SECRETARIA MUNICIPAL DE EDUCAÇÃO;2;01/03/2025;;;;;;2 - Comissão;TEMPO DETERMINADO;;;Função de Confiança;;ASSESSOR TÉCNICO (A) ADMINISTRATIVO
;Folha Mensal - Abril;ANATALIO ANTONIO DA SILVA;AUX. DE SERV. GERAIS;261,86;1.483,84;1.745,70;SECRETARIA MUNICIPAL DE ASSISTENCIA SOCIAL;SECRETARIA MUNICIPAL DE ASSISTENCIA SOCIAL;SASC - DEPTO. ASSISTENCIA SOCIAL IV;EFETIVOS;444.XXX.XXX-04;26;40;SEC MUN. DE ASSISTENCIA SOCIAL;1;01/03/1998;;;;;;1 - Efetivo;CONCURSO PUBLICO ;;;Efetivo;;AUX. DE SERV. GERAIS
;Folha Mensal - Abril;ANDECLEIA ADALVINA DE LIMA;PROFESSOR SE 40H;1.823,85;5.213,26;7.037,11;SECRETARIA MUNICIPAL DE EDUCAÇÃO;SECRETARIA MUNICIPAL DE EDUCAÇÃO;SME- DEPTOR ENSINO FUNDEB 70% I;EFETIVO - PROFESSORES;923.XXX.XXX-72;132;40;UNIDADE ESCOLAR MUNICIPAL CÂNDIDA MACEDO;1;01/11/2016;;;;;;1 - Efetivo;CONCURSO PUBLICO ;;;Efetivo;;PROFESSOR SL 20H
;Folha Mensal - Abril;ANDERSON CLEYTON RAMOS NERY;ODONTÓLOGO;701,21;4.431,44;5.132,65;SECRETARIA MUNICIPAL DE SAUDE;SECRETARIA MUNICIPAL DE SAUDE;SMS - DEPTOR.SEC.SAUDE PSB II - PAB;EFETIVOS;819.XXX.XXX-87;122;40;;1;01/04/2008;;;;;;1 - Efetivo;CONCURSO PUBLICO ;;;Efetivo;;ODONTÓLOGO
;Folha Mensal - Abril;ANGELA MARIA DA CONCEIÇÃO SOUSA;GARI;282,34;2.450,06;2.732,40;HOSPITAL MUNICIPAL DE PADRE MARCOS;SECRETARIA MUNICIPAL DE SAUDE;HOSPITAL - DEPTO. ADMINISTRATIVO I;EFETIVOS;759.XXX.XXX-04;4;40;;1;25/11/2016;;;;;;1 - Efetivo;CONCURSO PUBLICO ;;;Efetivo;;GARI
;Folha Mensal - Abril;ANTONIA EDENIA DE LIMA SILVA;AUX. DE SERV. GERAIS;250,47;1.419,33;1.669,80;SECRETARIA MUNICIPAL DE EDUCAÇÃO;FUNDO DE MANUT. E DEC.DA EDUC.BASICA-FUNDEB;SME- DEPTO. ADM -FUNDEB 30% II;EFETIVOS;082.XXX.XXX-96;216;40;;1;02/03/1998;;;012/2022;;;1 - Efetivo;CONCURSO PUBLICO ;;;Efetivo;;AUX. DE SERV. GERAIS
;Folha Mensal - Abril;ANTONIA SALVELINA DE ARAUJO;ASSESSOR TÉCNICO (A) ADMINISTRATIVO;113,85;1.404,15;1.518,00;SECRETARIA MUNICIPAL DE SAUDE;SECRETARIA MUNICIPAL DE SAUDE;SMS-DEPTO.SEC.SAUDE-CONTRATADOS - FUS;COMISSIONADOS;767.XXX.XXX-53;233;40;;3;02/01/2025;;;;;;2 - Comissão;TEMPO DETERMINADO;;;Função de Confiança;;ASSESSOR TÉCNICO (A) ADMINISTRATIVO
;Folha Mensal - Abril;ANTONIA ZENAIDE DA SILVA CARVALHO;DIRETOR DE DEPARTAMENTO;113,85;1.404,15;1.518,00;SECRETARIA MUNICIPAL DE EDUCAÇÃO;FUNDO DE MANUT. E DEC.DA EDUC.BASICA-FUNDEB;SME- DEPTOR ADM FUNDEB 30 % VI - COMISSIONADOS;COMISSIONADOS;451.XXX.XXX-20;282;40;;6;02/01/2025;;;;;;2 - Comissão;LIVRE PROVIMENTO ;;;Função de Confiança;;DIRETOR DE DEPARTAMENTO
;Folha Mensal - Abril;ANTONIO DE CARVALHO MOURA;DIRETOR DE DEPARTAMENTO;168,49;1.956,71;2.125,20;PREFEITURA MUNICIPAL DE PADRE MARCOS-PI;SECRETARIA MUNICIPAL  DE ADMINISTRAÇÃO;SMO - SECRETARIA DE OBRAS;COMISSIONADOS;003.XXX.XXX-02;361;40;;3;02/01/2025;;;;;;2 - Comissão;LIVRE PROVIMENTO ;;;Função de Confiança;;DIRETOR DE DEPARTAMENTO
;Folha Mensal - Abril;ANTONIO DE CARVALHO SILVA;ASSESSOR TÉCNICO (A) ADMINISTRATIVO;113,85;1.404,15;1.518,00;SECRETARIA MUNICIPAL DE EDUCAÇÃO;FUNDO DE MANUT. E DEC.DA EDUC.BASICA-FUNDEB;SME- DEPTOR ADM FUNDEB 30 % VI - COMISSIONADOS;COMISSIONADOS EDUCAÇÃO;047.XXX.XXX-23;573;40;SECRETARIA MUNICIPAL DE EDUCAÇÃO;2;02/01/2025;;;;;;2 - Comissão;TEMPO DETERMINADO;;;Função de Confiança;;ASSESSOR TÉCNICO (A) ADMINISTRATIVO
;Folha Mensal - Abril;ANTONIO FRANCISCO DE CARVALHO;SECRETARIO DE ESPORTE;180,23;2.075,37;2.255,60;PREFEITURA MUNICIPAL DE PADRE MARCOS-PI;SECRETARIA MUNICIPAL  DE ADMINISTRAÇÃO;ADM.SEC.MUNICIPAL DE JUVENTUDE ESPORTE E LAZER;COMISSIONADOS;396.XXX.XXX-72;596;40;PREDIO DA PREFEITURA;1;01/01/2025;;;;;;2 - Comissão;LIVRE PROVIMENTO ;;;Função de Confiança;;SECRETARIO DE ESPORTE
;Folha Mensal - Abril;ANTONIO JOAQUIM DE MACEDO NETO;AUX. ADMINISTRATIVO;473,57;2.714,23;3.187,80;SECRETARIA MUNICIPAL DE SAUDE;SECRETARIA MUNICIPAL DE SAUDE;SMS-DEPTOR.SEC. DE SAUDE II - FUS;EFETIVOS;350.XXX.XXX-72;130;40;;1;02/02/2015;;;;;;1 - Efetivo;CONCURSO PUBLICO ;;;Efetivo;;AUX. ADMINISTRATIVO
;Adiantamento 13º Salário - Abril;ANTONIO JOAQUIM DE MACEDO NETO;AUX. ADMINISTRATIVO;;1.593,90;1.593,90;SECRETARIA MUNICIPAL DE SAUDE;SECRETARIA MUNICIPAL DE SAUDE;SMS-DEPTOR.SEC. DE SAUDE II - FUS;EFETIVOS;350.XXX.XXX-72;130;40;;1;02/02/2015;;;;;;1 - Efetivo;CONCURSO PUBLICO ;;;Efetivo;;AUX. ADMINISTRATIVO
;Folha Mensal - Abril;ANTONIO JOSE DE CARVALHO;DIRETOR DE DEPARTAMENTO;195,82;2.232,98;2.428,80;PREFEITURA MUNICIPAL DE PADRE MARCOS-PI;SECRETARIA MUNICIPAL  DE ADMINISTRAÇÃO;SEAD -  DEPTO. ADMINISTRAÇÃO V- COMISSIONADOS;COMISSIONADOS;025.XXX.XXX-50;387;40;PREDIO DA PREFEITURA;2;02/01/2025;;;;;;2 - Comissão;LIVRE PROVIMENTO ;;;Função de Confiança;;COORDENADOR DE DESENVOLVIMENTO RURAL E AGRICULTURA FAMILIAR
;Folha Mensal - Abril;ANTONIO LISBOA DA SILVA;PROFESSOR SE 20H;717,41;3.227,83;3.945,24;SECRETARIA MUNICIPAL DE EDUCAÇÃO;SECRETARIA MUNICIPAL DE EDUCAÇÃO;SME-DEPTOR. ENSINO FUNDEB 70%  VI EJA;EFETIVO - PROFESSORES;231.XXX.XXX-00;162;20;SECRETARIA MUNICIPAL DE EDUCAÇÃO;1;02/02/1998;;;;;;1 - Efetivo;CONCURSO PUBLICO ;;;Efetivo;;PROFESSOR SL 20H
;Folha Mensal - Abril;ANTONIO MACEDO CARVALHO;ASSESSOR TÉCNICO (A) ADMINISTRATIVO;113,85;1.404,15;1.518,00;SECRETARIA MUNICIPAL DE EDUCAÇÃO;FUNDO DE MANUT. E DEC.DA EDUC.BASICA-FUNDEB;SME- DEPTOR ADM FUNDEB 30 % VI - COMISSIONADOS;COMISSIONADOS EDUCAÇÃO;011.XXX.XXX-51;371;40;;2;02/01/2025;;;;;;2 - Comissão;TEMPO DETERMINADO;;;Função de Confiança;;ASSESSOR TÉCNICO (A) ADMINISTRATIVO
;Folha Mensal - Abril;ANTONIO SERGIO SILVA;PROFESSOR SE 40H;2.036,00;5.644,23;7.680,23;SECRETARIA MUNICIPAL DE EDUCAÇÃO;SECRETARIA MUNICIPAL DE EDUCAÇÃO;SME- DEPTOR ENSINO FUNDEB 70% I;EFETIVO - PROFESSORES;001.XXX.XXX-00;133;40;UNIDADE ESCOLAR MUNICIPAL DAVI SEVERIANO DE CARVALHO;1;02/03/2015;;;;;;1 - Efetivo;CONCURSO PUBLICO ;;;Efetivo;;PROFESSOR SL 20H
;Adiantamento 13º Salário - Abril;ANTONIO SERGIO SILVA;PROFESSOR SE 40H;;3.447,45;3.447,45;SECRETARIA MUNICIPAL DE EDUCAÇÃO;SECRETARIA MUNICIPAL DE EDUCAÇÃO;SME- DEPTOR ENSINO FUNDEB 70% I;EFETIVO - PROFESSORES;001.XXX.XXX-00;133;40;UNIDADE ESCOLAR MUNICIPAL DAVI SEVERIANO DE CARVALHO;1;02/03/2015;;;;;;1 - Efetivo;CONCURSO PUBLICO ;;;Efetivo;;PROFESSOR SL 20H
;Folha Mensal - Abril;APOLIANO ANGELO DE ARAUJO;ASSESSOR TÉCNICO (A) ADMINISTRATIVO;113,85;1.404,15;1.518,00;SECRETARIA MUNICIPAL DE EDUCAÇÃO;FUNDO DE MANUT. E DEC.DA EDUC.BASICA-FUNDEB;SME- DEPTOR ADM FUNDEB 30 % VI - COMISSIONADOS;COMISSIONADOS;028.XXX.XXX-25;771;40;;1;01/04/2025;;;06/2025;;;2 - Comissão;TEMPO DETERMINADO;;;Função de Confiança;;ASSESSOR TÉCNICO (A) ADMINISTRATIVO
;Rescisão - Abril;ARIANY RAYSSE CONCEIÇÃO SILVA;SECRETARIO(A) UNIDADE ESCOLAR MUNICIPAL;;0,00;;SECRETARIA MUNICIPAL DE EDUCAÇÃO;FUNDO DE MANUT. E DEC.DA EDUC.BASICA-FUNDEB;SME- DEPTOR ADM FUNDEB 30 % VI - COMISSIONADOS;COMISSIONADOS;081.XXX.XXX-02;542;40;SECRETARIA MUNICIPAL DE EDUCAÇÃO;2;03/02/2025;01/04/2025;;253/2025;;;2 - Comissão;LIVRE PROVIMENTO ;;;Função de Confiança;;SECRETARIO(A) UNIDADE ESCOLAR MUNICIPAL
;Folha Mensal - Abril;ARLETE MARIA DA SILVA;PROFESSOR SL 40H;2.043,72;5.562,29;7.606,01;SECRETARIA MUNICIPAL DE EDUCAÇÃO;SECRETARIA MUNICIPAL DE EDUCAÇÃO;SME- DEPTO ENSINO INFANTIL FUNDEB 70% - EFETIVOS;EFETIVO - PROFESSORES;852.XXX.XXX-63;164;40;CRECHE PRÉ-ESCOLAR MARGARIDA DE JESUS ALENCAR ( TIA GUIDA);1;02/02/1998;;;;;;1 - Efetivo;CONCURSO PUBLICO ;;;Efetivo;;PROFESSOR SL 40H
;Folha Mensal - Abril;ARLEY JOHANES MOREIRA DE CARVALHO;PROFESSOR SL 40H - CELETISTA;503,53;3.482,71;3.986,24;SECRETARIA MUNICIPAL DE EDUCAÇÃO;SECRETARIA MUNICIPAL DE EDUCAÇÃO;SME - DEPTOR. ENSINO FUNDEB 70% IV - CELETISTAS;CONTRATADOS  EDUCAÇÃO;058.XXX.XXX-40;248;40;;7;24/02/2025;;;;;;3 - Temporário;TEMPO DETERMINADO;;;Contrato Temporario;;PROFESSOR SL 40H - CELETISTA
;Folha Mensal - Abril;ARLICIO ALEXANDRE BENIZ;AUX. ADMINISTRATIVO;565,25;2.926,15;3.491,40;SECRETARIA MUNICIPAL DE SAUDE;SECRETARIA MUNICIPAL DE SAUDE;SMS-DEPTOR.SEC. DE SAUDE II - FUS;EFETIVOS;031.XXX.XXX-11;62;40;SECRETARIA MUNICIPAL DE SAÚDE;1;02/02/2015;;;;;;1 - Efetivo;CONCURSO PUBLICO ;;;Efetivo;;AUX. ADMINISTRATIVO
;Folha Mensal - Abril;ARRIGO JHORDAM DE CARVALHO GOMES;DIRETOR DE DEPARTAMENTO;182,16;2.094,84;2.277,00;SECRETARIA MUNICIPAL DE EDUCAÇÃO;FUNDO DE MANUT. E DEC.DA EDUC.BASICA-FUNDEB;SME- DEPTOR ADM FUNDEB 30 % VI - COMISSIONADOS;COMISSIONADOS;063.XXX.XXX-80;407;40;;4;02/01/2025;;01/2023;06/2025;;;2 - Comissão;LIVRE PROVIMENTO ;;;Função de Confiança;;DIRETOR DE DEPARTAMENTO
;Folha Mensal - Abril;ARTHUR RIBEIRO MODESTO;ASSESSOR TÉCNICO (A) ADMINISTRATIVO;195,82;2.232,98;2.428,80;SECRETARIA MUNICIPAL DE EDUCAÇÃO;FUNDO DE MANUT. E DEC.DA EDUC.BASICA-FUNDEB;SME- DEPTOR ADM FUNDEB 30 % VI - COMISSIONADOS;COMISSIONADOS;067.XXX.XXX-18;558;40;SECRETARIA MUNICIPAL DE EDUCAÇÃO;2;01/04/2025;;;;;;2 - Comissão;TEMPO DETERMINADO;;;Função de Confiança;;ASSESSOR TÉCNICO (A) ADMINISTRATIVO
;Folha Mensal - Abril;AUCILENE MODESTO DE CARVALHO;AUX. DE SERV. GERAIS;848,01;973,59;1.821,60;SECRETARIA MUNICIPAL DE EDUCAÇÃO;FUNDO DE MANUT. E DEC.DA EDUC.BASICA-FUNDEB;SME- DEPTO. ADM -FUNDEB 30% II;EFETIVO - PROFESSORES;628.XXX.XXX-49;72;40;UNIDADE ESCOLAR MUNICIPAL DAVI SEVERIANO DE CARVALHO;1;02/03/1998;;;04/2022;;;1 - Efetivo;CONCURSO PUBLICO ;;;Efetivo;;AUX. DE SERV. GERAIS
;Folha Mensal - Abril;AURICELIA IRENE DE CARVALHO;PROFESSOR SL 40H - CELETISTA;503,53;3.482,71;3.986,24;SECRETARIA MUNICIPAL DE EDUCAÇÃO;SECRETARIA MUNICIPAL DE EDUCAÇÃO;SME - DEPTOR. ENSINO FUNDEB 70% IV - CELETISTAS;CONTRATADOS  EDUCAÇÃO;033.XXX.XXX-02;279;40;U.E.M. JOSE DE MOURA LEAL;7;24/02/2025;;;;;;3 - Temporário;TEMPO DETERMINADO;;;Contrato Temporario;;PROFESSOR SL 40H - CELETISTA
;Folha Mensal - Abril;BENNIS RANGEL DE CARVALHO;ASSESSOR TÉCNICO (A) ADMINISTRATIVO;195,82;2.232,98;2.428,80;SECRETARIA MUNICIPAL DE ASSISTENCIA SOCIAL;SECRETARIA MUNICIPAL DE ASSISTENCIA SOCIAL;SASC-DEPTO. ASSISTENCIA SOCIAL I;COMISSIONADOS;011.XXX.XXX-45;359;40;;3;02/01/2025;;009/2020;;;;2 - Comissão;TEMPO DETERMINADO;;;Função de Confiança;;ASSESSOR TÉCNICO (A) ADMINISTRATIVO
;Folha Mensal - Abril;BRUNO DIAS DA SILVA;COORDENADOR DE SERVIÇOS;195,82;2.232,98;2.428,80;SECRETARIA MUNICIPAL DE EDUCAÇÃO;FUNDO DE MANUT. E DEC.DA EDUC.BASICA-FUNDEB;SME- DPTO.ENSINO FUNDEB 30% EQUIPE EMULT-CELETISTAS;COMISSIONADOS EDUCAÇÃO;508.XXX.XXX-96;557;40;SECRETARIA MUNICIPAL DE EDUCAÇÃO;2;02/01/2025;;;;;;2 - Comissão;TEMPO DETERMINADO;;;Função de Confiança;;COORDENADOR DE SERVIÇOS
;Folha Mensal - Abril;CAMILA EDILEUDA DA CONCEIÇÃO;ASSESSOR TÉCNICO (A) ADMINISTRATIVO;195,82;2.232,98;2.428,80;SECRETARIA MUNICIPAL DE EDUCAÇÃO;FUNDO DE MANUT. E DEC.DA EDUC.BASICA-FUNDEB;SME- DEPTOR ADM FUNDEB 30 % VI - COMISSIONADOS;COMISSIONADOS EDUCAÇÃO;081.XXX.XXX-02;540;40;SECRETARIA MUNICIPAL DE EDUCAÇÃO;2;01/03/2025;;;;;;2 - Comissão;TEMPO DETERMINADO;;;Função de Confiança;;ASSESSOR TÉCNICO (A) ADMINISTRATIVO
;Folha Mensal - Abril;CAMILLY HELEN DE SOUSA DIAS;ASSESSOR TÉCNICO (A) ADMINISTRATIVO;113,85;1.404,15;1.518,00;SECRETARIA MUNICIPAL DE EDUCAÇÃO;FUNDO DE MANUT. E DEC.DA EDUC.BASICA-FUNDEB;SME- DEPTOR ADM FUNDEB 30 % VI - COMISSIONADOS;COMISSIONADOS EDUCAÇÃO;623.XXX.XXX-43;463;40;;4;01/03/2025;;;;;;2 - Comissão;TEMPO DETERMINADO;;;Função de Confiança;;ASSESSOR TÉCNICO (A) ADMINISTRATIVO
;Folha Mensal - Abril;CARLA LARIZA RIBEIRO CARVALHO;COORDENADOR DE SERVIÇOS;195,82;2.232,98;2.428,80;SECRETARIA MUNICIPAL DE EDUCAÇÃO;FUNDO DE MANUT. E DEC.DA EDUC.BASICA-FUNDEB;SME- DEPTOR ADM FUNDEB 30 % VI - COMISSIONADOS;COMISSIONADOS EDUCAÇÃO;025.XXX.XXX-09;443;40;;2;02/01/2025;;;;;;2 - Comissão;TEMPO DETERMINADO;;;Função de Confiança;;COORDENADOR DE SERVIÇOS
;Folha Mensal - Abril;CARLA MARIANA DE SOUSA SANTOS;ASSESSOR TÉCNICO (A) ADMINISTRATIVO;113,85;1.404,15;1.518,00;SECRETARIA MUNICIPAL DE ASSISTENCIA SOCIAL;SECRETARIA MUNICIPAL DE ASSISTENCIA SOCIAL;SASC-DEPTO. ASSISTENCIA SOCIAL I;COMISSIONADOS;014.XXX.XXX-67;594;40;SEC MUN. DE ASSISTENCIA SOCIAL;1;02/01/2025;;;;;;2 - Comissão;TEMPO DETERMINADO;;;Função de Confiança;;ASSESSOR TÉCNICO (A) ADMINISTRATIVO
;Folha Mensal - Abril;CARLOS EDUARDO DE SOUSA LEAL;MONITOR(A);113,85;1.404,15;1.518,00;SECRETARIA MUNICIPAL DE EDUCAÇÃO;FUNDO DE MANUT. E DEC.DA EDUC.BASICA-FUNDEB;SME-DEPTO.CONTRATO-ENSINO FUNDEB 30%;CONTRATO TEMPORÁRIO;066.XXX.XXX-13;341;40;;5;02/03/2025;;;;;;3 - Temporário;TEMPO DETERMINADO;;;Contrato Temporario;;MONITOR(A)
;Folha Mensal - Abril;CASSIANO JOSE DA SILVA;GARI;279,31;2.149,49;2.428,80;PREFEITURA MUNICIPAL DE PADRE MARCOS-PI;SECRETARIA MUNICIPAL  DE ADMINISTRAÇÃO;SEAD - DEPTO.ADMINISTRAÇÃO II;EFETIVOS;029.XXX.XXX-18;3;40;;1;19/01/2015;;;;;;1 - Efetivo;CONCURSO PUBLICO ;;;Efetivo;;GARI
;Folha Mensal - Abril;CHESMA MARIA CASTRO SILVA LIMA;PROFESSOR SE 40H;2.344,67;6.114,70;8.459,37;SECRETARIA MUNICIPAL DE EDUCAÇÃO;SECRETARIA MUNICIPAL DE EDUCAÇÃO;SME- DEPTOR ENSINO FUNDEB 70% III;EFETIVO - PROFESSORES;628.XXX.XXX-68;208;40;UNIDADE ESCOLAR MUNICIPAL CÂNDIDA MACEDO;1;02/02/1998;;;;;;1 - Efetivo;CONCURSO PUBLICO ;;;Efetivo;;PROFESSOR SE 40H
;Folha Mensal - Abril;CLAUDÉCIO DIAS GRANJA;MOTORISTA;195,82;2.232,98;2.428,80;SECRETARIA MUNICIPAL DE EDUCAÇÃO;FUNDO DE MANUT. E DEC.DA EDUC.BASICA-FUNDEB;SME-DEPTO.CONTRATO-ENSINO FUNDEB 30%;CONTRATADOS  EDUCAÇÃO;041.XXX.XXX-04;458;40;;2;02/01/2025;;;;;;1 - Efetivo;CONCURSO PUBLICO ;;;Função de Confiança;;ASSESSOR TÉCNICO (A) ADMINISTRATIVO
;Folha Mensal - Abril;CLAUDINEIA MARIA DE MACEDO;DIRETOR(A) DE ESCOLA;305,60;2.894,40;3.200,00;SECRETARIA MUNICIPAL DE EDUCAÇÃO;SECRETARIA MUNICIPAL DE EDUCAÇÃO;SME- DEPTOR. ENSINO FUNDEB 70% V - COMISSIONADOS;COMISSIONADOS EDUCAÇÃO;859.XXX.XXX-91;360;40;;3;02/01/2025;;;;;;2 - Comissão;LIVRE PROVIMENTO ;;;Função de Confiança;;DIRETOR(A) DE ESCOLA
;Folha Mensal - Abril;CLEBSON ELISON DE ARAUJO;CONSELHEIRO TUTELAR;113,85;1.404,15;1.518,00;SECRETARIA MUNICIPAL DE ASSISTENCIA SOCIAL;SECRETARIA MUNICIPAL DE ASSISTENCIA SOCIAL;SASC-ASSISTENCIA SOCIAL - CONSELHO;ELETIVOS;051.XXX.XXX-76;32;40;SEC MUN. DE ASSISTENCIA SOCIAL;3;10/01/2024;;;;;;7 - Conselheiro;ELEICAO/INDICACAO;;;Contrato Temporario;;CONSELHEIRO TUTELAR
;Folha Mensal - Abril;CLEIDIANO HENRIQUE DA SILVA;DIRETOR DE DEPARTAMENTO;168,49;1.956,71;2.125,20;PREFEITURA MUNICIPAL DE PADRE MARCOS-PI;SECRETARIA MUNICIPAL  DE ADMINISTRAÇÃO;SEAD -  DEPTO. ADMINISTRAÇÃO V- COMISSIONADOS;COMISSIONADOS;013.XXX.XXX-70;290;40;PREDIO DA PREFEITURA;2;02/01/2025;;;;;;2 - Comissão;LIVRE PROVIMENTO ;;;Função de Confiança;;DIRETOR DE PROGRAMAS E POJETOS DO SETOR DE TRIBUTOS
;Folha Mensal - Abril;CLEIVIMAR MARIA DE SOUSA;GARI;279,31;2.149,49;2.428,80;PREFEITURA MUNICIPAL DE PADRE MARCOS-PI;SECRETARIA MUNICIPAL  DE ADMINISTRAÇÃO;SEAD - DEPTO.ADMINISTRAÇÃO II;EFETIVOS;026.XXX.XXX-02;5;40;;1;19/01/2015;;;;;;1 - Efetivo;CONCURSO PUBLICO ;;;Efetivo;;GARI
;Rescisão - Abril;CLENILDA JOSINA DE JESUS;DIRETOR DE DEPARTAMENTO;;0,00;;SECRETARIA MUNICIPAL DE EDUCAÇÃO;FUNDO DE MANUT. E DEC.DA EDUC.BASICA-FUNDEB;SME- DEPTOR ADM FUNDEB 30 % VI - COMISSIONADOS;COMISSIONADOS;001.XXX.XXX-59;512;40;;2;02/01/2025;01/04/2025;;04/2025;;;2 - Comissão;LIVRE PROVIMENTO ;;;Função de Confiança;;DIRETOR DE DEPARTAMENTO
;Folha Mensal - Abril;CLENILSA JOSEFINA LEAL;DIRETOR DE DEPARTAMENTO;130,24;1.569,92;1.700,16;SECRETARIA MUNICIPAL DE EDUCAÇÃO;FUNDO DE MANUT. E DEC.DA EDUC.BASICA-FUNDEB;SME- DEPTOR ADM FUNDEB 30 % VI - COMISSIONADOS;COMISSIONADOS;044.XXX.XXX-08;483;40;;2;02/01/2025;;;01/2026;;;2 - Comissão;LIVRE PROVIMENTO ;;;Contrato Temporario;;DIRETOR DE DEPARTAMENTO
;Folha Mensal - Abril;CLESSIA SILVA LEAL;MONITOR(A);113,85;1.404,15;1.518,00;SECRETARIA MUNICIPAL DE EDUCAÇÃO;SECRETARIA MUNICIPAL DE EDUCAÇÃO;SME-DEPTO.CONTRATO-ENSINO FUNDEB 30%;CONTRATO TEMPORÁRIO;081.XXX.XXX-08;702;40;SECRETARIA MUNICIPAL DE EDUCAÇÃO;1;24/02/2025;;;;;;3 - Temporário;TEMPO DETERMINADO;;;Contrato Temporario;;MONITOR(A)
;Folha Mensal - Abril;CLOVIS FRANCISCO DE MORAIS;MONITOR(A);113,85;1.404,15;1.518,00;SECRETARIA MUNICIPAL DE EDUCAÇÃO;FUNDO DE MANUT. E DEC.DA EDUC.BASICA-FUNDEB;SME-DEPTO.CONTRATO-ENSINO FUNDEB 30%;CONTRATO TEMPORÁRIO;065.XXX.XXX-11;409;40;;5;02/03/2025;;01/2023;;;;3 - Temporário;TEMPO DETERMINADO;;;Contrato Temporario;;MONITOR(A)
;Folha Mensal - Abril;CONCEIÇÃO DE MARIA DE ARAUJO BEZERRA;FISIOTERAPEUTA;837,11;3.929,36;4.766,47;SECRETARIA MUNICIPAL DE SAUDE;SECRETARIA MUNICIPAL DE SAUDE;SMS - SEC. SAUDE NASF II - PAB;EFETIVOS;030.XXX.XXX-41;126;40;;1;02/02/2015;;;01/2022;;;1 - Efetivo;CONCURSO PUBLICO ;;;Efetivo;;FISIOTERAPEUTA
;Folha Mensal - Abril;CRISTINA MARIA LEAL;MONITOR(A);113,85;1.404,15;1.518,00;SECRETARIA MUNICIPAL DE EDUCAÇÃO;FUNDO DE MANUT. E DEC.DA EDUC.BASICA-FUNDEB;SME-DEPTO.CONTRATO-ENSINO FUNDEB 30%;CONTRATADOS  EDUCAÇÃO;908.XXX.XXX-68;311;40;;5;24/02/2025;;;;;;3 - Temporário;TEMPO DETERMINADO;;;Contrato Temporario;;MONITOR(A)
;Folha Mensal - Abril;DAIANA KELLY DA SILVA;DIRETOR DE DEPARTAMENTO;113,85;1.404,15;1.518,00;SECRETARIA MUNICIPAL DE EDUCAÇÃO;FUNDO DE MANUT. E DEC.DA EDUC.BASICA-FUNDEB;SME- DEPTOR ADM FUNDEB 30 % VI - COMISSIONADOS;COMISSIONADOS;037.XXX.XXX-75;530;40;SECRETARIA MUNICIPAL DE EDUCAÇÃO;2;02/01/2025;;;;;;2 - Comissão;LIVRE PROVIMENTO ;;;Função de Confiança;;DIRETOR DE DEPARTAMENTO
;Folha Mensal - Abril;DALILA ANTONIA LEAL;AG.COMUNITÁRIO DE SAÚDE;410,90;3.532,30;3.943,20;SECRETARIA MUNICIPAL DE SAUDE;SECRETARIA MUNICIPAL DE SAUDE;SMS - SEC.DE SAUDE - ACS I - PAB;CONTRATO TEMPORÁRIO;002.XXX.XXX-08;243;40;SECRETARIA MUNICIPAL DE SAÚDE;7;02/01/2025;;;;;;3 - Temporário;TEMPO DETERMINADO;;;Contrato Temporario;;AG.COMUNITÁRIO DE SAÚDE
;Folha Mensal - Abril;DALVA MARIA DA SILVA;CONTROLADOR GERAL;180,23;2.075,37;2.255,60;PREFEITURA MUNICIPAL DE PADRE MARCOS-PI;GABINETE DO PREFEITO;GABINETE DO PREFEITO;COMISSIONADOS;322.XXX.XXX-15;113;40;;3;02/01/2025;;;;;;3 - Temporário;TEMPO DETERMINADO;;;Contrato Temporario;;CONTROLADOR GERAL
;Folha Mensal - Abril;DANIEL CARVALHO RODRIGUES;ASSESSOR ESPECIAL;148,00;1.749,50;1.897,50;SECRETARIA MUNICIPAL DE SAUDE;SECRETARIA MUNICIPAL DE SAUDE;SMS-DEPTO.SEC.SAUDE-CONTRATADOS - FUS;COMISSIONADOS;102.XXX.XXX-06;1075;40;;1;01/03/2025;;;;;;2 - Comissão;LIVRE PROVIMENTO ;;;;;ASSESSOR ESPECIAL
;Folha Mensal - Abril;DARCILENE MOURA ARAÚJO SOUSA;PROFESSOR SE 40H;2.263,61;5.911,31;8.174,92;SECRETARIA MUNICIPAL DE EDUCAÇÃO;SECRETARIA MUNICIPAL DE EDUCAÇÃO;SME- DEPTO ENSINO INFANTIL FUNDEB 70% - EFETIVOS;EFETIVO - PROFESSORES;330.XXX.XXX-68;168;40;CRECHE PRÉ-ESCOLAR MARGARIDA DE JESUS ALENCAR ( TIA GUIDA);1;15/02/2000;;;019/2023;;;1 - Efetivo;CONCURSO PUBLICO ;;;Efetivo;;PROFESSOR SE 40H
;Folha Mensal - Abril;DAUAN DANIEL DE SOUSA;PROFESSOR SL 40H - CELETISTA;503,53;3.482,71;3.986,24;SECRETARIA MUNICIPAL DE EDUCAÇÃO;SECRETARIA MUNICIPAL DE EDUCAÇÃO;SME - DEPTOR. ENSINO FUNDEB 70% IV - CELETISTAS;CONTRATADOS  EDUCAÇÃO;050.XXX.XXX-97;489;40;;3;24/02/2025;;;;;;3 - Temporário;TEMPO DETERMINADO;;;Contrato Temporario;;PROFESSOR SL 40H - CELETISTA
;Folha Mensal - Abril;DEBORA LIMA BARROS;PSICOLOGO;175,23;2.024,77;2.200,00;SECRETARIA MUNICIPAL DE ASSISTENCIA SOCIAL;FUNDO MUNICIPAL DE ASSISTENCIA SOCIAL-FMAS;CENTRO DE REFERENCIA. ASSISTENCIA SOCIAL-CRAS-PSB;CONTRATO TEMPORÁRIO;046.XXX.XXX-07;498;40;;3;01/03/2025;;;;;;3 - Temporário;TEMPO DETERMINADO;;;Contrato Temporario;;PSICOLOGO
;Folha Mensal - Abril;DEBORA RIBEIRO LEAL DIAS;ORIENTADOR SOCIAL;113,85;1.404,15;1.518,00;SECRETARIA MUNICIPAL DE ASSISTENCIA SOCIAL;SECRETARIA MUNICIPAL DE ASSISTENCIA SOCIAL;SASC-SEC.ASSISTENCIA SOCIAL - ORIENTADORES;CONTRATO TEMPORÁRIO;068.XXX.XXX-92;265;40;;4;01/03/2025;;;;;;3 - Temporário;TEMPO DETERMINADO;03/2025;;Contrato Temporario;;ORIENTADOR SOCIAL
;Folha Mensal - Abril;DENISE DE CARVALHO SILVA;ASSESSOR TÉCNICO (A) ADMINISTRATIVO;113,85;1.404,15;1.518,00;SECRETARIA MUNICIPAL DE EDUCAÇÃO;FUNDO DE MANUT. E DEC.DA EDUC.BASICA-FUNDEB;SME- DEPTOR ADM FUNDEB 30 % VI - COMISSIONADOS;COMISSIONADOS;079.XXX.XXX-77;777;40;;1;01/04/2025;;;;;;2 - Comissão;TEMPO DETERMINADO;;;Função de Confiança;;ASSESSOR TÉCNICO (A) ADMINISTRATIVO
;Folha Mensal - Abril;DEUSDARIA DE SOUSA MACEDO CARVALHO;PROFESSOR SE 40H;2.344,67;6.114,70;8.459,37;SECRETARIA MUNICIPAL DE EDUCAÇÃO;SECRETARIA MUNICIPAL DE EDUCAÇÃO;SME- DEPTOR ENSINO FUNDEB 70% II;EFETIVO - PROFESSORES;839.XXX.XXX-34;169;40;U.E.M. JOSE DE MOURA LEAL;1;02/02/1998;;;;;;1 - Efetivo;CONCURSO PUBLICO ;;;Efetivo;;PROFESSOR SE 40H
;Folha Mensal - Abril;DIEGO ARTHUR GOMES SILVA;ASSESSOR TÉCNICO (A) ADMINISTRATIVO;195,82;2.232,98;2.428,80;PREFEITURA MUNICIPAL DE PADRE MARCOS-PI;SECRETARIA MUNICIPAL  DE ADMINISTRAÇÃO;SEAD -  DEPTO. ADMINISTRAÇÃO V- COMISSIONADOS;COMISSIONADOS;118.XXX.XXX-80;486;40;;2;03/02/2025;;;;;;2 - Comissão;TEMPO DETERMINADO;;;Função de Confiança;;DIRETOR ADMINISTRATIVO
;Folha Mensal - Abril;DIONÍSIO JOSÉ DA SILVA;DIRETOR DE DEPARTAMENTO;113,85;1.404,15;1.518,00;SECRETARIA MUNICIPAL DE EDUCAÇÃO;FUNDO DE MANUT. E DEC.DA EDUC.BASICA-FUNDEB;SME- DEPTOR ADM FUNDEB 30 % VI - COMISSIONADOS;COMISSIONADOS;000.XXX.XXX-95;608;40;SECRETARIA MUNICIPAL DE EDUCAÇÃO;1;03/02/2025;;;;;;2 - Comissão;LIVRE PROVIMENTO ;;;Função de Confiança;;DIRETOR DE DEPARTAMENTO
;Folha Mensal - Abril;DOMINGOS ALFREDO DA SILVA;AG. COMUNITARIO DE SAÚDE;1.538,94;3.011,46;4.550,40;SECRETARIA MUNICIPAL DE SAUDE;SECRETARIA MUNICIPAL DE SAUDE;SMS - SEC.DE SAUDE - ACS I - PAB;EFETIVOS;014.XXX.XXX-33;46;40;SECRETARIA MUNICIPAL DE SAÚDE;1;01/04/2008;;;;;;1 - Efetivo;CONCURSO PUBLICO ;;;Efetivo;;AG. COMUNITARIO DE SAÚDE
;Folha Mensal - Abril;DOMINGOS ALFREDO DA SILVA;DIRETOR ADJUNTO;1.090,97;2.109,03;3.200,00;SECRETARIA MUNICIPAL DE EDUCAÇÃO;SECRETARIA MUNICIPAL DE EDUCAÇÃO;SME- DEPTOR. ENSINO FUNDEB 70% V - COMISSIONADOS;COMISSIONADOS EDUCAÇÃO;014.XXX.XXX-33;46;40;UNIDADE ESCOLAR MUNICIPAL DAVI SEVERIANO DE CARVALHO;5;02/01/2025;;;;;;3 - Temporário;TEMPO DETERMINADO;;;Função de Confiança;;DIRETOR ADJUNTO
;Folha Mensal - Abril;EDELSON EDIMILSON DA SILVA;COORDENADOR(A) PEDAGÓGICO;305,60;2.894,40;3.200,00;SECRETARIA MUNICIPAL DE EDUCAÇÃO;SECRETARIA MUNICIPAL DE EDUCAÇÃO;SME- DEPTOR. ENSINO FUNDEB 70% V - COMISSIONADOS;COMISSIONADOS EDUCAÇÃO;066.XXX.XXX-48;244;40;;5;02/01/2025;;;;;;2 - Comissão;TEMPO DETERMINADO;;;Função de Confiança;;COORDENADOR(A) PEDAGÓGICO
;Folha Mensal - Abril;EDENA MARIA DE SOUSA;TECNICO EM ENFERMAGEM;244,40;1.804,90;2.049,30;SECRETARIA MUNICIPAL DE SAUDE;SECRETARIA MUNICIPAL DE SAUDE;SMS-DEPTOR.SEC. DE SAUDE II - FUS;EFETIVOS;397.XXX.XXX-34;16;40;SECRETARIA MUNICIPAL DE SAÚDE;1;02/02/2015;;;20/2022;;;1 - Efetivo;CONCURSO PUBLICO ;;;Efetivo;;TECNICO EM ENFERMAGEM
;Folha Complementar c/ Encargos - Abril;EDENA MARIA DE SOUSA;TECNICO EM ENFERMAGEM;277,60;-277,60;;SECRETARIA MUNICIPAL DE SAUDE;SECRETARIA MUNICIPAL DE SAUDE;SMS-DEPTOR.SEC. DE SAUDE II - FUS;EFETIVOS;397.XXX.XXX-34;16;40;SECRETARIA MUNICIPAL DE SAÚDE;1;02/02/2015;;;20/2022;;;1 - Efetivo;CONCURSO PUBLICO ;;;Efetivo;;TECNICO EM ENFERMAGEM
;Folha Mensal - Abril;EDILENE MACEDO SILVA;PROFESSOR SE 40H;2.036,00;5.644,23;7.680,23;SECRETARIA MUNICIPAL DE EDUCAÇÃO;SECRETARIA MUNICIPAL DE EDUCAÇÃO;SME- DEPTO ENSINO INFANTIL FUNDEB 70% - EFETIVOS;EFETIVO - PROFESSORES;035.XXX.XXX-75;134;40;CRECHE PRÉ-ESCOLAR MARGARIDA DE JESUS ALENCAR ( TIA GUIDA);1;02/03/2015;;;;;;1 - Efetivo;CONCURSO PUBLICO ;;;Efetivo;;PROFESSOR SE 40H
;Folha Mensal - Abril;EDILSON ANTONIO DA SILVA;VIGILANTE;273,24;1.548,36;1.821,60;SECRETARIA MUNICIPAL DE EDUCAÇÃO;FUNDO DE MANUT. E DEC.DA EDUC.BASICA-FUNDEB;SME- DEPTO ADM. FUNDEB 30% IV;EFETIVOS;319.XXX.XXX-40;102;40;U.E.M. JOSE DE MOURA LEAL;1;02/03/2015;;;;;;1 - Efetivo;CONCURSO PUBLICO ;;;Efetivo;;VIGILANTE
;Folha Mensal - Abril;EDIMAR BENEDITO DA SILVA;AUX.JUNTA SERV. MILITAR;366,60;2.251,95;2.618,55;PREFEITURA MUNICIPAL DE PADRE MARCOS-PI;SECRETARIA MUNICIPAL  DE ADMINISTRAÇÃO;SEAD - DEPTO. ADMINISTRAÇÃO III;TEMPO DE SERVIÇO;159.XXX.XXX-34;114;40;;1;01/06/1984;;;10/2025;;;1 - Efetivo;CONCURSO PUBLICO ;;;Efetivo;;AUX.JUNTA SERV. MILITAR
;Folha Mensal - Abril;EDINALDA DE ARAUJO SILVA;PROFESSORA DE EJA - CELETISTA;503,53;3.482,71;3.986,24;SECRETARIA MUNICIPAL DE EDUCAÇÃO;SECRETARIA MUNICIPAL DE EDUCAÇÃO;SME-DEPTOR. ENSINO FUNDEB 70%  VI EJA;CONTRATADOS  EDUCAÇÃO;877.XXX.XXX-53;300;40;UNIDADE ESCOLAR MUNICIPAL DAVI SEVERIANO DE CARVALHO;6;24/02/2025;;;;;;3 - Temporário;TEMPO DETERMINADO;;;Contrato Temporario;;PROFESSOR SL 40H - CELETISTA
;Folha Mensal - Abril;EDJENANE MACEDO MOURA;DIRETOR(A) DE ESCOLA;305,60;2.894,40;3.200,00;SECRETARIA MUNICIPAL DE EDUCAÇÃO;SECRETARIA MUNICIPAL DE EDUCAÇÃO;SME- DEPTOR. ENSINO FUNDEB 70% V - COMISSIONADOS;COMISSIONADOS EDUCAÇÃO;953.XXX.XXX-20;302;40;CRECHE PRÉ-ESCOLAR MARGARIDA DE JESUS ALENCAR ( TIA GUIDA);3;02/01/2025;;;;;;2 - Comissão;LIVRE PROVIMENTO ;;;Função de Confiança;;DIRETOR(A) DE ESCOLA
;Folha Mensal - Abril;EDSON LOPES DA SILVA;ASSESSOR TÉCNICO (A) ADMINISTRATIVO;195,82;2.232,98;2.428,80;PREFEITURA MUNICIPAL DE PADRE MARCOS-PI;SECRETARIA MUNICIPAL  DE ADMINISTRAÇÃO;SMO - SECRETARIA DE OBRAS;COMISSIONADOS;023.XXX.XXX-65;511;40;;3;02/01/2025;;;07/205;;;2 - Comissão;TEMPO DETERMINADO;;;Função de Confiança;;ASSESSOR TÉCNICO (A) ADMINISTRATIVO
;Folha Mensal - Abril;EDSON MACEDO CARVALHO;PROFESSOR SE 40H;2.344,67;6.114,70;8.459,37;SECRETARIA MUNICIPAL DE EDUCAÇÃO;SECRETARIA MUNICIPAL DE EDUCAÇÃO;SME- DEPTOR ENSINO FUNDEB 70% II;EFETIVO - PROFESSORES;553.XXX.XXX-15;172;40;UNIDADE ESCOLAR MUNICIPAL CÂNDIDA MACEDO;1;02/02/1998;;;016/2023;;;1 - Efetivo;CONCURSO PUBLICO ;;;Efetivo;;PROFESSOR SE 40H
;Folha Mensal - Abril;EDVALDO JOAQUIM DA SILVA SOBRINHO;MONITOR(A);113,85;1.404,15;1.518,00;SECRETARIA MUNICIPAL DE EDUCAÇÃO;FUNDO DE MANUT. E DEC.DA EDUC.BASICA-FUNDEB;SME-DEPTO.CONTRATO-ENSINO FUNDEB 30%;CONTRATO TEMPORÁRIO;289.XXX.XXX-28;764;40;;1;01/03/2025;;;;;;3 - Temporário;TEMPO DETERMINADO;;;Contrato Temporario;;MONITOR(A)
;Folha Mensal - Abril;EDVAR JOSE DE ARAUJO;AG. COMUNITARIO DE SAÚDE;708,78;3.689,82;4.398,60;SECRETARIA MUNICIPAL DE SAUDE;SECRETARIA MUNICIPAL DE SAUDE;SMS - SEC.DE SAUDE - ACS I - PAB;EFETIVOS;819.XXX.XXX-15;47;40;;1;18/03/2003;;;;;;1 - Efetivo;CONCURSO PUBLICO ;;;Efetivo;;AG. COMUNITARIO DE SAÚDE
;Folha Mensal - Abril;EIDE JOSE RIBEIRO;VIGILANTE;223,15;1.739,35;1.962,50;PREFEITURA MUNICIPAL DE PADRE MARCOS-PI;SECRETARIA MUNICIPAL  DE ADMINISTRAÇÃO;SEAD - DEPTO. ADMINISTRAÇÃO III;EFETIVOS;818.XXX.XXX-87;115;40;;1;02/03/1999;;;;;;1 - Efetivo;CONCURSO PUBLICO ;;;Efetivo;;VIGILANTE
;Folha Mensal - Abril;ELAINE DE SOUSA CARVALHO;NUTRICIONISTA;673,59;3.801,41;4.475,00;SECRETARIA MUNICIPAL DE SAUDE;SECRETARIA MUNICIPAL DE SAUDE;SMS - SEC. SAUDE NASF II - PAB;EFETIVOS;024.XXX.XXX-27;127;40;;1;02/02/2015;;;;;;1 - Efetivo;CONCURSO PUBLICO ;;;Efetivo;;NUTRICIONISTA
;Folha Mensal - Abril;ELIALDO ELISVALDO DE MACEDO;DIRETOR DE DEPARTAMENTO;168,49;1.956,71;2.125,20;SECRETARIA MUNICIPAL DE EDUCAÇÃO;FUNDO DE MANUT. E DEC.DA EDUC.BASICA-FUNDEB;SME- DEPTOR ADM FUNDEB 30 % VI - COMISSIONADOS;COMISSIONADOS EDUCAÇÃO;036.XXX.XXX-32;381;40;;2;02/01/2025;;;06/2025;;;2 - Comissão;LIVRE PROVIMENTO ;;;Função de Confiança;;DIRETOR DE DEPARTAMENTO
;Folha Mensal - Abril;ELIANA RODRIGUES DE SOUSA;PROFESSOR SE 40H;5.159,65;3.299,72;8.459,37;SECRETARIA MUNICIPAL DE EDUCAÇÃO;SECRETARIA MUNICIPAL DE EDUCAÇÃO;SME- DEPTOR ENSINO FUNDEB 70% II;EFETIVO - PROFESSORES;628.XXX.XXX-34;174;40;CRECHE PRÉ-ESCOLAR MARGARIDA DE JESUS ALENCAR ( TIA GUIDA);1;02/02/1998;;;;;;1 - Efetivo;CONCURSO PUBLICO ;;;Efetivo;;PROFESSOR SE 40H
;Folha Mensal - Abril;ELIANE FRANCISCA DE SOUSA SILVA;PROFESSOR SL 40H - CELETISTA;503,53;3.482,71;3.986,24;SECRETARIA MUNICIPAL DE EDUCAÇÃO;SECRETARIA MUNICIPAL DE EDUCAÇÃO;SME - DEPTOR. ENSINO FUNDEB 70% IV - CELETISTAS;CONTRATADOS  EDUCAÇÃO;012.XXX.XXX-06;253;40;;7;24/02/2025;;;;;;3 - Temporário;TEMPO DETERMINADO;;;Contrato Temporario;;PROFESSOR SL 40H - CELETISTA
;Folha Mensal - Abril;ELIDOMAR EDIMAR DE CARVALHO;ASSESSOR TÉCNICO (A) ADMINISTRATIVO;148,00;1.749,50;1.897,50;SECRETARIA MUNICIPAL DE EDUCAÇÃO;FUNDO DE MANUT. E DEC.DA EDUC.BASICA-FUNDEB;SME- DEPTOR ADM FUNDEB 30 % VI - COMISSIONADOS;COMISSIONADOS EDUCAÇÃO;078.XXX.XXX-08;713;40;;1;01/03/2025;;;;;;2 - Comissão;TEMPO DETERMINADO;;;Função de Confiança;;ASSESSOR TÉCNICO (A) ADMINISTRATIVO
;Folha Mensal - Abril;ELINEIDE MARIA DA SILVA ARAÚJO ALMEIDA;COZINHEIRO (A);244,40;1.566,30;1.810,70;SECRETARIA MUNICIPAL DE EDUCAÇÃO;FUNDO DE MANUT. E DEC.DA EDUC.BASICA-FUNDEB;SME- DEPTO. ADM.FUNDEB 30% I;EFETIVOS;024.XXX.XXX-77;68;40;U.E.M. JOSE DE MOURA LEAL;1;01/04/2015;;;;;;1 - Efetivo;CONCURSO PUBLICO ;;;Efetivo;;COZINHEIRO (A)
;Adiantamento 13º Salário - Abril;ELINEIDE MARIA DA SILVA ARAÚJO ALMEIDA;COZINHEIRO (A);;872,85;872,85;SECRETARIA MUNICIPAL DE EDUCAÇÃO;FUNDO DE MANUT. E DEC.DA EDUC.BASICA-FUNDEB;SME- DEPTO. ADM.FUNDEB 30% I;EFETIVOS;024.XXX.XXX-77;68;40;U.E.M. JOSE DE MOURA LEAL;1;01/04/2015;;;;;;1 - Efetivo;CONCURSO PUBLICO ;;;Efetivo;;COZINHEIRO (A)
;Folha Mensal - Abril;ELIO ZACARIAS DA SILVA JUNIOR;AUXI.DE SERV. GERAIS- SELETISTAS;113,85;1.404,15;1.518,00;SECRETARIA MUNICIPAL DE EDUCAÇÃO;FUNDO DE MANUT. E DEC.DA EDUC.BASICA-FUNDEB;SME-DEPTO.CONTRATO-ENSINO FUNDEB 30%;CONTRATADOS  EDUCAÇÃO;006.XXX.XXX-05;412;40;;3;02/01/2025;;;;;;3 - Temporário;ELEICAO/INDICACAO;;;Contrato Temporario;;ASSESSOR TÉCNICO (A) ADMINISTRATIVO
;Folha Mensal - Abril;ELISVAN JACINTO GOMES CARVALHO;ASSESSOR TÉCNICO (A) ADMINISTRATIVO;195,82;2.232,98;2.428,80;SECRETARIA MUNICIPAL DE EDUCAÇÃO;FUNDO DE MANUT. E DEC.DA EDUC.BASICA-FUNDEB;SME- DEPTOR ADM FUNDEB 30 % VI - COMISSIONADOS;COMISSIONADOS EDUCAÇÃO;835.XXX.XXX-10;430;40;;2;02/01/2025;;;;;;2 - Comissão;TEMPO DETERMINADO;;;Função de Confiança;;ASSESSOR TÉCNICO (A) ADMINISTRATIVO
;Folha Mensal - Abril;ELITÂNIA JOSEFA DE CARVALHO MACEDO;VISITADOR PCF;113,85;1.404,15;1.518,00;SECRETARIA MUNICIPAL DE ASSISTENCIA SOCIAL;SECRETARIA MUNICIPAL DE ASSISTENCIA SOCIAL; PROG.CRIANÇA FELIZ;COMISSIONADOS;080.XXX.XXX-03;500;40;;2;01/03/2025;;;;;;3 - Temporário;TEMPO DETERMINADO;;;Contrato Temporario;;VISITADOR PCF
;Folha Mensal - Abril;ELITANIA MARIA CONCEIÇÃO;PROFESSOR SL 40H - CELETISTA;503,53;3.482,71;3.986,24;SECRETARIA MUNICIPAL DE EDUCAÇÃO;SECRETARIA MUNICIPAL DE EDUCAÇÃO;SME - DEPTOR. ENSINO FUNDEB 70% IV - CELETISTAS;CONTRATADOS  EDUCAÇÃO;966.XXX.XXX-87;249;40;UNIDADE ESCOLAR MUNICIPAL CÂNDIDA MACEDO;7;24/02/2025;;;;;;3 - Temporário;TEMPO DETERMINADO;;;Contrato Temporario;;PROFESSOR SL 40H - CELETISTA
;Folha Mensal - Abril;ELIUDE ERASMA ALVES;DIRETOR DE DEPARTAMENTO;113,85;1.404,15;1.518,00;SECRETARIA MUNICIPAL DE EDUCAÇÃO;FUNDO DE MANUT. E DEC.DA EDUC.BASICA-FUNDEB;SME- DEPTOR ADM FUNDEB 30 % VI - COMISSIONADOS;COMISSIONADOS EDUCAÇÃO;367.XXX.XXX-35;597;40;SECRETARIA MUNICIPAL DE EDUCAÇÃO;1;02/01/2025;;;;;;2 - Comissão;LIVRE PROVIMENTO ;;;Efetivo;;DIRETOR DE DEPARTAMENTO
;Folha Mensal - Abril;ELIVELTON EDIVALDO DE MACEDO CARVALHO;ASSESSOR ESPECIAL;195,82;2.232,98;2.428,80;SECRETARIA MUNICIPAL DE EDUCAÇÃO;FUNDO DE MANUT. E DEC.DA EDUC.BASICA-FUNDEB;SME- DEPTOR ADM FUNDEB 30 % VI - COMISSIONADOS;COMISSIONADOS;046.XXX.XXX-75;715;40;;1;01/03/2025;;;;;;2 - Comissão;LIVRE PROVIMENTO ;;;Função de Confiança;;ASSESSOR ESPECIAL
;Folha Mensal - Abril;ELLEN RIBEIRO SILVA;ASSESSOR ESPECIAL;113,85;1.404,15;1.518,00;SECRETARIA MUNICIPAL DE EDUCAÇÃO;SECRETARIA MUNICIPAL DE EDUCAÇÃO;SME- DEPTOR ADM FUNDEB 30 % VI - COMISSIONADOS;COMISSIONADOS;047.XXX.XXX-38;1076;40;;1;01/03/2025;;;;;;2 - Comissão;LIVRE PROVIMENTO ;;;Função de Confiança;;ASSESSOR ESPECIAL
;Folha Mensal - Abril;EMANOELA CONRADO SOUSA LIMA;PROFESSOR SE 40H;3.936,71;3.459,07;7.395,78;SECRETARIA MUNICIPAL DE EDUCAÇÃO;SECRETARIA MUNICIPAL DE EDUCAÇÃO;SME- DEPTO ENSINO INFANTIL FUNDEB 70% - EFETIVOS;EFETIVO - PROFESSORES;790.XXX.XXX-49;135;40;CRECHE PRÉ-ESCOLAR MARGARIDA DE JESUS ALENCAR ( TIA GUIDA);1;02/03/2015;;;;;;1 - Efetivo;CONCURSO PUBLICO ;;;Efetivo;;PROFESSOR SE 40H
;Folha Mensal - Abril;EMANUELA PAIVA SILVA;DIRETOR DE DEPARTAMENTO;113,85;1.404,15;1.518,00;SECRETARIA MUNICIPAL DE EDUCAÇÃO;FUNDO DE MANUT. E DEC.DA EDUC.BASICA-FUNDEB;SME- DEPTOR ADM FUNDEB 30 % VI - COMISSIONADOS;COMISSIONADOS EDUCAÇÃO;068.XXX.XXX-10;448;40;;2;02/01/2025;;;;;;2 - Comissão;LIVRE PROVIMENTO ;;;Função de Confiança;;DIRETOR DE DEPARTAMENTO
;Folha Mensal - Abril;EMERSON ROBERTO DA SILVA;ORIENTADOR SOCIAL;113,85;1.404,15;1.518,00;SECRETARIA MUNICIPAL DE ASSISTENCIA SOCIAL;SECRETARIA MUNICIPAL DE ASSISTENCIA SOCIAL;SASC-SEC.ASSISTENCIA SOCIAL - ORIENTADORES;CONTRATO TEMPORÁRIO;068.XXX.XXX-30;453;40;;5;02/03/2025;;;;;;3 - Temporário;TEMPO DETERMINADO;03/2025;;Contrato Temporario;;ORIENTADOR SOCIAL
;Folha Mensal - Abril;ENOQUE HERMINO LEAL;ASSESSOR TÉCNICO (A) ADMINISTRATIVO;113,85;1.404,15;1.518,00;PREFEITURA MUNICIPAL DE PADRE MARCOS-PI;SECRETARIA MUNICIPAL  DE ADMINISTRAÇÃO;SEAD -  DEPTO. ADMINISTRAÇÃO V- COMISSIONADOS;COMISSIONADOS;869.XXX.XXX-20;469;40;;2;03/02/2025;;;;;;2 - Comissão;TEMPO DETERMINADO;;;Função de Confiança;;ASSESSOR TÉCNICO (A) ADMINISTRATIVO
;Folha Mensal - Abril;ERALDO CARVALHO GOMES;SECRETARIO DE  EDUCAÇÃO;315,78;1.939,82;2.255,60;PREFEITURA MUNICIPAL DE PADRE MARCOS-PI;SECRETARIA MUNICIPAL DE FINANÇAS;SECRETARIA MUNICIPAL DE EDUCAÇÃO;EFETIVOS;010.XXX.XXX-27;214;40;;1;02/03/2015;;;;;;5 - Função de Confiança;TEMPO DETERMINADO;;;Efetivo em Comissão;;AUX. DE SERV. GERAIS
;Folha Mensal - Abril;ERICK LOURAM DE CARVALHO;ASSESSOR ESPECIAL;195,82;2.232,98;2.428,80;SECRETARIA MUNICIPAL DE EDUCAÇÃO;FUNDO DE MANUT. E DEC.DA EDUC.BASICA-FUNDEB;SME- DEPTOR ADM FUNDEB 30 % VI - COMISSIONADOS;COMISSIONADOS EDUCAÇÃO;080.XXX.XXX-00;548;40;SECRETARIA MUNICIPAL DE EDUCAÇÃO;2;03/02/2025;;;;;;2 - Comissão;LIVRE PROVIMENTO ;;;Função de Confiança;;ASSESSOR ESPECIAL
;Folha Mensal - Abril;ERIK RAMON MACEDO;VIGILANTE;273,24;1.678,36;1.951,60;SECRETARIA MUNICIPAL DE EDUCAÇÃO;FUNDO DE MANUT. E DEC.DA EDUC.BASICA-FUNDEB;SME- DEPTO ADM. FUNDEB 30% IV;EFETIVOS;007.XXX.XXX-03;103;40;UNIDADE ESCOLAR MUNICIPAL DAVI SEVERIANO DE CARVALHO;1;27/02/2015;;;;;;1 - Efetivo;CONCURSO PUBLICO ;;;Efetivo;;VIGILANTE
;Folha Mensal - Abril;ERIMAR DE CARVALHO GOMES;SECRETARIO MUNICIPAL DE TRANSPORTE;180,23;2.075,37;2.255,60;PREFEITURA MUNICIPAL DE PADRE MARCOS-PI;SECRETARIA MUNICIPAL  DE ADMINISTRAÇÃO;ADM.SEC.MUNICIPAL DE TRANSPORTES;COMISSIONADOS;001.XXX.XXX-32;258;40;;3;02/01/2025;;;;;;2 - Comissão;LIVRE PROVIMENTO ;;;Função de Confiança;;SECRETARIO MUNICIPAL DE TRANSPORTE
;Folha Mensal - Abril;ERISVALDO FRANCISCO DA SILVA LIMA;AUX. DE SERVIÇOS GERAIS;113,85;1.404,15;1.518,00;SECRETARIA MUNICIPAL DE SAUDE;SECRETARIA MUNICIPAL DE SAUDE;SMS-DEPTO.SEC.SAUDE-CONTRATADOS - FUS;CONTRATO TEMPORÁRIO;022.XXX.XXX-70;256;40;;5;02/01/2025;;;;;;3 - Temporário;TEMPO DETERMINADO;;;Contrato Temporario;;AUX. DE SERVIÇOS GERAIS
;Folha Mensal - Abril;ESEQUIEL JOAQUIM SILVA DIAS;ENFERMEIRO;2.477,62;5.647,38;8.125,00;SECRETARIA MUNICIPAL DE SAUDE;SECRETARIA MUNICIPAL DE SAUDE;SMS - DEPTOR .SEC. DE SAUDE - PAB;EFETIVOS;823.XXX.XXX-15;118;40;UNIDADE PSF;1;01/04/2008;;;;;;1 - Efetivo;CONCURSO PUBLICO ;;;Efetivo;;ENFERMEIRO
;Adiantamento 13º Salário - Abril;ESEQUIEL JOAQUIM SILVA DIAS;ENFERMEIRO;;3.562,51;3.562,51;SECRETARIA MUNICIPAL DE SAUDE;SECRETARIA MUNICIPAL DE SAUDE;SMS - DEPTOR .SEC. DE SAUDE - PAB;EFETIVOS;823.XXX.XXX-15;118;40;UNIDADE PSF;1;01/04/2008;;;;;;1 - Efetivo;CONCURSO PUBLICO ;;;Efetivo;;ENFERMEIRO
;Folha Complementar c/ Encargos - Abril;ESEQUIEL JOAQUIM SILVA DIAS;ENFERMEIRO;119,79;-119,79;;SECRETARIA MUNICIPAL DE SAUDE;SECRETARIA MUNICIPAL DE SAUDE;SMS - DEPTOR .SEC. DE SAUDE - PAB;EFETIVOS;823.XXX.XXX-15;118;40;UNIDADE PSF;1;01/04/2008;;;;;;1 - Efetivo;CONCURSO PUBLICO ;;;Efetivo;;ENFERMEIRO
;Folha Mensal - Abril;ESEQUIEL JOAQUIM SILVA DIAS;PROFESSOR SL 20H;1.599,46;2.203,55;3.803,01;SECRETARIA MUNICIPAL DE EDUCAÇÃO;SECRETARIA MUNICIPAL DE EDUCAÇÃO;SME-DEPTOR. ENSINO FUNDEB 70%  VI EJA;EFETIVO - PROFESSORES;823.XXX.XXX-15;118;20;UNIDADE ESCOLAR MUNICIPAL DAVI SEVERIANO DE CARVALHO;2;15/02/2000;;;;;;1 - Efetivo;CONCURSO PUBLICO ;;;Efetivo;;PROFESSOR SL 20H
;Adiantamento 13º Salário - Abril;ESEQUIEL JOAQUIM SILVA DIAS;PROFESSOR SL 20H;;1.723,72;1.723,72;SECRETARIA MUNICIPAL DE EDUCAÇÃO;SECRETARIA MUNICIPAL DE EDUCAÇÃO;SME-DEPTOR. ENSINO FUNDEB 70%  VI EJA;EFETIVO - PROFESSORES;823.XXX.XXX-15;118;20;UNIDADE ESCOLAR MUNICIPAL DAVI SEVERIANO DE CARVALHO;2;15/02/2000;;;;;;1 - Efetivo;CONCURSO PUBLICO ;;;Efetivo;;PROFESSOR SL 20H
;Folha Mensal - Abril;EUDE DA SILVA OLIVEIRA;AUX. DE SERV. GERAIS;276,27;1.848,93;2.125,20;HOSPITAL MUNICIPAL DE PADRE MARCOS;SECRETARIA MUNICIPAL DE SAUDE;HOSPITAL - DEPTO. ADMINISTRATIVO I;EFETIVOS;925.XXX.XXX-34;17;40;HOSPITAL MUNICIPAL DE PADRE MARCOS;1;02/03/2015;;;;;;1 - Efetivo;CONCURSO PUBLICO ;;;Efetivo;;AUX. DE SERV. GERAIS
;Folha Mensal - Abril;EUNICE DA SILVA OLIVEIRA;PROFESSOR SE 40H;2.153,67;5.736,80;7.890,47;SECRETARIA MUNICIPAL DE EDUCAÇÃO;SECRETARIA MUNICIPAL DE EDUCAÇÃO;SME- DEPTO ENSINO INFANTIL FUNDEB 70% - EFETIVOS;EFETIVO - PROFESSORES;837.XXX.XXX-72;177;40;CRECHE PRÉ-ESCOLAR MARGARIDA DE JESUS ALENCAR ( TIA GUIDA);1;03/02/1995;;;;;;1 - Efetivo;CONCURSO PUBLICO ;;;Efetivo;;PROFESSOR SE 40H
;Folha Mensal - Abril;EUZELITE ALVES DE OLIVEIRA;SECRETARIO(A) ESCOLAR II;273,24;1.548,36;1.821,60;SECRETARIA MUNICIPAL DE EDUCAÇÃO;FUNDO DE MANUT. E DEC.DA EDUC.BASICA-FUNDEB;SME- DEPTO. ADM.FUNDEB 30% I;EFETIVOS;648.XXX.XXX-00;71;40;U.E.M. JOSE DE MOURA LEAL;1;03/02/2015;;;;01/09/2021;09/2021;1 - Efetivo;CONCURSO PUBLICO ;;;Efetivo;;SECRETARIO(A) ESCOLAR II
;Folha Mensal - Abril;EVA LEONICE DA COSTA SOUSA;PROFESSOR SL 40H - CELETISTA;503,53;3.482,71;3.986,24;SECRETARIA MUNICIPAL DE EDUCAÇÃO;SECRETARIA MUNICIPAL DE EDUCAÇÃO;SME- DEPTO  ENSINO INFANTIL FUNDEB 70% - SELETISTAS;CONTRATADOS  EDUCAÇÃO;050.XXX.XXX-51;398;40;;4;24/02/2025;;;;;;3 - Temporário;TEMPO DETERMINADO;;;Contrato Temporario;;PROFESSOR SL 40H - CELETISTA
;Folha Mensal - Abril;EVANA SÁ BRITO;PROFESSOR SE 40H;1.904,92;5.416,64;7.321,56;SECRETARIA MUNICIPAL DE EDUCAÇÃO;SECRETARIA MUNICIPAL DE EDUCAÇÃO;SME- DEPTO ENSINO INFANTIL FUNDEB 70% - EFETIVOS;EFETIVO - PROFESSORES;035.XXX.XXX-93;136;40;CRECHE PRÉ-ESCOLAR MARGARIDA DE JESUS ALENCAR ( TIA GUIDA);1;03/08/2015;;;04/2021;;;1 - Efetivo;CONCURSO PUBLICO ;;;Efetivo;;PROFESSOR SE 40H
;Folha Mensal - Abril;EVANDO EDVALDO DE MACEDO FILHO;DIRETOR DE DEPARTAMENTO;182,16;2.094,84;2.277,00;SECRETARIA MUNICIPAL DE EDUCAÇÃO;FUNDO DE MANUT. E DEC.DA EDUC.BASICA-FUNDEB;SME- DEPTOR ADM FUNDEB 30 % VI - COMISSIONADOS;COMISSIONADOS EDUCAÇÃO;080.XXX.XXX-39;478;40;SECRETARIA MUNICIPAL DE EDUCAÇÃO;2;02/01/2025;;;06/2025;;;2 - Comissão;LIVRE PROVIMENTO ;;;Função de Confiança;;DIRETOR DE DEPARTAMENTO
;Folha Mensal - Abril;EVANIO WAGNEY DE CARVALHO TEIXEIRA;ASSESSOR TÉCNICO (A) ADMINISTRATIVO;182,16;2.094,84;2.277,00;SECRETARIA MUNICIPAL DE EDUCAÇÃO;FUNDO DE MANUT. E DEC.DA EDUC.BASICA-FUNDEB;SME- DEPTOR ADM FUNDEB 30 % VI - COMISSIONADOS;COMISSIONADOS EDUCAÇÃO;084.XXX.XXX-88;554;40;SECRETARIA MUNICIPAL DE EDUCAÇÃO;2;02/01/2025;;;;;;2 - Comissão;TEMPO DETERMINADO;;;Função de Confiança;;ASSESSOR TÉCNICO (A) ADMINISTRATIVO
;Folha Mensal - Abril;EVILA SOARES ALVES RODRIGUES;TERAPEUTA OCUPACIONAL;175,23;2.024,77;2.200,00;SECRETARIA MUNICIPAL DE EDUCAÇÃO;FUNDO DE MANUT. E DEC.DA EDUC.BASICA-FUNDEB;SME- DPTO.ENSINO FUNDEB 30% EQUIPE EMULT-CELETISTAS;COMISSIONADOS;061.XXX.XXX-76;586;40;SECRETARIA MUNICIPAL DE EDUCAÇÃO;2;01/03/2025;;;;;;3 - Temporário;TEMPO DETERMINADO;;;Contrato Temporario;;TERAPEUTA OCUPACIONAL
;Folha Mensal - Abril;EXPEDITO ANTONIO DE CARVALHO;FISCAL DE OBRA;223,15;2.580,75;2.803,90;PREFEITURA MUNICIPAL DE PADRE MARCOS-PI;SECRETARIA MUNICIPAL  DE ADMINISTRAÇÃO;SEAD - DEPTO. ADMINISTRAÇÃO III;TEMPO DE SERVIÇO;112.XXX.XXX-53;111;40;;1;01/03/1983;;;;;;1 - Efetivo;CONCURSO PUBLICO ;;;Efetivo;;FISCAL DE TRIBUTOS
;Folha Mensal - Abril;FÁBIA LOANE DE MACEDO;PROFESSOR SE 40H;2.036,00;5.644,23;7.680,23;SECRETARIA MUNICIPAL DE EDUCAÇÃO;SECRETARIA MUNICIPAL DE EDUCAÇÃO;SME- DEPTOR ENSINO FUNDEB 70% I;EFETIVO - PROFESSORES;807.XXX.XXX-04;137;40;U.E.M. JOSE DE MOURA LEAL;1;02/03/2015;;;;;;1 - Efetivo;CONCURSO PUBLICO ;;;Efetivo;;PROFESSOR SE 40H
;Folha Mensal - Abril;FABIANO FRANCISCO DA SILVA;ASSESSOR TÉCNICO (A) ADMINISTRATIVO;113,85;1.404,15;1.518,00;SECRETARIA MUNICIPAL DE EDUCAÇÃO;FUNDO DE MANUT. E DEC.DA EDUC.BASICA-FUNDEB;SME- DEPTOR ADM FUNDEB 30 % VI - COMISSIONADOS;COMISSIONADOS;900.XXX.XXX-49;482;40;;2;01/02/2025;;;;;;2 - Comissão;TEMPO DETERMINADO;;;Função de Confiança;;ASSESSOR TÉCNICO (A) ADMINISTRATIVO
;Folha Mensal - Abril;FABIO JUNIOR DE CARVALHO NASCIMENTO;AUX. DE SERV. GERAIS;244,40;2.108,50;2.352,90;HOSPITAL MUNICIPAL DE PADRE MARCOS;SECRETARIA MUNICIPAL DE SAUDE;HOSPITAL - DEPTO. ADMINISTRATIVO I;EFETIVOS;007.XXX.XXX-09;18;40;HOSPITAL MUNICIPAL DE PADRE MARCOS;1;19/01/2015;;;;;;1 - Efetivo;CONCURSO PUBLICO ;;;Efetivo;;AUX. DE SERV. GERAIS
;Folha Mensal - Abril;FABIO MANOEL DE CARVALHO;MONITOR(A);113,85;1.404,15;1.518,00;SECRETARIA MUNICIPAL DE EDUCAÇÃO;FUNDO DE MANUT. E DEC.DA EDUC.BASICA-FUNDEB;SME-DEPTO.CONTRATO-ENSINO FUNDEB 30%;CONTRATO TEMPORÁRIO;067.XXX.XXX-51;262;40;;5;24/02/2025;;;;;;3 - Temporário;TEMPO DETERMINADO;;;Contrato Temporario;;MONITOR(A)
;Folha Mensal - Abril;FABIO MOURA DE ARAÚJO;COZINHEIRO (A);244,40;1.566,30;1.810,70;SECRETARIA MUNICIPAL DE EDUCAÇÃO;FUNDO DE MANUT. E DEC.DA EDUC.BASICA-FUNDEB;SME- DEPTO. ADM.FUNDEB 30% I;EFETIVOS;944.XXX.XXX-04;69;40;U.E.M. JOSE DE MOURA LEAL;1;02/02/2015;;;;;;1 - Efetivo;CONCURSO PUBLICO ;;;Efetivo;;COZINHEIRO (A)
;Folha Mensal - Abril;FABRICIO FRANCISCO DE CARVALHO LEITE;TECNICO DE CONTROLE INTERNO DE NIVEL I;440,94;2.595,06;3.036,00;PREFEITURA MUNICIPAL DE PADRE MARCOS-PI;SECRETARIA MUNICIPAL  DE ADMINISTRAÇÃO;SEAD - DEPTO. ADMINISTRAÇÃO III;EFETIVOS;052.XXX.XXX-85;307;40;PREDIO DA PREFEITURA;1;09/11/2018;;;;;;1 - Efetivo;CONCURSO PUBLICO ;01/2018;;Efetivo;;TECNICO DE CONTROLE INTERNO DE NIVEL I
;Folha Mensal - Abril;FABRICIO LEAL DE FRANÇA;ASSESSOR TÉCNICO (A) ADMINISTRATIVO;113,85;1.404,15;1.518,00;SECRETARIA MUNICIPAL DE EDUCAÇÃO;FUNDO DE MANUT. E DEC.DA EDUC.BASICA-FUNDEB;SME- DEPTOR ADM FUNDEB 30 % VI - COMISSIONADOS;COMISSIONADOS EDUCAÇÃO;069.XXX.XXX-43;425;40;;2;02/01/2025;;;;;;2 - Comissão;TEMPO DETERMINADO;;;Função de Confiança;;ASSESSOR TÉCNICO (A) ADMINISTRATIVO
;Folha Mensal - Abril;FELICIANO FRANCISCO DE CARVALHO;PROFESSOR SL 40H - CELETISTA;503,53;3.482,71;3.986,24;SECRETARIA MUNICIPAL DE EDUCAÇÃO;SECRETARIA MUNICIPAL DE EDUCAÇÃO;SME - DEPTOR. ENSINO FUNDEB 70% IV - CELETISTAS;CONTRATADOS  EDUCAÇÃO;067.XXX.XXX-40;245;40;;7;24/02/2025;;;;;;3 - Temporário;TEMPO DETERMINADO;;;Contrato Temporario;;PROFESSOR SL 40H - CELETISTA
;Folha Mensal - Abril;FELIPE FRANCISCO SILVA;ASSESSOR TÉCNICO (A) ADMINISTRATIVO;113,85;1.404,15;1.518,00;SECRETARIA MUNICIPAL DE EDUCAÇÃO;FUNDO DE MANUT. E DEC.DA EDUC.BASICA-FUNDEB;SME- DEPTOR ADM FUNDEB 30 % VI - COMISSIONADOS;COMISSIONADOS;065.XXX.XXX-46;772;40;;1;01/04/2025;;;;;;2 - Comissão;TEMPO DETERMINADO;;;Função de Confiança;;ASSESSOR TÉCNICO (A) ADMINISTRATIVO
;Folha Mensal - Abril;FELIPE GABRIEL SOUSA MACEDO;ASSESSOR TÉCNICO (A) ADMINISTRATIVO;195,82;2.232,98;2.428,80;PREFEITURA MUNICIPAL DE PADRE MARCOS-PI;SECRETARIA MUNICIPAL  DE ADMINISTRAÇÃO;SEAD -  DEPTO. ADMINISTRAÇÃO V- COMISSIONADOS;COMISSIONADOS;078.XXX.XXX-28;639;40;PREDIO DA PREFEITURA;1;01/02/2025;;;;;;2 - Comissão;TEMPO DETERMINADO;;;Função de Confiança;;DIRETOR ADMINISTRATIVO
;Folha Mensal - Abril;FERNANDO FRANCISCO DE CARVALHO;DIRETOR DE DEPARTAMENTO;113,85;1.404,15;1.518,00;SECRETARIA MUNICIPAL DE EDUCAÇÃO;FUNDO DE MANUT. E DEC.DA EDUC.BASICA-FUNDEB;SME- DEPTOR ADM FUNDEB 30 % VI - COMISSIONADOS;COMISSIONADOS EDUCAÇÃO;043.XXX.XXX-35;454;40;;2;02/01/2025;;;;;;2 - Comissão;LIVRE PROVIMENTO ;;;Função de Confiança;;DIRETOR DE DEPARTAMENTO
;Folha Mensal - Abril;FLAVIA MARIA CARVALHO;VIGILANTE;655,44;1.090,26;1.745,70;SECRETARIA MUNICIPAL DE EDUCAÇÃO;FUNDO DE MANUT. E DEC.DA EDUC.BASICA-FUNDEB;SME- DEPTO ADM. FUNDEB 30% IV;EFETIVOS;002.XXX.XXX-40;104;40;CRECHE PRÉ-ESCOLAR MARGARIDA DE JESUS ALENCAR ( TIA GUIDA);1;01/12/2016;;;;;;1 - Efetivo;CONCURSO PUBLICO ;;;Efetivo;;VIGILANTE
;Folha Mensal - Abril;FLAVIO HENRIQUE DE CARVALHO OLIVEIRA;SECRETARIO(A) UNIDADE ESCOLAR MUNICIPAL;113,85;1.404,15;1.518,00;SECRETARIA MUNICIPAL DE EDUCAÇÃO;FUNDO DE MANUT. E DEC.DA EDUC.BASICA-FUNDEB;SME- DEPTOR ADM FUNDEB 30 % VI - COMISSIONADOS;COMISSIONADOS;622.XXX.XXX-61;514;40;;2;01/03/2025;;;;;;2 - Comissão;LIVRE PROVIMENTO ;;;Função de Confiança;;SECRETARIO(A) UNIDADE ESCOLAR MUNICIPAL
;Folha Mensal - Abril;FRANCIEL LUIZ DE CARVALHO;ASSESSOR TÉCNICO (A) ADMINISTRATIVO;195,82;2.232,98;2.428,80;SECRETARIA MUNICIPAL DE EDUCAÇÃO;FUNDO DE MANUT. E DEC.DA EDUC.BASICA-FUNDEB;SME- DEPTOR ADM FUNDEB 30 % VI - COMISSIONADOS;CONTRATADOS  EDUCAÇÃO;603.XXX.XXX-04;286;40;;6;01/03/2025;;;;;;2 - Comissão;TEMPO DETERMINADO;;;Função de Confiança;;ASSESSOR TÉCNICO (A) ADMINISTRATIVO
;Folha Mensal - Abril;FRANCIELE CONCEIÇÃO SILVA;DIRETOR(A) DE ESCOLA;305,60;2.894,40;3.200,00;SECRETARIA MUNICIPAL DE EDUCAÇÃO;SECRETARIA MUNICIPAL DE EDUCAÇÃO;SME- DEPTOR. ENSINO FUNDEB 70% V - COMISSIONADOS;COMISSIONADOS EDUCAÇÃO;037.XXX.XXX-44;346;40;;2;01/02/2025;;;;;;2 - Comissão;LIVRE PROVIMENTO ;;;Função de Confiança;;DIRETOR(A) DE ESCOLA
;Folha Mensal - Abril;FRANCIELMA MARIA DE CARVALHO;SECRETARIO(A) UNIDADE ESCOLAR MUNICIPAL;113,85;1.404,15;1.518,00;SECRETARIA MUNICIPAL DE EDUCAÇÃO;FUNDO DE MANUT. E DEC.DA EDUC.BASICA-FUNDEB;SME- DEPTOR ADM FUNDEB 30 % VI - COMISSIONADOS;COMISSIONADOS EDUCAÇÃO;094.XXX.XXX-00;549;40;SECRETARIA MUNICIPAL DE EDUCAÇÃO;2;01/03/2025;;;;;;2 - Comissão;LIVRE PROVIMENTO ;;;Função de Confiança;;SECRETARIO(A) UNIDADE ESCOLAR MUNICIPAL
;Folha Mensal - Abril;FRANCILANA MARIA DE CARVALHO;DIRETOR(A) DE ESCOLA;305,60;2.894,40;3.200,00;SECRETARIA MUNICIPAL DE EDUCAÇÃO;SECRETARIA MUNICIPAL DE EDUCAÇÃO;SME- DEPTOR. ENSINO FUNDEB 70% V - COMISSIONADOS;COMISSIONADOS EDUCAÇÃO;026.XXX.XXX-79;255;40;;4;02/01/2025;;;;;;2 - Comissão;LIVRE PROVIMENTO ;;;Contrato/Temporário;;DIRETOR(A) DE ESCOLA
;Folha Mensal - Abril;FRANCILENE DA CONCEIÇÃO SILVA;PROFESSOR SL 40H;1.494,03;4.689,72;6.183,75;SECRETARIA MUNICIPAL DE EDUCAÇÃO;SECRETARIA MUNICIPAL DE EDUCAÇÃO;SME- DEPTOR ENSINO FUNDEB 70% I;EFETIVO - PROFESSORES;078.XXX.XXX-06;138;40;UNIDADE ESCOLAR JOSE JUBELINO DE MACEDO;1;03/08/2015;;;;;;1 - Efetivo;CONCURSO PUBLICO ;;;Efetivo;;PROFESSOR SL 40H
;Folha Mensal - Abril;FRANCILENE GOMES DA SILVA;TECNICO EM ENFERMAGEM;933,62;1.495,18;2.428,80;SECRETARIA MUNICIPAL DE SAUDE;SECRETARIA MUNICIPAL DE SAUDE;SMS-DEPTOR.SEC. DE SAUDE II - FUS;EFETIVOS;897.XXX.XXX-72;19;40;SECRETARIA MUNICIPAL DE SAÚDE;1;19/01/2015;;;;;;1 - Efetivo;CONCURSO PUBLICO ;;;Efetivo;;TECNICO EM ENFERMAGEM
;Folha Complementar c/ Encargos - Abril;FRANCILENE GOMES DA SILVA;TECNICO EM ENFERMAGEM;320,97;-320,97;;SECRETARIA MUNICIPAL DE SAUDE;SECRETARIA MUNICIPAL DE SAUDE;SMS-DEPTOR.SEC. DE SAUDE II - FUS;EFETIVOS;897.XXX.XXX-72;19;40;SECRETARIA MUNICIPAL DE SAÚDE;1;19/01/2015;;;;;;1 - Efetivo;CONCURSO PUBLICO ;;;Efetivo;;TECNICO EM ENFERMAGEM
;Folha Mensal - Abril;FRANCIMARY PERPETUA DE CARVALHO;AUX. DE SERVIÇOS GERAIS;113,85;1.404,15;1.518,00;SECRETARIA MUNICIPAL DE EDUCAÇÃO;FUNDO DE MANUT. E DEC.DA EDUC.BASICA-FUNDEB;SME-DEPTO.CONTRATO-ENSINO FUNDEB 30%;CONTRATADOS  EDUCAÇÃO;061.XXX.XXX-62;316;40;;5;02/03/2025;;;;;;3 - Temporário;TEMPO DETERMINADO;;;Contrato Temporario;;AUX. DE SERVIÇOS GERAIS
;Folha Mensal - Abril;FRANCIMEIRY JULIETA DE CARVALHO;AG. COMUNITARIO DE SAÚDE;1.013,34;4.296,06;5.309,40;SECRETARIA MUNICIPAL DE SAUDE;SECRETARIA MUNICIPAL DE SAUDE;SMS - SEC.DE SAUDE - ACS I - PAB;EFETIVOS;028.XXX.XXX-27;48;40;;1;05/10/2016;;;;;;1 - Efetivo;CONCURSO PUBLICO ;;;Efetivo;;AG. COMUNITARIO DE SAÚDE
;Folha Mensal - Abril;FRANCINALDO SILVA LIMA;MOTORISTA;182,16;2.094,84;2.277,00;SECRETARIA MUNICIPAL DE EDUCAÇÃO;FUNDO DE MANUT. E DEC.DA EDUC.BASICA-FUNDEB;SME-DEPTO.CONTRATO-ENSINO FUNDEB 30%;CONTRATADOS  EDUCAÇÃO;038.XXX.XXX-06;445;40;;2;02/01/2025;;;;;;1 - Efetivo;CONCURSO PUBLICO ;;;Contrato Temporario;;DIRETOR DE DEPARTAMENTO
;Folha Mensal - Abril;FRANCINÊS MARIA DE CARVALHO;COORDENADOR(A) PEDAGÓGICO;305,60;2.894,40;3.200,00;SECRETARIA MUNICIPAL DE EDUCAÇÃO;SECRETARIA MUNICIPAL DE EDUCAÇÃO;SME- DEPTOR. ENSINO FUNDEB 70% V - COMISSIONADOS;COMISSIONADOS;067.XXX.XXX-03;707;40;;1;01/03/2025;;;;;;2 - Comissão;TEMPO DETERMINADO;;;Função de Confiança;;COORDENADOR(A) PEDAGÓGICO
;Folha Mensal - Abril;FRANCISCA CRISTINA DE SOUSA SILVA;AUX. DE SERV. GERAIS;273,24;1.548,36;1.821,60;SECRETARIA MUNICIPAL DE EDUCAÇÃO;FUNDO DE MANUT. E DEC.DA EDUC.BASICA-FUNDEB;SME- DEPTO. ADM -FUNDEB 30% II;EFETIVO - PROFESSORES;839.XXX.XXX-00;73;40;UNIDADE ESCOLAR MUNICIPAL CÂNDIDA MACEDO;1;02/03/1998;;;;;;1 - Efetivo;CONCURSO PUBLICO ;;;Efetivo;;AUX. DE SERV. GERAIS
;Folha Mensal - Abril;FRANCISCA DOS SANTOS CAMPINA;AG. COMUNITARIO DE SAÚDE;708,78;3.689,82;4.398,60;SECRETARIA MUNICIPAL DE SAUDE;SECRETARIA MUNICIPAL DE SAUDE;SMS - SEC.DE SAUDE - ACS I - PAB;EFETIVOS;000.XXX.XXX-92;45;40;;1;18/03/2003;;;;;;1 - Efetivo;CONCURSO PUBLICO ;;;Efetivo;;AG. COMUNITARIO DE SAÚDE
;Folha Mensal - Abril;FRANCISCA MARIA DE ARAUJO BEZERRA;ASSESSOR TÉCNICO (A) ADMINISTRATIVO;113,85;1.404,15;1.518,00;PREFEITURA MUNICIPAL DE PADRE MARCOS-PI;SECRETARIA MUNICIPAL  DE ADMINISTRAÇÃO;SEAD -  DEPTO. ADMINISTRAÇÃO V- COMISSIONADOS;COMISSIONADOS;854.XXX.XXX-00;527;40;PREDIO DA PREFEITURA;2;02/01/2025;;;;;;2 - Comissão;TEMPO DETERMINADO;;;Função de Confiança;;ASSESSOR TÉCNICO (A) ADMINISTRATIVO
;Folha Mensal - Abril;FRANCISCA QUEROBINA DE JESUS CARVALHO;ASSESSOR TÉCNICO (A) ADMINISTRATIVO;195,82;2.232,98;2.428,80;SECRETARIA MUNICIPAL DE EDUCAÇÃO;FUNDO DE MANUT. E DEC.DA EDUC.BASICA-FUNDEB;SME- DEPTOR ADM FUNDEB 30 % VI - COMISSIONADOS;COMISSIONADOS EDUCAÇÃO;988.XXX.XXX-49;460;40;;2;02/01/2025;;;;;;2 - Comissão;TEMPO DETERMINADO;;;Função de Confiança;;ASSESSOR TÉCNICO (A) ADMINISTRATIVO
;Folha Mensal - Abril;FRANCISCO ANTONIO DA SILVA;PROFESSOR SE 40H;3.774,05;3.906,18;7.680,23;SECRETARIA MUNICIPAL DE EDUCAÇÃO;SECRETARIA MUNICIPAL DE EDUCAÇÃO;SME- DEPTOR ENSINO FUNDEB 70% I;EFETIVO - PROFESSORES;017.XXX.XXX-06;139;40;U.E.M. JOSE DE MOURA LEAL;1;02/03/2015;;;;;;1 - Efetivo;CONCURSO PUBLICO ;;;Efetivo;;PROFESSOR SE 40H
;Folha Mensal - Abril;FRANCISCO ANTONIO DE CARVALHO;PROFESSOR SE 40H;2.181,86;5.993,06;8.174,92;SECRETARIA MUNICIPAL DE EDUCAÇÃO;SECRETARIA MUNICIPAL DE EDUCAÇÃO;SME- DEPTOR ENSINO FUNDEB 70% II;EFETIVO - PROFESSORES;833.XXX.XXX-15;179;40;UNIDADE ESCOLAR MUNICIPAL DAVI SEVERIANO DE CARVALHO;1;02/02/1998;;;;;;1 - Efetivo;CONCURSO PUBLICO ;;;Efetivo;;PROFESSOR SL 20H
;Folha Mensal - Abril;FRANCISCO CICERO LEAL;DIRETOR DE DEPARTAMENTO;113,85;1.404,15;1.518,00;SECRETARIA MUNICIPAL DE EDUCAÇÃO;FUNDO DE MANUT. E DEC.DA EDUC.BASICA-FUNDEB;SME- DEPTOR ADM FUNDEB 30 % VI - COMISSIONADOS;COMISSIONADOS;019.XXX.XXX-96;589;40;;2;02/01/2024;;;;;;2 - Comissão;LIVRE PROVIMENTO ;;;Função de Confiança;;DIRETOR DE DEPARTAMENTO
;Folha Mensal - Abril;FRANCISCO CLEYDERMAN DE SOUSA;ASSESSOR TÉCNICO (A) ADMINISTRATIVO;113,85;1.404,15;1.518,00;SECRETARIA MUNICIPAL DE EDUCAÇÃO;FUNDO DE MANUT. E DEC.DA EDUC.BASICA-FUNDEB;SME- DEPTOR ADM FUNDEB 30 % VI - COMISSIONADOS;COMISSIONADOS;077.XXX.XXX-43;774;40;;1;01/04/2025;;;;;;2 - Comissão;TEMPO DETERMINADO;;;Função de Confiança;;ASSESSOR TÉCNICO (A) ADMINISTRATIVO
;Folha Mensal - Abril;FRANCISCO DE ASSIS DE CARVALHO;DIRETOR DE DEPARTAMENTO;113,85;1.404,15;1.518,00;SECRETARIA MUNICIPAL DE EDUCAÇÃO;FUNDO DE MANUT. E DEC.DA EDUC.BASICA-FUNDEB;SME- DEPTOR ADM FUNDEB 30 % VI - COMISSIONADOS;COMISSIONADOS EDUCAÇÃO;012.XXX.XXX-23;432;40;;2;02/01/2025;;;;;;2 - Comissão;LIVRE PROVIMENTO ;;;Função de Confiança;;DIRETOR DE DEPARTAMENTO
;Folha Mensal - Abril;FRANCISCO DE ASSIS MARQUES;ASSESSOR ESPECIAL;195,82;2.232,98;2.428,80;PREFEITURA MUNICIPAL DE PADRE MARCOS-PI;SECRETARIA MUNICIPAL  DE ADMINISTRAÇÃO;SEAD -  DEPTO. ADMINISTRAÇÃO V- COMISSIONADOS;COMISSIONADOS;820.XXX.XXX-91;1078;40;;1;01/03/2025;;;;;;2 - Comissão;LIVRE PROVIMENTO ;;;Função de Confiança;;ASSESSOR ESPECIAL
;Folha Mensal - Abril;FRANCISCO DE ASSIS SILVA;DIRETOR DE DEPARTAMENTO;113,85;1.404,15;1.518,00;PREFEITURA MUNICIPAL DE PADRE MARCOS-PI;SECRETARIA MUNICIPAL  DE ADMINISTRAÇÃO;SEAD -  DEPTO. ADMINISTRAÇÃO V- COMISSIONADOS;COMISSIONADOS;003.XXX.XXX-13;517;40;;2;02/01/2025;;;;;;2 - Comissão;LIVRE PROVIMENTO ;;;Função de Confiança;;DIRETOR DE OBRAS E INFRAESTRUTURA
;Folha Mensal - Abril;FRANCISCO EDILBERTO DIAS;ASSESSOR TÉCNICO (A) ADMINISTRATIVO;113,85;1.404,15;1.518,00;SECRETARIA MUNICIPAL DE EDUCAÇÃO;FUNDO DE MANUT. E DEC.DA EDUC.BASICA-FUNDEB;SME- DEPTOR ADM FUNDEB 30 % VI - COMISSIONADOS;COMISSIONADOS;066.XXX.XXX-64;578;40;SECRETARIA MUNICIPAL DE EDUCAÇÃO;2;02/01/2025;;;06/2025;;;2 - Comissão;TEMPO DETERMINADO;;;Função de Confiança;;ASSESSOR TÉCNICO (A) ADMINISTRATIVO
;Folha Mensal - Abril;FRANCISCO EVALDO DA SILVA;ASSESSOR ESPECIAL;113,85;1.404,15;1.518,00;SECRETARIA MUNICIPAL DE EDUCAÇÃO;SECRETARIA MUNICIPAL DE EDUCAÇÃO;SME- DEPTOR ADM FUNDEB 30 % VI - COMISSIONADOS;COMISSIONADOS;748.XXX.XXX-15;587;40;SECRETARIA MUNICIPAL DE EDUCAÇÃO;2;02/01/2025;;;;;;2 - Comissão;LIVRE PROVIMENTO ;;;Função de Confiança;;ASSESSOR ESPECIAL
;Folha Mensal - Abril;FRANCISCO EVERALDO DOS REIS JUNIOR;COORDENADOR DE SERVIÇOS;156,20;1.832,38;1.988,58;PREFEITURA MUNICIPAL DE PADRE MARCOS-PI;SECRETARIA MUNICIPAL  DE ADMINISTRAÇÃO;SEAD -  DEPTO. ADMINISTRAÇÃO V- COMISSIONADOS;COMISSIONADOS EDUCAÇÃO;066.XXX.XXX-55;366;40;;2;02/01/2025;;;;;;2 - Comissão;TEMPO DETERMINADO;;;Função de Confiança;;COORDENADOR DE SERVIÇOS
;Folha Mensal - Abril;FRANCISCO FILHO DOS REIS GOMES;TECNICO EM ENFERMAGEM;901,74;1.451,16;2.352,90;HOSPITAL MUNICIPAL DE PADRE MARCOS;SECRETARIA MUNICIPAL DE SAUDE;HOSPITAL - DEPTO. ADMINISTRATIVO I;EFETIVOS;007.XXX.XXX-00;20;40;HOSPITAL MUNICIPAL DE PADRE MARCOS;1;19/01/2015;;;;;;1 - Efetivo;CONCURSO PUBLICO ;;;Efetivo;;TECNICO EM ENFERMAGEM
;Folha Complementar c/ Encargos - Abril;FRANCISCO FILHO DOS REIS GOMES;TECNICO EM ENFERMAGEM;323,14;-323,14;;HOSPITAL MUNICIPAL DE PADRE MARCOS;SECRETARIA MUNICIPAL DE SAUDE;HOSPITAL - DEPTO. ADMINISTRATIVO I;EFETIVOS;007.XXX.XXX-00;20;40;HOSPITAL MUNICIPAL DE PADRE MARCOS;1;19/01/2015;;;;;;1 - Efetivo;CONCURSO PUBLICO ;;;Efetivo;;TECNICO EM ENFERMAGEM
;Folha Mensal - Abril;FRANCISCO FLORENTINO DE CARVALHO FILHO;GARI;279,31;2.149,49;2.428,80;PREFEITURA MUNICIPAL DE PADRE MARCOS-PI;SECRETARIA MUNICIPAL  DE ADMINISTRAÇÃO;SEAD - DEPTO.ADMINISTRAÇÃO II;EFETIVOS;015.XXX.XXX-55;7;40;;1;19/01/2015;;;;;;1 - Efetivo;CONCURSO PUBLICO ;;;Efetivo;;GARI
;Adiantamento 13º Salário - Abril;FRANCISCO FLORENTINO DE CARVALHO FILHO;GARI;;1.214,40;1.214,40;PREFEITURA MUNICIPAL DE PADRE MARCOS-PI;SECRETARIA MUNICIPAL  DE ADMINISTRAÇÃO;SEAD - DEPTO.ADMINISTRAÇÃO II;EFETIVOS;015.XXX.XXX-55;7;40;;1;19/01/2015;;;;;;1 - Efetivo;CONCURSO PUBLICO ;;;Efetivo;;GARI
;Folha Mensal - Abril;FRANCISCO GILMAR DE SOUSA;ASSESSOR TÉCNICO (A) ADMINISTRATIVO;195,82;2.232,98;2.428,80;SECRETARIA MUNICIPAL DE EDUCAÇÃO;FUNDO DE MANUT. E DEC.DA EDUC.BASICA-FUNDEB;SME- DEPTOR ADM FUNDEB 30 % VI - COMISSIONADOS;COMISSIONADOS;021.XXX.XXX-13;572;40;SECRETARIA MUNICIPAL DE EDUCAÇÃO;2;02/01/2025;;;;;;2 - Comissão;TEMPO DETERMINADO;;;Função de Confiança;;ASSESSOR TÉCNICO (A) ADMINISTRATIVO
;Folha Mensal - Abril;FRANCISCO JOSE DA SILVA;PROFESSOR SL 40H;1.904,92;5.416,64;7.321,56;SECRETARIA MUNICIPAL DE EDUCAÇÃO;SECRETARIA MUNICIPAL DE EDUCAÇÃO;SME- DEPTOR ENSINO FUNDEB 70% I;EFETIVO - PROFESSORES;031.XXX.XXX-12;140;40;UNIDADE ESCOLAR MUNICIPAL DAVI SEVERIANO DE CARVALHO;1;01/03/2016;;;;;;1 - Efetivo;CONCURSO PUBLICO ;;;Efetivo;;PROFESSOR SL 40H
;Folha Mensal - Abril;FRANCISCO JOSÉ DE CARVALHO;AG. COMUNITARIO DE SAÚDE;958,09;3.440,51;4.398,60;SECRETARIA MUNICIPAL DE SAUDE;SECRETARIA MUNICIPAL DE SAUDE;SMS - SEC.DE SAUDE - ACS I - PAB;EFETIVOS;800.XXX.XXX-20;34;40;;1;18/03/2003;;;;;;1 - Efetivo;CONCURSO PUBLICO ;;;Efetivo;;AG. COMUNITARIO DE SAÚDE
;Folha Mensal - Abril;FRANCISCO JOSE DE CARVALHO MACEDO;PROFESSOR SE 40H;1.904,92;5.416,64;7.321,56;SECRETARIA MUNICIPAL DE EDUCAÇÃO;SECRETARIA MUNICIPAL DE EDUCAÇÃO;SME- DEPTOR ENSINO FUNDEB 70% I;EFETIVO - PROFESSORES;034.XXX.XXX-57;141;40;UNIDADE ESCOLAR MUNICIPAL CÂNDIDA MACEDO;1;01/03/2016;;;;;;1 - Efetivo;CONCURSO PUBLICO ;;;Efetivo;;PROFESSOR SE 40H
;Folha Mensal - Abril;FRANCISCO MIZAEL DE CARVALHO;DIRETOR(A) DE ESCOLA;305,60;2.894,40;3.200,00;SECRETARIA MUNICIPAL DE EDUCAÇÃO;SECRETARIA MUNICIPAL DE EDUCAÇÃO;SME- DEPTOR. ENSINO FUNDEB 70% V - COMISSIONADOS;COMISSIONADOS EDUCAÇÃO;044.XXX.XXX-88;324;40;;2;02/01/2025;;;;;;2 - Comissão;LIVRE PROVIMENTO ;;;Contrato Temporario;;DIRETOR(A) DE ESCOLA
;Folha Mensal - Abril;FRANCISCO VITALINO DA SILVA;GARI;267,93;2.084,97;2.352,90;PREFEITURA MUNICIPAL DE PADRE MARCOS-PI;SECRETARIA MUNICIPAL  DE ADMINISTRAÇÃO;SEAD - DEPTO.ADMINISTRAÇÃO II;EFETIVOS;926.XXX.XXX-72;6;40;;1;25/11/2016;;;;;;1 - Efetivo;CONCURSO PUBLICO ;;;Efetivo;;GARI
;Folha Mensal - Abril;FRANCISCO WESLEY DIAS DA SILVA;AUX. DE SERV. GERAIS;267,93;2.084,97;2.352,90;HOSPITAL MUNICIPAL DE PADRE MARCOS;SECRETARIA MUNICIPAL DE SAUDE;HOSPITAL - DEPTO. ADMINISTRATIVO I;EFETIVOS;010.XXX.XXX-14;21;40;HOSPITAL MUNICIPAL DE PADRE MARCOS;1;19/01/2015;;;;;;1 - Efetivo;CONCURSO PUBLICO ;;;Efetivo;;AUX. DE SERV. GERAIS
;Folha Mensal - Abril;FRANCISCO ZACARIAS RIBEIRO;PROFESSOR SE 40H;4.141,61;4.033,31;8.174,92;SECRETARIA MUNICIPAL DE EDUCAÇÃO;SECRETARIA MUNICIPAL DE EDUCAÇÃO;SME- DEPTOR ENSINO FUNDEB 70% II;EFETIVO - PROFESSORES;713.XXX.XXX-15;180;40;UNIDADE ESCOLAR MUNICIPAL DAVI SEVERIANO DE CARVALHO;1;02/02/1998;;;015/2022;;;1 - Efetivo;CONCURSO PUBLICO ;;;Efetivo;;PROFESSOR SE 40H
;Folha Mensal - Abril;FRANSWILKER FRANCISCO DE SOUSA;PROFESSOR SELETISTA;503,53;3.482,71;3.986,24;SECRETARIA MUNICIPAL DE EDUCAÇÃO;SECRETARIA MUNICIPAL DE EDUCAÇÃO;SME - DEPTOR. ENSINO FUNDEB 70% IV - CELETISTAS;CONTRATADOS  EDUCAÇÃO;055.XXX.XXX-32;401;40;;4;24/02/2025;;;;;;3 - Temporário;TEMPO DETERMINADO;;;Contrato Temporario;;PROFESSOR SL 40H - CELETISTA
;Folha Mensal - Abril;GEDEONES LOPES DE BRITO;ENGENHEIRO FLORESTAL;497,34;3.466,00;3.963,34;PREFEITURA MUNICIPAL DE PADRE MARCOS-PI;SECRETARIA MUNICIPAL DE MEIO AMBIENTE;SEMA -  SECRETARIA DO MEIO AMBIENTE;CONTRATO TEMPORÁRIO;028.XXX.XXX-02;379;40;;5;02/01/2025;;01/2023;03/2026;;;3 - Temporário;TEMPO DETERMINADO;;;Contrato Temporario;;ENGENHEIRO FLORESTAL
;Folha Mensal - Abril;GENEILSA ANA DE OLIVEIRA SOUSA;SECRETARIA MUNICIPAL DO MEIO AMBIENTE;180,23;2.075,37;2.255,60;PREFEITURA MUNICIPAL DE PADRE MARCOS-PI;SECRETARIA MUNICIPAL DE MEIO AMBIENTE;SEMA -  SECRETARIA DO MEIO AMBIENTE;COMISSIONADOS;037.XXX.XXX-09;568;40;PREDIO DA PREFEITURA;2;02/01/2025;;;;;;2 - Comissão;LIVRE PROVIMENTO ;;;Função de Confiança;;SECRETARIA MUNICIPAL DO MEIO AMBIENTE
;Folha Mensal - Abril;GENIVALDO FRANCISCO DA SILVA;ASSESSOR TÉCNICO (A) ADMINISTRATIVO;113,85;1.404,15;1.518,00;SECRETARIA MUNICIPAL DE EDUCAÇÃO;FUNDO DE MANUT. E DEC.DA EDUC.BASICA-FUNDEB;SME- DEPTOR ADM FUNDEB 30 % VI - COMISSIONADOS;COMISSIONADOS;077.XXX.XXX-63;773;40;;1;01/04/2025;;;;;;2 - Comissão;TEMPO DETERMINADO;;;Função de Confiança;;ASSESSOR TÉCNICO (A) ADMINISTRATIVO
;Folha Mensal - Abril;GEORCISA ARAÚJO LEAL;PROFESSOR SE 20H;632,08;3.028,70;3.660,78;SECRETARIA MUNICIPAL DE EDUCAÇÃO;SECRETARIA MUNICIPAL DE EDUCAÇÃO;SME- DEPTOR ENSINO FUNDEB 70% I;EFETIVO - PROFESSORES;454.XXX.XXX-78;142;20;UNIDADE ESCOLAR MUNICIPAL CÂNDIDA MACEDO;1;02/03/2015;;;;;;1 - Efetivo;CONCURSO PUBLICO ;;;Efetivo;;PROFESSOR SL 20H
;Folha Mensal - Abril;GEOVALDO LOURENÇO RIBEIRO;MOTORISTA;113,85;1.404,15;1.518,00;SECRETARIA MUNICIPAL DE EDUCAÇÃO;FUNDO DE MANUT. E DEC.DA EDUC.BASICA-FUNDEB;SME-DEPTO.CONTRATO-ENSINO FUNDEB 30%;CONTRATADOS  EDUCAÇÃO;895.XXX.XXX-91;585;40;SECRETARIA MUNICIPAL DE EDUCAÇÃO;2;02/01/2025;;;;;;1 - Efetivo;CONCURSO PUBLICO ;;;Contrato Temporario;;ASSESSOR TÉCNICO (A) ADMINISTRATIVO
;Folha Mensal - Abril;GEOVANA DA SILVA SOUSA;TECNICO DE ENFERMAGEM;113,85;1.404,15;1.518,00;SECRETARIA MUNICIPAL DE SAUDE;SECRETARIA MUNICIPAL DE SAUDE;SMS-DEPTO.SEC.SAUDE-CONTRATADOS - FUS;CONTRATO TEMPORÁRIO;053.XXX.XXX-01;534;40;;2;02/01/2025;;;;;;3 - Temporário;TEMPO DETERMINADO;;;Contrato Temporario;;ASSESSOR TÉCNICO (A) ADMINISTRATIVO
;Folha Complementar c/ Encargos - Abril;GEOVANA DA SILVA SOUSA;TECNICO DE ENFERMAGEM;157,18;-157,18;;SECRETARIA MUNICIPAL DE SAUDE;SECRETARIA MUNICIPAL DE SAUDE;SMS-DEPTO.SEC.SAUDE-CONTRATADOS - FUS;CONTRATO TEMPORÁRIO;053.XXX.XXX-01;534;40;;2;02/01/2025;;;;;;3 - Temporário;TEMPO DETERMINADO;;;Contrato Temporario;;ASSESSOR TÉCNICO (A) ADMINISTRATIVO
;Folha Mensal - Abril;GERASCO CICERO GOMES;SECRETARIO MUNICIPAL DE OBRAS E SERVIÇOS URBANOS;180,23;2.075,37;2.255,60;PREFEITURA MUNICIPAL DE PADRE MARCOS-PI;SEC.MUN.DE OBRAS E SERVIÇOS URBANOS;SMO - SECRETARIA DE OBRAS;COMISSIONADOS;451.XXX.XXX-20;600;40;PREDIO DA PREFEITURA;1;01/01/2025;;;;;;2 - Comissão;LIVRE PROVIMENTO ;;;Função de Confiança;;SECRETARIO MUNICIPAL DE OBRAS E SERVIÇOS URBANOS
;Folha Mensal - Abril;GERONILDO SILVA SOUSA;ASSESSOR TÉCNICO (A) ADMINISTRATIVO;113,85;1.404,15;1.518,00;SECRETARIA MUNICIPAL DE EDUCAÇÃO;FUNDO DE MANUT. E DEC.DA EDUC.BASICA-FUNDEB;SME-DEPTO.CONTRATO-ENSINO FUNDEB 30%;CONTRATO TEMPORÁRIO;050.XXX.XXX-58;776;40;SECRETARIA MUNICIPAL DE EDUCAÇÃO;1;01/04/2025;;;;;;2 - Comissão;TEMPO DETERMINADO;;;Contrato Temporario;;AUXI.DE SERV. GERAIS- SELETISTAS
;Folha Mensal - Abril;GERUZA DIAS DE SOUSA;AUX. DE SERV. GERAIS;619,55;1.202,05;1.821,60;SECRETARIA MUNICIPAL DE EDUCAÇÃO;FUNDO DE MANUT. E DEC.DA EDUC.BASICA-FUNDEB;SME- DEPTO. ADM -FUNDEB 30% II;EFETIVO - PROFESSORES;628.XXX.XXX-04;74;40;CRECHE PRÉ-ESCOLAR MARGARIDA DE JESUS ALENCAR ( TIA GUIDA);1;02/03/1998;;;018/2023;;;1 - Efetivo;CONCURSO PUBLICO ;;;Efetivo;;AUX. DE SERV. GERAIS
;Folha Mensal - Abril;GILBERSON DE JESUS ARAÚJO;DIRETOR DE DEPARTAMENTO;195,82;2.232,98;2.428,80;SECRETARIA MUNICIPAL DE EDUCAÇÃO;FUNDO DE MANUT. E DEC.DA EDUC.BASICA-FUNDEB;SME- DEPTOR ADM FUNDEB 30 % VI - COMISSIONADOS;COMISSIONADOS;036.XXX.XXX-32;559;40;SECRETARIA MUNICIPAL DE EDUCAÇÃO;2;02/01/2025;;;;;;2 - Comissão;LIVRE PROVIMENTO ;;;Função de Confiança;;DIRETOR DE DEPARTAMENTO
;Folha Mensal - Abril;GILDO PAULO DE ARAUJO;PROFESSOR SL 40H - CELETISTA;503,53;3.482,71;3.986,24;SECRETARIA MUNICIPAL DE EDUCAÇÃO;SECRETARIA MUNICIPAL DE EDUCAÇÃO;SME - DEPTOR. ENSINO FUNDEB 70% IV - CELETISTAS;CONTRATADOS  EDUCAÇÃO;965.XXX.XXX-15;332;40;;5;24/02/2025;;;;;;3 - Temporário;TEMPO DETERMINADO;;;Contrato Temporario;;PROFESSOR SL 40H - CELETISTA
;Folha Mensal - Abril;GILSON DE CARVALHO DANTAS FILHO;PROFESSOR SL 20H;554,22;2.964,34;3.518,56;SECRETARIA MUNICIPAL DE EDUCAÇÃO;SECRETARIA MUNICIPAL DE EDUCAÇÃO;SME-DEPTOR. ENSINO FUNDEB 70%  VI EJA;EFETIVO - PROFESSORES;227.XXX.XXX-04;181;20;UNIDADE ESCOLAR MUNICIPAL DAVI SEVERIANO DE CARVALHO;1;20/12/1998;;;;;;1 - Efetivo;CONCURSO PUBLICO ;;;Efetivo;;PROFESSOR SL 20H
;Adiantamento 13º Salário - Abril;GILSON DE CARVALHO DANTAS FILHO;PROFESSOR SL 20H;;1.652,61;1.652,61;SECRETARIA MUNICIPAL DE EDUCAÇÃO;SECRETARIA MUNICIPAL DE EDUCAÇÃO;SME-DEPTOR. ENSINO FUNDEB 70%  VI EJA;EFETIVO - PROFESSORES;227.XXX.XXX-04;181;20;UNIDADE ESCOLAR MUNICIPAL DAVI SEVERIANO DE CARVALHO;1;20/12/1998;;;;;;1 - Efetivo;CONCURSO PUBLICO ;;;Efetivo;;PROFESSOR SL 20H
;Folha Mensal - Abril;GILSON JOÃO DE CARVALHO;ASSESSOR TÉCNICO (A) ADMINISTRATIVO;113,85;1.404,15;1.518,00;PREFEITURA MUNICIPAL DE PADRE MARCOS-PI;SECRETARIA MUNICIPAL DE AGRICULTURA;SMA - SECRETARIA DE AGRICULTURA;COMISSIONADOS;988.XXX.XXX-04;348;40;SECRETARIA DE AGRICULTURA;2;02/01/2025;;;;;;2 - Comissão;TEMPO DETERMINADO;;;Função de Confiança;;ASSESSOR TÉCNICO (A) ADMINISTRATIVO
;Folha Mensal - Abril;GILVAN JOSE DE CARVALHO MACEDO;DIRETOR DE DEPARTAMENTO;113,85;1.404,15;1.518,00;SECRETARIA MUNICIPAL DE EDUCAÇÃO;FUNDO DE MANUT. E DEC.DA EDUC.BASICA-FUNDEB;SME- DEPTOR ADM FUNDEB 30 % VI - COMISSIONADOS;COMISSIONADOS EDUCAÇÃO;795.XXX.XXX-34;423;40;;2;02/01/2025;;;;;;2 - Comissão;LIVRE PROVIMENTO ;;;Função de Confiança;;DIRETOR DE DEPARTAMENTO
;Folha Mensal - Abril;GISLENE BRIGIDA DE MORAES;AUXILIAR DE ENFERMAGEM;244,40;2.104,90;2.349,30;SECRETARIA MUNICIPAL DE SAUDE;SECRETARIA MUNICIPAL DE SAUDE;SMS - DEPTOR .SEC. DE SAUDE - PAB;EFETIVOS;396.XXX.XXX-49;58;40;SECRETARIA MUNICIPAL DE SAÚDE;1;01/02/2000;;;;;;1 - Efetivo;CONCURSO PUBLICO ;;;Efetivo;;AUXILIAR DE ENFERMAGEM
;Adiantamento 13º Salário - Abril;GISLENE BRIGIDA DE MORAES;AUXILIAR DE ENFERMAGEM;;948,75;948,75;SECRETARIA MUNICIPAL DE SAUDE;SECRETARIA MUNICIPAL DE SAUDE;SMS - DEPTOR .SEC. DE SAUDE - PAB;EFETIVOS;396.XXX.XXX-49;58;40;SECRETARIA MUNICIPAL DE SAÚDE;1;01/02/2000;;;;;;1 - Efetivo;CONCURSO PUBLICO ;;;Efetivo;;AUXILIAR DE ENFERMAGEM
;Folha Complementar c/ Encargos - Abril;GISLENE BRIGIDA DE MORAES;AUXILIAR DE ENFERMAGEM;277,60;-277,60;;SECRETARIA MUNICIPAL DE SAUDE;SECRETARIA MUNICIPAL DE SAUDE;SMS - DEPTOR .SEC. DE SAUDE - PAB;EFETIVOS;396.XXX.XXX-49;58;40;SECRETARIA MUNICIPAL DE SAÚDE;1;01/02/2000;;;;;;1 - Efetivo;CONCURSO PUBLICO ;;;Efetivo;;AUXILIAR DE ENFERMAGEM
;Folha Mensal - Abril;GIZELIA MARIA DO NASCIMENTO;PROFESSOR SL 40H - CELETISTA;503,53;3.482,71;3.986,24;SECRETARIA MUNICIPAL DE EDUCAÇÃO;SECRETARIA MUNICIPAL DE EDUCAÇÃO;SME - DEPTOR. ENSINO FUNDEB 70% IV - CELETISTAS;CONTRATADOS  EDUCAÇÃO;806.XXX.XXX-68;185;40;;5;24/02/2025;;;;;;3 - Temporário;TEMPO DETERMINADO;;;Contrato Temporario;;PROFESSOR SL 40H - CELETISTA
;Folha Mensal - Abril;GRAZIELIA NILTA GRANJA SANTOS;DIRETOR(A) DE ESCOLA;305,60;2.894,40;3.200,00;SECRETARIA MUNICIPAL DE EDUCAÇÃO;SECRETARIA MUNICIPAL DE EDUCAÇÃO;SME- DEPTOR. ENSINO FUNDEB 70% V - COMISSIONADOS;COMISSIONADOS EDUCAÇÃO;054.XXX.XXX-02;241;40;;5;02/01/2025;;;;;;2 - Comissão;LIVRE PROVIMENTO ;;;Contrato/Temporário;;DIRETOR(A) DE ESCOLA
;Folha Mensal - Abril;HENRIQUETA MARIA ARAUJO MACÊDO;PROFESSOR SL 40H - CELETISTA;503,53;3.482,71;3.986,24;SECRETARIA MUNICIPAL DE EDUCAÇÃO;SECRETARIA MUNICIPAL DE EDUCAÇÃO;SME - DEPTOR. ENSINO FUNDEB 70% IV - CELETISTAS;CONTRATADOS  EDUCAÇÃO;041.XXX.XXX-84;490;40;;3;24/02/2025;;;;;;3 - Temporário;TEMPO DETERMINADO;;;Contrato Temporario;;PROFESSOR SL 40H - CELETISTA
;Folha Mensal - Abril;HENRY SAULLO MOURA MACEDO;ASSESSOR TÉCNICO (A) ADMINISTRATIVO;156,20;1.832,38;1.988,58;SECRETARIA MUNICIPAL DE EDUCAÇÃO;FUNDO DE MANUT. E DEC.DA EDUC.BASICA-FUNDEB;SME- DEPTOR ADM FUNDEB 30 % VI - COMISSIONADOS;COMISSIONADOS;057.XXX.XXX-66;782;40;;1;01/04/2025;;;07/2025;;;2 - Comissão;TEMPO DETERMINADO;;;Função de Confiança;;ASSESSOR TÉCNICO (A) ADMINISTRATIVO
;Folha Mensal - Abril;HERCULANO PEDRO DE MACEDO;AUX. DE SERV. GERAIS;273,24;1.548,36;1.821,60;SECRETARIA MUNICIPAL DE EDUCAÇÃO;FUNDO DE MANUT. E DEC.DA EDUC.BASICA-FUNDEB;SME- DEPTO. ADM -FUNDEB 30% II;EFETIVOS;045.XXX.XXX-06;90;40;UNIDADE ESCOLAR MUNICIPAL CÂNDIDA MACEDO;1;02/03/2015;;;;;;1 - Efetivo;CONCURSO PUBLICO ;;;Efetivo;;AUX. DE SERV. GERAIS
;Folha Mensal - Abril;HERIKA MARIA DA SILVA;PROFESSOR SE 40H;1.904,92;5.416,64;7.321,56;SECRETARIA MUNICIPAL DE EDUCAÇÃO;SECRETARIA MUNICIPAL DE EDUCAÇÃO;SME- DEPTO ENSINO INFANTIL FUNDEB 70% - EFETIVOS;EFETIVO - PROFESSORES;003.XXX.XXX-39;144;40;CRECHE PRÉ-ESCOLAR MARGARIDA DE JESUS ALENCAR ( TIA GUIDA);1;02/03/2015;;;;;;1 - Efetivo;CONCURSO PUBLICO ;;;Efetivo;;PROFESSOR SE 40H
;Folha Mensal - Abril;HUGO CHARLES MACEDO;OPERADOR DE MAQUINAS PESADAS;276,20;2.645,95;2.922,15;PREFEITURA MUNICIPAL DE PADRE MARCOS-PI;SECRETARIA MUNICIPAL  DE ADMINISTRAÇÃO;SEAD - DEPTO. ADMINISTRAÇÃO III;EFETIVOS;899.XXX.XXX-34;106;40;;1;03/11/2015;;;;;;1 - Efetivo;CONCURSO PUBLICO ;;;Efetivo;;OPERADOR DE MAQUINAS PESADAS
;Folha Mensal - Abril;HUMBERTA SILVA VITAL;PROFESSOR SE 40H;2.036,00;5.644,23;7.680,23;SECRETARIA MUNICIPAL DE EDUCAÇÃO;SECRETARIA MUNICIPAL DE EDUCAÇÃO;SME- DEPTO ENSINO INFANTIL FUNDEB 70% - EFETIVOS;EFETIVO - PROFESSORES;988.XXX.XXX-34;145;40;CRECHE PRÉ-ESCOLAR MARGARIDA DE JESUS ALENCAR ( TIA GUIDA);1;02/03/2015;;;;;;1 - Efetivo;CONCURSO PUBLICO ;;;Efetivo;;PROFESSOR SE 40H
;Folha Mensal - Abril;HYTALO JADER MACEDO;AG. DE HIGIENE E SEGURANÇA;1.569,34;2.681,06;4.250,40;SECRETARIA MUNICIPAL DE SAUDE;SECRETARIA MUNICIPAL DE SAUDE;SMS- SEC SAUDE - AGENTE DE ENDEMIAS;EFETIVOS;023.XXX.XXX-80;63;40;;1;02/02/2015;;;;;;1 - Efetivo;CONCURSO PUBLICO ;;;Efetivo;;AG. DE HIGIENE E SEGURANÇA
;Folha Mensal - Abril;IANA MÉCIA SILVA RIBEIRO;NUTRICIONISTA;567,22;3.652,78;4.220,00;SECRETARIA MUNICIPAL DE EDUCAÇÃO;FUNDO DE MANUT. E DEC.DA EDUC.BASICA-FUNDEB;SME- DPTO.ENSINO FUNDEB 30% EQUIPE EMULT-CELETISTAS;CONTRATO TEMPORÁRIO;433.XXX.XXX-00;446;40;;3;02/01/2025;;;;;;3 - Temporário;TEMPO DETERMINADO;;;Contrato Temporario;;NUTRICIONISTA
;Folha Mensal - Abril;IANDDRAH KELLY ANDRADE ALEXANDRE;MEDICO (A) TEMPORARIO (A) PLANTÃO;399,24;3.200,76;3.600,00;SECRETARIA MUNICIPAL DE SAUDE;SECRETARIA MUNICIPAL DE SAUDE;SMS- DEPARTAMENTO DA SAÚDE- PLANTÃO - FUS;CONTRATO TEMPORÁRIO;049.XXX.XXX-69;541;40;SECRETARIA MUNICIPAL DE SAÚDE;3;02/01/2025;;;01/2026;;;3 - Temporário;TEMPO DETERMINADO;;;Contrato Temporario;;MEDICO (A) TEMPORARIO (A) PLANTÃO
;Folha Mensal - Abril;IASMIM LARA MACEDO BORGES;DIRETOR DE DEPARTAMENTO;182,16;2.094,84;2.277,00;SECRETARIA MUNICIPAL DE EDUCAÇÃO;FUNDO DE MANUT. E DEC.DA EDUC.BASICA-FUNDEB;SME- DEPTOR ADM FUNDEB 30 % VI - COMISSIONADOS;COMISSIONADOS;081.XXX.XXX-26;1077;40;SECRETARIA MUNICIPAL DE EDUCAÇÃO;1;01/03/2025;;;;;;2 - Comissão;LIVRE PROVIMENTO ;;;Função de Confiança;;DIRETOR DE DEPARTAMENTO
;Folha Mensal - Abril;IDALVA RITA DE LIMA SILVA;AUX. DE SERV. GERAIS;279,31;2.149,49;2.428,80;HOSPITAL MUNICIPAL DE PADRE MARCOS;SECRETARIA MUNICIPAL DE SAUDE;HOSPITAL - DEPTO. ADMINISTRATIVO I;EFETIVOS;888.XXX.XXX-34;91;40;;1;02/03/2015;;;;;;1 - Efetivo;CONCURSO PUBLICO ;;;Efetivo;;AUX. DE SERV. GERAIS
;Folha Mensal - Abril;ILANA HÉLIA DE ALMEIDA LUZ;FISIOTERAPEUTA;184,23;2.115,77;2.300,00;SECRETARIA MUNICIPAL DE EDUCAÇÃO;FUNDO DE MANUT. E DEC.DA EDUC.BASICA-FUNDEB;SME- DPTO.ENSINO FUNDEB 30% EQUIPE EMULT-CELETISTAS;CONTRATO TEMPORÁRIO;010.XXX.XXX-57;580;40;SECRETARIA MUNICIPAL DE EDUCAÇÃO;2;01/03/2025;;;;;;3 - Temporário;TEMPO DETERMINADO;03/2021;;Contrato Temporario;;FISIOTERAPEUTA
;Folha Mensal - Abril;IRACI HELENA DA CONCEIÇÃO;ORIENTADORA(O) EDUCACIONAL;195,82;2.232,98;2.428,80;SECRETARIA MUNICIPAL DE EDUCAÇÃO;FUNDO DE MANUT. E DEC.DA EDUC.BASICA-FUNDEB;SME- DEPTOR ADM FUNDEB 30 % VI - COMISSIONADOS;COMISSIONADOS EDUCAÇÃO;352.XXX.XXX-15;263;40;;3;02/01/2025;;;;;;2 - Comissão;TEMPO DETERMINADO;;;Função de Confiança;;ORIENTADORA(O) EDUCACIONAL
;Folha Mensal - Abril;IRACILDE IRENE DE SOUSA;AUX. DE SERV. GERAIS;273,24;1.548,36;1.821,60;SECRETARIA MUNICIPAL DE EDUCAÇÃO;FUNDO DE MANUT. E DEC.DA EDUC.BASICA-FUNDEB;SME- DEPTO. ADM -FUNDEB 30% II;EFETIVOS;830.XXX.XXX-53;75;40;UNIDADE ESCOLAR MUNICIPAL DAVI SEVERIANO DE CARVALHO;1;02/02/1998;;;;;;1 - Efetivo;CONCURSO PUBLICO ;;;Efetivo;;AUX. DE SERV. GERAIS
;Folha Mensal - Abril;IRANEIDE DE ARAUJO LEAL;PROFESSOR SL 40H;2.664,98;4.941,03;7.606,01;SECRETARIA MUNICIPAL DE EDUCAÇÃO;SECRETARIA MUNICIPAL DE EDUCAÇÃO;SME- DEPTOR ENSINO FUNDEB 70% II;EFETIVO - PROFESSORES;882.XXX.XXX-91;182;40;U.E.M. JOSE DE MOURA LEAL;1;01/02/1999;;;;;;1 - Efetivo;CONCURSO PUBLICO ;;;Efetivo;;PROFESSOR SL 40H
;Folha Mensal - Abril;IRANILDA ARAUJO LEAL;AUX. DE SERV. GERAIS;273,24;1.613,36;1.886,60;SECRETARIA MUNICIPAL DE EDUCAÇÃO;FUNDO DE MANUT. E DEC.DA EDUC.BASICA-FUNDEB;SME- DEPTO. ADM -FUNDEB 30% II;EFETIVOS;846.XXX.XXX-72;76;40;;1;02/03/1998;;;;;;1 - Efetivo;CONCURSO PUBLICO ;;;Efetivo;;AUX. DE SERV. GERAIS
;Folha Mensal - Abril;IRLA LAYANY CARVALHO BATISTA;TECNICO EM ENFERMAGEM;666,41;1.686,49;2.352,90;SECRETARIA MUNICIPAL DE SAUDE;SECRETARIA MUNICIPAL DE SAUDE;SMS-DEPTOR.SEC. DE SAUDE II - FUS;EFETIVOS;044.XXX.XXX-06;22;40;SECRETARIA MUNICIPAL DE SAÚDE;1;01/03/2016;;;;;;1 - Efetivo;CONCURSO PUBLICO ;;;Efetivo;;TECNICO EM ENFERMAGEM
;Folha Complementar c/ Encargos - Abril;IRLA LAYANY CARVALHO BATISTA;TECNICO EM ENFERMAGEM;311,17;-311,17;;SECRETARIA MUNICIPAL DE SAUDE;SECRETARIA MUNICIPAL DE SAUDE;SMS-DEPTOR.SEC. DE SAUDE II - FUS;EFETIVOS;044.XXX.XXX-06;22;40;SECRETARIA MUNICIPAL DE SAÚDE;1;01/03/2016;;;;;;1 - Efetivo;CONCURSO PUBLICO ;;;Efetivo;;TECNICO EM ENFERMAGEM
;Folha Mensal - Abril;ISABEL FRANCISCA DE CARVALHO;GARI;279,31;2.149,49;2.428,80;PREFEITURA MUNICIPAL DE PADRE MARCOS-PI;SECRETARIA MUNICIPAL  DE ADMINISTRAÇÃO;SEAD - DEPTO.ADMINISTRAÇÃO II;EFETIVOS;045.XXX.XXX-59;8;40;;1;19/01/2015;;;;;;1 - Efetivo;CONCURSO PUBLICO ;;;Efetivo;;GARI
;Folha Mensal - Abril;ISABEL ISMÊNIA DE CARVALHO MACEDO;PROFESSOR SE 20H;569,50;2.949,06;3.518,56;SECRETARIA MUNICIPAL DE EDUCAÇÃO;SECRETARIA MUNICIPAL DE EDUCAÇÃO;SME- DEPTOR ENSINO FUNDEB 70% I;EFETIVO - PROFESSORES;962.XXX.XXX-53;292;20;UNIDADE ESCOLAR MUNICIPAL DAVI SEVERIANO DE CARVALHO;1;01/02/2018;;;;;;1 - Efetivo;CONCURSO PUBLICO ;;;Efetivo;;PROFESSOR SE 20H
;Folha Mensal - Abril;ISABEL MARIA DA SILVA CARVALHO;ASSESSOR TÉCNICO (A) ADMINISTRATIVO;149,37;1.763,31;1.912,68;PREFEITURA MUNICIPAL DE PADRE MARCOS-PI;SECRETARIA MUNICIPAL  DE ADMINISTRAÇÃO;SEAD -  DEPTO. ADMINISTRAÇÃO V- COMISSIONADOS;COMISSIONADOS;490.XXX.XXX-20;354;40;;2;02/01/2025;;01/2020;;;;2 - Comissão;TEMPO DETERMINADO;;;Função de Confiança;;ASSESSOR TÉCNICO (A) ADMINISTRATIVO
;Folha Mensal - Abril;ISMAEL BENEDITO DA SILVA;PROFESSORA DE EJA - CELETISTA;503,53;3.482,71;3.986,24;SECRETARIA MUNICIPAL DE EDUCAÇÃO;SECRETARIA MUNICIPAL DE EDUCAÇÃO;SME-DEPTOR. ENSINO FUNDEB 70%  VI EJA;CONTRATADOS  EDUCAÇÃO;053.XXX.XXX-96;491;40;;3;24/02/2025;;;;;;3 - Temporário;TEMPO DETERMINADO;;;Contrato Temporario;;PROFESSORA DE EJA - CELETISTA
;Folha Mensal - Abril;ITAMARA DANTAS SILVA;ENFERMEIRO (A)  CONTRATADO (A);389,79;3.175,21;3.565,00;SECRETARIA MUNICIPAL DE SAUDE;SECRETARIA MUNICIPAL DE SAUDE;SMS-DEPTO.SEC.SAUDE-CONTRATADOS - FUS;CONTRATO TEMPORÁRIO;023.XXX.XXX-35;228;40;;7;02/01/2025;;;;;;3 - Temporário;TEMPO DETERMINADO;08/2020;;Contrato Temporario;;ENFERMEIRO (A)  CONTRATADO (A)
;Folha Complementar c/ Encargos - Abril;ITAMARA DANTAS SILVA;ENFERMEIRO (A)  CONTRATADO (A);972,64;-972,64;;SECRETARIA MUNICIPAL DE SAUDE;SECRETARIA MUNICIPAL DE SAUDE;SMS-DEPTO.SEC.SAUDE-CONTRATADOS - FUS;CONTRATO TEMPORÁRIO;023.XXX.XXX-35;228;40;;7;02/01/2025;;;;;;3 - Temporário;TEMPO DETERMINADO;08/2020;;Contrato Temporario;;ENFERMEIRO (A)  CONTRATADO (A)
;Folha Mensal - Abril;IVONE DE MORAIS CARVALHO;PROFESSOR SELETISTA;503,53;3.482,71;3.986,24;SECRETARIA MUNICIPAL DE EDUCAÇÃO;SECRETARIA MUNICIPAL DE EDUCAÇÃO;SME- DEPTO  ENSINO INFANTIL FUNDEB 70% - SELETISTAS;CONTRATADOS  EDUCAÇÃO;612.XXX.XXX-50;395;40;;4;24/02/2025;;;;;;3 - Temporário;TEMPO DETERMINADO;;;Contrato Temporario;;PROFESSOR SL 40H - CELETISTA
;Folha Mensal - Abril;IVONETE FRANCISCA DO NASCIMENTO CARDEAL;AUX. DE SERV. GERAIS;273,24;1.548,36;1.821,60;SECRETARIA MUNICIPAL DE EDUCAÇÃO;FUNDO DE MANUT. E DEC.DA EDUC.BASICA-FUNDEB;SME- DEPTO. ADM -FUNDEB 30% II;EFETIVOS;628.XXX.XXX-72;77;40;CRECHE PRÉ-ESCOLAR MARGARIDA DE JESUS ALENCAR ( TIA GUIDA);1;02/03/1998;;;;;;1 - Efetivo;CONCURSO PUBLICO ;;;Efetivo;;AUX. DE SERV. GERAIS
;Folha Mensal - Abril;IVONIERKY DE SOUSA CARDEAL;GARI;279,31;2.149,49;2.428,80;PREFEITURA MUNICIPAL DE PADRE MARCOS-PI;SECRETARIA MUNICIPAL  DE ADMINISTRAÇÃO;SEAD - DEPTO.ADMINISTRAÇÃO II;EFETIVOS;965.XXX.XXX-00;9;40;;1;19/01/2015;;;01/2022;;;1 - Efetivo;CONCURSO PUBLICO ;;;Efetivo;;GARI
;Folha Mensal - Abril;IVONILDA DE SOUSA CARDEAL;GARI;279,31;2.149,49;2.428,80;PREFEITURA MUNICIPAL DE PADRE MARCOS-PI;SECRETARIA MUNICIPAL  DE ADMINISTRAÇÃO;SEAD - DEPTO.ADMINISTRAÇÃO II;EFETIVOS;273.XXX.XXX-35;10;40;;1;02/02/2015;;;;;;1 - Efetivo;CONCURSO PUBLICO ;;;Efetivo;;GARI
;Folha Mensal - Abril;JACINTO MARTINIANO DE CARVALHO;ASSESSOR TÉCNICO (A) ADMINISTRATIVO;195,82;2.232,98;2.428,80;SECRETARIA MUNICIPAL DE EDUCAÇÃO;FUNDO DE MANUT. E DEC.DA EDUC.BASICA-FUNDEB;SME- DEPTOR ADM FUNDEB 30 % VI - COMISSIONADOS;COMISSIONADOS;392.XXX.XXX-68;385;40;;3;02/01/2024;;;;;;2 - Comissão;TEMPO DETERMINADO;;;Função de Confiança;;ASSESSOR TÉCNICO (A) ADMINISTRATIVO
;Folha Mensal - Abril;JAELSON JOSÉ DA SILVA;GARI;282,34;2.450,06;2.732,40;HOSPITAL MUNICIPAL DE PADRE MARCOS;SECRETARIA MUNICIPAL DE SAUDE;HOSPITAL - DEPTO. ADMINISTRATIVO I;EFETIVOS;046.XXX.XXX-09;30;40;HOSPITAL MUNICIPAL DE PADRE MARCOS;1;02/02/2015;;;;;;1 - Efetivo;CONCURSO PUBLICO ;;;Efetivo;;GARI
;Folha Mensal - Abril;JAKELINE DE ARÁUJO SANTOS;DIRETOR DE DEPARTAMENTO;156,20;1.832,38;1.988,58;SECRETARIA MUNICIPAL DE EDUCAÇÃO;FUNDO DE MANUT. E DEC.DA EDUC.BASICA-FUNDEB;SME- DEPTOR ADM FUNDEB 30 % VI - COMISSIONADOS;COMISSIONADOS;017.XXX.XXX-83;547;40;SECRETARIA MUNICIPAL DE EDUCAÇÃO;2;03/02/2025;;;;;;2 - Comissão;LIVRE PROVIMENTO ;;;Função de Confiança;;DIRETOR DE DEPARTAMENTO
;Folha Mensal - Abril;JANAIRA ELVIRA DA CONCEIÇÃO;GARI;282,34;2.450,06;2.732,40;HOSPITAL MUNICIPAL DE PADRE MARCOS;SECRETARIA MUNICIPAL DE SAUDE;HOSPITAL - DEPTO. ADMINISTRATIVO I;EFETIVOS;335.XXX.XXX-06;29;40;HOSPITAL MUNICIPAL DE PADRE MARCOS;1;02/02/2015;;;;;;1 - Efetivo;CONCURSO PUBLICO ;;;Efetivo;;GARI
;Folha Mensal - Abril;JANETE MATILDES DA SILVA;ASSESSOR TÉCNICO (A) ADMINISTRATIVO;113,85;1.404,15;1.518,00;PREFEITURA MUNICIPAL DE PADRE MARCOS-PI;SECRETARIA MUNICIPAL  DE ADMINISTRAÇÃO;SEAD -  DEPTO. ADMINISTRAÇÃO V- COMISSIONADOS;COMISSIONADOS;034.XXX.XXX-21;308;40;PREDIO DA PREFEITURA;2;02/01/2025;;;;;;2 - Comissão;TEMPO DETERMINADO;;;Função de Confiança;;ASSESSOR TÉCNICO (A) ADMINISTRATIVO
;Folha Mensal - Abril;JÂNIA KALINE DIAS;ASSESSOR TÉCNICO (A) ADMINISTRATIVO;113,85;1.404,15;1.518,00;SECRETARIA MUNICIPAL DE SAUDE;SECRETARIA MUNICIPAL DE SAUDE;SMS-DEPTO.SEC.SAUDE-CONTRATADOS - FUS;COMISSIONADOS EDUCAÇÃO;065.XXX.XXX-27;267;40;SECRETARIA MUNICIPAL DE SAÚDE;4;02/01/2025;;;;;;2 - Comissão;TEMPO DETERMINADO;;;Função de Confiança;;ASSESSOR TÉCNICO (A) ADMINISTRATIVO
;Folha Complementar c/ Encargos - Abril;JÂNIA KALINE DIAS;ASSESSOR TÉCNICO (A) ADMINISTRATIVO;157,18;-157,18;;SECRETARIA MUNICIPAL DE SAUDE;SECRETARIA MUNICIPAL DE SAUDE;SMS-DEPTO.SEC.SAUDE-CONTRATADOS - FUS;COMISSIONADOS EDUCAÇÃO;065.XXX.XXX-27;267;40;SECRETARIA MUNICIPAL DE SAÚDE;4;02/01/2025;;;;;;2 - Comissão;TEMPO DETERMINADO;;;Função de Confiança;;ASSESSOR TÉCNICO (A) ADMINISTRATIVO
;Folha Mensal - Abril;JANNAÍNA ANTONIA DE ALENCAR CASTRO;COORDENADOR DE SERVIÇOS;305,60;2.894,40;3.200,00;SECRETARIA MUNICIPAL DE SAUDE;SECRETARIA MUNICIPAL DE SAUDE;SMS-DEPTO.SEC.SAUDE-CONTRATADOS - FUS;COMISSIONADOS;011.XXX.XXX-40;442;40;;2;02/01/2025;;;;;;2 - Comissão;TEMPO DETERMINADO;;;Função de Confiança;;COORDENADOR DE SERVIÇOS
;Folha Complementar c/ Encargos - Abril;JANNAÍNA ANTONIA DE ALENCAR CASTRO;COORDENADOR DE SERVIÇOS;618,76;-618,76;;SECRETARIA MUNICIPAL DE SAUDE;SECRETARIA MUNICIPAL DE SAUDE;SMS-DEPTO.SEC.SAUDE-CONTRATADOS - FUS;COMISSIONADOS;011.XXX.XXX-40;442;40;;2;02/01/2025;;;;;;2 - Comissão;TEMPO DETERMINADO;;;Função de Confiança;;COORDENADOR DE SERVIÇOS
;Folha Mensal - Abril;JARBAS DA SILVA SOUSA;VISITADOR PCF;113,85;1.404,15;1.518,00;SECRETARIA MUNICIPAL DE ASSISTENCIA SOCIAL;SECRETARIA MUNICIPAL DE ASSISTENCIA SOCIAL; PROG.CRIANÇA FELIZ;CONTRATO TEMPORÁRIO;080.XXX.XXX-16;406;40;;3;01/03/2025;;;;;;3 - Temporário;TEMPO DETERMINADO;;;Contrato Temporario;;VISITADOR PCF
;Folha Mensal - Abril;JEAN MICHEL DE SOUZA LEAL;ASSESSOR TÉCNICO (A) ADMINISTRATIVO;113,85;1.404,15;1.518,00;SECRETARIA MUNICIPAL DE ASSISTENCIA SOCIAL;SECRETARIA MUNICIPAL DE ASSISTENCIA SOCIAL;SASC-DEPTO. ASSISTENCIA SOCIAL I;COMISSIONADOS;625.XXX.XXX-01;595;40;SEC MUN. DE ASSISTENCIA SOCIAL;1;02/01/2025;;;;;;2 - Comissão;TEMPO DETERMINADO;;;Função de Confiança;;ASSESSOR TÉCNICO (A) ADMINISTRATIVO
;Folha Mensal - Abril;JEREMIAS ELIAS DA SILVA;DIRETOR DE DEPARTAMENTO;113,85;1.404,15;1.518,00;SECRETARIA MUNICIPAL DE EDUCAÇÃO;FUNDO DE MANUT. E DEC.DA EDUC.BASICA-FUNDEB;SME- DEPTOR ADM FUNDEB 30 % VI - COMISSIONADOS;COMISSIONADOS EDUCAÇÃO;788.XXX.XXX-49;392;40;;3;02/01/2025;;;;;;2 - Comissão;LIVRE PROVIMENTO ;;;Função de Confiança;;DIRETOR DE DEPARTAMENTO
;Folha Mensal - Abril;JOABE LEAL DE MACEDO;ASSESSOR ESPECIAL;168,49;1.956,71;2.125,20;SECRETARIA MUNICIPAL DE EDUCAÇÃO;FUNDO DE MANUT. E DEC.DA EDUC.BASICA-FUNDEB;SME- DEPTOR ADM FUNDEB 30 % VI - COMISSIONADOS;COMISSIONADOS;080.XXX.XXX-83;711;40;;1;01/03/2025;;;;;;2 - Comissão;LIVRE PROVIMENTO ;;;Função de Confiança;;ASSESSOR ESPECIAL
;Folha Mensal - Abril;JOÃO BATISTA RIBEIRO;ASSESSOR TÉCNICO (A) ADMINISTRATIVO;139,80;1.666,62;1.806,42;SECRETARIA MUNICIPAL DE EDUCAÇÃO;FUNDO DE MANUT. E DEC.DA EDUC.BASICA-FUNDEB;SME- DEPTOR ADM FUNDEB 30 % VI - COMISSIONADOS;COMISSIONADOS EDUCAÇÃO;900.XXX.XXX-04;426;40;;2;02/01/2025;;;;;;2 - Comissão;TEMPO DETERMINADO;;;Função de Confiança;;ASSESSOR TÉCNICO (A) ADMINISTRATIVO
;Folha Mensal - Abril;JOÃO HEIDER DA SILVA;PROFESSOR SL 40H - CELETISTA;503,53;3.482,71;3.986,24;SECRETARIA MUNICIPAL DE EDUCAÇÃO;FUNDO DE MANUT. E DEC.DA EDUC.BASICA-FUNDEB;SME - DEPTOR. ENSINO FUNDEB 70% IV - CELETISTAS;CONTRATADOS  EDUCAÇÃO;065.XXX.XXX-66;501;40;;3;24/02/2025;;;;;;3 - Temporário;TEMPO DETERMINADO;;;Contrato Temporario;;PROFESSOR SL 40H - CELETISTA
;Folha Mensal - Abril;JOÃO ISAAC ARAÚJO MODESTO;ASSESSOR ESPECIAL;156,20;1.832,38;1.988,58;SECRETARIA MUNICIPAL DE EDUCAÇÃO;FUNDO DE MANUT. E DEC.DA EDUC.BASICA-FUNDEB;SME- DEPTOR ADM FUNDEB 30 % VI - COMISSIONADOS;COMISSIONADOS EDUCAÇÃO;069.XXX.XXX-12;470;40;SECRETARIA MUNICIPAL DE EDUCAÇÃO;2;02/01/2025;;;;;;2 - Comissão;LIVRE PROVIMENTO ;;;Função de Confiança;;ASSESSOR ESPECIAL
;Folha Mensal - Abril;JOÃO ISIDRO DE CARVALHO;DIRETOR DE DEPARTAMENTO;195,82;2.232,98;2.428,80;PREFEITURA MUNICIPAL DE PADRE MARCOS-PI;SECRETARIA MUNICIPAL DE AGRICULTURA;SMA - SECRETARIA DE AGRICULTURA;COMISSIONADOS;517.XXX.XXX-15;370;40;;3;02/01/2025;;;;;;2 - Comissão;LIVRE PROVIMENTO ;;;Função de Confiança;;DIRETOR ADMINISTRATIVO
;Folha Mensal - Abril;JOÃO JUNIOR DE ALENCAR MACEDO;MOTORISTA;671,75;2.118,20;2.789,95;SECRETARIA MUNICIPAL DE EDUCAÇÃO;FUNDO DE MANUT. E DEC.DA EDUC.BASICA-FUNDEB;SME- DEPTOR. ADM FUNDEB 30% V;TEMPO DE SERVIÇO;454.XXX.XXX-53;107;40;SECRETARIA MUNICIPAL DE EDUCAÇÃO;1;01/08/1984;;;11/2025;;;1 - Efetivo;CONCURSO PUBLICO ;;;Efetivo;;MOTORISTA
;Folha Mensal - Abril;JOÃO MARCUS CARVALHO MACEDO;PROFESSOR SL 40H - CELETISTA;503,53;3.482,71;3.986,24;SECRETARIA MUNICIPAL DE EDUCAÇÃO;SECRETARIA MUNICIPAL DE EDUCAÇÃO;SME - DEPTOR. ENSINO FUNDEB 70% IV - CELETISTAS;CONTRATADOS  EDUCAÇÃO;057.XXX.XXX-52;472;40;;4;24/02/2025;;;;;;3 - Temporário;TEMPO DETERMINADO;;;Contrato Temporario;;PROFESSOR SL 40H - CELETISTA
;Folha Mensal - Abril;JOELMA FRANCISCA DE SOUSA;PROFESSOR SL 40H - CELETISTA;503,53;3.482,71;3.986,24;SECRETARIA MUNICIPAL DE EDUCAÇÃO;SECRETARIA MUNICIPAL DE EDUCAÇÃO;SME - DEPTOR. ENSINO FUNDEB 70% IV - CELETISTAS;CONTRATADOS  EDUCAÇÃO;022.XXX.XXX-97;325;40;;5;24/02/2025;;;;;;3 - Temporário;TEMPO DETERMINADO;;;Contrato Temporario;;PROFESSOR SL 40H - CELETISTA
;Folha Mensal - Abril;JOICE MIRELY DIAS SILVA;DIRETOR DE DEPARTAMENTO;113,85;1.404,15;1.518,00;SECRETARIA MUNICIPAL DE SAUDE;SECRETARIA MUNICIPAL DE SAUDE;SMS-DEPTO.SEC.SAUDE-CONTRATADOS - FUS;COMISSIONADOS;081.XXX.XXX-11;581;40;SECRETARIA MUNICIPAL DE SAÚDE;2;02/01/2025;;;;;;2 - Comissão;LIVRE PROVIMENTO ;;;Função de Confiança;;DIRETOR DE DEPARTAMENTO
;Folha Mensal - Abril;JOSE AFONSO DE ARAUJO MACEDO;ODONTÓLOGO;712,67;4.572,83;5.285,50;SECRETARIA MUNICIPAL DE SAUDE;SECRETARIA MUNICIPAL DE SAUDE;SMS - DEPTOR.SEC.SAUDE PSB II - PAB;EFETIVOS;160.XXX.XXX-04;123;40;;1;01/04/2008;;;;;;1 - Efetivo;CONCURSO PUBLICO ;;;Efetivo;;ODONTÓLOGO
;Folha Mensal - Abril;JOSÉ AGÁPITO DA SILVA;ASSESSOR TÉCNICO (A) ADMINISTRATIVO;113,85;1.404,15;1.518,00;SECRETARIA MUNICIPAL DE EDUCAÇÃO;FUNDO DE MANUT. E DEC.DA EDUC.BASICA-FUNDEB;SME- DEPTOR ADM FUNDEB 30 % VI - COMISSIONADOS;COMISSIONADOS;005.XXX.XXX-30;590;40;SECRETARIA MUNICIPAL DE EDUCAÇÃO;2;02/01/2025;;;;;;2 - Comissão;TEMPO DETERMINADO;;;Função de Confiança;;ASSESSOR TÉCNICO (A) ADMINISTRATIVO
;Folha Mensal - Abril;JOSÉ AGNALDO DE MACEDO NETO;DIRETOR DE DEPARTAMENTO;113,85;1.404,15;1.518,00;SECRETARIA MUNICIPAL DE EDUCAÇÃO;FUNDO DE MANUT. E DEC.DA EDUC.BASICA-FUNDEB;SME- DEPTOR ADM FUNDEB 30 % VI - COMISSIONADOS;COMISSIONADOS EDUCAÇÃO;622.XXX.XXX-00;539;40;SECRETARIA MUNICIPAL DE EDUCAÇÃO;2;03/02/2025;;;;;;2 - Comissão;LIVRE PROVIMENTO ;;;Função de Confiança;;DIRETOR DE DEPARTAMENTO
;Folha Mensal - Abril;JOSE ALAILSON DA SILVA;SECRETARIO(A) UNIDADE ESCOLAR MUNICIPAL;168,49;1.956,71;2.125,20;SECRETARIA MUNICIPAL DE EDUCAÇÃO;FUNDO DE MANUT. E DEC.DA EDUC.BASICA-FUNDEB;SME- DEPTOR ADM FUNDEB 30 % VI - COMISSIONADOS;COMISSIONADOS EDUCAÇÃO;069.XXX.XXX-61;280;40;U.E.M LUIZ LINO DA SILVA;4;03/02/2025;;;;;;2 - Comissão;LIVRE PROVIMENTO ;;;Função de Confiança;;SECRETARIO(A) UNIDADE ESCOLAR MUNICIPAL
;Folha Mensal - Abril;JOSE AQUILES DA SILVA;PROFESSOR SE 40H;2.263,61;5.911,31;8.174,92;SECRETARIA MUNICIPAL DE EDUCAÇÃO;SECRETARIA MUNICIPAL DE EDUCAÇÃO;SME- DEPTOR ENSINO FUNDEB 70% II;EFETIVO - PROFESSORES;451.XXX.XXX-91;184;40;SECRETARIA MUNICIPAL DE EDUCAÇÃO;1;02/02/1998;;;;;;1 - Efetivo;CONCURSO PUBLICO ;;;Efetivo;;PROFESSOR SE 40H
;Folha Mensal - Abril;JOSÉ AUGUSTO DE SOUSA MACEDO;AUX. DE SERV. GERAIS;612,24;1.209,36;1.821,60;SECRETARIA MUNICIPAL DE EDUCAÇÃO;FUNDO DE MANUT. E DEC.DA EDUC.BASICA-FUNDEB;SME- DEPTO. ADM -FUNDEB 30% II;EFETIVOS;001.XXX.XXX-07;93;40;;1;02/03/2015;;;;;;1 - Efetivo;CONCURSO PUBLICO ;;;Efetivo;;AUX. DE SERV. GERAIS
;Folha Mensal - Abril;JOSÉ BONIFÁCIO DA SILVA DIAS;PROFESSOR SE 40H;2.344,67;6.114,70;8.459,37;SECRETARIA MUNICIPAL DE EDUCAÇÃO;SECRETARIA MUNICIPAL DE EDUCAÇÃO;SME- DEPTOR ENSINO FUNDEB 70% III;EFETIVO - PROFESSORES;782.XXX.XXX-15;186;40;UNIDADE ESCOLAR MUNICIPAL CÂNDIDA MACEDO;1;02/02/1998;;;;;;1 - Efetivo;CONCURSO PUBLICO ;;;Efetivo;;PROFESSOR SE 40H
;Folha Mensal - Abril;JOSÉ ELIAS DA SILVA;AG. COMUNITARIO DE SAÚDE;708,78;3.689,82;4.398,60;SECRETARIA MUNICIPAL DE SAUDE;SECRETARIA MUNICIPAL DE SAUDE;SMS - SEC.DE SAUDE - ACS I - PAB;EFETIVOS;809.XXX.XXX-49;38;40;;1;12/09/1995;;;;;;1 - Efetivo;CONCURSO PUBLICO ;;;Efetivo;;AG. COMUNITARIO DE SAÚDE
;Folha Mensal - Abril;JOSE EVALDO DA SILVA;ASSESSOR TÉCNICO (A) ADMINISTRATIVO;182,16;2.094,84;2.277,00;PREFEITURA MUNICIPAL DE PADRE MARCOS-PI;SECRETARIA MUNICIPAL  DE ADMINISTRAÇÃO;ADM.SEC.MUNICIPAL DE TRANSPORTES;COMISSIONADOS;872.XXX.XXX-91;309;40;;2;02/01/2025;;;;;;2 - Comissão;TEMPO DETERMINADO;;;Função de Confiança;;COORDENADOR DE MÁQUINAS PESADAS
;Folha Mensal - Abril;JOSÉ FRANCISCO CARVALHO;AUX. DE SERVIÇOS GERAIS;113,85;1.404,15;1.518,00;SECRETARIA MUNICIPAL DE EDUCAÇÃO;FUNDO DE MANUT. E DEC.DA EDUC.BASICA-FUNDEB;SME-DEPTO.CONTRATO-ENSINO FUNDEB 30%;CONTRATADOS  EDUCAÇÃO;081.XXX.XXX-21;503;40;;3;02/03/2025;;;;;;3 - Temporário;TEMPO DETERMINADO;;;Contrato Temporario;;AUX. DE SERVIÇOS GERAIS
;Folha Mensal - Abril;JOSE FRANCISCO DE SOUSA;AUX. ADMINISTRATIVO;1.424,52;1.763,28;3.187,80;SECRETARIA MUNICIPAL DE EDUCAÇÃO;FUNDO DE MANUT. E DEC.DA EDUC.BASICA-FUNDEB;SME- DEPTO. ADM -FUNDEB 30% II;TEMPO DE SERVIÇO;022.XXX.XXX-24;116;40;U.E.M. JOSE DE MOURA LEAL;1;01/09/1986;;;;;;1 - Efetivo;CONCURSO PUBLICO ;;;Efetivo;;AUX. ADMINISTRATIVO
;Folha Mensal - Abril;JOSÉ FRANSUAILAM DE LIMA;DIRETOR DE DEPARTAMENTO;195,82;2.232,98;2.428,80;SECRETARIA MUNICIPAL DE EDUCAÇÃO;FUNDO DE MANUT. E DEC.DA EDUC.BASICA-FUNDEB;SME- DEPTOR ADM FUNDEB 30 % VI - COMISSIONADOS;COMISSIONADOS;612.XXX.XXX-04;537;40;SECRETARIA MUNICIPAL DE EDUCAÇÃO;2;02/01/2025;;;;;;2 - Comissão;LIVRE PROVIMENTO ;;;Função de Confiança;;DIRETOR DE DEPARTAMENTO
;Folha Mensal - Abril;JOSE GILDEMAR SOUSA SILVA;PROFESSOR SE 40H;2.036,00;5.644,23;7.680,23;SECRETARIA MUNICIPAL DE EDUCAÇÃO;SECRETARIA MUNICIPAL DE EDUCAÇÃO;SME- DEPTOR ENSINO FUNDEB 70% I;EFETIVO - PROFESSORES;041.XXX.XXX-10;146;40;U.E.M LUIZ LINO DA SILVA;1;02/03/2015;;;030/2022;;;1 - Efetivo;CONCURSO PUBLICO ;;;Efetivo;;PROFESSOR SL 40H
;Folha Mensal - Abril;JOSÉ JOAQUIM DA SILVA FILHO;ASSESSOR TÉCNICO (A) ADMINISTRATIVO;113,85;1.404,15;1.518,00;PREFEITURA MUNICIPAL DE PADRE MARCOS-PI;SECRETARIA MUNICIPAL  DE ADMINISTRAÇÃO;SEAD -  DEPTO. ADMINISTRAÇÃO V- COMISSIONADOS;COMISSIONADOS;454.XXX.XXX-20;610;40;PREDIO DA PREFEITURA;1;03/02/2025;;;;;;2 - Comissão;TEMPO DETERMINADO;;;Função de Confiança;;ASSESSOR TÉCNICO (A) ADMINISTRATIVO
;Folha Mensal - Abril;JOSÉ LEAL DE MACEDO;ASSESSOR TÉCNICO (A) ADMINISTRATIVO;113,85;1.404,15;1.518,00;PREFEITURA MUNICIPAL DE PADRE MARCOS-PI;SECRETARIA MUNICIPAL  DE ADMINISTRAÇÃO;SEMA -  SECRETARIA DO MEIO AMBIENTE;COMISSIONADOS;895.XXX.XXX-49;240;40;;3;03/02/2025;;;;;;2 - Comissão;TEMPO DETERMINADO;;;Função de Confiança;;ASSESSOR TÉCNICO (A) ADMINISTRATIVO
;Folha Mensal - Abril;JOSÉ MARTINS LUAN CARVALHO;ASSESSOR TÉCNICO (A) ADMINISTRATIVO;156,20;1.832,38;1.988,58;SECRETARIA MUNICIPAL DE EDUCAÇÃO;FUNDO DE MANUT. E DEC.DA EDUC.BASICA-FUNDEB;SME- DEPTOR ADM FUNDEB 30 % VI - COMISSIONADOS;COMISSIONADOS;117.XXX.XXX-02;781;40;;1;01/04/2025;;;12/2025;;;2 - Comissão;TEMPO DETERMINADO;;;Função de Confiança;;ASSESSOR TÉCNICO (A) ADMINISTRATIVO
;Folha Mensal - Abril;JOSÉ RIBAMAR DE SOUSA;ASSESSOR TÉCNICO (A) ADMINISTRATIVO;113,85;1.404,15;1.518,00;PREFEITURA MUNICIPAL DE PADRE MARCOS-PI;SECRETARIA MUNICIPAL  DE ADMINISTRAÇÃO;ADM.SEC.MUNICIPAL DE TRANSPORTES;COMISSIONADOS;993.XXX.XXX-87;499;40;;2;02/01/2025;;;;;;2 - Comissão;TEMPO DETERMINADO;;;Função de Confiança;;ASSESSOR TÉCNICO (A) ADMINISTRATIVO
;Folha Mensal - Abril;JOSÉ RODOLFO DE CARVALHO;ASSESSOR ESPECIAL;113,85;1.404,15;1.518,00;SECRETARIA MUNICIPAL DE EDUCAÇÃO;FUNDO DE MANUT. E DEC.DA EDUC.BASICA-FUNDEB;SME- DEPTOR ADM FUNDEB 30 % VI - COMISSIONADOS;COMISSIONADOS;612.XXX.XXX-19;1083;40;;1;01/03/2025;;;;;;2 - Comissão;LIVRE PROVIMENTO ;;;Função de Confiança;;ASSESSOR ESPECIAL
;Folha Mensal - Abril;JOSE VALDINAR DA SILVA;SECRETARIO MUNICICIPAL DE GOVERNO;180,23;2.075,37;2.255,60;PREFEITURA MUNICIPAL DE PADRE MARCOS-PI;GABINETE DO PREFEITO;GABINETE DO PREFEITO;ELETIVOS;864.XXX.XXX-20;223;40;;2;02/01/2025;;;;;;2 - Comissão;LIVRE PROVIMENTO ;;;Função de Confiança;;SECRETARIO MUNICICIPAL DE GOVERNO
;Folha Mensal - Abril;JOSÉ VALDINAR FRANCISCO DA SILVA;ASSESSOR TÉCNICO (A) ADMINISTRATIVO;195,82;2.232,98;2.428,80;SECRETARIA MUNICIPAL DE EDUCAÇÃO;FUNDO DE MANUT. E DEC.DA EDUC.BASICA-FUNDEB;SME- DEPTOR ADM FUNDEB 30 % VI - COMISSIONADOS;COMISSIONADOS;005.XXX.XXX-78;526;40;SECRETARIA MUNICIPAL DE EDUCAÇÃO;2;02/01/2025;;;;;;2 - Comissão;TEMPO DETERMINADO;;;;;ASSESSOR TÉCNICO (A) ADMINISTRATIVO
;Folha Mensal - Abril;JOSEAN SANTOS ALMEIDA;PROFESSOR SE 40H;2.325,08;6.475,64;8.800,72;SECRETARIA MUNICIPAL DE EDUCAÇÃO;SECRETARIA MUNICIPAL DE EDUCAÇÃO;SME- DEPTOR ENSINO FUNDEB 70% II;EFETIVO - PROFESSORES;718.XXX.XXX-49;183;40;UNIDADE ESCOLAR JOSE JUBELINO DE MACEDO;1;02/03/1998;;;;;;1 - Efetivo;CONCURSO PUBLICO ;;;Efetivo;;PROFESSOR SE 40H
;Folha Mensal - Abril;JOSEANO VALDECI DE LIMA;DIRETOR DE DEPARTAMENTO;113,85;1.404,15;1.518,00;PREFEITURA MUNICIPAL DE PADRE MARCOS-PI;SECRETARIA MUNICIPAL  DE ADMINISTRAÇÃO;SEAD -  DEPTO. ADMINISTRAÇÃO V- COMISSIONADOS;COMISSIONADOS;010.XXX.XXX-56;390;40;;2;02/01/2025;;;;;;2 - Comissão;LIVRE PROVIMENTO ;;;Função de Confiança;;COORDENADOR DE CEMITÉRIO PÚBLICO
;Folha Mensal - Abril;JOSEFA BENEDITA DA SILVA;TECNICO EM ENFERMAGEM;264,89;2.084,41;2.349,30;SECRETARIA MUNICIPAL DE SAUDE;SECRETARIA MUNICIPAL DE SAUDE;SMS - DEPTOR .SEC. DE SAUDE - PAB;EFETIVOS;241.XXX.XXX-53;56;40;SECRETARIA MUNICIPAL DE SAÚDE;1;02/02/2015;;;;;;1 - Efetivo;CONCURSO PUBLICO ;;;Efetivo;;TECNICO EM ENFERMAGEM
;Folha Complementar c/ Encargos - Abril;JOSEFA BENEDITA DA SILVA;TECNICO EM ENFERMAGEM;277,60;-277,60;;SECRETARIA MUNICIPAL DE SAUDE;SECRETARIA MUNICIPAL DE SAUDE;SMS - DEPTOR .SEC. DE SAUDE - PAB;EFETIVOS;241.XXX.XXX-53;56;40;SECRETARIA MUNICIPAL DE SAÚDE;1;02/02/2015;;;;;;1 - Efetivo;CONCURSO PUBLICO ;;;Efetivo;;TECNICO EM ENFERMAGEM
;Folha Mensal - Abril;JOSEFA MACEDO DA SILVA;AUX. DE SERV. GERAIS;273,24;1.548,36;1.821,60;SECRETARIA MUNICIPAL DE EDUCAÇÃO;FUNDO DE MANUT. E DEC.DA EDUC.BASICA-FUNDEB;SME- DEPTO. ADM -FUNDEB 30% II;EFETIVOS;628.XXX.XXX-49;92;40;U.E.M.BERLAMINO FLORENTINO DE CARVALHO;1;02/03/1998;;;;;;1 - Efetivo;CONCURSO PUBLICO ;;;Efetivo;;AUX. DE SERV. GERAIS
;Folha Mensal - Abril;JOSEFA MÁRCIA DE CARVALHO;DIRETOR(A) DE ESCOLA;305,60;2.894,40;3.200,00;SECRETARIA MUNICIPAL DE EDUCAÇÃO;SECRETARIA MUNICIPAL DE EDUCAÇÃO;SME- DEPTOR. ENSINO FUNDEB 70% V - COMISSIONADOS;COMISSIONADOS EDUCAÇÃO;010.XXX.XXX-42;449;40;U.E.M LUIZ LINO DA SILVA;2;02/01/2025;;;;;;2 - Comissão;LIVRE PROVIMENTO ;;;Contrato Temporario;;DIRETOR(A) DE ESCOLA
;Folha Mensal - Abril;JOSEFA PEDRINA DA CONCEIÇÃO SILVA;AG. COMUNITARIO DE SAÚDE;754,31;3.796,09;4.550,40;SECRETARIA MUNICIPAL DE SAUDE;SECRETARIA MUNICIPAL DE SAUDE;SMS - SEC.DE SAUDE - ACS I - PAB;EFETIVOS;689.XXX.XXX-63;44;40;;1;18/03/2003;;;;;;1 - Efetivo;CONCURSO PUBLICO ;;;Efetivo;;AG. COMUNITARIO DE SAÚDE
;Folha Mensal - Abril;JOSELIA LUISA DE CARVALHO;ASSESSOR ESPECIAL;113,85;1.404,15;1.518,00;SECRETARIA MUNICIPAL DE EDUCAÇÃO;FUNDO DE MANUT. E DEC.DA EDUC.BASICA-FUNDEB;SME- DEPTOR ADM FUNDEB 30 % VI - COMISSIONADOS;COMISSIONADOS EDUCAÇÃO;068.XXX.XXX-50;339;40;;2;02/01/2025;;;;;;2 - Comissão;LIVRE PROVIMENTO ;;;;;ASSESSOR ESPECIAL
;Folha Mensal - Abril;JOSIVALDO GERALDO CARVALHO MACEDO;MOTORISTA;303,91;2.033,81;2.337,72;SECRETARIA MUNICIPAL DE EDUCAÇÃO;FUNDO DE MANUT. E DEC.DA EDUC.BASICA-FUNDEB;SME- DEPTOR. ADM FUNDEB 30% V;EFETIVOS;004.XXX.XXX-03;108;40;SECRETARIA MUNICIPAL DE EDUCAÇÃO;1;02/03/2015;;;;;;1 - Efetivo;CONCURSO PUBLICO ;;;Efetivo;;MOTORISTA
;Folha Mensal - Abril;JOSIVANHA DE MORAIS CARVALHO;ORIENTADOR SOCIAL;113,85;1.404,15;1.518,00;SECRETARIA MUNICIPAL DE ASSISTENCIA SOCIAL;SECRETARIA MUNICIPAL DE ASSISTENCIA SOCIAL;SASC-SEC.ASSISTENCIA SOCIAL - ORIENTADORES;CONTRATO TEMPORÁRIO;062.XXX.XXX-78;242;40;;6;01/03/2025;;;;;;3 - Temporário;TEMPO DETERMINADO;03/2025;;Contrato Temporario;;ORIENTADOR SOCIAL
;Folha Mensal - Abril;JOSIVANIA ELVIRA DE MACEDO;COORDENADOR DE SERVIÇOS;148,00;1.749,50;1.897,50;PREFEITURA MUNICIPAL DE PADRE MARCOS-PI;SECRETARIA MUNICIPAL  DE ADMINISTRAÇÃO;SEAD- DPTO.ADM. ALMOXARIFADO;COMISSIONADOS;009.XXX.XXX-29;237;40;;2;02/01/2025;;;;;;2 - Comissão;TEMPO DETERMINADO;;;Função de Confiança;;COORDENADOR DE SERVIÇOS
;Folha Mensal - Abril;JOSUE JOÃO DA SILVA GOMES;MOTORISTA;195,82;2.232,98;2.428,80;SECRETARIA MUNICIPAL DE EDUCAÇÃO;FUNDO DE MANUT. E DEC.DA EDUC.BASICA-FUNDEB;SME-DEPTO.CONTRATO-ENSINO FUNDEB 30%;CONTRATO TEMPORÁRIO;006.XXX.XXX-81;342;40;SECRETARIA MUNICIPAL DE EDUCAÇÃO;2;02/01/2025;;;;;;1 - Efetivo;CONCURSO PUBLICO ;;;Contrato Temporario;;ASSESSOR TÉCNICO (A) ADMINISTRATIVO
;Folha Mensal - Abril;JOVELANDO JOSE DE CARVALHO;PROFESSOR SE 40H;2.036,00;5.644,23;7.680,23;SECRETARIA MUNICIPAL DE EDUCAÇÃO;SECRETARIA MUNICIPAL DE EDUCAÇÃO;SME- DEPTOR ENSINO FUNDEB 70% I;EFETIVO - PROFESSORES;015.XXX.XXX-86;147;40;UNIDADE ESCOLAR MUNICIPAL DAVI SEVERIANO DE CARVALHO;1;02/03/2015;;;;;;1 - Efetivo;CONCURSO PUBLICO ;;;Efetivo;;PROFESSOR SE 40H
;Folha Mensal - Abril;JOYCE MAIANNE DA SILVA SOUZA;AG. COMUNITARIO DE SAÚDE;1.073,59;4.539,41;5.613,00;SECRETARIA MUNICIPAL DE SAUDE;SECRETARIA MUNICIPAL DE SAUDE;SMS - SEC.DE SAUDE - ACS I - PAB;EFETIVOS;037.XXX.XXX-56;43;40;;1;02/02/2015;;;02/2021;;;1 - Efetivo;CONCURSO PUBLICO ;;;Efetivo;;AG. COMUNITARIO DE SAÚDE
;Folha Mensal - Abril;JUCENAIDE DE CARVALHO BOEIRO;PROFESSOR SE 40H;2.036,00;5.644,23;7.680,23;SECRETARIA MUNICIPAL DE EDUCAÇÃO;SECRETARIA MUNICIPAL DE EDUCAÇÃO;SME- DEPTOR ENSINO FUNDEB 70% I;EFETIVO - PROFESSORES;004.XXX.XXX-20;148;40;UNIDADE ESCOLAR MUNICIPAL CÂNDIDA MACEDO;1;02/03/2015;;;;;;1 - Efetivo;CONCURSO PUBLICO ;;;Efetivo;;PROFESSOR SL 20H
;Folha Mensal - Abril;JUCILIA ANAILDA DE SOUSA LEAL;PROFESSOR SE 40H;1.904,92;5.416,64;7.321,56;SECRETARIA MUNICIPAL DE EDUCAÇÃO;SECRETARIA MUNICIPAL DE EDUCAÇÃO;SME- DEPTOR ENSINO FUNDEB 70% I;EFETIVO - PROFESSORES;014.XXX.XXX-08;291;40;UNIDADE ESCOLAR MUNICIPAL DAVI SEVERIANO DE CARVALHO;1;01/02/2018;;;;;;1 - Efetivo;CONCURSO PUBLICO ;;;Efetivo;;PROFESSOR SL 20H
;Folha Mensal - Abril;JULIA MARIA DE JESUS DIAS;PROFESSOR SE 40H;2.761,91;5.697,46;8.459,37;SECRETARIA MUNICIPAL DE EDUCAÇÃO;SECRETARIA MUNICIPAL DE EDUCAÇÃO;SME- DEPTO ENSINO INFANTIL FUNDEB 70% - EFETIVOS;EFETIVO - PROFESSORES;514.XXX.XXX-49;187;40;CRECHE PRÉ-ESCOLAR MARGARIDA DE JESUS ALENCAR ( TIA GUIDA);1;02/02/1998;;;;;;1 - Efetivo;CONCURSO PUBLICO ;;;Efetivo;;PROFESSOR SE 40H
;Folha Mensal - Abril;JULIANA CRISTINA DIAS BRITO;COORDENADOR(A) PEDAGÓGICO;305,60;2.894,40;3.200,00;SECRETARIA MUNICIPAL DE EDUCAÇÃO;SECRETARIA MUNICIPAL DE EDUCAÇÃO;SME- DEPTOR. ENSINO FUNDEB 70% V - COMISSIONADOS;COMISSIONADOS EDUCAÇÃO;062.XXX.XXX-06;273;40;UNIDADE ESCOLAR MUNICIPAL CÂNDIDA MACEDO;5;02/01/2025;;;;;;2 - Comissão;TEMPO DETERMINADO;;;Função de Confiança;;COORDENADOR(A) PEDAGÓGICO
;Folha Mensal - Abril;JULIÊTA TEREZA DE CARVALHO NETA;AG. COMUNITARIO DE SAÚDE;1.065,47;4.395,73;5.461,20;SECRETARIA MUNICIPAL DE SAUDE;SECRETARIA MUNICIPAL DE SAUDE;SMS - SEC.DE SAUDE - ACS I - PAB;EFETIVOS;877.XXX.XXX-68;42;40;;1;01/08/1999;;;;;;1 - Efetivo;CONCURSO PUBLICO ;;;Efetivo;;AG. COMUNITARIO DE SAÚDE
;Folha Mensal - Abril;JURACI RODRIGO DA SILVA;COORDENADOR DE SERVIÇOS;195,82;2.232,98;2.428,80;SECRETARIA MUNICIPAL DE EDUCAÇÃO;FUNDO DE MANUT. E DEC.DA EDUC.BASICA-FUNDEB;SME- DEPTOR ADM FUNDEB 30 % VI - COMISSIONADOS;COMISSIONADOS;535.XXX.XXX-04;485;40;;2;02/01/2025;;;;;;2 - Comissão;TEMPO DETERMINADO;;;Função de Confiança;;COORDENADOR DE SERVIÇOS
;Folha Mensal - Abril;JUSSANDRA JUDITE DE MACEDO;AUX. DE SERV. GERAIS;273,24;1.548,36;1.821,60;SECRETARIA MUNICIPAL DE EDUCAÇÃO;FUNDO DE MANUT. E DEC.DA EDUC.BASICA-FUNDEB;SME- DEPTO. ADM -FUNDEB 30% II;EFETIVOS;454.XXX.XXX-72;80;40;UNIDADE ESCOLAR MUNICIPAL DAVI SEVERIANO DE CARVALHO;1;01/03/1988;;;;;;1 - Efetivo;CONCURSO PUBLICO ;;;Efetivo;;AUX. DE SERV. GERAIS
;Folha Mensal - Abril;JUVANIR ANTONIO DE MACEDO;AG. DE HIGIENE E SEGURANÇA;1.110,02;4.051,18;5.161,20;SECRETARIA MUNICIPAL DE SAUDE;SECRETARIA MUNICIPAL DE SAUDE;SMS- SEC SAUDE - AGENTE DE ENDEMIAS;EFETIVOS;008.XXX.XXX-66;66;40;;1;02/02/2015;;;;;;1 - Efetivo;CONCURSO PUBLICO ;;;Efetivo;;AG. DE HIGIENE E SEGURANÇA
;Folha Mensal - Abril;JUVENAL BORGES DE CARVALHO;MOTORISTA;268,84;2.319,35;2.588,19;HOSPITAL MUNICIPAL DE PADRE MARCOS;SECRETARIA MUNICIPAL DE SAUDE;HOSPITAL-DEPTO.ADMINISTRATIVO II;EFETIVOS;004.XXX.XXX-29;25;40;HOSPITAL MUNICIPAL DE PADRE MARCOS;1;04/05/2015;;;02/2026;;;1 - Efetivo;CONCURSO PUBLICO ;;;Efetivo;;MOTORISTA
;Folha Mensal - Abril;KALINE BARBOSA CAVALCANTE ARRAES;ENFERMEIRO;1.529,95;6.379,14;7.909,09;SECRETARIA MUNICIPAL DE SAUDE;SECRETARIA MUNICIPAL DE SAUDE;SMS - DEPTOR .SEC. DE SAUDE - PAB;EFETIVOS;936.XXX.XXX-20;119;40;;1;02/05/2008;;;085/2024;;;1 - Efetivo;CONCURSO PUBLICO ;;;Efetivo;;ENFERMEIRO
;Adiantamento 13º Salário - Abril;KALINE BARBOSA CAVALCANTE ARRAES;ENFERMEIRO;;3.454,55;3.454,55;SECRETARIA MUNICIPAL DE SAUDE;SECRETARIA MUNICIPAL DE SAUDE;SMS - DEPTOR .SEC. DE SAUDE - PAB;EFETIVOS;936.XXX.XXX-20;119;40;;1;02/05/2008;;;085/2024;;;1 - Efetivo;CONCURSO PUBLICO ;;;Efetivo;;ENFERMEIRO
;Folha Complementar c/ Encargos - Abril;KALINE BARBOSA CAVALCANTE ARRAES;ENFERMEIRO;119,80;-119,80;;SECRETARIA MUNICIPAL DE SAUDE;SECRETARIA MUNICIPAL DE SAUDE;SMS - DEPTOR .SEC. DE SAUDE - PAB;EFETIVOS;936.XXX.XXX-20;119;40;;1;02/05/2008;;;085/2024;;;1 - Efetivo;CONCURSO PUBLICO ;;;Efetivo;;ENFERMEIRO
;Folha Mensal - Abril;kAROLINY VIANA DE SOUSA;PROFESSOR SE 40H;2.036,00;5.644,23;7.680,23;SECRETARIA MUNICIPAL DE EDUCAÇÃO;SECRETARIA MUNICIPAL DE EDUCAÇÃO;SME- DEPTOR ENSINO FUNDEB 70% I;EFETIVO - PROFESSORES;035.XXX.XXX-03;149;40;UNIDADE ESCOLAR MUNICIPAL DAVI SEVERIANO DE CARVALHO;1;02/03/2015;;;195/2021;;;1 - Efetivo;CONCURSO PUBLICO ;;;Efetivo;;PROFESSOR SL 40H
;Rescisão - Abril;KASSIELLY FRANCIDALVA DE CARVALHO;SECRETARIO(A) UNIDADE ESCOLAR MUNICIPAL;;0,00;;SECRETARIA MUNICIPAL DE EDUCAÇÃO;FUNDO DE MANUT. E DEC.DA EDUC.BASICA-FUNDEB;SME- DEPTOR ADM FUNDEB 30 % VI - COMISSIONADOS;COMISSIONADOS EDUCAÇÃO;088.XXX.XXX-35;550;40;SECRETARIA MUNICIPAL DE EDUCAÇÃO;3;02/03/2025;01/04/2025;;236/2025;;;2 - Comissão;LIVRE PROVIMENTO ;;;Função de Confiança;;SECRETARIO(A) UNIDADE ESCOLAR MUNICIPAL
;Folha Mensal - Abril;KASSIELLY FRANCIDALVA DE CARVALHO;SECRETARIO(A) UNIDADE ESCOLAR MUNICIPAL;251,62;2.671,58;2.923,20;PREFEITURA MUNICIPAL DE PADRE MARCOS-PI;GABINETE DO PREFEITO;GABINETE DO PREFEITO;COMISSIONADOS EDUCAÇÃO;088.XXX.XXX-35;550;40;PREDIO DA PREFEITURA;4;02/04/2025;;;;;;2 - Comissão;LIVRE PROVIMENTO ;;;Função de Confiança;;OUVIDOR GERAL DO MUNICIPIO
;Folha Mensal - Abril;KATHYANNE LEAL SOUSA;DIRETOR DE DEPARTAMENTO;113,85;1.404,15;1.518,00;SECRETARIA MUNICIPAL DE EDUCAÇÃO;FUNDO DE MANUT. E DEC.DA EDUC.BASICA-FUNDEB;SME- DEPTOR ADM FUNDEB 30 % VI - COMISSIONADOS;COMISSIONADOS EDUCAÇÃO;046.XXX.XXX-55;347;40;;3;03/02/2025;;;;;;2 - Comissão;LIVRE PROVIMENTO ;;;Função de Confiança;;DIRETOR DE DEPARTAMENTO
;Folha Mensal - Abril;KATHYUSSE LEAL SOUSA BENIZ;PROFESSOR SL 40H - CELETISTA;503,53;3.482,71;3.986,24;SECRETARIA MUNICIPAL DE EDUCAÇÃO;SECRETARIA MUNICIPAL DE EDUCAÇÃO;SME- DEPTO  ENSINO INFANTIL FUNDEB 70% - SELETISTAS;CONTRATADOS  EDUCAÇÃO;043.XXX.XXX-79;276;40;CRECHE PRÉ-ESCOLAR MARGARIDA DE JESUS ALENCAR ( TIA GUIDA);6;24/02/2025;;;;;;3 - Temporário;TEMPO DETERMINADO;;;Contrato Temporario;;PROFESSOR SL 40H - CELETISTA
;Folha Mensal - Abril;KÁTIA LEILA DA SILVA;ASSESSOR TÉCNICO (A) ADMINISTRATIVO;113,85;1.404,15;1.518,00;SECRETARIA MUNICIPAL DE EDUCAÇÃO;FUNDO DE MANUT. E DEC.DA EDUC.BASICA-FUNDEB;SME- DEPTOR ADM FUNDEB 30 % VI - COMISSIONADOS;COMISSIONADOS;909.XXX.XXX-91;775;40;SECRETARIA MUNICIPAL DE EDUCAÇÃO;1;01/04/2025;;;;;;2 - Comissão;TEMPO DETERMINADO;;;Função de Confiança;;ASSESSOR TÉCNICO (A) ADMINISTRATIVO
;Folha Mensal - Abril;KAUÊ JOSÉ DA SILVA;ASSESSOR TÉCNICO (A) ADMINISTRATIVO;156,20;1.832,38;1.988,58;SECRETARIA MUNICIPAL DE EDUCAÇÃO;FUNDO DE MANUT. E DEC.DA EDUC.BASICA-FUNDEB;SME- DEPTOR ADM FUNDEB 30 % VI - COMISSIONADOS;COMISSIONADOS;622.XXX.XXX-44;780;40;;1;01/04/2025;;;;;;2 - Comissão;TEMPO DETERMINADO;;;Função de Confiança;;ASSESSOR TÉCNICO (A) ADMINISTRATIVO
;Folha Mensal - Abril;KEDNA RAIMUNDA DA SILVA;PROFESSOR SE 40H;3.469,73;3.851,83;7.321,56;SECRETARIA MUNICIPAL DE EDUCAÇÃO;SECRETARIA MUNICIPAL DE EDUCAÇÃO;SME- DEPTOR ENSINO FUNDEB 70% I;EFETIVO - PROFESSORES;015.XXX.XXX-10;150;40;U.E.M LUIZ LINO DA SILVA;1;02/03/2015;;;;;;1 - Efetivo;CONCURSO PUBLICO ;;;Efetivo;;PROFESSOR SL 40H
;Folha Mensal - Abril;LAERCIO SILVA SANTOS;GARI;267,93;2.084,97;2.352,90;PREFEITURA MUNICIPAL DE PADRE MARCOS-PI;SECRETARIA MUNICIPAL  DE ADMINISTRAÇÃO;SEAD - DEPTO.ADMINISTRAÇÃO II;EFETIVOS;065.XXX.XXX-60;224;40;;1;25/11/2016;;;;;;1 - Efetivo;CONCURSO PUBLICO ;;;Efetivo;;GARI
;Folha Mensal - Abril;LAESIO JOSE DE MACEDO SILVA;AG. DE HIGIENE E SEGURANÇA;1.214,81;3.035,59;4.250,40;SECRETARIA MUNICIPAL DE SAUDE;SECRETARIA MUNICIPAL DE SAUDE;SMS- SEC SAUDE - AGENTE DE ENDEMIAS;EFETIVOS;008.XXX.XXX-93;64;40;;1;02/02/2015;;;;;;1 - Efetivo;CONCURSO PUBLICO ;;;Efetivo em Comissão;;AG. DE HIGIENE E SEGURANÇA
;Folha Mensal - Abril;LAIANE LUSINEIDE DE CARVALHO;ASSESSOR TÉCNICO (A) ADMINISTRATIVO;113,85;1.404,15;1.518,00;SECRETARIA MUNICIPAL DE SAUDE;SECRETARIA MUNICIPAL DE SAUDE;SMS-DEPTO.SEC.SAUDE-CONTRATADOS - FUS;COMISSIONADOS;086.XXX.XXX-01;593;40;SECRETARIA MUNICIPAL DE SAÚDE;2;02/01/2025;;;;;;2 - Comissão;TEMPO DETERMINADO;;;Função de Confiança;;ASSESSOR TÉCNICO (A) ADMINISTRATIVO
;Folha Mensal - Abril;LANNA RAFAELA DO NASCIMENTO MACEDO;FISIOTERAPEUTA;205,20;2.327,80;2.533,00;SECRETARIA MUNICIPAL DE SAUDE;SECRETARIA MUNICIPAL DE SAUDE;SEC. MUN. SAÚDE- DEPTO. DE SAUDE II-CONTRATADOS - PAB;CONTRATO TEMPORÁRIO;049.XXX.XXX-10;420;40;;3;02/01/2025;;;;;;3 - Temporário;TEMPO DETERMINADO;03/2021;;Contrato Temporario;;FISIOTERAPEUTA
;Folha Mensal - Abril;LARIEL MACEDO CARDEAL;COORDENADOR DE SERVIÇOS;168,49;1.956,71;2.125,20;SECRETARIA MUNICIPAL DE SAUDE;SECRETARIA MUNICIPAL DE SAUDE;SMS-DEPTO.SEC.SAUDE-CONTRATADOS - FUS;COMISSIONADOS;078.XXX.XXX-70;383;40;;2;02/01/2025;;;;;;2 - Comissão;TEMPO DETERMINADO;;;Função de Confiança;;COORDENADOR DE SERVIÇOS
;Folha Mensal - Abril;LAUDELINO RODRIGUES DA SILVA;ASSESSOR ESPECIAL;113,85;1.404,15;1.518,00;SECRETARIA MUNICIPAL DE EDUCAÇÃO;FUNDO DE MANUT. E DEC.DA EDUC.BASICA-FUNDEB;SME- DEPTOR ADM FUNDEB 30 % VI - COMISSIONADOS;COMISSIONADOS;241.XXX.XXX-00;706;40;;1;01/03/2025;;;;;;2 - Comissão;LIVRE PROVIMENTO ;;;Função de Confiança;;ASSESSOR ESPECIAL
;Folha Mensal - Abril;LAWANNE DAYSE SILVA;ASSESSOR TÉCNICO (A) ADMINISTRATIVO;113,85;1.404,15;1.518,00;PREFEITURA MUNICIPAL DE PADRE MARCOS-PI;SECRETARIA MUNICIPAL  DE ADMINISTRAÇÃO;SEAD -  DEPTO. ADMINISTRAÇÃO V- COMISSIONADOS;COMISSIONADOS;091.XXX.XXX-80;611;40;PREDIO DA PREFEITURA;1;03/02/2025;;;;;;2 - Comissão;TEMPO DETERMINADO;;;Função de Confiança;;ASSESSOR TÉCNICO (A) ADMINISTRATIVO
;Folha Mensal - Abril;LAZZARO NARTAN CARVALHO LEAL;ASSESSOR TÉCNICO (A) ADMINISTRATIVO;113,85;1.404,15;1.518,00;PREFEITURA MUNICIPAL DE PADRE MARCOS-PI;SECRETARIA MUNICIPAL  DE ADMINISTRAÇÃO;SEAD -  DEPTO. ADMINISTRAÇÃO V- COMISSIONADOS;COMISSIONADOS;066.XXX.XXX-92;645;40;PREDIO DA PREFEITURA;1;01/02/2025;;;;;;2 - Comissão;TEMPO DETERMINADO;;;Contrato Temporario;;ASSESSOR TÉCNICO (A) ADMINISTRATIVO
;Folha Mensal - Abril;LÊDA VANIA DA SILVA SOUSA;AUX. DE SERV. GERAIS;632,76;1.037,04;1.669,80;SECRETARIA MUNICIPAL DE EDUCAÇÃO;FUNDO DE MANUT. E DEC.DA EDUC.BASICA-FUNDEB;SME- DEPTO. ADM -FUNDEB 30% II;EFETIVOS;526.XXX.XXX-82;81;40;UNIDADE ESCOLAR MUNICIPAL CÂNDIDA MACEDO;1;02/03/1998;;;018/2022;;;1 - Efetivo;CONCURSO PUBLICO ;;;Efetivo;;AUX. DE SERV. GERAIS
;Folha Mensal - Abril;LEILANE RAVELLY MACEDO FEITOSA;ASSESSOR TÉCNICO (A) ADMINISTRATIVO;113,85;1.404,15;1.518,00;SECRETARIA MUNICIPAL DE SAUDE;SECRETARIA MUNICIPAL DE SAUDE;SMS-DEPTO.SEC.SAUDE-CONTRATADOS - FUS;COMISSIONADOS;614.XXX.XXX-15;352;40;;3;02/01/2025;;01/2020;;;;2 - Comissão;TEMPO DETERMINADO;;;Função de Confiança;;ASSESSOR TÉCNICO (A) ADMINISTRATIVO
;Folha Mensal - Abril;LEONARDO DE CARVALHO MACEDO;PROFESSORA DE EJA - CELETISTA;503,53;3.482,71;3.986,24;SECRETARIA MUNICIPAL DE EDUCAÇÃO;SECRETARIA MUNICIPAL DE EDUCAÇÃO;SME-DEPTOR. ENSINO FUNDEB 70%  VI EJA;CONTRATADOS  EDUCAÇÃO;066.XXX.XXX-06;492;40;;3;01/03/2025;;032023;;;;3 - Temporário;TEMPO DETERMINADO;;;Contrato Temporario;;PROFESSORA DE EJA - CELETISTA
;Folha Mensal - Abril;LEONARDO DIAS LEAL;ASSESSOR TÉCNICO (A) ADMINISTRATIVO;113,85;1.404,15;1.518,00;SECRETARIA MUNICIPAL DE EDUCAÇÃO;FUNDO DE MANUT. E DEC.DA EDUC.BASICA-FUNDEB;SME- DEPTOR ADM FUNDEB 30 % VI - COMISSIONADOS;COMISSIONADOS EDUCAÇÃO;447.XXX.XXX-10;591;40;SECRETARIA MUNICIPAL DE EDUCAÇÃO;2;02/01/2025;;;12/2025;;;2 - Comissão;TEMPO DETERMINADO;;;Função de Confiança;;ASSESSOR TÉCNICO (A) ADMINISTRATIVO
;Folha Mensal - Abril;LEONARDO HOMERO DE CARVALHO;VISITADOR PCF;113,85;1.404,15;1.518,00;SECRETARIA MUNICIPAL DE ASSISTENCIA SOCIAL;SECRETARIA MUNICIPAL DE ASSISTENCIA SOCIAL; PROG.CRIANÇA FELIZ;CONTRATO TEMPORÁRIO;612.XXX.XXX-00;761;40;;1;01/03/2025;;;;;;3 - Temporário;TEMPO DETERMINADO;;;Contrato Temporario;;VISITADOR PCF
;Folha Mensal - Abril;LEYDIANI CLAUDIA DE CARVALHO;PSICOLOGO;175,23;2.424,77;2.600,00;SECRETARIA MUNICIPAL DE SAUDE;SECRETARIA MUNICIPAL DE SAUDE;SEC. MUN. SAÚDE- DEPTO. DE SAUDE II-CONTRATADOS - PAB;CONTRATADOS  EDUCAÇÃO;040.XXX.XXX-00;506;40;;2;02/01/2025;;;6/2025;;;3 - Temporário;TEMPO DETERMINADO;;;Contrato Temporario;;PSICOLOGO
;Folha Mensal - Abril;LINNARA EMILY BENEDITO MOURA;SECRETARIO (A);180,23;2.075,37;2.255,60;PREFEITURA MUNICIPAL DE PADRE MARCOS-PI;SECRETARIA MUNICIPAL DE CULTURA;SECRETARIA  MUNICIPAL DE CULTURA;COMISSIONADOS;056.XXX.XXX-80;221;40;;3;02/01/2025;;;;;;2 - Comissão;LIVRE PROVIMENTO ;;;Função de Confiança;;SECRETARIO (A) DE CULTURA
;Folha Mensal - Abril;LORENA MACEDO BARROS;ASSESSORA OUVIDORIA MUNICIPAL;161,66;1.887,64;2.049,30;PREFEITURA MUNICIPAL DE PADRE MARCOS-PI;SECRETARIA MUNICIPAL  DE ADMINISTRAÇÃO;SEAD -  DEPTO. ADMINISTRAÇÃO V- COMISSIONADOS;COMISSIONADOS EDUCAÇÃO;025.XXX.XXX-01;468;40;;3;02/01/2025;;;;;;2 - Comissão;TEMPO DETERMINADO;;;Contrato Temporario;;ASSESSORA OUVIDORIA MUNICIPAL
;Folha Mensal - Abril;LORENA MACEDO CARVALHO;AUX. DE SERV. GERAIS;244,40;1.566,30;1.810,70;SECRETARIA MUNICIPAL DE EDUCAÇÃO;FUNDO DE MANUT. E DEC.DA EDUC.BASICA-FUNDEB;SME- DEPTO. ADM -FUNDEB 30% II;EFETIVOS;612.XXX.XXX-88;95;40;UNIDADE ESCOLAR MUNICIPAL CÂNDIDA MACEDO;1;03/08/2015;;;;;;1 - Efetivo;CONCURSO PUBLICO ;;;Efetivo;;AUX. DE SERV. GERAIS
;Folha Mensal - Abril;LOURIVAL JOSÉ DE SOUSA NETO;AUX. DE SERVIÇOS GERAIS;113,85;1.404,15;1.518,00;SECRETARIA MUNICIPAL DE EDUCAÇÃO;SECRETARIA MUNICIPAL DE EDUCAÇÃO;SME-DEPTO.CONTRATO-ENSINO FUNDEB 30%;CONTRATADOS  EDUCAÇÃO;072.XXX.XXX-41;413;40;;3;01/03/2025;;;;;;3 - Temporário;TEMPO DETERMINADO;;;Contrato Temporario;;DIRETOR DE DEPARTAMENTO
;Folha Mensal - Abril;LOURIVAN LUETIL LEAL;DIRETOR DE DEPARTAMENTO;113,85;1.404,15;1.518,00;SECRETARIA MUNICIPAL DE EDUCAÇÃO;FUNDO DE MANUT. E DEC.DA EDUC.BASICA-FUNDEB;SME- DEPTOR ADM FUNDEB 30 % VI - COMISSIONADOS;COMISSIONADOS;006.XXX.XXX-06;6007;40;SECRETARIA MUNICIPAL DE EDUCAÇÃO;1;03/02/2025;;;;;;2 - Comissão;LIVRE PROVIMENTO ;;;Função de Confiança;;DIRETOR DE DEPARTAMENTO
;Folha Mensal - Abril;LUANA LUCIENE DE SOUSA;CONSELHEIRO TUTELAR;113,85;1.404,15;1.518,00;SECRETARIA MUNICIPAL DE ASSISTENCIA SOCIAL;SECRETARIA MUNICIPAL DE ASSISTENCIA SOCIAL;SASC-ASSISTENCIA SOCIAL - CONSELHO;ELETIVOS;046.XXX.XXX-12;358;40;;2;10/01/2024;;10/2020;;;;7 - Conselheiro;ELEICAO/INDICACAO;;;Contrato Temporario;;CONSELHEIRO TUTELAR
;Folha Mensal - Abril;LUCEILDO LUIS ALVES;ASSESSOR TÉCNICO (A) ADMINISTRATIVO;113,85;1.404,15;1.518,00;SECRETARIA MUNICIPAL DE EDUCAÇÃO;FUNDO DE MANUT. E DEC.DA EDUC.BASICA-FUNDEB;SME- DEPTOR ADM FUNDEB 30 % VI - COMISSIONADOS;COMISSIONADOS;019.XXX.XXX-08;592;40;SECRETARIA MUNICIPAL DE EDUCAÇÃO;2;02/01/2025;;;;;;2 - Comissão;TEMPO DETERMINADO;;;Contrato Temporario;;ASSESSOR TÉCNICO (A) ADMINISTRATIVO
;Folha Mensal - Abril;LUCIA PEREIRA DA SILVA;AUX. DE SERV. GERAIS;273,24;1.548,36;1.821,60;SECRETARIA MUNICIPAL DE EDUCAÇÃO;FUNDO DE MANUT. E DEC.DA EDUC.BASICA-FUNDEB;SME- DEPTO. ADM -FUNDEB 30% II;EFETIVOS;629.XXX.XXX-72;82;40;;1;02/03/1998;;;;;;1 - Efetivo;CONCURSO PUBLICO ;;;Efetivo;;AUX. DE SERV. GERAIS
;Folha Mensal - Abril;LUCIANE LÚCIA DE CARVALHO MACEDO;DIRETOR DE DEPARTAMENTO;113,85;1.404,15;1.518,00;SECRETARIA MUNICIPAL DE EDUCAÇÃO;FUNDO DE MANUT. E DEC.DA EDUC.BASICA-FUNDEB;SME- DEPTOR ADM FUNDEB 30 % VI - COMISSIONADOS;COMISSIONADOS;965.XXX.XXX-53;536;40;SECRETARIA MUNICIPAL DE EDUCAÇÃO;2;02/01/2025;;;;;;2 - Comissão;LIVRE PROVIMENTO ;;;Função de Confiança;;DIRETOR DE DEPARTAMENTO
;Folha Mensal - Abril;LUCIANO FRANCISCO DA SILVA;ASSESSOR TÉCNICO (A) ADMINISTRATIVO;195,82;2.232,98;2.428,80;SECRETARIA MUNICIPAL DE EDUCAÇÃO;FUNDO DE MANUT. E DEC.DA EDUC.BASICA-FUNDEB;SME- DEPTOR ADM FUNDEB 30 % VI - COMISSIONADOS;COMISSIONADOS EDUCAÇÃO;116.XXX.XXX-28;367;40;;2;02/01/2025;;;;;;2 - Comissão;TEMPO DETERMINADO;;;Função de Confiança;;ASSESSOR TÉCNICO (A) ADMINISTRATIVO
;Folha Mensal - Abril;LUCICLEIDE DE MACEDO SILVA;AUXILIAR DE SAÚDE BUCAL;113,85;1.704,15;1.818,00;SECRETARIA MUNICIPAL DE SAUDE;SECRETARIA MUNICIPAL DE SAUDE;SEC. MUN. SAÚDE- DEPTO. DE SAUDE II-CONTRATADOS - PAB;CONTRATO TEMPORÁRIO;081.XXX.XXX-33;319;40;;4;02/01/2025;;;;;;3 - Temporário;TEMPO DETERMINADO;;;Contrato Temporario;;AUXILIAR DE SAÚDE BUCAL
;Folha Mensal - Abril;LUCILEIDE LÚCIA DE SOUSA;PROFESSOR SELETISTA;503,53;3.482,71;3.986,24;SECRETARIA MUNICIPAL DE EDUCAÇÃO;SECRETARIA MUNICIPAL DE EDUCAÇÃO;SME - DEPTOR. ENSINO FUNDEB 70% IV - CELETISTAS;CONTRATADOS  EDUCAÇÃO;940.XXX.XXX-68;402;40;;4;24/02/2025;;;;;;3 - Temporário;TEMPO DETERMINADO;;;Contrato Temporario;;PROFESSOR SL 40H - CELETISTA
;Folha Mensal - Abril;LUCILENE MARIA DE CARVALHO;PROFESSOR SE 40H;4.102,19;5.779,44;9.881,63;SECRETARIA MUNICIPAL DE EDUCAÇÃO;SECRETARIA MUNICIPAL DE EDUCAÇÃO;SME- DEPTOR ENSINO FUNDEB 70% II;EFETIVO - PROFESSORES;628.XXX.XXX-20;189;40;UNIDADE ESCOLAR MUNICIPAL CÂNDIDA MACEDO;1;02/02/1998;;;;;;1 - Efetivo;CONCURSO PUBLICO ;;;Efetivo;;PROFESSOR SL 40H
;Folha Mensal - Abril;LUCIMAR FRANCELINA DE CARVALHO;PSICOPEDAGOGA;175,23;2.024,77;2.200,00;SECRETARIA MUNICIPAL DE EDUCAÇÃO;FUNDO DE MANUT. E DEC.DA EDUC.BASICA-FUNDEB;SME- DPTO.ENSINO FUNDEB 30% EQUIPE EMULT-CELETISTAS;CONTRATADOS  EDUCAÇÃO;016.XXX.XXX-57;576;40;SECRETARIA MUNICIPAL DE EDUCAÇÃO;2;01/03/2025;;;;;;3 - Temporário;TEMPO DETERMINADO;;;Contrato Temporario;;PSICOPEDAGOGA
;Folha Mensal - Abril;LUCIMAR MARIA DA SILVA BEZERRA;PROFESSOR SL 40H - CELETISTA;503,53;3.482,71;3.986,24;SECRETARIA MUNICIPAL DE EDUCAÇÃO;SECRETARIA MUNICIPAL DE EDUCAÇÃO;SME- DEPTO  ENSINO INFANTIL FUNDEB 70% - SELETISTAS;CONTRATADOS  EDUCAÇÃO;993.XXX.XXX-34;493;40;;3;24/02/2025;;;;;;3 - Temporário;TEMPO DETERMINADO;;;;;PROFESSOR SL 40H - CELETISTA
;Folha Mensal - Abril;LUCIMÁRIA DE CARVALHO;MONITOR(A);113,85;1.404,15;1.518,00;SECRETARIA MUNICIPAL DE EDUCAÇÃO;FUNDO DE MANUT. E DEC.DA EDUC.BASICA-FUNDEB;SME-DEPTO.CONTRATO-ENSINO FUNDEB 30%;CONTRATADOS  EDUCAÇÃO;086.XXX.XXX-40;507;40;;3;24/02/2025;;;;;;3 - Temporário;TEMPO DETERMINADO;;;Contrato Temporario;;MONITOR(A)
;Folha Mensal - Abril;LUCIMÁRIA MOURA MACEDO SILVA;PROFESSOR SE 40H;2.958,81;5.216,11;8.174,92;SECRETARIA MUNICIPAL DE EDUCAÇÃO;SECRETARIA MUNICIPAL DE EDUCAÇÃO;SME- DEPTOR ENSINO FUNDEB 70% II;EFETIVO - PROFESSORES;752.XXX.XXX-00;190;40;SECRETARIA MUNICIPAL DE EDUCAÇÃO;1;02/02/1998;;;;;;1 - Efetivo;CONCURSO PUBLICO ;;;Efetivo;;PROFESSOR SE 40H
;Folha Mensal - Abril;LUCINEIDE FRANCISCA DA CONCEIÇÃO;DIRETOR DE DEPARTAMENTO;113,85;1.404,15;1.518,00;SECRETARIA MUNICIPAL DE EDUCAÇÃO;FUNDO DE MANUT. E DEC.DA EDUC.BASICA-FUNDEB;SME- DEPTOR ADM FUNDEB 30 % VI - COMISSIONADOS;COMISSIONADOS EDUCAÇÃO;986.XXX.XXX-91;424;40;;2;02/01/2025;;;11/2025;;;2 - Comissão;LIVRE PROVIMENTO ;;;Função de Confiança;;DIRETOR DE DEPARTAMENTO
;Folha Mensal - Abril;LUCINEIDE MOURA MACEDO SILVA;COORDENADOR(A) PEDAGÓGICO;305,60;2.894,40;3.200,00;SECRETARIA MUNICIPAL DE EDUCAÇÃO;SECRETARIA MUNICIPAL DE EDUCAÇÃO;SME- DEPTOR. ENSINO FUNDEB 70% V - COMISSIONADOS;COMISSIONADOS EDUCAÇÃO;011.XXX.XXX-52;275;40;CRECHE PRÉ-ESCOLAR MARGARIDA DE JESUS ALENCAR ( TIA GUIDA);4;02/01/2025;;;;;;2 - Comissão;TEMPO DETERMINADO;;;Contrato Temporario;;COORDENADOR(A) PEDAGÓGICO
;Folha Mensal - Abril;LUCIO FLÁVIO MOURA;ASSESSOR TÉCNICO (A) ADMINISTRATIVO;195,82;2.232,98;2.428,80;SECRETARIA MUNICIPAL DE SAUDE;SECRETARIA MUNICIPAL DE SAUDE;SMS-DEPTO.SEC.SAUDE-CONTRATADOS - FUS;COMISSIONADOS;673.XXX.XXX-91;353;40;HOSPITAL MUNICIPAL DE PADRE MARCOS;2;02/01/2025;;01/2020;;;;2 - Comissão;TEMPO DETERMINADO;;;Função de Confiança;;ASSESSOR TÉCNICO (A) ADMINISTRATIVO
;Folha Mensal - Abril;LUCIVAL BONIVAL DE SOUSA;MOTORISTA;113,85;1.404,15;1.518,00;SECRETARIA MUNICIPAL DE EDUCAÇÃO;FUNDO DE MANUT. E DEC.DA EDUC.BASICA-FUNDEB;SME-DEPTO.CONTRATO-ENSINO FUNDEB 30%;CONTRATADOS  EDUCAÇÃO;001.XXX.XXX-61;520;40;;2;02/01/2025;;;;;;1 - Efetivo;CONCURSO PUBLICO ;;;Contrato Temporario;;ASSESSOR TÉCNICO (A) ADMINISTRATIVO
;Folha Mensal - Abril;LUIS EDUARDO DE CARVALHO;ASSESSOR TÉCNICO (A) ADMINISTRATIVO;195,82;2.232,98;2.428,80;SECRETARIA MUNICIPAL DE EDUCAÇÃO;FUNDO DE MANUT. E DEC.DA EDUC.BASICA-FUNDEB;SME- DEPTOR ADM FUNDEB 30 % VI - COMISSIONADOS;COMISSIONADOS EDUCAÇÃO;086.XXX.XXX-52;455;40;;2;02/01/2025;;;;;;2 - Comissão;TEMPO DETERMINADO;;;Função de Confiança;;ASSESSOR TÉCNICO (A) ADMINISTRATIVO
;Folha Mensal - Abril;LUIS JOSÉ DE CARVALHO;DIRETOR DE DEPARTAMENTO;182,16;2.094,84;2.277,00;SECRETARIA MUNICIPAL DE EDUCAÇÃO;FUNDO DE MANUT. E DEC.DA EDUC.BASICA-FUNDEB;SME- DEPTOR ADM FUNDEB 30 % VI - COMISSIONADOS;COMISSIONADOS EDUCAÇÃO;956.XXX.XXX-91;479;40;;2;02/01/2025;;;;;;2 - Comissão;LIVRE PROVIMENTO ;;;Função de Confiança;;DIRETOR DE DEPARTAMENTO
;Folha Mensal - Abril;LUIS WIDNEY CARVALHO MACEDO;PROFESSOR SL 40H - CELETISTA;503,53;3.482,71;3.986,24;SECRETARIA MUNICIPAL DE EDUCAÇÃO;SECRETARIA MUNICIPAL DE EDUCAÇÃO;SME - DEPTOR. ENSINO FUNDEB 70% IV - CELETISTAS;CONTRATADOS  EDUCAÇÃO;059.XXX.XXX-12;246;40;UNIDADE ESCOLAR MUNICIPAL CÂNDIDA MACEDO;7;24/02/2025;;;;;;3 - Temporário;TEMPO DETERMINADO;;;Contrato Temporario;;PROFESSOR SL 40H - CELETISTA
;Folha Mensal - Abril;LUISA GENICARLA DE SOUSA REIS;COZINHEIRO (A);255,02;1.631,58;1.886,60;SECRETARIA MUNICIPAL DE EDUCAÇÃO;FUNDO DE MANUT. E DEC.DA EDUC.BASICA-FUNDEB;SME- DEPTO. ADM.FUNDEB 30% I;EFETIVOS;042.XXX.XXX-54;67;40;;1;02/02/2015;;;;;;1 - Efetivo;CONCURSO PUBLICO ;;;Efetivo;;COZINHEIRO (A)
;Folha Mensal - Abril;LUISA MARIA DE MACEDO SILVA;AG. COMUNITARIO DE SAÚDE;667,79;3.730,81;4.398,60;SECRETARIA MUNICIPAL DE SAUDE;SECRETARIA MUNICIPAL DE SAUDE;SMS - SEC.DE SAUDE - ACS I - PAB;EFETIVOS;844.XXX.XXX-68;40;40;;1;01/04/2008;;;;;;1 - Efetivo;CONCURSO PUBLICO ;;;Efetivo;;AG. COMUNITARIO DE SAÚDE
;Folha Mensal - Abril;LUIZ FERNANDO DE CARVALHO;AUX. DE SERVIÇOS GERAIS;113,85;1.404,15;1.518,00;SECRETARIA MUNICIPAL DE EDUCAÇÃO;FUNDO DE MANUT. E DEC.DA EDUC.BASICA-FUNDEB;SME-DEPTO.CONTRATO-ENSINO FUNDEB 30%;CONTRATADOS  EDUCAÇÃO;080.XXX.XXX-44;785;40;SECRETARIA MUNICIPAL DE EDUCAÇÃO;1;01/04/2025;;;;;;3 - Temporário;TEMPO DETERMINADO;;;Contrato Temporario;;AUX. DE SERVIÇOS GERAIS
;Folha Mensal - Abril;LUIZ JOSÉ DE CARVALHO;ASSESSOR TÉCNICO (A) ADMINISTRATIVO;113,85;1.404,15;1.518,00;SECRETARIA MUNICIPAL DE EDUCAÇÃO;FUNDO DE MANUT. E DEC.DA EDUC.BASICA-FUNDEB;SME- DEPTOR ADM FUNDEB 30 % VI - COMISSIONADOS;COMISSIONADOS EDUCAÇÃO;958.XXX.XXX-34;444;40;;2;02/01/2025;;;;;;2 - Comissão;TEMPO DETERMINADO;;;Função de Confiança;;ASSESSOR TÉCNICO (A) ADMINISTRATIVO
;Folha Mensal - Abril;LUIZ JOSE DE SOUSA;ASSESSOR TÉCNICO (A) ADMINISTRATIVO;113,85;1.404,15;1.518,00;SECRETARIA MUNICIPAL DE EDUCAÇÃO;FUNDO DE MANUT. E DEC.DA EDUC.BASICA-FUNDEB;SME- DEPTOR ADM FUNDEB 30 % VI - COMISSIONADOS;COMISSIONADOS;151.XXX.XXX-00;519;40;SECRETARIA MUNICIPAL DE EDUCAÇÃO;2;02/01/2025;;;;;;2 - Comissão;TEMPO DETERMINADO;;;Função de Confiança;;ASSESSOR TÉCNICO (A) ADMINISTRATIVO
;Folha Mensal - Abril;LUIZA DEBORA DA SILVA;PROFESSOR SL 40H - CELETISTA;503,53;3.482,71;3.986,24;SECRETARIA MUNICIPAL DE EDUCAÇÃO;SECRETARIA MUNICIPAL DE EDUCAÇÃO;SME - DEPTOR. ENSINO FUNDEB 70% IV - CELETISTAS;CONTRATADOS  EDUCAÇÃO;027.XXX.XXX-11;331;40;;5;24/02/2025;;;;;;3 - Temporário;TEMPO DETERMINADO;;;Contrato Temporario;;PROFESSOR SL 40H - CELETISTA
;Folha Mensal - Abril;LUMA KAREN MACEDO ARAÚJO;MEDICO(A) TEMPORARIO(A);2.312,92;6.847,08;9.160,00;SECRETARIA MUNICIPAL DE SAUDE;SECRETARIA MUNICIPAL DE SAUDE;SEC. MUN. SAÚDE- DEPTO. DE SAUDE II-CONTRATADOS - PAB;CONTRATO TEMPORÁRIO;041.XXX.XXX-99;588;40;HOSPITAL MUNICIPAL DE PADRE MARCOS;3;02/01/2025;;;07/2025;;;3 - Temporário;TEMPO DETERMINADO;;;Contrato Temporario;;MEDICO(A) TEMPORARIO(A)
;Folha Mensal - Abril;LUMA KAREN MACEDO ARAÚJO;MEDICO(A) TEMPORARIO(A);196,37;4.573,63;4.770,00;SECRETARIA MUNICIPAL DE SAUDE;SECRETARIA MUNICIPAL DE SAUDE;SMS- DEPARTAMENTO DA SAÚDE- PLANTÃO - FUS;CONTRATO TEMPORÁRIO;041.XXX.XXX-99;588;40;HOSPITAL MUNICIPAL DE PADRE MARCOS;4;02/01/2025;;;07/2025;;;3 - Temporário;TEMPO DETERMINADO;;;Contrato Temporario;;MEDICO(A) TEMPORARIO(A)
;Folha Mensal - Abril;LUVESON BESERRA DE SOUSA;MOTORISTA;291,38;1.962,85;2.254,23;SECRETARIA MUNICIPAL DE EDUCAÇÃO;FUNDO DE MANUT. E DEC.DA EDUC.BASICA-FUNDEB;SME- DEPTOR. ADM FUNDEB 30% V;EFETIVOS;915.XXX.XXX-49;109;40;SECRETARIA MUNICIPAL DE EDUCAÇÃO;1;01/04/2016;;;;;;1 - Efetivo;CONCURSO PUBLICO ;;;Efetivo;;MOTORISTA
;Folha Mensal - Abril;LUZANIRA MOURA MACEDO;AUX. DE SERV. GERAIS;273,24;1.548,36;1.821,60;SECRETARIA MUNICIPAL DE EDUCAÇÃO;FUNDO DE MANUT. E DEC.DA EDUC.BASICA-FUNDEB;SME- DEPTO. ADM -FUNDEB 30% II;EFETIVOS;002.XXX.XXX-60;31;40;UNIDADE ESCOLAR MUNICIPAL DAVI SEVERIANO DE CARVALHO;1;02/03/2015;;;;;;1 - Efetivo;CONCURSO PUBLICO ;;;;;AUX. DE SERV. GERAIS
;Folha Mensal - Abril;LUZIA GRIGORE DA SILVA;ORIENTADORA(O) EDUCACIONAL;113,85;1.404,15;1.518,00;SECRETARIA MUNICIPAL DE EDUCAÇÃO;FUNDO DE MANUT. E DEC.DA EDUC.BASICA-FUNDEB;SME- DEPTOR ADM FUNDEB 30 % VI - COMISSIONADOS;COMISSIONADOS EDUCAÇÃO;671.XXX.XXX-68;437;40;;2;02/01/2025;;;;;;2 - Comissão;TEMPO DETERMINADO;;;Função de Confiança;;ORIENTADORA(O) EDUCACIONAL
;Folha Mensal - Abril;LUZIA LEAL DE ARAUJO CARVALHO;ASSESSOR ESPECIAL;148,00;1.749,50;1.897,50;SECRETARIA MUNICIPAL DE EDUCAÇÃO;FUNDO DE MANUT. E DEC.DA EDUC.BASICA-FUNDEB;SME- DEPTOR ADM FUNDEB 30 % VI - COMISSIONADOS;COMISSIONADOS;004.XXX.XXX-59;310;40;;2;02/01/2025;;;;;;2 - Comissão;LIVRE PROVIMENTO ;;;Função de Confiança;;ASSESSOR ESPECIAL
;Folha Mensal - Abril;LUZIA LUZITANEA DE MACEDO;MONITOR(A);113,85;1.404,15;1.518,00;SECRETARIA MUNICIPAL DE EDUCAÇÃO;FUNDO DE MANUT. E DEC.DA EDUC.BASICA-FUNDEB;SME-DEPTO.CONTRATO-ENSINO FUNDEB 30%;CONTRATADOS  EDUCAÇÃO;080.XXX.XXX-96;515;40;;3;24/02/2025;;;;;;3 - Temporário;TEMPO DETERMINADO;;;Contrato Temporario;;MONITOR(A)
;Folha Mensal - Abril;LUZILENE DE ARAÚJO CARVALHO MATOS;AUX. DE SERV. GERAIS;865,00;956,60;1.821,60;SECRETARIA MUNICIPAL DE EDUCAÇÃO;FUNDO DE MANUT. E DEC.DA EDUC.BASICA-FUNDEB;SME- DEPTO. ADM -FUNDEB 30% II;EFETIVOS;843.XXX.XXX-82;94;40;U.E.M. JOSE DE MOURA LEAL;1;02/02/2015;;;07/2022;;;1 - Efetivo;CONCURSO PUBLICO ;;;Efetivo;;AUX. DE SERV. GERAIS
;Folha Mensal - Abril;LUZILENE SILVA SOUSA;DIRETOR(A) DE ESCOLA;305,60;2.894,40;3.200,00;SECRETARIA MUNICIPAL DE EDUCAÇÃO;SECRETARIA MUNICIPAL DE EDUCAÇÃO;SME- DEPTOR. ENSINO FUNDEB 70% V - COMISSIONADOS;COMISSIONADOS EDUCAÇÃO;029.XXX.XXX-74;277;40;UNIDADE ESCOLAR MUNICIPAL DAVI SEVERIANO DE CARVALHO;4;02/01/2025;;;;;;2 - Comissão;LIVRE PROVIMENTO ;;;Função de Confiança;;DIRETOR(A) DE ESCOLA
;Folha Mensal - Abril;LYVIA SUELLEN ALVES LIMEIRA SOUSA;ASSESSOR(A) DE COMUNICAÇÃO INSTITUCIONAL ESCOLAR;168,49;1.956,71;2.125,20;SECRETARIA MUNICIPAL DE EDUCAÇÃO;FUNDO DE MANUT. E DEC.DA EDUC.BASICA-FUNDEB;SME- DEPTOR ADM FUNDEB 30 % VI - COMISSIONADOS;COMISSIONADOS EDUCAÇÃO;076.XXX.XXX-23;467;40;;2;02/01/2025;;;;;;2 - Comissão;LIVRE PROVIMENTO ;;;Função de Confiança;;ASSESSOR(A) DE COMUNICAÇÃO INSTITUCIONAL ESCOLAR
;Folha Mensal - Abril;MAILA MENDES PINHEIRO;PROFESSOR SELETISTA;503,53;3.482,71;3.986,24;SECRETARIA MUNICIPAL DE EDUCAÇÃO;SECRETARIA MUNICIPAL DE EDUCAÇÃO;SME - DEPTOR. ENSINO FUNDEB 70% IV - CELETISTAS;CONTRATADOS  EDUCAÇÃO;074.XXX.XXX-55;403;40;;4;24/02/2025;;;;;;3 - Temporário;TEMPO DETERMINADO;;;Contrato Temporario;;PROFESSOR SL 40H - CELETISTA
;Folha Mensal - Abril;MANELICIA MARIA DE CARVALHO;PROFESSOR SL 40H - CELETISTA;503,53;3.482,71;3.986,24;SECRETARIA MUNICIPAL DE EDUCAÇÃO;SECRETARIA MUNICIPAL DE EDUCAÇÃO;SME - DEPTOR. ENSINO FUNDEB 70% IV - CELETISTAS;CONTRATADOS  EDUCAÇÃO;062.XXX.XXX-12;333;40;;5;24/02/2025;;;;;;3 - Temporário;TEMPO DETERMINADO;;;Contrato Temporario;;PROFESSOR SL 40H - CELETISTA
;Folha Mensal - Abril;MANOEL DO NASCIMENTO LEAL;MOTORISTA;281,52;2.773,65;3.055,17;HOSPITAL MUNICIPAL DE PADRE MARCOS;SECRETARIA MUNICIPAL DE SAUDE;HOSPITAL-DEPTO.ADMINISTRATIVO II;EFETIVOS;780.XXX.XXX-20;28;40;HOSPITAL MUNICIPAL DE PADRE MARCOS;1;02/03/1998;;;;;;1 - Efetivo;CONCURSO PUBLICO ;;;Efetivo;;MOTORISTA
;Folha Mensal - Abril;MANOELA MARIA DE CARVALHO;PROFESSOR SL 40H - CELETISTA;503,53;3.482,71;3.986,24;SECRETARIA MUNICIPAL DE EDUCAÇÃO;SECRETARIA MUNICIPAL DE EDUCAÇÃO;SME - DEPTOR. ENSINO FUNDEB 70% IV - CELETISTAS;CONTRATADOS  EDUCAÇÃO;062.XXX.XXX-52;272;40;;7;24/02/2025;;;;;;3 - Temporário;TEMPO DETERMINADO;;;Contrato Temporario;;PROFESSOR SL 40H - CELETISTA
;Folha Mensal - Abril;MARCELA DOS SANTOS CARVALHO;ASSESSOR ESPECIAL;182,16;2.094,84;2.277,00;SECRETARIA MUNICIPAL DE EDUCAÇÃO;FUNDO DE MANUT. E DEC.DA EDUC.BASICA-FUNDEB;SME- DEPTOR ADM FUNDEB 30 % VI - COMISSIONADOS;COMISSIONADOS;072.XXX.XXX-30;1084;40;;1;01/03/2025;;;;;;2 - Comissão;LIVRE PROVIMENTO ;;;Função de Confiança;;ASSESSOR ESPECIAL
;Folha Mensal - Abril;MARCELO DE CARVALHO MACEDO;PROFESSOR SELETISTA;503,53;3.482,71;3.986,24;SECRETARIA MUNICIPAL DE EDUCAÇÃO;SECRETARIA MUNICIPAL DE EDUCAÇÃO;SME - DEPTOR. ENSINO FUNDEB 70% IV - CELETISTAS;CONTRATADOS  EDUCAÇÃO;081.XXX.XXX-03;404;40;;4;24/02/2025;;;;;;3 - Temporário;TEMPO DETERMINADO;;;Contrato Temporario;;PROFESSOR SL 40H - CELETISTA
;Folha Mensal - Abril;MARCELO FRANCISCO DA SILVA;ASSESSOR ESPECIAL;113,85;1.404,15;1.518,00;SECRETARIA MUNICIPAL DE EDUCAÇÃO;FUNDO DE MANUT. E DEC.DA EDUC.BASICA-FUNDEB;SME- DEPTOR ADM FUNDEB 30 % VI - COMISSIONADOS;COMISSIONADOS;373.XXX.XXX-68;544;40;SECRETARIA MUNICIPAL DE EDUCAÇÃO;2;02/01/2025;;;;;;2 - Comissão;LIVRE PROVIMENTO ;;;Função de Confiança;;ASSESSOR ESPECIAL
;Folha Mensal - Abril;MARCIANA ANATALIA DA SILVA;PROFESSOR SL 40H - CELETISTA;503,53;3.482,71;3.986,24;SECRETARIA MUNICIPAL DE EDUCAÇÃO;SECRETARIA MUNICIPAL DE EDUCAÇÃO;SME- DEPTO  ENSINO INFANTIL FUNDEB 70% - SELETISTAS;CONTRATADOS  EDUCAÇÃO;050.XXX.XXX-80;334;40;;5;24/02/2025;;;;;;3 - Temporário;TEMPO DETERMINADO;;;Contrato Temporario;;PROFESSOR SL 40H - CELETISTA
;Folha Mensal - Abril;MARCINETE DA SILVA;VIGILANTE;279,31;2.149,49;2.428,80;HOSPITAL MUNICIPAL DE PADRE MARCOS;SECRETARIA MUNICIPAL DE SAUDE;HOSPITAL - DEPTO. ADMINISTRATIVO I;EFETIVOS;796.XXX.XXX-49;23;40;HOSPITAL MUNICIPAL DE PADRE MARCOS;1;02/02/2015;;;;;;1 - Efetivo;CONCURSO PUBLICO ;;;Efetivo;;VIGILANTE
;Folha Mensal - Abril;MARCOS ALONSO MACEDO SILVA;SECRETARIO(A) UNIDADE ESCOLAR MUNICIPAL;113,85;1.404,15;1.518,00;SECRETARIA MUNICIPAL DE EDUCAÇÃO;FUNDO DE MANUT. E DEC.DA EDUC.BASICA-FUNDEB;SME- DEPTOR ADM FUNDEB 30 % VI - COMISSIONADOS;COMISSIONADOS;622.XXX.XXX-60;546;40;SECRETARIA MUNICIPAL DE EDUCAÇÃO;2;02/01/2025;;;;;;2 - Comissão;LIVRE PROVIMENTO ;;;Função de Confiança;;SECRETARIO(A) UNIDADE ESCOLAR MUNICIPAL
;Folha Mensal - Abril;MARCOS PEDRO DE MACEDO;ASSESSOR TÉCNICO (A) ADMINISTRATIVO;113,85;1.404,15;1.518,00;SECRETARIA MUNICIPAL DE EDUCAÇÃO;FUNDO DE MANUT. E DEC.DA EDUC.BASICA-FUNDEB;SME- DEPTOR ADM FUNDEB 30 % VI - COMISSIONADOS;COMISSIONADOS EDUCAÇÃO;048.XXX.XXX-51;505;40;;2;02/01/2025;;;;;;2 - Comissão;TEMPO DETERMINADO;;;Função de Confiança;;ASSESSOR TÉCNICO (A) ADMINISTRATIVO
;Folha Mensal - Abril;MARIA BEATRIZ RODRIGUES MACEDO;ASSESSOR ESPECIAL;195,82;2.232,98;2.428,80;SECRETARIA MUNICIPAL DE SAUDE;SECRETARIA MUNICIPAL DE SAUDE;SMS-DEPTO.SEC.SAUDE-CONTRATADOS - FUS;COMISSIONADOS;041.XXX.XXX-01;434;40;;2;02/01/2025;;;;;;2 - Comissão;LIVRE PROVIMENTO ;;;Função de Confiança;;ASSESSOR ESPECIAL
;Folha Mensal - Abril;MARIA CLARA SOUSA LIMA;MEDICO (A) TEMPORARIO (A) PLANTÃO;1.942,50;5.963,35;7.905,85;SECRETARIA MUNICIPAL DE SAUDE;SECRETARIA MUNICIPAL DE SAUDE;SMS- DEPARTAMENTO DA SAÚDE- PLANTÃO - FUS;CONTRATO TEMPORÁRIO;061.XXX.XXX-02;569;40;HOSPITAL MUNICIPAL DE PADRE MARCOS;2;02/01/2025;;;;;;3 - Temporário;TEMPO DETERMINADO;;;Contrato Temporario;;MEDICO (A) TEMPORARIO (A) PLANTÃO
;Folha Mensal - Abril;MARIA CONCEIÇÃO FEITOSA COUTINHO;ENFERMEIRO;1.682,49;6.442,51;8.125,00;SECRETARIA MUNICIPAL DE SAUDE;SECRETARIA MUNICIPAL DE SAUDE;SMS - DEPTOR .SEC. DE SAUDE - PAB;EFETIVOS;871.XXX.XXX-72;121;40;;1;01/04/2008;;;;;;1 - Efetivo;CONCURSO PUBLICO ;;;Efetivo;;ENFERMEIRO
;Folha Complementar c/ Encargos - Abril;MARIA CONCEIÇÃO FEITOSA COUTINHO;ENFERMEIRO;119,80;-119,80;;SECRETARIA MUNICIPAL DE SAUDE;SECRETARIA MUNICIPAL DE SAUDE;SMS - DEPTOR .SEC. DE SAUDE - PAB;EFETIVOS;871.XXX.XXX-72;121;40;;1;01/04/2008;;;;;;1 - Efetivo;CONCURSO PUBLICO ;;;Efetivo;;ENFERMEIRO
;Folha Mensal - Abril;MARIA CRISTIANA DE CARVALHO;DIRETOR DE DEPARTAMENTO;113,85;1.404,15;1.518,00;SECRETARIA MUNICIPAL DE EDUCAÇÃO;FUNDO DE MANUT. E DEC.DA EDUC.BASICA-FUNDEB;SME- DEPTOR ADM FUNDEB 30 % VI - COMISSIONADOS;COMISSIONADOS EDUCAÇÃO;072.XXX.XXX-50;440;40;;4;03/02/2025;;;12/2028;;;2 - Comissão;LIVRE PROVIMENTO ;;;Função de Confiança;;DIRETOR DE DEPARTAMENTO
;Folha Mensal - Abril;MARIA DA CRUZ DIAS SILVA;CONSELHEIRO TUTELAR;113,85;1.469,15;1.583,00;SECRETARIA MUNICIPAL DE ASSISTENCIA SOCIAL;SECRETARIA MUNICIPAL DE ASSISTENCIA SOCIAL;SASC-ASSISTENCIA SOCIAL - CONSELHO;ELETIVOS;052.XXX.XXX-28;33;40;SEC MUN. DE ASSISTENCIA SOCIAL;3;10/01/2024;;;;;;7 - Conselheiro;ELEICAO/INDICACAO;;;Contrato Temporario;;CONSELHEIRO TUTELAR
;Folha Mensal - Abril;MARIA DA PAZ CONCEIÇÃO SILVA;AG. COMUNITARIO DE SAÚDE;754,31;3.796,09;4.550,40;SECRETARIA MUNICIPAL DE SAUDE;SECRETARIA MUNICIPAL DE SAUDE;SMS - SEC.DE SAUDE - ACS I - PAB;EFETIVOS;972.XXX.XXX-72;37;40;;1;18/03/2003;;;;;;1 - Efetivo;CONCURSO PUBLICO ;;;Efetivo;;AG. COMUNITARIO DE SAÚDE
;Folha Mensal - Abril;MARIA DA PAZ DE CARVALHO MACEDO;AUX. DE SERV. GERAIS;233,77;1.436,03;1.669,80;SECRETARIA MUNICIPAL DE EDUCAÇÃO;FUNDO DE MANUT. E DEC.DA EDUC.BASICA-FUNDEB;SME- DEPTO. ADM -FUNDEB 30% II;EFETIVOS;840.XXX.XXX-68;83;40;U.E.M.BERLAMINO FLORENTINO DE CARVALHO;1;02/03/1998;;;010/2023;;;1 - Efetivo;CONCURSO PUBLICO ;;;Efetivo;;AUX. DE SERV. GERAIS
;Folha Mensal - Abril;MARIA DARLANE DA SILVA;MONITOR(A);113,85;1.404,15;1.518,00;SECRETARIA MUNICIPAL DE EDUCAÇÃO;FUNDO DE MANUT. E DEC.DA EDUC.BASICA-FUNDEB;SME-DEPTO.CONTRATO-ENSINO FUNDEB 30%;CONTRATO TEMPORÁRIO;059.XXX.XXX-23;317;40;;5;24/02/2025;;;;;;3 - Temporário;TEMPO DETERMINADO;;;Contrato Temporario;;MONITOR(A)
;Folha Mensal - Abril;MARIA DAS DORES DA CONCEIÇÃO COSTA;TECNICO EM ENFERMAGEM;264,89;2.084,41;2.349,30;SECRETARIA MUNICIPAL DE SAUDE;SECRETARIA MUNICIPAL DE SAUDE;SMS - DEPTOR .SEC. DE SAUDE - PAB;EFETIVOS;712.XXX.XXX-53;60;40;HOSPITAL MUNICIPAL DE PADRE MARCOS;1;03/11/2015;;;;;;1 - Efetivo;CONCURSO PUBLICO ;;;Efetivo;;TECNICO EM ENFERMAGEM
;Folha Complementar c/ Encargos - Abril;MARIA DAS DORES DA CONCEIÇÃO COSTA;TECNICO EM ENFERMAGEM;245,20;-245,20;;SECRETARIA MUNICIPAL DE SAUDE;SECRETARIA MUNICIPAL DE SAUDE;SMS - DEPTOR .SEC. DE SAUDE - PAB;EFETIVOS;712.XXX.XXX-53;60;40;HOSPITAL MUNICIPAL DE PADRE MARCOS;1;03/11/2015;;;;;;1 - Efetivo;CONCURSO PUBLICO ;;;Efetivo;;TECNICO EM ENFERMAGEM
;Folha Mensal - Abril;MARIA DAS GRAÇAS DE CARVALHO;AUX. DE SERV. GERAIS;233,77;1.436,03;1.669,80;SECRETARIA MUNICIPAL DE EDUCAÇÃO;FUNDO DE MANUT. E DEC.DA EDUC.BASICA-FUNDEB;SME- DEPTO. ADM -FUNDEB 30% II;EFETIVOS;809.XXX.XXX-00;125;40;PRÉ-ESCOLAR BARRA;1;02/03/1998;;;027/2022;;;1 - Efetivo;CONCURSO PUBLICO ;;;Efetivo;;AUX. DE SERV. GERAIS
;Folha Mensal - Abril;MARIA DAS GRAÇAS DE CARVALHO;COORDENADOR(A) PEDAGÓGICO;305,60;2.894,40;3.200,00;SECRETARIA MUNICIPAL DE EDUCAÇÃO;SECRETARIA MUNICIPAL DE EDUCAÇÃO;SME- DEPTOR. ENSINO FUNDEB 70% V - COMISSIONADOS;CONTRATO TEMPORÁRIO;004.XXX.XXX-48;270;40;;5;02/03/2025;;;;;;2 - Comissão;TEMPO DETERMINADO;;;Contrato Temporario;;COORDENADOR(A) PEDAGÓGICO
;Folha Mensal - Abril;MARIA DAS MERCES MOURA MACEDO;PROFESSOR SL 40H - CELETISTA;503,53;3.482,71;3.986,24;SECRETARIA MUNICIPAL DE EDUCAÇÃO;SECRETARIA MUNICIPAL DE EDUCAÇÃO;SME- DEPTO  ENSINO INFANTIL FUNDEB 70% - SELETISTAS;CONTRATADOS  EDUCAÇÃO;050.XXX.XXX-75;338;40;;5;24/02/2025;;;;;;3 - Temporário;TEMPO DETERMINADO;;;Contrato Temporario;;PROFESSOR SL 40H - CELETISTA
;Folha Mensal - Abril;MARIA DE JESUS CARVALHO;PROFESSOR SE 40H;2.036,00;5.644,23;7.680,23;SECRETARIA MUNICIPAL DE EDUCAÇÃO;SECRETARIA MUNICIPAL DE EDUCAÇÃO;SME- DEPTO ENSINO INFANTIL FUNDEB 70% - EFETIVOS;EFETIVO - PROFESSORES;841.XXX.XXX-53;151;40;CRECHE PRÉ-ESCOLAR MARGARIDA DE JESUS ALENCAR ( TIA GUIDA);1;20/03/2015;;;;;;1 - Efetivo;CONCURSO PUBLICO ;;;Efetivo;;PROFESSOR SL 40H
;Folha Mensal - Abril;MARIA DO PERPETUO SOCORRO SOUSA ALVES;ASSISTENTE SOCIAL - CONTRATADA;175,23;2.024,77;2.200,00;SECRETARIA MUNICIPAL DE ASSISTENCIA SOCIAL;FUNDO MUNICIPAL DE ASSISTENCIA SOCIAL-FMAS;CENTRO DE REFERENCIA. ASSISTENCIA SOCIAL-CRAS-PSB;CONTRATO TEMPORÁRIO;025.XXX.XXX-05;418;40;;4;01/03/2025;;;;;;3 - Temporário;TEMPO DETERMINADO;10/2019;;Contrato Temporario;;ASSISTENTE SOCIAL - CONTRATADA
;Folha Mensal - Abril;MARIA DO ROSÁRIO RIBEIRO;GARI;279,31;2.149,49;2.428,80;PREFEITURA MUNICIPAL DE PADRE MARCOS-PI;SECRETARIA MUNICIPAL  DE ADMINISTRAÇÃO;SEAD - DEPTO.ADMINISTRAÇÃO II;EFETIVOS;988.XXX.XXX-91;11;40;;1;19/01/2015;;;;;;1 - Efetivo;CONCURSO PUBLICO ;;;Efetivo;;GARI
;Folha Mensal - Abril;MARIA DO SOCORRO RODRIGUES SILVA;AG. COMUNITARIO DE SAÚDE;711,81;3.838,59;4.550,40;SECRETARIA MUNICIPAL DE SAUDE;SECRETARIA MUNICIPAL DE SAUDE;SMS - SEC.DE SAUDE - ACS I - PAB;EFETIVOS;988.XXX.XXX-34;51;40;;1;18/03/2003;;;;;;1 - Efetivo;CONCURSO PUBLICO ;;;Efetivo;;AG. COMUNITARIO DE SAÚDE
;Folha Mensal - Abril;MARIA ELVIRA DE MACEDO;ASSESSOR ESPECIAL;113,85;1.404,15;1.518,00;SECRETARIA MUNICIPAL DE EDUCAÇÃO;FUNDO DE MANUT. E DEC.DA EDUC.BASICA-FUNDEB;SME- DEPTOR ADM FUNDEB 30 % VI - COMISSIONADOS;COMISSIONADOS EDUCAÇÃO;811.XXX.XXX-49;471;40;;2;02/01/2025;;;;;;2 - Comissão;LIVRE PROVIMENTO ;;;Função de Confiança;;ASSESSOR ESPECIAL
;Folha Mensal - Abril;MARIA FRANCISCA DA CONCEIÇÃO SILVA;PROFESSOR SE 40H;3.410,11;5.049,26;8.459,37;SECRETARIA MUNICIPAL DE EDUCAÇÃO;SECRETARIA MUNICIPAL DE EDUCAÇÃO;SME- DEPTOR ENSINO FUNDEB 70% II;EFETIVO - PROFESSORES;838.XXX.XXX-15;196;40;U.E.M. JOSE DE MOURA LEAL;1;15/02/2000;;;;;;1 - Efetivo;CONCURSO PUBLICO ;;;Efetivo;;PROFESSOR SE 40H
;Folha Mensal - Abril;MARIA GORETE DE SOUSA LEAL;ASSESSOR ESPECIAL;113,85;1.404,15;1.518,00;SECRETARIA MUNICIPAL DE EDUCAÇÃO;FUNDO DE MANUT. E DEC.DA EDUC.BASICA-FUNDEB;SME- DEPTOR ADM FUNDEB 30 % VI - COMISSIONADOS;COMISSIONADOS EDUCAÇÃO;805.XXX.XXX-10;227;40;;3;02/01/2025;;;;;;2 - Comissão;LIVRE PROVIMENTO ;;;Função de Confiança;;ASSESSOR ESPECIAL
;Folha Mensal - Abril;MARIA IRACI LEAL DE ARAÚJO;PROFESSOR SE 40H;2.263,61;5.911,31;8.174,92;SECRETARIA MUNICIPAL DE EDUCAÇÃO;SECRETARIA MUNICIPAL DE EDUCAÇÃO;SME- DEPTO ENSINO INFANTIL FUNDEB 70% - EFETIVOS;EFETIVO - PROFESSORES;805.XXX.XXX-91;197;40;CRECHE PRÉ-ESCOLAR MARGARIDA DE JESUS ALENCAR ( TIA GUIDA);1;02/02/1998;;;182/2020;;;1 - Efetivo;CONCURSO PUBLICO ;;;Efetivo;;PROFESSOR SE 40H
;Folha Mensal - Abril;MARIA JOAQUINA DE BARROS LEAL;PROFESSOR SL 20H;472,74;2.569,66;3.042,40;PREFEITURA MUNICIPAL DE PADRE MARCOS-PI;SECRETARIA MUNICIPAL  DE ADMINISTRAÇÃO;ADMINISTRAÇÃO APOSENTADA;EFETIVO - PROFESSORES;289.XXX.XXX-53;230;20;;1;10/09/1966;;;;;;1 - Efetivo;CONCURSO PUBLICO ;;;Efetivo;;PROFESSOR SL 20H
;Folha Mensal - Abril;MARIA JOSE DE MACEDO;PROFESSOR SELETISTA;503,53;3.482,71;3.986,24;SECRETARIA MUNICIPAL DE EDUCAÇÃO;SECRETARIA MUNICIPAL DE EDUCAÇÃO;SME- DEPTO  ENSINO INFANTIL FUNDEB 70% - SELETISTAS;CONTRATADOS  EDUCAÇÃO;079.XXX.XXX-64;397;40;;4;24/02/2025;;;;;;3 - Temporário;TEMPO DETERMINADO;;;Contrato Temporario;;PROFESSOR SL 40H - CELETISTA
;Folha Mensal - Abril;MARIA LAISIA DE ARAUJO;VISITADOR PCF;113,85;1.404,15;1.518,00;SECRETARIA MUNICIPAL DE ASSISTENCIA SOCIAL;SECRETARIA MUNICIPAL DE ASSISTENCIA SOCIAL; PROG.CRIANÇA FELIZ;CONTRATO TEMPORÁRIO;020.XXX.XXX-44;251;40;;6;01/03/2025;;;;;;3 - Temporário;TEMPO DETERMINADO;;;Contrato Temporario;;VISITADOR PCF
;Folha Mensal - Abril;MARIA LUCIA DA CONCEIÇÃO;AUX. DE SERV. GERAIS;250,47;1.419,33;1.669,80;SECRETARIA MUNICIPAL DE EDUCAÇÃO;FUNDO DE MANUT. E DEC.DA EDUC.BASICA-FUNDEB;SME- DEPTO. ADM -FUNDEB 30% II;EFETIVOS;838.XXX.XXX-00;85;40;CRECHE PRÉ-ESCOLAR MARGARIDA DE JESUS ALENCAR ( TIA GUIDA);1;02/03/1998;;;017/2023;;;1 - Efetivo;CONCURSO PUBLICO ;;;Efetivo;;AUX. DE SERV. GERAIS
;Folha Mensal - Abril;MARIA LUCIA DA SILVA;TECNICO EM ENFERMAGEM;244,40;1.804,90;2.049,30;SECRETARIA MUNICIPAL DE SAUDE;SECRETARIA MUNICIPAL DE SAUDE;SMS.DEPTO.SAUDE.SECRETARIO(A) - FUS;EFETIVOS;245.XXX.XXX-00;129;40;;1;02/02/2015;;;;;;1 - Efetivo;CONCURSO PUBLICO ;;;Efetivo;;TECNICO EM ENFERMAGEM
;Folha Complementar c/ Encargos - Abril;MARIA LUCIA DA SILVA;TECNICO EM ENFERMAGEM;277,60;-277,60;;SECRETARIA MUNICIPAL DE SAUDE;SECRETARIA MUNICIPAL DE SAUDE;SMS.DEPTO.SAUDE.SECRETARIO(A) - FUS;EFETIVOS;245.XXX.XXX-00;129;40;;1;02/02/2015;;;;;;1 - Efetivo;CONCURSO PUBLICO ;;;Efetivo;;TECNICO EM ENFERMAGEM
;Folha Mensal - Abril;MARIA LUCIA DE CARVALHO;DIRETOR ADJUNTO;305,60;2.894,40;3.200,00;SECRETARIA MUNICIPAL DE EDUCAÇÃO;SECRETARIA MUNICIPAL DE EDUCAÇÃO;SME- DEPTOR. ENSINO FUNDEB 70% V - COMISSIONADOS;COMISSIONADOS EDUCAÇÃO;063.XXX.XXX-19;271;40;PRÉ-ESCOLAR TIANA MACEDO;7;01/03/2025;;;;;;3 - Temporário;TEMPO DETERMINADO;;;Função de Confiança;;DIRETOR ADJUNTO
;Folha Mensal - Abril;MARIA LUCIA DOS SANTOS SOUSA;DIRETOR DE DEPARTAMENTO;195,82;2.232,98;2.428,80;SECRETARIA MUNICIPAL DE EDUCAÇÃO;FUNDO DE MANUT. E DEC.DA EDUC.BASICA-FUNDEB;SME- DEPTOR ADM FUNDEB 30 % VI - COMISSIONADOS;COMISSIONADOS;790.XXX.XXX-04;560;40;SECRETARIA MUNICIPAL DE EDUCAÇÃO;2;03/02/2025;;;;;;2 - Comissão;LIVRE PROVIMENTO ;;;Função de Confiança;;DIRETOR DE DEPARTAMENTO
;Folha Mensal - Abril;MARIA LUCICLEIDE DA SILVA DIAS;SECR. DE ASSISTENCIA SOCIAL;180,23;2.075,37;2.255,60;SECRETARIA MUNICIPAL DE ASSISTENCIA SOCIAL;SECRETARIA MUNICIPAL DE ASSISTENCIA SOCIAL;SASC-SEC.ASSISTENCIA SOCIAL;COMISSIONADOS;015.XXX.XXX-01;222;40;;2;02/01/2025;;;;;;2 - Comissão;LIVRE PROVIMENTO ;;;Função de Confiança;;SECR. DE ASSISTENCIA SOCIAL
;Folha Mensal - Abril;MARIA LUCILENE DA SILVA DIAS;PROFESSOR SE 40H;2.571,67;6.684,17;9.255,84;SECRETARIA MUNICIPAL DE EDUCAÇÃO;SECRETARIA MUNICIPAL DE EDUCAÇÃO;SME- DEPTOR ENSINO FUNDEB 70% II;EFETIVO - PROFESSORES;553.XXX.XXX-72;198;40;SECRETARIA MUNICIPAL DE EDUCAÇÃO;1;02/02/1998;;;;;;1 - Efetivo;CONCURSO PUBLICO ;;;Efetivo;;PROFESSOR SE 40H
;Folha Mensal - Abril;MARIA LUCILENE DE MACEDO SILVA;AG. COMUNITARIO DE SAÚDE;667,79;3.730,81;4.398,60;SECRETARIA MUNICIPAL DE SAUDE;SECRETARIA MUNICIPAL DE SAUDE;SMS - SEC.DE SAUDE - ACS I - PAB;EFETIVOS;535.XXX.XXX-87;50;40;;1;18/03/2003;;;;;;1 - Efetivo;CONCURSO PUBLICO ;;;Efetivo;;AG. COMUNITARIO DE SAÚDE
;Folha Mensal - Abril;MARIA LUIZA DA CONCEIÇÃO SOUSA;ASSESSOR ESPECIAL;168,49;1.956,71;2.125,20;SECRETARIA MUNICIPAL DE EDUCAÇÃO;SECRETARIA MUNICIPAL DE EDUCAÇÃO;SME- DEPTOR ADM FUNDEB 30 % VI - COMISSIONADOS;COMISSIONADOS;028.XXX.XXX-45;1070;40;SECRETARIA MUNICIPAL DE EDUCAÇÃO;1;01/03/2025;;;;;;2 - Comissão;LIVRE PROVIMENTO ;;;Função de Confiança;;ASSESSOR ESPECIAL
;Folha Mensal - Abril;MARIA LUIZA DE SOUSA RODRIGUES;PROFESSOR SL 40H - CELETISTA;503,53;3.482,71;3.986,24;SECRETARIA MUNICIPAL DE EDUCAÇÃO;SECRETARIA MUNICIPAL DE EDUCAÇÃO;SME - DEPTOR. ENSINO FUNDEB 70% IV - CELETISTAS;CONTRATO TEMPORÁRIO;068.XXX.XXX-77;375;40;;4;24/02/2025;;;;;;3 - Temporário;TEMPO DETERMINADO;;;Contrato Temporario;;PROFESSOR SL 40H - CELETISTA
;Folha Mensal - Abril;MARIA NILZA DA CONCEIÇÃO;AUX. DE SERV. GERAIS;273,24;1.548,36;1.821,60;SECRETARIA MUNICIPAL DE EDUCAÇÃO;FUNDO DE MANUT. E DEC.DA EDUC.BASICA-FUNDEB;SME- DEPTO. ADM -FUNDEB 30% II;EFETIVOS;988.XXX.XXX-68;96;40;U.E.M. JOSE DE MOURA LEAL;1;02/03/2015;;;;;;1 - Efetivo;CONCURSO PUBLICO ;;;Efetivo;;AUX. DE SERV. GERAIS
;Folha Mensal - Abril;MARIA ROSA DE CARVALHO;PROFESSOR SL 40H - CELETISTA;503,53;3.482,71;3.986,24;SECRETARIA MUNICIPAL DE EDUCAÇÃO;SECRETARIA MUNICIPAL DE EDUCAÇÃO;SME- DEPTO  ENSINO INFANTIL FUNDEB 70% - SELETISTAS;CONTRATADOS  EDUCAÇÃO;868.XXX.XXX-91;326;40;;5;24/02/2025;;;;;;3 - Temporário;TEMPO DETERMINADO;;;Contrato Temporario;;PROFESSOR SL 40H - CELETISTA
;Folha Mensal - Abril;MARIA SIMONE DA SILVA;GARI;279,31;2.149,49;2.428,80;PREFEITURA MUNICIPAL DE PADRE MARCOS-PI;SECRETARIA MUNICIPAL  DE ADMINISTRAÇÃO;SEAD - DEPTO.ADMINISTRAÇÃO II;EFETIVOS;031.XXX.XXX-01;12;40;;1;02/02/2015;;;;;;1 - Efetivo;CONCURSO PUBLICO ;;;Efetivo;;GARI
;Folha Mensal - Abril;MARIA VANDILENE DA SILVA;PROFESSOR SE 40H;2.014,86;5.591,16;7.606,02;SECRETARIA MUNICIPAL DE EDUCAÇÃO;SECRETARIA MUNICIPAL DE EDUCAÇÃO;SME- DEPTOR ENSINO FUNDEB 70% I;EFETIVO - PROFESSORES;005.XXX.XXX-65;152;40;UNIDADE ESCOLAR MUNICIPAL DAVI SEVERIANO DE CARVALHO;1;01/04/2015;;;;;;1 - Efetivo;CONCURSO PUBLICO ;;;;;PROFESSOR SL 40H
;Adiantamento 13º Salário - Abril;MARIA VANDILENE DA SILVA;PROFESSOR SE 40H;;3.447,45;3.447,45;SECRETARIA MUNICIPAL DE EDUCAÇÃO;SECRETARIA MUNICIPAL DE EDUCAÇÃO;SME- DEPTOR ENSINO FUNDEB 70% I;EFETIVO - PROFESSORES;005.XXX.XXX-65;152;40;UNIDADE ESCOLAR MUNICIPAL DAVI SEVERIANO DE CARVALHO;1;01/04/2015;;;;;;1 - Efetivo;CONCURSO PUBLICO ;;;;;PROFESSOR SL 40H
;Folha Mensal - Abril;MARIA ZULDETE DE SOUSA;AUX. DE SERV. GERAIS;227,92;1.400,08;1.628,00;SECRETARIA MUNICIPAL DE EDUCAÇÃO;FUNDO DE MANUT. E DEC.DA EDUC.BASICA-FUNDEB;SME- DEPTO. ADM -FUNDEB 30% II;TEMPO DE SERVIÇO;840.XXX.XXX-53;86;40;CRECHE PRÉ-ESCOLAR MARGARIDA DE JESUS ALENCAR ( TIA GUIDA);1;01/11/1983;;;;;;1 - Efetivo;CONCURSO PUBLICO ;;;Efetivo;;AUX. DE SERV. GERAIS
;Folha Mensal - Abril;MARIELLE PEREIRA DE MATOS;ASSISTENTE SOCIAL - CONTRATADA;175,23;2.024,77;2.200,00;SECRETARIA MUNICIPAL DE EDUCAÇÃO;FUNDO DE MANUT. E DEC.DA EDUC.BASICA-FUNDEB;SME-DEPTO.CONTRATO-ENSINO FUNDEB 30%;CONTRATADOS  EDUCAÇÃO;034.XXX.XXX-04;35;40;SECRETARIA MUNICIPAL DE EDUCAÇÃO;4;01/03/2025;;;;;;3 - Temporário;TEMPO DETERMINADO;10/2019;;Contrato Temporario;;ASSISTENTE SOCIAL - CONTRATADA
;Folha Mensal - Abril;MARISA MAGNA DA SILVA LEAL;PROFESSOR SL 40H - CELETISTA;503,53;3.482,71;3.986,24;SECRETARIA MUNICIPAL DE EDUCAÇÃO;SECRETARIA MUNICIPAL DE EDUCAÇÃO;SME - DEPTOR. ENSINO FUNDEB 70% IV - CELETISTAS;CONTRATADOS  EDUCAÇÃO;612.XXX.XXX-48;494;40;;3;24/02/2025;;;;;;3 - Temporário;TEMPO DETERMINADO;;;Contrato Temporario;;PROFESSOR SL 40H - CELETISTA
;Folha Mensal - Abril;MARISLETTE DE SOUSA CARVALHO;AUX. DE SERV. GERAIS;882,85;938,75;1.821,60;SECRETARIA MUNICIPAL DE EDUCAÇÃO;FUNDO DE MANUT. E DEC.DA EDUC.BASICA-FUNDEB;SME- DEPTO. ADM -FUNDEB 30% II;EFETIVOS;790.XXX.XXX-00;97;40;UNIDADE ESCOLAR MUNICIPAL CÂNDIDA MACEDO;1;02/02/2015;;;;;;1 - Efetivo;CONCURSO PUBLICO ;;;Efetivo;;AUX. DE SERV. GERAIS
;Folha Mensal - Abril;MATHEUS COSTA FONTES;MEDICO(A) TEMPORARIO(A);;3.180,00;3.180,00;SECRETARIA MUNICIPAL DE SAUDE;SECRETARIA MUNICIPAL DE SAUDE;SMS- DEPARTAMENTO DA SAÚDE- PLANTÃO - FUS;CONTRATO TEMPORÁRIO;972.XXX.XXX-49;584;40;SECRETARIA MUNICIPAL DE SAÚDE;3;02/01/2025;;;;;;3 - Temporário;TEMPO DETERMINADO;;;Contrato Temporario;;MEDICO(A) TEMPORARIO(A)
;Folha Mensal - Abril;MATHEUS COSTA FONTES;MEDICO(A) TEMPORARIO(A);2.312,92;6.847,08;9.160,00;SECRETARIA MUNICIPAL DE SAUDE;SECRETARIA MUNICIPAL DE SAUDE;SEC. MUN. SAÚDE- DEPTO. DE SAUDE II-CONTRATADOS - PAB;CONTRATO TEMPORÁRIO;972.XXX.XXX-49;584;40;SECRETARIA MUNICIPAL DE SAÚDE;4;02/01/2025;;;;;;3 - Temporário;TEMPO DETERMINADO;;;Contrato Temporario;;MEDICO(A) TEMPORARIO(A)
;Folha Mensal - Abril;MAURICELES MACEDO LOBO DE DEUS;FONOAUDIOLOGO;168,49;2.356,71;2.525,20;SECRETARIA MUNICIPAL DE SAUDE;SECRETARIA MUNICIPAL DE SAUDE;SEC. MUN. SAÚDE- DEPTO. DE SAUDE II-CONTRATADOS - PAB;CONTRATO TEMPORÁRIO;330.XXX.XXX-91;261;40;;5;02/01/2025;;;;;;3 - Temporário;TEMPO DETERMINADO;;;Contrato Temporario;;FONOAUDIOLOGO
;Folha Mensal - Abril;MENILDA DOS SANTOS SILVA;PROFESSOR SL 40H - CELETISTA;503,53;3.482,71;3.986,24;SECRETARIA MUNICIPAL DE EDUCAÇÃO;SECRETARIA MUNICIPAL DE EDUCAÇÃO;SME - DEPTOR. ENSINO FUNDEB 70% IV - CELETISTAS;CONTRATADOS  EDUCAÇÃO;080.XXX.XXX-11;456;40;;3;03/02/2025;;;;;;3 - Temporário;TEMPO DETERMINADO;;;Contrato Temporario;;PROFESSOR SL 40H - CELETISTA
;Folha Mensal - Abril;MICAELA DE BRITO ROCHA;FISIOTERAPEUTA;184,23;2.115,77;2.300,00;SECRETARIA MUNICIPAL DE SAUDE;SECRETARIA MUNICIPAL DE SAUDE;SMS-DEPTO.SEC.SAUDE-CONTRATADOS - FUS;CONTRATO TEMPORÁRIO;044.XXX.XXX-05;716;40;;1;01/03/2025;;;;;;3 - Temporário;TEMPO DETERMINADO;03/2021;;Contrato Temporario;;FISIOTERAPEUTA
;Folha Mensal - Abril;MIKAIANA JOSEFA DA CONCEIÇÃO;SECRETARIO(A) UNIDADE ESCOLAR MUNICIPAL;113,85;1.404,15;1.518,00;SECRETARIA MUNICIPAL DE EDUCAÇÃO;FUNDO DE MANUT. E DEC.DA EDUC.BASICA-FUNDEB;SME- DEPTOR ADM FUNDEB 30 % VI - COMISSIONADOS;COMISSIONADOS;096.XXX.XXX-84;1081;40;;1;01/03/2025;;;;;;2 - Comissão;LIVRE PROVIMENTO ;;;Função de Confiança;;SECRETARIO(A) UNIDADE ESCOLAR MUNICIPAL
;Folha Mensal - Abril;MODESTO ANTONIO DIAS;ASSESSOR TÉCNICO (A) ADMINISTRATIVO;113,85;1.404,15;1.518,00;SECRETARIA MUNICIPAL DE EDUCAÇÃO;FUNDO DE MANUT. E DEC.DA EDUC.BASICA-FUNDEB;SME- DEPTOR ADM FUNDEB 30 % VI - COMISSIONADOS;COMISSIONADOS;004.XXX.XXX-00;783;40;;1;01/04/2025;;;;;;2 - Comissão;TEMPO DETERMINADO;;;Função de Confiança;;ASSESSOR TÉCNICO (A) ADMINISTRATIVO
;Folha Mensal - Abril;MOISEIS DIAS LEAL;PROFESSORA DE EJA - CELETISTA;503,53;3.482,71;3.986,24;SECRETARIA MUNICIPAL DE EDUCAÇÃO;SECRETARIA MUNICIPAL DE EDUCAÇÃO;SME-DEPTOR. ENSINO FUNDEB 70%  VI EJA;CONTRATO TEMPORÁRIO;004.XXX.XXX-38;250;40;;3;01/03/2025;;;;;;3 - Temporário;TEMPO DETERMINADO;;;Contrato Temporario;;PROFESSORA DE EJA - CELETISTA
;Folha Mensal - Abril;MYCHELL UMBELINO RIBEIRO;DIRETOR DE DEPARTAMENTO;195,82;2.232,98;2.428,80;PREFEITURA MUNICIPAL DE PADRE MARCOS-PI;SECRETARIA MUNICIPAL  DE ADMINISTRAÇÃO;SEAD -  DEPTO. ADMINISTRAÇÃO V- COMISSIONADOS;COMISSIONADOS;045.XXX.XXX-85;220;40;;3;02/01/2025;;;;;;2 - Comissão;LIVRE PROVIMENTO ;;;Função de Confiança;;DIRETOR DE DEPARTAMENTO
;Folha Mensal - Abril;NAGILA MERCES MENDES SANTANA;PROFESSOR SE 40H;2.451,35;6.406,26;8.857,61;SECRETARIA MUNICIPAL DE EDUCAÇÃO;SECRETARIA MUNICIPAL DE EDUCAÇÃO;SME- DEPTOR ENSINO FUNDEB 70% II;EFETIVO - PROFESSORES;805.XXX.XXX-87;202;40;UNIDADE ESCOLAR MUNICIPAL CÂNDIDA MACEDO;1;15/02/2000;;;;;;1 - Efetivo;CONCURSO PUBLICO ;;;Efetivo;;PROFESSOR SE 40H
;Folha Mensal - Abril;NAHYLÊ STÉFANI REIS ALENCAR;ASSESSOR TÉCNICO (A) ADMINISTRATIVO;113,85;1.404,15;1.518,00;SECRETARIA MUNICIPAL DE EDUCAÇÃO;FUNDO DE MANUT. E DEC.DA EDUC.BASICA-FUNDEB;SME- DEPTOR ADM FUNDEB 30 % VI - COMISSIONADOS;COMISSIONADOS;057.XXX.XXX-81;571;40;SECRETARIA MUNICIPAL DE EDUCAÇÃO;2;01/04/2025;;;;;;2 - Comissão;TEMPO DETERMINADO;;;Função de Confiança;;ASSESSOR TÉCNICO (A) ADMINISTRATIVO
;Folha Mensal - Abril;NATILÂNIA DE SOUSA RIBEIRO;PROFESSOR SL 40H - CELETISTA;503,53;3.482,71;3.986,24;SECRETARIA MUNICIPAL DE EDUCAÇÃO;SECRETARIA MUNICIPAL DE EDUCAÇÃO;SME- DEPTO  ENSINO INFANTIL FUNDEB 70% - SELETISTAS;CONTRATADOS  EDUCAÇÃO;818.XXX.XXX-68;336;40;;5;24/02/2025;;;;;;3 - Temporário;TEMPO DETERMINADO;;;Contrato Temporario;;PROFESSOR SL 40H - CELETISTA
;Folha Mensal - Abril;NELI ROSENO DA SILVA;VIGILANTE;279,31;2.149,49;2.428,80;HOSPITAL MUNICIPAL DE PADRE MARCOS;SECRETARIA MUNICIPAL DE SAUDE;HOSPITAL - DEPTO. ADMINISTRATIVO I;EFETIVOS;603.XXX.XXX-08;24;40;HOSPITAL MUNICIPAL DE PADRE MARCOS;1;19/01/2015;;;;;;1 - Efetivo;CONCURSO PUBLICO ;;;Efetivo;;VIGILANTE
;Adiantamento 13º Salário - Abril;NELI ROSENO DA SILVA;VIGILANTE;;1.138,50;1.138,50;HOSPITAL MUNICIPAL DE PADRE MARCOS;SECRETARIA MUNICIPAL DE SAUDE;HOSPITAL - DEPTO. ADMINISTRATIVO I;EFETIVOS;603.XXX.XXX-08;24;40;HOSPITAL MUNICIPAL DE PADRE MARCOS;1;19/01/2015;;;;;;1 - Efetivo;CONCURSO PUBLICO ;;;Efetivo;;VIGILANTE
;Folha Mensal - Abril;NILDETE GORETE DE LIMA;PROFESSOR SL 40H - CELETISTA;503,53;3.482,71;3.986,24;SECRETARIA MUNICIPAL DE EDUCAÇÃO;SECRETARIA MUNICIPAL DE EDUCAÇÃO;SME- DEPTO  ENSINO INFANTIL FUNDEB 70% - SELETISTAS;CONTRATO TEMPORÁRIO;049.XXX.XXX-02;176;40;;5;24/02/2025;;;;;;3 - Temporário;TEMPO DETERMINADO;;;Contrato Temporario;;PROFESSOR SL 40H - CELETISTA
;Folha Mensal - Abril;OCIMARIA MARIA CARVALHO MACEDO;CONSELHEIRO TUTELAR;113,85;1.534,15;1.648,00;SECRETARIA MUNICIPAL DE ASSISTENCIA SOCIAL;SECRETARIA MUNICIPAL DE ASSISTENCIA SOCIAL;SASC-ASSISTENCIA SOCIAL - CONSELHO;ELETIVOS;030.XXX.XXX-50;36;40;SEC MUN. DE ASSISTENCIA SOCIAL;3;10/01/2024;;;;;;7 - Conselheiro;ELEICAO/INDICACAO;;;;;CONSELHEIRO TUTELAR
;Folha Mensal - Abril;ODAIR JOSÉ DA SILVA;CORDENADOR DE TRANSPORTE;113,85;1.404,15;1.518,00;SECRETARIA MUNICIPAL DE EDUCAÇÃO;FUNDO DE MANUT. E DEC.DA EDUC.BASICA-FUNDEB;SME- DEPTOR ADM FUNDEB 30 % VI - COMISSIONADOS;COMISSIONADOS EDUCAÇÃO;265.XXX.XXX-63;439;40;;2;02/01/2025;;;;;;2 - Comissão;LIVRE PROVIMENTO ;01/2021;;Função de Confiança;;CORDENADOR DE TRANSPORTE
;Folha Mensal - Abril;ORLANDIO JOSE DE CARVALHO;SECRETARIO (A);180,23;2.075,37;2.255,60;PREFEITURA MUNICIPAL DE PADRE MARCOS-PI;SECRETARIA MUNICIPAL DE FINANÇAS;SMF - DEPARTAMENTO DE FINANÇA - I;COMISSIONADOS;025.XXX.XXX-22;212;40;PREDIO DA PREFEITURA;2;02/01/2025;;;;;;2 - Comissão;LIVRE PROVIMENTO ;;;Função de Confiança;;SECRETARIO DE FINANÇAS
;Folha Mensal - Abril;OSIELDO MACEDO PINHEIRO;DIGITADOR(A);261,86;1.548,84;1.810,70;SECRETARIA MUNICIPAL DE ASSISTENCIA SOCIAL;SECRETARIA MUNICIPAL DE ASSISTENCIA SOCIAL;SASC - DEPTO. ASSISTENCIA SOCIAL IV;EFETIVOS;628.XXX.XXX-72;49;40;SEC MUN. DE ASSISTENCIA SOCIAL;1;02/02/2015;;;;;;1 - Efetivo;CONCURSO PUBLICO ;;;Efetivo;;DIGITADOR(A)
;Folha Mensal - Abril;OZEIAS DE ARAUJO SILVA;COORDENADOR DE SERVIÇOS;113,85;1.404,15;1.518,00;SECRETARIA MUNICIPAL DE ASSISTENCIA SOCIAL;FUNDO MUNICIPAL DE ASSISTENCIA SOCIAL-FMAS;CENTRO DE REFERENCIA. ASSISTENCIA SOCIAL-CRAS-PSB;COMISSIONADOS;612.XXX.XXX-70;259;40;SEC MUN. DE ASSISTENCIA SOCIAL;4;02/01/2025;;;02/2026;;;2 - Comissão;TEMPO DETERMINADO;;;Função de Confiança;;COORDENADOR DE SERVIÇOS
;Folha Mensal - Abril;OZIEL JOSÉ DE CARVALHO MACEDO;ASSESSOR TÉCNICO (A) ADMINISTRATIVO;130,24;1.569,92;1.700,16;PREFEITURA MUNICIPAL DE PADRE MARCOS-PI;SECRETARIA MUNICIPAL  DE ADMINISTRAÇÃO;SEAD -  DEPTO. ADMINISTRAÇÃO V- COMISSIONADOS;COMISSIONADOS;948.XXX.XXX-72;232;40;PREDIO DA PREFEITURA;3;02/01/2025;;;;;;2 - Comissão;TEMPO DETERMINADO;;;Função de Confiança;;COORDENADOR DE LAZER
;Folha Mensal - Abril;PATRICIA LEAL DE MACEDO;PROFESSOR SL 40H - CELETISTA;503,53;3.482,71;3.986,24;SECRETARIA MUNICIPAL DE EDUCAÇÃO;SECRETARIA MUNICIPAL DE EDUCAÇÃO;SME- DEPTO  ENSINO INFANTIL FUNDEB 70% - SELETISTAS;CONTRATADOS  EDUCAÇÃO;072.XXX.XXX-95;495;40;;2;24/02/2025;;;;;;3 - Temporário;TEMPO DETERMINADO;;;Contrato Temporario;;PROFESSOR SL 40H - CELETISTA
;Folha Mensal - Abril;PAULO LUIZ DE CARVALHO;PROFESSOR SL 40H - CELETISTA;503,53;3.482,71;3.986,24;SECRETARIA MUNICIPAL DE EDUCAÇÃO;SECRETARIA MUNICIPAL DE EDUCAÇÃO;SME- DEPTO  ENSINO INFANTIL FUNDEB 70% - SELETISTAS;CONTRATADOS  EDUCAÇÃO;071.XXX.XXX-24;477;40;;4;24/02/2025;;;;;;3 - Temporário;TEMPO DETERMINADO;;;Contrato Temporario;;PROFESSOR SL 40H - CELETISTA
;Folha Mensal - Abril;PEDRO BATISTA DA SILVA;MOTORISTA;303,91;2.033,81;2.337,72;SECRETARIA MUNICIPAL DE EDUCAÇÃO;FUNDO DE MANUT. E DEC.DA EDUC.BASICA-FUNDEB;SME- DEPTOR. ADM FUNDEB 30% V;EFETIVOS;353.XXX.XXX-15;110;40;SECRETARIA MUNICIPAL DE EDUCAÇÃO;1;02/03/2015;;;;;;1 - Efetivo;CONCURSO PUBLICO ;;;Efetivo;;MOTORISTA
;Folha Mensal - Abril;PEDRO EZRON PEREIRA LIMA;ASSESSOR TÉCNICO (A) ADMINISTRATIVO;113,85;1.404,15;1.518,00;SECRETARIA MUNICIPAL DE EDUCAÇÃO;FUNDO DE MANUT. E DEC.DA EDUC.BASICA-FUNDEB;SME- DEPTOR ADM FUNDEB 30 % VI - COMISSIONADOS;COMISSIONADOS;054.XXX.XXX-40;577;40;SECRETARIA MUNICIPAL DE EDUCAÇÃO;2;02/01/2025;;;;;;2 - Comissão;TEMPO DETERMINADO;;;Função de Confiança;;ASSESSOR TÉCNICO (A) ADMINISTRATIVO
;Folha Mensal - Abril;PERPETUA SOCORRO DA SILVA;COORDENADOR(A) PEDAGÓGICO;305,60;2.894,40;3.200,00;SECRETARIA MUNICIPAL DE EDUCAÇÃO;SECRETARIA MUNICIPAL DE EDUCAÇÃO;SME- DEPTOR. ENSINO FUNDEB 70% V - COMISSIONADOS;COMISSIONADOS EDUCAÇÃO;050.XXX.XXX-83;268;40;CRECHE PRÉ-ESCOLAR MARGARIDA DE JESUS ALENCAR ( TIA GUIDA);4;02/01/2025;;;;;;2 - Comissão;TEMPO DETERMINADO;;;Função de Confiança;;COORDENADOR(A) PEDAGÓGICO
;Folha Mensal - Abril;POLIANE MARIA DE CARVALHO;PROFESSOR SELETISTA;503,53;3.482,71;3.986,24;SECRETARIA MUNICIPAL DE EDUCAÇÃO;SECRETARIA MUNICIPAL DE EDUCAÇÃO;SME- DEPTO  ENSINO INFANTIL FUNDEB 70% - SELETISTAS;CONTRATADOS  EDUCAÇÃO;080.XXX.XXX-30;496;40;;3;24/02/2025;;;;;;3 - Temporário;TEMPO DETERMINADO;;;Contrato Temporario;;PROFESSOR SELETISTA
;Folha Mensal - Abril;PRESLEY ARAÚJO LEAL;PROFESSOR SE 40H;2.036,00;5.644,23;7.680,23;SECRETARIA MUNICIPAL DE EDUCAÇÃO;SECRETARIA MUNICIPAL DE EDUCAÇÃO;SME- DEPTOR ENSINO FUNDEB 70% I;EFETIVO - PROFESSORES;007.XXX.XXX-13;153;40;UNIDADE ESCOLAR MUNICIPAL CÂNDIDA MACEDO;1;02/03/2015;;;;;06/2018;1 - Efetivo;CONCURSO PUBLICO ;;;Efetivo;;PROFESSOR SL 20H
;Folha Mensal - Abril;RAFAEL BENIZ RAMOS;VISITADOR SANITARIO;113,85;1.404,15;1.518,00;SECRETARIA MUNICIPAL DE SAUDE;SECRETARIA MUNICIPAL DE SAUDE;SMS-DEPTO.SEC.SAUDE-CONTRATADOS - FUS;CONTRATO TEMPORÁRIO;048.XXX.XXX-04;509;40;;2;01/03/2025;;;;;;3 - Temporário;TEMPO DETERMINADO;;;Contrato Temporario;;VISITADOR SANITARIO
;Folha Mensal - Abril;RAFAEL VIEIRA DE ARAUJO;AUX. DE SERVIÇOS GERAIS;113,85;1.404,15;1.518,00;SECRETARIA MUNICIPAL DE EDUCAÇÃO;FUNDO DE MANUT. E DEC.DA EDUC.BASICA-FUNDEB;SME-DEPTO.CONTRATO-ENSINO FUNDEB 30%;CONTRATADOS  EDUCAÇÃO;612.XXX.XXX-80;416;40;;3;02/01/2025;;;;;;3 - Temporário;TEMPO DETERMINADO;;;Contrato Temporario;;ASSESSOR TÉCNICO (A) ADMINISTRATIVO
;Folha Mensal - Abril;RAFAELLA LEAL SILVA;FONOAUDIOLOGO;175,23;2.024,77;2.200,00;SECRETARIA MUNICIPAL DE EDUCAÇÃO;FUNDO DE MANUT. E DEC.DA EDUC.BASICA-FUNDEB;SME- DPTO.ENSINO FUNDEB 30% EQUIPE EMULT-CELETISTAS;CONTRATO TEMPORÁRIO;079.XXX.XXX-82;583;40;SECRETARIA MUNICIPAL DE EDUCAÇÃO;2;01/03/2025;;;;;;3 - Temporário;TEMPO DETERMINADO;;;Contrato Temporario;;FONOAUDIOLOGO
;Folha Mensal - Abril;RAIANA MARY DE MACEDO VIEIRA;PROFESSOR SE 40H;2.464,39;6.353,65;8.818,04;SECRETARIA MUNICIPAL DE EDUCAÇÃO;SECRETARIA MUNICIPAL DE EDUCAÇÃO;SME- DEPTOR ENSINO FUNDEB 70% I;EFETIVO - PROFESSORES;030.XXX.XXX-33;154;40;;1;02/03/2015;;;;;;1 - Efetivo;CONCURSO PUBLICO ;;;Efetivo;;PROFESSOR SL 20H
;Folha Mensal - Abril;RAIMUNDO DINIZ DE OLIVEIRA NETO;AG. COMUNITARIO DE SAÚDE;754,31;3.796,09;4.550,40;SECRETARIA MUNICIPAL DE SAUDE;SECRETARIA MUNICIPAL DE SAUDE;SMS - SEC.DE SAUDE - ACS I - PAB;EFETIVOS;553.XXX.XXX-87;59;40;;1;18/03/2003;;;;;;1 - Efetivo;CONCURSO PUBLICO ;;;Efetivo;;AG. COMUNITARIO DE SAÚDE
;Folha Mensal - Abril;RAIMUNDO NEIVA FILHO;MEDICO (A);1.219,69;9.234,76;10.454,45;SECRETARIA MUNICIPAL DE SAUDE;SECRETARIA MUNICIPAL DE SAUDE;SMS - DEPTOR .SEC. DE SAUDE - PAB;EFETIVOS;142.XXX.XXX-49;219;40;;1;01/04/2008;;;05/2023;;;1 - Efetivo;CONCURSO PUBLICO ;;;Efetivo;;MEDICO (A)
;Rescisão - Abril;RAIMUNDO NONATO DE SOUSA;ASSESSOR TÉCNICO (A) ADMINISTRATIVO;;0,00;;PREFEITURA MUNICIPAL DE PADRE MARCOS-PI;SECRETARIA MUNICIPAL  DE ADMINISTRAÇÃO;SEAD -  DEPTO. ADMINISTRAÇÃO V- COMISSIONADOS;COMISSIONADOS;125.XXX.XXX-27;538;40;PREDIO DA PREFEITURA;2;02/01/2025;01/04/2025;;;;;2 - Comissão;TEMPO DETERMINADO;;;Função de Confiança;;ASSESSOR TÉCNICO (A) ADMINISTRATIVO
;Folha Mensal - Abril;RAMONYELLE HELKYS MACEDO CARVALHO;FISIOTERAPEUTA;205,20;2.327,80;2.533,00;SECRETARIA MUNICIPAL DE SAUDE;SECRETARIA MUNICIPAL DE SAUDE;SMS-DEPTO.SEC.SAUDE-CONTRATADOS - FUS;CONTRATO TEMPORÁRIO;039.XXX.XXX-83;459;40;;3;02/01/2025;;;;;;3 - Temporário;TEMPO DETERMINADO;03/2021;;Contrato Temporario;;FISIOTERAPEUTA
;Folha Mensal - Abril;RAYKA EMILY SOUSA;ASSESSOR ESPECIAL;156,20;1.832,38;1.988,58;PREFEITURA MUNICIPAL DE PADRE MARCOS-PI;SECRETARIA MUNICIPAL  DE ADMINISTRAÇÃO;SEAD -  DEPTO. ADMINISTRAÇÃO V- COMISSIONADOS;COMISSIONADOS;061.XXX.XXX-67;1079;40;;1;01/03/2025;;;;;;2 - Comissão;LIVRE PROVIMENTO ;;;Função de Confiança;;ASSESSOR ESPECIAL
;Folha Mensal - Abril;REJANE MARIA LEAL DE MOURA LIMA;AG. COMUNITARIO DE SAÚDE;711,81;3.838,59;4.550,40;SECRETARIA MUNICIPAL DE SAUDE;SECRETARIA MUNICIPAL DE SAUDE;SMS - SEC.DE SAUDE - ACS I - PAB;EFETIVOS;454.XXX.XXX-53;52;40;;1;01/04/2008;;;;;;1 - Efetivo;CONCURSO PUBLICO ;;;Efetivo;;AG. COMUNITARIO DE SAÚDE
;Folha Mensal - Abril;RENAN WENDEL ALVES DE SOUSA CARVALHO;ASSESSOR TÉCNICO (A) ADMINISTRATIVO;195,82;2.232,98;2.428,80;SECRETARIA MUNICIPAL DE EDUCAÇÃO;FUNDO DE MANUT. E DEC.DA EDUC.BASICA-FUNDEB;SME- DEPTOR ADM FUNDEB 30 % VI - COMISSIONADOS;COMISSIONADOS;706.XXX.XXX-41;791;40;SECRETARIA MUNICIPAL DE EDUCAÇÃO;1;01/04/2025;;;;;;2 - Comissão;TEMPO DETERMINADO;;;Função de Confiança;;ASSESSOR TÉCNICO (A) ADMINISTRATIVO
;Folha Mensal - Abril;RENATA DA SILVA;CONSELHEIRO TUTELAR;113,85;1.534,15;1.648,00;SECRETARIA MUNICIPAL DE ASSISTENCIA SOCIAL;SECRETARIA MUNICIPAL DE ASSISTENCIA SOCIAL;SASC-ASSISTENCIA SOCIAL - CONSELHO;ELETIVOS;062.XXX.XXX-67;531;40;SEC MUN. DE ASSISTENCIA SOCIAL;1;10/01/2024;;;;;;7 - Conselheiro;ELEICAO/INDICACAO;;;;;CONSELHEIRO TUTELAR
;Folha Mensal - Abril;RENATO ANTONIO DE OLIVEIRA;TECNICO EM PROTESI DENTARIA;358,74;3.091,26;3.450,00;SECRETARIA MUNICIPAL DE SAUDE;SECRETARIA MUNICIPAL DE SAUDE;SMS-SEC.DE SAÚDE-PROTETICO;CONTRATO TEMPORÁRIO;044.XXX.XXX-01;285;40;;6;01/03/2025;;;;;;3 - Temporário;TEMPO DETERMINADO;;;Contrato Temporario;;TECNICO PROTESE DENTARIA
;Folha Mensal - Abril;RENÊ ALESSANDRO BRITO DE SÁ;ENGENHEIRO(A) CIVIL;826,48;4.123,52;4.950,00;PREFEITURA MUNICIPAL DE PADRE MARCOS-PI;SECRETARIA MUNICIPAL  DE ADMINISTRAÇÃO;SECRETARIA MUNICIPAL DE ADMINISTRAÇÃO;CONTRATO TEMPORÁRIO;056.XXX.XXX-42;532;40;PREDIO DA PREFEITURA;2;02/01/2025;;;02/2026;;;3 - Temporário;TEMPO DETERMINADO;;;Contrato Temporario;;ENGENHEIRO(A) CIVIL
;Folha Mensal - Abril;RIVALDO DE OLIVEIRA SANTOS;PROFESSOR SE 40H;3.558,61;4.406,47;7.965,08;SECRETARIA MUNICIPAL DE EDUCAÇÃO;SECRETARIA MUNICIPAL DE EDUCAÇÃO;SME- DEPTOR ENSINO FUNDEB 70% I;EFETIVO - PROFESSORES;025.XXX.XXX-20;155;40;U.E.M. JOSE DE MOURA LEAL;1;02/03/2015;;;;;;1 - Efetivo;CONCURSO PUBLICO ;;;Efetivo;;PROFESSOR SL 40H
;Folha Mensal - Abril;ROBERIO ROBERTO DA SILVA;ASSESSOR TÉCNICO (A) ADMINISTRATIVO;113,85;1.404,15;1.518,00;SECRETARIA MUNICIPAL DE EDUCAÇÃO;FUNDO DE MANUT. E DEC.DA EDUC.BASICA-FUNDEB;SME- DEPTOR ADM FUNDEB 30 % VI - COMISSIONADOS;COMISSIONADOS EDUCAÇÃO;065.XXX.XXX-07;476;40;SECRETARIA MUNICIPAL DE EDUCAÇÃO;4;03/02/2025;;;;;;2 - Comissão;TEMPO DETERMINADO;;;Função de Confiança;;ASSESSOR TÉCNICO (A) ADMINISTRATIVO
;Folha Mensal - Abril;ROBSON LUIS DE SOUSA;PROFESSOR SE 40H;2.234,74;5.940,18;8.174,92;SECRETARIA MUNICIPAL DE EDUCAÇÃO;SECRETARIA MUNICIPAL DE EDUCAÇÃO;SME- DEPTOR ENSINO FUNDEB 70% II;EFETIVO - PROFESSORES;643.XXX.XXX-53;204;40;UNIDADE ESCOLAR MUNICIPAL CÂNDIDA MACEDO;1;02/02/1998;;;;;;1 - Efetivo;CONCURSO PUBLICO ;;;;;PROFESSOR SE 40H
;Adiantamento 13º Salário - Abril;ROBSON LUIS DE SOUSA;PROFESSOR SE 40H;;3.837,02;3.837,02;SECRETARIA MUNICIPAL DE EDUCAÇÃO;SECRETARIA MUNICIPAL DE EDUCAÇÃO;SME- DEPTOR ENSINO FUNDEB 70% II;EFETIVO - PROFESSORES;643.XXX.XXX-53;204;40;UNIDADE ESCOLAR MUNICIPAL CÂNDIDA MACEDO;1;02/02/1998;;;;;;1 - Efetivo;CONCURSO PUBLICO ;;;;;PROFESSOR SE 40H
;Folha Mensal - Abril;ROGER MANOEL DA SILVA;ASSESSOR TÉCNICO (A) ADMINISTRATIVO;113,85;1.404,15;1.518,00;SECRETARIA MUNICIPAL DE EDUCAÇÃO;FUNDO DE MANUT. E DEC.DA EDUC.BASICA-FUNDEB;SME- DEPTOR ADM FUNDEB 30 % VI - COMISSIONADOS;COMISSIONADOS;078.XXX.XXX-52;533;40;SECRETARIA MUNICIPAL DE EDUCAÇÃO;2;03/02/2025;;;;;;2 - Comissão;TEMPO DETERMINADO;;;Função de Confiança;;ASSESSOR TÉCNICO (A) ADMINISTRATIVO
;Folha Mensal - Abril;ROMÂRIO SILVA;ASSESSOR TÉCNICO (A) ADMINISTRATIVO;113,85;1.404,15;1.518,00;SECRETARIA MUNICIPAL DE EDUCAÇÃO;FUNDO DE MANUT. E DEC.DA EDUC.BASICA-FUNDEB;SME- DEPTOR ADM FUNDEB 30 % VI - COMISSIONADOS;COMISSIONADOS EDUCAÇÃO;104.XXX.XXX-40;452;40;SECRETARIA MUNICIPAL DE EDUCAÇÃO;2;02/01/2025;;;;;;2 - Comissão;TEMPO DETERMINADO;;;Função de Confiança;;ASSESSOR TÉCNICO (A) ADMINISTRATIVO
;Folha Mensal - Abril;RONIELLY DE CARVALHO COSTA;PROFESSOR SELETISTA;503,53;3.482,71;3.986,24;SECRETARIA MUNICIPAL DE EDUCAÇÃO;SECRETARIA MUNICIPAL DE EDUCAÇÃO;SME - DEPTOR. ENSINO FUNDEB 70% IV - CELETISTAS;CONTRATADOS  EDUCAÇÃO;050.XXX.XXX-14;497;40;;3;24/02/2025;;;;;;3 - Temporário;TEMPO DETERMINADO;;;Contrato Temporario;;PROFESSOR SELETISTA
;Folha Mensal - Abril;RONIMAURA SOCORRO DIAS SILVA;COORDENADOR(A) PEDAGÓGICO;305,60;2.894,40;3.200,00;SECRETARIA MUNICIPAL DE EDUCAÇÃO;SECRETARIA MUNICIPAL DE EDUCAÇÃO;SME- DEPTOR. ENSINO FUNDEB 70% V - COMISSIONADOS;COMISSIONADOS EDUCAÇÃO;050.XXX.XXX-70;297;40;U.E.M. JOSE DE MOURA LEAL;3;02/01/2025;;;;;;2 - Comissão;TEMPO DETERMINADO;;;Função de Confiança;;COORDENADOR(A) PEDAGÓGICO
;Folha Mensal - Abril;RONIVONN BIZERRA DA COSTA;ASSESSOR TÉCNICO (A) ADMINISTRATIVO;182,16;2.094,84;2.277,00;SECRETARIA MUNICIPAL DE EDUCAÇÃO;FUNDO DE MANUT. E DEC.DA EDUC.BASICA-FUNDEB;SME- DEPTOR ADM FUNDEB 30 % VI - COMISSIONADOS;COMISSIONADOS;440.XXX.XXX-91;384;40;;2;02/01/2025;;;;;;2 - Comissão;TEMPO DETERMINADO;;;Função de Confiança;;ASSESSOR TÉCNICO (A) ADMINISTRATIVO
;Folha Mensal - Abril;ROSIANA MARIA DA CONCEIÇÃO;AUX. DE SERVIÇOS GERAIS;113,85;1.404,15;1.518,00;SECRETARIA MUNICIPAL DE SAUDE;SECRETARIA MUNICIPAL DE SAUDE;SMS-DEPTO.SEC.SAUDE-CONTRATADOS - FUS;CONTRATO TEMPORÁRIO;037.XXX.XXX-07;393;40;;4;02/01/2025;;;08/2025;;;3 - Temporário;TEMPO DETERMINADO;;;Contrato Temporario;;AUX. DE SERVIÇOS GERAIS
;Folha Mensal - Abril;ROSILENE ROSARIO SILVA DIAS;COORDENADOR(A) PEDAGÓGICO;305,60;2.894,40;3.200,00;SECRETARIA MUNICIPAL DE EDUCAÇÃO;SECRETARIA MUNICIPAL DE EDUCAÇÃO;SME- DEPTOR. ENSINO FUNDEB 70% V - COMISSIONADOS;COMISSIONADOS;894.XXX.XXX-87;226;40;SECRETARIA MUNICIPAL DE EDUCAÇÃO;3;02/01/2025;;;;;;2 - Comissão;TEMPO DETERMINADO;;;Função de Confiança;;COORDENADOR(A) PEDAGÓGICO
;Folha Mensal - Abril;ROZALICE ZITA DA CONCEIÇÃO;PROFESSOR SE 40H;4.293,24;4.166,13;8.459,37;SECRETARIA MUNICIPAL DE EDUCAÇÃO;SECRETARIA MUNICIPAL DE EDUCAÇÃO;SME- DEPTOR ENSINO FUNDEB 70% III;EFETIVO - PROFESSORES;788.XXX.XXX-34;205;40;U.E.M. JOSE DE MOURA LEAL;1;02/02/1998;;;;;;1 - Efetivo;CONCURSO PUBLICO ;;;Efetivo;;PROFESSOR SE 40H
;Folha Mensal - Abril;RUBENS BATISTA;MEDICO (A);2.863,25;7.591,20;10.454,45;SECRETARIA MUNICIPAL DE SAUDE;SECRETARIA MUNICIPAL DE SAUDE;SMS - DEPTOR .SEC. DE SAUDE - PAB;EFETIVOS;041.XXX.XXX-72;209;40;HOSPITAL MUNICIPAL DE PADRE MARCOS;1;01/04/2008;;;;;;1 - Efetivo;CONCURSO PUBLICO ;;;Efetivo;;MEDICO (A)
;Folha Mensal - Abril;RUBENS BATISTA;MEDICO (A) TEMPORARIO (A) PLANTÃO;1.928,93;3.561,07;5.490,00;SECRETARIA MUNICIPAL DE SAUDE;SECRETARIA MUNICIPAL DE SAUDE;SMS- DEPARTAMENTO DA SAÚDE- PLANTÃO - FUS;CONTRATO TEMPORÁRIO;041.XXX.XXX-72;209;40;HOSPITAL MUNICIPAL DE PADRE MARCOS;7;02/01/2025;;;;;;3 - Temporário;TEMPO DETERMINADO;;;Contrato Temporario;;MEDICO (A) TEMPORARIO (A) PLANTÃO
;Rescisão - Abril;RUTE IRACEMA DE OLIVEIRA;SECRETARIO(A) UNIDADE ESCOLAR MUNICIPAL;;0,00;;SECRETARIA MUNICIPAL DE EDUCAÇÃO;FUNDO DE MANUT. E DEC.DA EDUC.BASICA-FUNDEB;SME- DEPTOR ADM FUNDEB 30 % VI - COMISSIONADOS;COMISSIONADOS;080.XXX.XXX-44;543;40;SECRETARIA MUNICIPAL DE EDUCAÇÃO;2;03/02/2025;01/04/2025;;252/2025;;;2 - Comissão;LIVRE PROVIMENTO ;;;Função de Confiança;;SECRETARIO(A) UNIDADE ESCOLAR MUNICIPAL
;Folha Mensal - Abril;SABRINA DA SILVA ARAUJO LEAL;TECNICO DE ENFERMAGEM;113,85;1.404,15;1.518,00;SECRETARIA MUNICIPAL DE SAUDE;SECRETARIA MUNICIPAL DE SAUDE;SMS-DEPTO.SEC.SAUDE-CONTRATADOS - FUS;COMISSIONADOS;067.XXX.XXX-14;451;40;;4;02/01/2025;;;;;;3 - Temporário;TEMPO DETERMINADO;;;Contrato Temporario;;TECNICO DE ENFERMAGEM
;Folha Complementar c/ Encargos - Abril;SABRINA DA SILVA ARAUJO LEAL;TECNICO DE ENFERMAGEM;157,18;-157,18;;SECRETARIA MUNICIPAL DE SAUDE;SECRETARIA MUNICIPAL DE SAUDE;SMS-DEPTO.SEC.SAUDE-CONTRATADOS - FUS;COMISSIONADOS;067.XXX.XXX-14;451;40;;4;02/01/2025;;;;;;3 - Temporário;TEMPO DETERMINADO;;;Contrato Temporario;;TECNICO DE ENFERMAGEM
;Folha Mensal - Abril;SAMMYA SUELLEN GOMES MACEDO;MONITOR(A);113,85;1.404,15;1.518,00;SECRETARIA MUNICIPAL DE EDUCAÇÃO;FUNDO DE MANUT. E DEC.DA EDUC.BASICA-FUNDEB;SME-DEPTO.CONTRATO-ENSINO FUNDEB 30%;CONTRATADOS  EDUCAÇÃO;066.XXX.XXX-50;508;40;;3;24/02/2025;;;;;;3 - Temporário;TEMPO DETERMINADO;;;Contrato Temporario;;MONITOR(A)
;Folha Mensal - Abril;SANDRA HERCILIA DE MACEDO DIAS;AUX. DE SERV. GERAIS;250,47;1.419,33;1.669,80;SECRETARIA MUNICIPAL DE EDUCAÇÃO;FUNDO DE MANUT. E DEC.DA EDUC.BASICA-FUNDEB;SME- DEPTO. ADM -FUNDEB 30% II;EFETIVOS;880.XXX.XXX-63;89;40;U.E.M. JOSE DE MOURA LEAL;1;02/03/1998;;;008/2022;;;1 - Efetivo;CONCURSO PUBLICO ;;;Efetivo;;AUX. DE SERV. GERAIS
;Folha Mensal - Abril;SÁVIO RODRIGUES DA SILVA;DIRETOR DE DEPARTAMENTO;195,82;2.232,98;2.428,80;SECRETARIA MUNICIPAL DE EDUCAÇÃO;FUNDO DE MANUT. E DEC.DA EDUC.BASICA-FUNDEB;SME- DEPTOR ADM FUNDEB 30 % VI - COMISSIONADOS;COMISSIONADOS;076.XXX.XXX-58;567;40;SECRETARIA MUNICIPAL DE EDUCAÇÃO;2;03/02/2025;;;;;;2 - Comissão;LIVRE PROVIMENTO ;;;Função de Confiança;;DIRETOR DE DEPARTAMENTO
;Folha Mensal - Abril;SEBASTIANA MARIA DA SILVA;COORDENADOR(A) PEDAGÓGICO;305,60;2.894,40;3.200,00;SECRETARIA MUNICIPAL DE EDUCAÇÃO;SECRETARIA MUNICIPAL DE EDUCAÇÃO;SME- DEPTOR. ENSINO FUNDEB 70% V - COMISSIONADOS;COMISSIONADOS;051.XXX.XXX-13;254;40;;7;01/03/2025;;;;;;2 - Comissão;TEMPO DETERMINADO;;;Função de Confiança;;COORDENADOR(A) PEDAGÓGICO
;Folha Mensal - Abril;SEBASTIÃO PEREIRA DA SILVA NETO;DIRETOR DE DEPARTAMENTO;195,82;2.232,98;2.428,80;PREFEITURA MUNICIPAL DE PADRE MARCOS-PI;SECRETARIA MUNICIPAL DE AGRICULTURA;SMA - SECRETARIA DE AGRICULTURA;COMISSIONADOS;042.XXX.XXX-86;236;40;;3;02/01/2025;;;;;;2 - Comissão;LIVRE PROVIMENTO ;;;Função de Confiança;;DIRETOR ADMINISTRATIVO
;Folha Mensal - Abril;SHAIDY FRANC CARVALHO BESERRA;ASSESSOR TÉCNICO (A) ADMINISTRATIVO;113,85;1.404,15;1.518,00;SECRETARIA MUNICIPAL DE EDUCAÇÃO;FUNDO DE MANUT. E DEC.DA EDUC.BASICA-FUNDEB;SME- DEPTOR ADM FUNDEB 30 % VI - COMISSIONADOS;COMISSIONADOS EDUCAÇÃO;079.XXX.XXX-70;364;40;;2;02/01/2025;;;;;;2 - Comissão;TEMPO DETERMINADO;;;Função de Confiança;;ASSESSOR TÉCNICO (A) ADMINISTRATIVO
;Folha Mensal - Abril;SIBELLY DE MOURA SOUSA;AUX. DE SERV. GERAIS;273,24;1.613,36;1.886,60;SECRETARIA MUNICIPAL DE EDUCAÇÃO;FUNDO DE MANUT. E DEC.DA EDUC.BASICA-FUNDEB;SME- DEPTO. ADM -FUNDEB 30% II;EFETIVOS;009.XXX.XXX-46;99;40;CRECHE PRÉ-ESCOLAR MARGARIDA DE JESUS ALENCAR ( TIA GUIDA);1;02/03/2015;;;;;;1 - Efetivo;CONCURSO PUBLICO ;;;Efetivo;;AUX. DE SERV. GERAIS
;Folha Mensal - Abril;SOENIO JOSE RIBEIRO;COORDENADOR DE SERVIÇOS;113,85;1.404,15;1.518,00;PREFEITURA MUNICIPAL DE PADRE MARCOS-PI;SECRETARIA MUNICIPAL  DE ADMINISTRAÇÃO;ADM.SEC.MUNICIPAL DE JUVENTUDE ESPORTE E LAZER;COMISSIONADOS;440.XXX.XXX-91;281;40;;3;02/01/2025;;02/2018;;;;2 - Comissão;TEMPO DETERMINADO;;;Função de Confiança;;COORDENADOR DE SERVIÇOS
;Folha Mensal - Abril;SORAYA SOLANGE RIBEIRO;TECNICO DE ENFERMAGEM;141,17;1.680,43;1.821,60;SECRETARIA MUNICIPAL DE SAUDE;SECRETARIA MUNICIPAL DE SAUDE;SMS-DEPTO.SEC.SAUDE-CONTRATADOS - FUS;CONTRATO TEMPORÁRIO;048.XXX.XXX-48;376;40;;4;02/01/2025;;;;;;3 - Temporário;TEMPO DETERMINADO;;;Contrato Temporario;;TECNICO DE ENFERMAGEM
;Folha Complementar c/ Encargos - Abril;SORAYA SOLANGE RIBEIRO;TECNICO DE ENFERMAGEM;189,06;-189,06;;SECRETARIA MUNICIPAL DE SAUDE;SECRETARIA MUNICIPAL DE SAUDE;SMS-DEPTO.SEC.SAUDE-CONTRATADOS - FUS;CONTRATO TEMPORÁRIO;048.XXX.XXX-48;376;40;;4;02/01/2025;;;;;;3 - Temporário;TEMPO DETERMINADO;;;Contrato Temporario;;TECNICO DE ENFERMAGEM
;Folha Mensal - Abril;SUELI SOCORRO DIAS DA SILVA;AUXILIAR DE SAÚDE BUCAL;113,85;1.704,15;1.818,00;SECRETARIA MUNICIPAL DE SAUDE;SECRETARIA MUNICIPAL DE SAUDE;SEC. MUN. SAÚDE- DEPTO. DE SAUDE II-CONTRATADOS - PAB;CONTRATO TEMPORÁRIO;065.XXX.XXX-50;510;40;;2;02/01/2025;;;;;;3 - Temporário;TEMPO DETERMINADO;;;Contrato Temporario;;AUXILIAR DE SAÚDE BUCAL
;Folha Mensal - Abril;SUELY SILVA;AG. COMUNITARIO DE SAÚDE;667,79;3.730,81;4.398,60;SECRETARIA MUNICIPAL DE SAUDE;SECRETARIA MUNICIPAL DE SAUDE;SMS - SEC.DE SAUDE - ACS I - PAB;EFETIVOS;000.XXX.XXX-54;54;40;;1;18/03/2003;;;;;;1 - Efetivo;CONCURSO PUBLICO ;;;Efetivo;;AG. COMUNITARIO DE SAÚDE
;Folha Mensal - Abril;TAISE NOGUEIRA ROLIM;DIRETOR DE DEPARTAMENTO;130,24;1.569,92;1.700,16;SECRETARIA MUNICIPAL DE SAUDE;SECRETARIA MUNICIPAL DE SAUDE;SMS-DEPTO.SEC.SAUDE-CONTRATADOS - FUS;COMISSIONADOS;097.XXX.XXX-67;522;40;;2;02/01/2025;;;;;;2 - Comissão;LIVRE PROVIMENTO ;;;Função de Confiança;;DIRETOR DE DEPARTAMENTO
;Folha Mensal - Abril;TALITA LUANA PEREIRA DA SILVA;TECNICO DE ENFERMAGEM;141,17;1.680,43;1.821,60;SECRETARIA MUNICIPAL DE SAUDE;SECRETARIA MUNICIPAL DE SAUDE;SMS-DEPTO.SEC.SAUDE-CONTRATADOS - FUS;CONTRATO TEMPORÁRIO;612.XXX.XXX-86;315;40;;5;02/01/2025;;;;;;3 - Temporário;TEMPO DETERMINADO;;;Contrato Temporario;;TECNICO DE ENFERMAGEM
;Folha Complementar c/ Encargos - Abril;TALITA LUANA PEREIRA DA SILVA;TECNICO DE ENFERMAGEM;189,06;-189,06;;SECRETARIA MUNICIPAL DE SAUDE;SECRETARIA MUNICIPAL DE SAUDE;SMS-DEPTO.SEC.SAUDE-CONTRATADOS - FUS;CONTRATO TEMPORÁRIO;612.XXX.XXX-86;315;40;;5;02/01/2025;;;;;;3 - Temporário;TEMPO DETERMINADO;;;Contrato Temporario;;TECNICO DE ENFERMAGEM
;Folha Mensal - Abril;TAMIRES EURIDES DA CONCEIÇAO SILVA;DIRETOR DE DEPARTAMENTO;182,16;2.094,84;2.277,00;SECRETARIA MUNICIPAL DE EDUCAÇÃO;FUNDO DE MANUT. E DEC.DA EDUC.BASICA-FUNDEB;SME- DEPTOR ADM FUNDEB 30 % VI - COMISSIONADOS;COMISSIONADOS EDUCAÇÃO;433.XXX.XXX-93;555;40;SECRETARIA MUNICIPAL DE EDUCAÇÃO;2;03/02/2025;;;;;;2 - Comissão;LIVRE PROVIMENTO ;;;Função de Confiança;;DIRETOR DE DEPARTAMENTO
;Folha Mensal - Abril;TATHIANA FRANCISCA DA CONCEIÇÃO  MACEDO;MONITOR(A);113,85;1.404,15;1.518,00;SECRETARIA MUNICIPAL DE EDUCAÇÃO;FUNDO DE MANUT. E DEC.DA EDUC.BASICA-FUNDEB;SME-DEPTO.CONTRATO-ENSINO FUNDEB 30%;CONTRATO TEMPORÁRIO;062.XXX.XXX-24;410;40;;4;24/02/2025;;01/2023;;;;3 - Temporário;TEMPO DETERMINADO;;;Contrato Temporario;;MONITOR(A)
;Folha Mensal - Abril;TERESA MARIA DE SOUSA MACEDO;AG. COMUNITARIO DE SAÚDE;540,64;3.554,36;4.095,00;SECRETARIA MUNICIPAL DE SAUDE;SECRETARIA MUNICIPAL DE SAUDE;SMS - SEC.DE SAUDE - ACS I - PAB;EFETIVOS;011.XXX.XXX-99;55;40;;1;01/04/2008;;;;;;1 - Efetivo;CONCURSO PUBLICO ;;;Efetivo;;AG. COMUNITARIO DE SAÚDE
;Folha Mensal - Abril;THALES MANOEL DA SILVA;FARMACÊUTICA ( O );202,23;2.297,77;2.500,00;SECRETARIA MUNICIPAL DE SAUDE;SECRETARIA MUNICIPAL DE SAUDE;SEC. MUN. SAÚDE- DEPTO. DE SAUDE II-CONTRATADOS - PAB;COMISSIONADOS;025.XXX.XXX-42;561;40;SECRETARIA MUNICIPAL DE SAÚDE;2;01/02/2025;;;;;;3 - Temporário;TEMPO DETERMINADO;;;Função de Confiança;;FARMACÊUTICA ( O )
;Folha Mensal - Abril;THATIANA ARAUJO SOUSA LEAL;ASSESSOR ESPECIAL;130,24;1.569,92;1.700,16;PREFEITURA MUNICIPAL DE PADRE MARCOS-PI;SECRETARIA MUNICIPAL  DE ADMINISTRAÇÃO;SECRETARIA DE EMPREENDEDORISMO;COMISSIONADOS;868.XXX.XXX-34;278;40;;2;02/01/2025;;;;;;2 - Comissão;LIVRE PROVIMENTO ;;;Função de Confiança;;ASSESSOR ESPECIAL
;Folha Mensal - Abril;THAYNA MÁROLLE DA CONCEIÇÃO SILVA;AUX. DE OUVIDORIA MUNICIPAL;211,59;2.392,41;2.604,00;PREFEITURA MUNICIPAL DE PADRE MARCOS-PI;GABINETE DO PREFEITO;GABINETE DO PREFEITO;COMISSIONADOS;037.XXX.XXX-28;235;40;PREDIO DA PREFEITURA;5;02/01/2025;;;;;;2 - Comissão;LIVRE PROVIMENTO ;;;Função de Confiança;;AUX. DE OUVIDORIA MUNICIPAL
;Folha Mensal - Abril;THERLLY KELLY DA CONCEIÇÃO MACEDO;ASSESSOR TÉCNICO (A) ADMINISTRATIVO;113,85;1.404,15;1.518,00;SECRETARIA MUNICIPAL DE EDUCAÇÃO;FUNDO DE MANUT. E DEC.DA EDUC.BASICA-FUNDEB;SME- DEPTOR ADM FUNDEB 30 % VI - COMISSIONADOS;COMISSIONADOS EDUCAÇÃO;625.XXX.XXX-10;461;40;;3;01/04/2025;;;;;;2 - Comissão;TEMPO DETERMINADO;;;Função de Confiança;;ASSESSOR TÉCNICO (A) ADMINISTRATIVO
;Folha Mensal - Abril;THIAGO JOAQUIM DE CARVALHO;DIRETOR DE DEPARTAMENTO;113,85;1.404,15;1.518,00;SECRETARIA MUNICIPAL DE EDUCAÇÃO;;SME- DEPTOR ADM FUNDEB 30 % VI - COMISSIONADOS;COMISSIONADOS;612.XXX.XXX-39;766;40;SECRETARIA MUNICIPAL DE EDUCAÇÃO;1;01/03/2025;;;;;;2 - Comissão;LIVRE PROVIMENTO ;;;;;DIRETOR DE DEPARTAMENTO
;Folha Mensal - Abril;THUANNY MIKAELLA CONCEIÇÃO SILVA;PSICOLOGO;1.802,22;5.364,37;7.166,59;SECRETARIA MUNICIPAL DE SAUDE;SECRETARIA MUNICIPAL DE SAUDE;SMS-DEPTOR.SEC. DE SAUDE II - FUS;EFETIVOS;037.XXX.XXX-40;41;40;PREDIO DA PREFEITURA;1;02/02/2015;;;;;;1 - Efetivo;CONCURSO PUBLICO ;;;;;PSICOLOGO
;Folha Mensal - Abril;TIAGO RAFAEL DE SOUSA;INSPETOR ESCOLAR;195,82;2.232,98;2.428,80;SECRETARIA MUNICIPAL DE EDUCAÇÃO;FUNDO DE MANUT. E DEC.DA EDUC.BASICA-FUNDEB;SME- DEPTOR ADM FUNDEB 30 % VI - COMISSIONADOS;COMISSIONADOS;070.XXX.XXX-64;566;40;SECRETARIA MUNICIPAL DE EDUCAÇÃO;2;01/03/2025;;;;;;2 - Comissão;TEMPO DETERMINADO;;;Função de Confiança;;INSPETOR ESCOLAR
;Folha Mensal - Abril;VALDANIA DA SILVA SANTOS GOMES;AUX. DE SERVIÇOS GERAIS;113,85;1.404,15;1.518,00;SECRETARIA MUNICIPAL DE EDUCAÇÃO;FUNDO DE MANUT. E DEC.DA EDUC.BASICA-FUNDEB;SME-DEPTO.CONTRATO-ENSINO FUNDEB 30%;CONTRATADOS  EDUCAÇÃO;091.XXX.XXX-46;784;40;SECRETARIA MUNICIPAL DE EDUCAÇÃO;1;01/04/2025;;;;;;3 - Temporário;TEMPO DETERMINADO;;;Contrato Temporario;;AUX. DE SERVIÇOS GERAIS
;Folha Mensal - Abril;VALDINETE DE ARAÚJO SILVA;PROFESSORA DE EJA - CELETISTA;503,53;3.482,71;3.986,24;SECRETARIA MUNICIPAL DE EDUCAÇÃO;SECRETARIA MUNICIPAL DE EDUCAÇÃO;SME- DEPTO  ENSINO INFANTIL FUNDEB 70% - SELETISTAS;CONTRATADOS  EDUCAÇÃO;953.XXX.XXX-49;405;40;;4;24/02/2025;;;;;;3 - Temporário;TEMPO DETERMINADO;;;Contrato Temporario;;PROFESSOR SL 40H - CELETISTA
;Folha Mensal - Abril;VALQUIRIA DA CONCEIÇÃO SILVA;PROFESSOR SL 40H - CELETISTA;503,53;3.482,71;3.986,24;SECRETARIA MUNICIPAL DE EDUCAÇÃO;SECRETARIA MUNICIPAL DE EDUCAÇÃO;SME - DEPTOR. ENSINO FUNDEB 70% IV - CELETISTAS;CONTRATADOS  EDUCAÇÃO;891.XXX.XXX-15;329;40;;5;24/02/2025;;;;;;3 - Temporário;TEMPO DETERMINADO;;;Contrato Temporario;;PROFESSOR SL 40H - CELETISTA
;Folha Mensal - Abril;VANESSA DE MACEDO MARQUES;DIRETOR DE DEPARTAMENTO;138,44;1.652,80;1.791,24;SECRETARIA MUNICIPAL DE ASSISTENCIA SOCIAL;FUNDO MUNICIPAL DE ASSISTENCIA SOCIAL-FMAS;CENTRO DE REFERENCIA. ASSISTENCIA SOCIAL-CRAS-PSB;CONTRATO TEMPORÁRIO;038.XXX.XXX-94;296;40;;5;02/01/2025;;;;;;2 - Comissão;LIVRE PROVIMENTO ;;;Contrato Temporario;;ASSESSOR TÉCNICO
;Folha Mensal - Abril;VANESSA KELLY MACEDO;PROFESSOR SL 40H - CELETISTA;503,53;3.482,71;3.986,24;SECRETARIA MUNICIPAL DE EDUCAÇÃO;SECRETARIA MUNICIPAL DE EDUCAÇÃO;SME - DEPTOR. ENSINO FUNDEB 70% IV - CELETISTAS;CONTRATADOS  EDUCAÇÃO;062.XXX.XXX-84;328;40;;5;24/02/2025;;;;;;3 - Temporário;TEMPO DETERMINADO;;;Contrato Temporario;;PROFESSOR SL 40H - CELETISTA
;Folha Mensal - Abril;VANESSA THYARA DOS ANJOS BEZERRA;PROFESSOR SE 20H;666,70;3.210,52;3.877,22;SECRETARIA MUNICIPAL DE EDUCAÇÃO;SECRETARIA MUNICIPAL DE EDUCAÇÃO;SME- DEPTOR ENSINO FUNDEB 70% I;EFETIVO - PROFESSORES;015.XXX.XXX-80;156;40;UNIDADE ESCOLAR MUNICIPAL CÂNDIDA MACEDO;1;02/03/2015;;;;;;1 - Efetivo;CONCURSO PUBLICO ;;;Efetivo;;PROFESSOR SE 20H
;Adiantamento 13º Salário - Abril;VANESSA THYARA DOS ANJOS BEZERRA;PROFESSOR SE 20H;;1.723,72;1.723,72;SECRETARIA MUNICIPAL DE EDUCAÇÃO;SECRETARIA MUNICIPAL DE EDUCAÇÃO;SME- DEPTOR ENSINO FUNDEB 70% I;EFETIVO - PROFESSORES;015.XXX.XXX-80;156;40;UNIDADE ESCOLAR MUNICIPAL CÂNDIDA MACEDO;1;02/03/2015;;;;;;1 - Efetivo;CONCURSO PUBLICO ;;;Efetivo;;PROFESSOR SE 20H
;Folha Mensal - Abril;VIRLANDIA MARIA DE SOUSA;AG. COMUNITARIO DE SAÚDE;711,81;3.838,59;4.550,40;SECRETARIA MUNICIPAL DE SAUDE;SECRETARIA MUNICIPAL DE SAUDE;SMS - SEC.DE SAUDE - ACS I - PAB;EFETIVOS;217.XXX.XXX-87;57;40;;1;18/03/2003;;;;;;1 - Efetivo;CONCURSO PUBLICO ;;;Efetivo;;AG. COMUNITARIO DE SAÚDE
;Folha Mensal - Abril;VITOR JEAN DE MACEDO DIAS;ASSESSOR TÉCNICO (A) ADMINISTRATIVO;168,49;1.956,71;2.125,20;SECRETARIA MUNICIPAL DE EDUCAÇÃO;FUNDO DE MANUT. E DEC.DA EDUC.BASICA-FUNDEB;SME- DEPTOR ADM FUNDEB 30 % VI - COMISSIONADOS;COMISSIONADOS;081.XXX.XXX-01;563;40;SECRETARIA MUNICIPAL DE EDUCAÇÃO;2;02/01/2025;;;12/2025;;;2 - Comissão;TEMPO DETERMINADO;;;Função de Confiança;;ASSESSOR TÉCNICO (A) ADMINISTRATIVO
;Folha Mensal - Abril;VITORIA DA SILVA CARVALHO SANTOS;ASSESSOR TÉCNICO (A) ADMINISTRATIVO;182,16;2.094,84;2.277,00;SECRETARIA MUNICIPAL DE EDUCAÇÃO;FUNDO DE MANUT. E DEC.DA EDUC.BASICA-FUNDEB;SME- DEPTOR ADM FUNDEB 30 % VI - COMISSIONADOS;COMISSIONADOS EDUCAÇÃO;080.XXX.XXX-03;502;40;;2;01/03/2025;;;;;;2 - Comissão;TEMPO DETERMINADO;;;Função de Confiança;;ASSESSOR TÉCNICO (A) ADMINISTRATIVO
;Rescisão - Abril;VITÓRIA DE CARVALHO SILVA;AUXILIAR DE SAÚDE BUCAL;;0,00;;SECRETARIA MUNICIPAL DE SAUDE;SECRETARIA MUNICIPAL DE SAUDE;SEC. MUN. SAÚDE- DEPTO. DE SAUDE II-CONTRATADOS - PAB;CONTRATO TEMPORÁRIO;080.XXX.XXX-67;441;40;;4;02/01/2025;01/04/2025;;241/2025;;;3 - Temporário;TEMPO DETERMINADO;;;Contrato Temporario;;AUXILIAR DE SAÚDE BUCAL
;Folha Mensal - Abril;VITÓRIA DE CARVALHO SILVA;ASSESSOR ESPECIAL;142,31;1.691,94;1.834,25;SECRETARIA MUNICIPAL DE SAUDE;SECRETARIA MUNICIPAL DE SAUDE;SEC. MUN. SAÚDE- DEPTO. DE SAUDE II-CONTRATADOS - PAB;CONTRATO TEMPORÁRIO;080.XXX.XXX-67;441;40;;5;02/04/2025;;;;;;2 - Comissão;LIVRE PROVIMENTO ;;;Contrato Temporario;;ASSESSOR ESPECIAL
;Folha Mensal - Abril;WALKIRO KELL PEREIRA CHAVES;ASSESSOR TÉCNICO (A) ADMINISTRATIVO;113,85;1.404,15;1.518,00;SECRETARIA MUNICIPAL DE EDUCAÇÃO;FUNDO DE MANUT. E DEC.DA EDUC.BASICA-FUNDEB;SME- DEPTOR ADM FUNDEB 30 % VI - COMISSIONADOS;COMISSIONADOS;091.XXX.XXX-00;778;40;;1;01/04/2025;;;;;;2 - Comissão;TEMPO DETERMINADO;;;Função de Confiança;;ASSESSOR TÉCNICO (A) ADMINISTRATIVO
;Folha Mensal - Abril;WANESSA DA SILVA LIMA SÁ;DIRETOR DE DEPARTAMENTO;148,00;1.749,50;1.897,50;SECRETARIA MUNICIPAL DE SAUDE;SECRETARIA MUNICIPAL DE SAUDE;SMS-DEPTO.SEC.SAUDE-CONTRATADOS - FUS;COMISSIONADOS;035.XXX.XXX-20;601;40;SECRETARIA MUNICIPAL DE SAÚDE;1;02/01/2025;;;;;;2 - Comissão;LIVRE PROVIMENTO ;;;Função de Confiança;;DIRETOR DE DEPARTAMENTO
;Folha Mensal - Abril;WESLEY FRANCISCO DE CARVALHO;ENFERMEIRO (A)  CONTRATADO (A);195,82;3.232,98;3.428,80;SECRETARIA MUNICIPAL DE SAUDE;SECRETARIA MUNICIPAL DE SAUDE;SEC. MUN. SAÚDE- DEPTO. DE SAUDE II-CONTRATADOS - PAB;CONTRATO TEMPORÁRIO;612.XXX.XXX-50;462;40;;3;02/01/2025;;;12/2025;;;3 - Temporário;TEMPO DETERMINADO;08/2020;;Contrato Temporario;;ENFERMEIRO (A)  CONTRATADO (A)
;Folha Complementar c/ Encargos - Abril;WESLEY FRANCISCO DE CARVALHO;ENFERMEIRO (A)  CONTRATADO (A);732,49;-732,49;;SECRETARIA MUNICIPAL DE SAUDE;SECRETARIA MUNICIPAL DE SAUDE;SEC. MUN. SAÚDE- DEPTO. DE SAUDE II-CONTRATADOS - PAB;CONTRATO TEMPORÁRIO;612.XXX.XXX-50;462;40;;3;02/01/2025;;;12/2025;;;3 - Temporário;TEMPO DETERMINADO;08/2020;;Contrato Temporario;;ENFERMEIRO (A)  CONTRATADO (A)
;Folha Mensal - Abril;WESLEY SOUSA MARQUES;ASSESSOR TÉCNICO (A) ADMINISTRATIVO;113,85;1.404,15;1.518,00;SECRETARIA MUNICIPAL DE EDUCAÇÃO;FUNDO DE MANUT. E DEC.DA EDUC.BASICA-FUNDEB;SME- DEPTOR ADM FUNDEB 30 % VI - COMISSIONADOS;COMISSIONADOS EDUCAÇÃO;053.XXX.XXX-99;435;40;;4;01/03/2025;;;;;;2 - Comissão;TEMPO DETERMINADO;;;Função de Confiança;;ASSESSOR TÉCNICO (A) ADMINISTRATIVO
;Folha Mensal - Abril;WILDEMAR MOURA MACEDO;ASSESSOR TÉCNICO (A) ADMINISTRATIVO;113,85;1.404,15;1.518,00;SECRETARIA MUNICIPAL DE EDUCAÇÃO;FUNDO DE MANUT. E DEC.DA EDUC.BASICA-FUNDEB;SME- DEPTOR ADM FUNDEB 30 % VI - COMISSIONADOS;COMISSIONADOS EDUCAÇÃO;056.XXX.XXX-32;464;40;;2;02/01/2025;;;;;;2 - Comissão;TEMPO DETERMINADO;;;Função de Confiança;;ASSESSOR TÉCNICO (A) ADMINISTRATIVO
;Folha Mensal - Abril;WILIANE KELLY DA SILVA;PREFEITO;3.506,42;9.993,58;13.500,00;PREFEITURA MUNICIPAL DE PADRE MARCOS-PI;GABINETE DO PREFEITO;GABINETE DO PREFEITO;CONTRATO TEMPORÁRIO;367.XXX.XXX-35;303;40;PREDIO DA PREFEITURA;4;01/01/2025;;;;;;9 - Outros;ELEICAO/INDICACAO;;;Contrato Temporario;;PREFEITO
;Folha Mensal - Abril;WILLIAMS MACEDO;PROFESSOR SE 40H;2.036,00;5.644,23;7.680,23;SECRETARIA MUNICIPAL DE EDUCAÇÃO;SECRETARIA MUNICIPAL DE EDUCAÇÃO;SME- DEPTOR ENSINO FUNDEB 70% I;EFETIVO - PROFESSORES;504.XXX.XXX-68;157;40;UNIDADE ESCOLAR MUNICIPAL DAVI SEVERIANO DE CARVALHO;1;02/03/2015;;;;;;1 - Efetivo;CONCURSO PUBLICO ;;;Efetivo;;PROFESSOR SL 40H
;Folha Mensal - Abril;WOLNEY BARROS LEAL;PROFESSOR SE 40H;1.646,37;5.106,29;6.752,66;SECRETARIA MUNICIPAL DE EDUCAÇÃO;SECRETARIA MUNICIPAL DE EDUCAÇÃO;SME-DEPTOR. ENSINO FUNDEB 70%  VI EJA;EFETIVO - PROFESSORES;899.XXX.XXX-72;158;40;UNIDADE ESCOLAR MUNICIPAL CÂNDIDA MACEDO;1;02/03/2015;;;;;;1 - Efetivo;CONCURSO PUBLICO ;;;Efetivo;;PROFESSOR SL 40H
;Adiantamento 13º Salário - Abril;WOLNEY BARROS LEAL;PROFESSOR SE 40H;;3.234,11;3.234,11;SECRETARIA MUNICIPAL DE EDUCAÇÃO;SECRETARIA MUNICIPAL DE EDUCAÇÃO;SME-DEPTOR. ENSINO FUNDEB 70%  VI EJA;EFETIVO - PROFESSORES;899.XXX.XXX-72;158;40;UNIDADE ESCOLAR MUNICIPAL CÂNDIDA MACEDO;1;02/03/2015;;;;;;1 - Efetivo;CONCURSO PUBLICO ;;;Efetivo;;PROFESSOR SL 40H
;Folha Mensal - Abril;YAGO JANDER MACEDO SOUSA;ASSESSOR TÉCNICO (A) ADMINISTRATIVO;156,20;1.832,38;1.988,58;SECRETARIA MUNICIPAL DE EDUCAÇÃO;FUNDO DE MANUT. E DEC.DA EDUC.BASICA-FUNDEB;SME- DEPTOR ADM FUNDEB 30 % VI - COMISSIONADOS;COMISSIONADOS EDUCAÇÃO;064.XXX.XXX-92;466;40;;2;02/01/2025;;;;;;2 - Comissão;TEMPO DETERMINADO;;;Função de Confiança;;ASSESSOR TÉCNICO (A) ADMINISTRATIVO
;Folha Mensal - Abril;YEDDA DAFNY CARVALHO MACEDO;ODONTOLOGO;497,79;4.167,21;4.665,00;SECRETARIA MUNICIPAL DE SAUDE;SECRETARIA MUNICIPAL DE SAUDE;SEC. MUN. SAÚDE- DEPTO. DE SAUDE II-CONTRATADOS - PAB;CONTRATO TEMPORÁRIO;057.XXX.XXX-80;320;40;;5;02/01/2025;;;;;;3 - Temporário;TEMPO DETERMINADO;;;Contrato Temporario;;ODONTOLOGO
;Folha Mensal - Abril;YURE JARDEL MACEDO SOUSA;PROFESSOR SL 40H - CELETISTA;503,53;3.482,71;3.986,24;SECRETARIA MUNICIPAL DE EDUCAÇÃO;SECRETARIA MUNICIPAL DE EDUCAÇÃO;SME - DEPTOR. ENSINO FUNDEB 70% IV - CELETISTAS;CONTRATO TEMPORÁRIO;037.XXX.XXX-66;524;40;SECRETARIA MUNICIPAL DE EDUCAÇÃO;3;24/02/2025;;;;;;3 - Temporário;TEMPO DETERMINADO;;;Contrato Temporario;;PROFESSOR SL 40H - CELETISTA
;;;;287.414,64;1.353.191,44;1.640.606,08;;;;;;;;;;;;;;;;;;;;;;
