Detalhe;Referência;Nome;Cargo;Descontos;Líquido;Proventos;Divisão;Subdivisão;Unidade;Vínculo;CPF;Matrícula;Carga Horária (Sem.);Local de Trabalho;Contrato;Data Admissão;Data Desligamento;Ato Admissão;Ato Demissão;Data Adm. Comissão;Ato Adm. Comissão;Natureza Cargo;Forma de Provimento Cargo;Ato Criação Cargo;Categoria Funcional;Tipo de Contrato;Data Prevista Termino Contrato;Cargo Inicial
;Folha Mensal - Janeiro; PHELYPE ALCANTARA BARBOSA LIMA;SECRETARIO DE DESENV. DE EMPREENDEDORISMO;180,23;2.075,37;2.255,60;PREFEITURA MUNICIPAL DE PADRE MARCOS-PI;SECRETARIA MUNICIPAL  DE ADMINISTRAÇÃO;SECRETARIA DE EMPREENDEDORISMO;COMISSIONADOS;541.XXX.XXX-71;598;40;PREDIO DA PREFEITURA;1;01/01/2025;;;02/2026;;;2 - Comissão;LIVRE PROVIMENTO ;;;Função de Confiança;;SECRETARIO DE DESENV. DE EMPREENDEDORISMO
;Rescisão - Janeiro;ABDIAS DE CARVALHO FILHO;ASSESSOR TÉCNICO (A) ADMINISTRATIVO;;0,00;;SECRETARIA MUNICIPAL DE EDUCAÇÃO;FUNDO DE MANUT. E DEC.DA EDUC.BASICA-FUNDEB;SME- DEPTOR ADM FUNDEB 30 % VI - COMISSIONADOS;COMISSIONADOS;080.XXX.XXX-16;564;40;SECRETARIA MUNICIPAL DE EDUCAÇÃO;1;01/04/2024;01/01/2025;;01/2025;;;2 - Comissão;TEMPO DETERMINADO;;;;;ASSESSOR TÉCNICO (A) ADMINISTRATIVO
;Folha Mensal - Janeiro;ABDIAS DE CARVALHO FILHO;ASSESSOR TÉCNICO (A) ADMINISTRATIVO;110,05;1.357,35;1.467,40;SECRETARIA MUNICIPAL DE EDUCAÇÃO;FUNDO DE MANUT. E DEC.DA EDUC.BASICA-FUNDEB;SME- DEPTOR ADM FUNDEB 30 % VI - COMISSIONADOS;COMISSIONADOS;080.XXX.XXX-16;564;40;SECRETARIA MUNICIPAL DE EDUCAÇÃO;2;02/01/2025;;;;;;2 - Comissão;TEMPO DETERMINADO;;;Função de Confiança;;ASSESSOR TÉCNICO (A) ADMINISTRATIVO
;Rescisão - Janeiro;ABDIAS PEREIRA ULTIMO;DIRETOR DE DEPARTAMENTO;;0,00;;SECRETARIA MUNICIPAL DE SAUDE;FUNDO MUNICIPAL DE SAUDE-FMS;SMS-DEPTO.SEC.SAUDE-CONTRATADOS - FUS;COMISSIONADOS;578.XXX.XXX-68;579;40;SECRETARIA MUNICIPAL DE SAÚDE;1;01/07/2024;01/01/2025;;01/2025;;;2 - Comissão;LIVRE PROVIMENTO ;;;Função de Confiança;;DIRETOR DE DEPARTAMENTO
;Rescisão - Janeiro;ACILIANA JOSEFA DE OLIVEIRA;PROFESSORA DE EJA - CELETISTA;;0,00;;SECRETARIA MUNICIPAL DE EDUCAÇÃO;SECRETARIA MUNICIPAL DE EDUCAÇÃO;SME - DEPTOR. ENSINO FUNDEB 70% IV - CELETISTAS;CONTRATADOS  EDUCAÇÃO;042.XXX.XXX-96;399;40;;3;01/02/2024;01/01/2025;;01/2025;;;3 - Temporário;TEMPO DETERMINADO;;;Contrato Temporario;;PROFESSORA DE EJA - CELETISTA
;Rescisão - Janeiro;ADAILTON JOSÉ DE MACEDO;ASSESSOR TÉCNICO (A) ADMINISTRATIVO;;0,00;;PREFEITURA MUNICIPAL DE PADRE MARCOS-PI;SECRETARIA MUNICIPAL  DE ADMINISTRAÇÃO;SEAD -  DEPTO. ADMINISTRAÇÃO V- COMISSIONADOS;COMISSIONADOS;014.XXX.XXX-13;357;40;;1;02/01/2020;01/01/2025;01/2020;01/2025;;;2 - Comissão;TEMPO DETERMINADO;;;Função de Confiança;;ASSESSOR TÉCNICO (A) ADMINISTRATIVO
;Folha Mensal - Janeiro;ADAILTON JOSÉ DE MACEDO;ASSESSOR TÉCNICO (A) ADMINISTRATIVO;156,83;1.838,83;1.995,66;PREFEITURA MUNICIPAL DE PADRE MARCOS-PI;SECRETARIA MUNICIPAL  DE ADMINISTRAÇÃO;SEAD -  DEPTO. ADMINISTRAÇÃO V- COMISSIONADOS;COMISSIONADOS;014.XXX.XXX-13;357;40;;2;02/01/2025;;01/2020;04/2025;;;2 - Comissão;TEMPO DETERMINADO;;;Função de Confiança;;ASSESSOR TÉCNICO (A) ADMINISTRATIVO
;Folha Mensal - Janeiro;ADÃO JOSE DA SILVA;VICE PREFEITO;1.507,32;5.242,68;6.750,00;PREFEITURA MUNICIPAL DE PADRE MARCOS-PI;GABINETE DO PREFEITO;GABINETE DO PREFEITO;ELETIVOS;769.XXX.XXX-49;599;40;PREDIO DA PREFEITURA;1;01/01/2025;;;;;;9 - Outros;ELEICAO/INDICACAO;;;;;VICE PREFEITO
;Rescisão - Janeiro;ADEILSON ABDIAS DE CARVALHO;ASSESSOR TÉCNICO (A) ADMINISTRATIVO;;0,00;;SECRETARIA MUNICIPAL DE EDUCAÇÃO;FUNDO DE MANUT. E DEC.DA EDUC.BASICA-FUNDEB;SME- DEPTOR ADM FUNDEB 30 % VI - COMISSIONADOS;COMISSIONADOS EDUCAÇÃO;053.XXX.XXX-44;388;40;;2;01/02/2022;01/01/2025;;01/2025;;;2 - Comissão;TEMPO DETERMINADO;;;Função de Confiança;;ASSESSOR TÉCNICO (A) ADMINISTRATIVO
;Folha Mensal - Janeiro;ADEILSON ABDIAS DE CARVALHO;ASSESSOR TÉCNICO (A) ADMINISTRATIVO;175,32;2.025,78;2.201,10;SECRETARIA MUNICIPAL DE EDUCAÇÃO;FUNDO DE MANUT. E DEC.DA EDUC.BASICA-FUNDEB;SME- DEPTOR ADM FUNDEB 30 % VI - COMISSIONADOS;COMISSIONADOS EDUCAÇÃO;053.XXX.XXX-44;388;40;;3;02/01/2025;;;;;;2 - Comissão;TEMPO DETERMINADO;;;Função de Confiança;;ASSESSOR TÉCNICO (A) ADMINISTRATIVO
;Folha Mensal - Janeiro;ADELINA JULIANA LEAL;COZINHEIRO (A);264,89;1.784,41;2.049,30;HOSPITAL MUNICIPAL DE PADRE MARCOS;SECRETARIA MUNICIPAL DE SAUDE;HOSPITAL - DEPTO. ADMINISTRATIVO I;EFETIVOS;037.XXX.XXX-23;14;40;HOSPITAL MUNICIPAL DE PADRE MARCOS;1;19/01/2015;;;007/2020;;;1 - Efetivo;CONCURSO PUBLICO ;;;Efetivo;;COZINHEIRO (A)
;Rescisão - Janeiro;ADENILDA ALDEILDE BENTO;ASSESSOR ESPECIAL;;0,00;;SECRETARIA MUNICIPAL DE SAUDE;SECRETARIA MUNICIPAL DE SAUDE;SMS-DEPTO.SEC.SAUDE-CONTRATADOS - FUS;COMISSIONADOS;842.XXX.XXX-20;422;40;;1;01/04/2021;01/01/2025;;01/2025;;;2 - Comissão;LIVRE PROVIMENTO ;;;Função de Confiança;;ASSESSOR ESPECIAL
;Folha Mensal - Janeiro;ADENILDA ALDEILDE BENTO;ASSESSOR ESPECIAL;144,95;1.718,65;1.863,60;SECRETARIA MUNICIPAL DE SAUDE;SECRETARIA MUNICIPAL DE SAUDE;SMS-DEPTO.SEC.SAUDE-CONTRATADOS - FUS;COMISSIONADOS;842.XXX.XXX-20;422;40;;2;02/01/2025;;;;;;2 - Comissão;LIVRE PROVIMENTO ;;;Função de Confiança;;ASSESSOR ESPECIAL
;Rescisão - Janeiro;ADENILDA NAILDES DA SILVA;ASSESSOR TÉCNICO (A) ADMINISTRATIVO;;0,00;;SECRETARIA MUNICIPAL DE SAUDE;SECRETARIA MUNICIPAL DE SAUDE;SMS-DEPTO.SEC.SAUDE-CONTRATADOS - FUS;COMISSIONADOS;295.XXX.XXX-77;552;40;SECRETARIA MUNICIPAL DE SAÚDE;1;01/03/2024;01/01/2025;;01/2025;;;2 - Comissão;TEMPO DETERMINADO;;;Função de Confiança;;ASSESSOR TÉCNICO (A) ADMINISTRATIVO
;Folha Mensal - Janeiro;ADENILDA NAILDES DA SILVA;ASSESSOR TÉCNICO (A) ADMINISTRATIVO;110,05;1.357,35;1.467,40;SECRETARIA MUNICIPAL DE SAUDE;SECRETARIA MUNICIPAL DE SAUDE;SMS-DEPTO.SEC.SAUDE-CONTRATADOS - FUS;COMISSIONADOS;295.XXX.XXX-77;552;40;SECRETARIA MUNICIPAL DE SAÚDE;2;02/01/2025;;;04/2026;;;2 - Comissão;TEMPO DETERMINADO;;;Função de Confiança;;ASSESSOR TÉCNICO (A) ADMINISTRATIVO
;Folha Complementar c/ Encargos - Janeiro;ADENILDA NAILDES DA SILVA;ASSESSOR TÉCNICO (A) ADMINISTRATIVO;470,91;-470,91;;SECRETARIA MUNICIPAL DE SAUDE;SECRETARIA MUNICIPAL DE SAUDE;SMS-DEPTO.SEC.SAUDE-CONTRATADOS - FUS;COMISSIONADOS;295.XXX.XXX-77;552;40;SECRETARIA MUNICIPAL DE SAÚDE;2;02/01/2025;;;04/2026;;;2 - Comissão;TEMPO DETERMINADO;;;Função de Confiança;;ASSESSOR TÉCNICO (A) ADMINISTRATIVO
;Rescisão - Janeiro;ADENILDA ORINEUSA DA SILVA;ASSESSOR TÉCNICO (A) ADMINISTRATIVO;;0,00;;SECRETARIA MUNICIPAL DE EDUCAÇÃO;FUNDO DE MANUT. E DEC.DA EDUC.BASICA-FUNDEB;SME- DEPTOR ADM FUNDEB 30 % VI - COMISSIONADOS;COMISSIONADOS EDUCAÇÃO;066.XXX.XXX-29;521;40;SECRETARIA MUNICIPAL DE EDUCAÇÃO;1;01/08/2023;01/01/2025;;01/2025;;;2 - Comissão;TEMPO DETERMINADO;;;;;ASSESSOR TÉCNICO (A) ADMINISTRATIVO
;Rescisão - Janeiro;ADENILDA TEREZINHA DE CARVALHO;PROFESSOR SL 40H - CELETISTA;;0,00;;SECRETARIA MUNICIPAL DE EDUCAÇÃO;SECRETARIA MUNICIPAL DE EDUCAÇÃO;SME - DEPTOR. ENSINO FUNDEB 70% IV - CELETISTAS;CONTRATADOS  EDUCAÇÃO;065.XXX.XXX-58;298;40;;5;01/02/2024;01/01/2025;;01/2025;;;3 - Temporário;TEMPO DETERMINADO;;;Contrato Temporario;;PROFESSOR SL 40H - CELETISTA
;Folha Mensal - Janeiro;ADERNIL ROBERTO JACÓ DANTAS;MEDICO (A) TEMPORARIO (A) PLANTÃO;1.416,96;5.093,04;6.510,00;SECRETARIA MUNICIPAL DE SAUDE;SECRETARIA MUNICIPAL DE SAUDE;SMS- DEPARTAMENTO DA SAÚDE- PLANTÃO - FUS;CONTRATO TEMPORÁRIO;037.XXX.XXX-29;999;40;SECRETARIA MUNICIPAL DE SAÚDE;1;01/01/2025;;;;;;3 - Temporário;TEMPO DETERMINADO;;;Contrato Temporario;;MEDICO (A) TEMPORARIO (A) PLANTÃO
;Rescisão - Janeiro;ADESANDRA SOUSA SANTOS;DIRETOR DE DEPARTAMENTO;;0,00;;PREFEITURA MUNICIPAL DE PADRE MARCOS-PI;SECRETARIA MUNICIPAL  DE ADMINISTRAÇÃO;SEAD -  DEPTO. ADMINISTRAÇÃO V- COMISSIONADOS;COMISSIONADOS;052.XXX.XXX-51;570;40;;1;01/04/2024;01/01/2025;;01/2025;;;2 - Comissão;LIVRE PROVIMENTO ;;;Função de Confiança;;DIRETOR DE DEPARTAMENTO
;Folha Mensal - Janeiro;ADESANDRA SOUSA SANTOS;DIRETOR DE DEPARTAMENTO;150,23;1.772,06;1.922,29;PREFEITURA MUNICIPAL DE PADRE MARCOS-PI;SECRETARIA MUNICIPAL  DE ADMINISTRAÇÃO;SEAD -  DEPTO. ADMINISTRAÇÃO V- COMISSIONADOS;COMISSIONADOS;052.XXX.XXX-51;570;40;;2;02/01/2025;;;;;;2 - Comissão;LIVRE PROVIMENTO ;;;Função de Confiança;;DIRETOR DE DEPARTAMENTO
;Rescisão - Janeiro;ADJANO FRANCISCO BENTO;SECRETARIO DE AGRICULTURA;;0,00;;PREFEITURA MUNICIPAL DE PADRE MARCOS-PI;SECRETARIA MUNICIPAL DE AGRICULTURA;SMA - SECRETARIA DE AGRICULTURA;COMISSIONADOS;842.XXX.XXX-04;373;40;;1;01/07/2020;01/01/2025;;01/2025;;;2 - Comissão;LIVRE PROVIMENTO ;;;Função de Confiança;;SECRETARIO DE AGRICULTURA
;Folha Mensal - Janeiro;ADJANO FRANCISCO BENTO;SECRETARIO DE AGRICULTURA;173,46;2.006,95;2.180,41;PREFEITURA MUNICIPAL DE PADRE MARCOS-PI;SECRETARIA MUNICIPAL DE AGRICULTURA;SMA - SECRETARIA DE AGRICULTURA;COMISSIONADOS;842.XXX.XXX-04;373;40;;2;02/01/2025;;;;;;2 - Comissão;LIVRE PROVIMENTO ;;;Função de Confiança;;SECRETARIO DE AGRICULTURA
;Folha Mensal - Janeiro;ADJEANE DA SILVA SOUSA;PROFESSOR SE 40H;2.292,78;6.031,12;8.323,90;SECRETARIA MUNICIPAL DE EDUCAÇÃO;SECRETARIA MUNICIPAL DE EDUCAÇÃO;SME- DEPTOR ENSINO FUNDEB 70% II;EFETIVO - PROFESSORES;757.XXX.XXX-20;160;40;U.E.M. JOSE DE MOURA LEAL;1;02/02/1998;;;;;;1 - Efetivo;CONCURSO PUBLICO ;;;Efetivo;;PROFESSOR SE 40H
;Rescisão - Janeiro;ADRIANA ESPEDITA DA CONCEIÇÃO SILVA;ASSESSOR TÉCNICO (A) ADMINISTRATIVO;;0,00;;SECRETARIA MUNICIPAL DE EDUCAÇÃO;FUNDO DE MANUT. E DEC.DA EDUC.BASICA-FUNDEB;SME- DEPTOR ADM FUNDEB 30 % VI - COMISSIONADOS;COMISSIONADOS EDUCAÇÃO;991.XXX.XXX-49;344;40;;2;01/03/2023;01/01/2025;;01/2025;;;2 - Comissão;TEMPO DETERMINADO;;;Função de Confiança;;ASSESSOR TÉCNICO (A) ADMINISTRATIVO
;Folha Mensal - Janeiro;ADRIANA ESPEDITA DA CONCEIÇÃO SILVA;ASSESSOR TÉCNICO (A) ADMINISTRATIVO;110,05;1.357,35;1.467,40;SECRETARIA MUNICIPAL DE EDUCAÇÃO;FUNDO DE MANUT. E DEC.DA EDUC.BASICA-FUNDEB;SME- DEPTOR ADM FUNDEB 30 % VI - COMISSIONADOS;COMISSIONADOS EDUCAÇÃO;991.XXX.XXX-49;344;40;;3;02/01/2025;;;;;;2 - Comissão;TEMPO DETERMINADO;;;Função de Confiança;;ASSESSOR TÉCNICO (A) ADMINISTRATIVO
;Rescisão - Janeiro;ADRIANO OTACÍLIO DA LUZ;DIRETOR DE DEPARTAMENTO;;0,00;;SECRETARIA MUNICIPAL DE EDUCAÇÃO;FUNDO DE MANUT. E DEC.DA EDUC.BASICA-FUNDEB;SME- DEPTOR ADM FUNDEB 30 % VI - COMISSIONADOS;COMISSIONADOS;009.XXX.XXX-86;562;40;SECRETARIA MUNICIPAL DE EDUCAÇÃO;1;01/04/2024;01/01/2025;;01/2025;;;2 - Comissão;LIVRE PROVIMENTO ;;;;;DIRETOR DE DEPARTAMENTO
;Rescisão - Janeiro;ADRIANO SILVA SANTOS;DIRETOR DE DEPARTAMENTO;;0,00;;SECRETARIA MUNICIPAL DE EDUCAÇÃO;FUNDO DE MANUT. E DEC.DA EDUC.BASICA-FUNDEB;SME- DEPTOR ADM FUNDEB 30 % VI - COMISSIONADOS;COMISSIONADOS EDUCAÇÃO;002.XXX.XXX-27;504;40;;2;01/02/2024;01/01/2025;;01/2025;;;2 - Comissão;LIVRE PROVIMENTO ;;;Função de Confiança;;DIRETOR DE DEPARTAMENTO
;Rescisão - Janeiro;AGDA ÉRICA DA SILVA;FARMACÊUTICA ( O );;0,00;;SECRETARIA MUNICIPAL DE SAUDE;SECRETARIA MUNICIPAL DE SAUDE;SEC. MUN. SAÚDE- DEPTO. DE SAUDE II-CONTRATADOS - PAB;CONTRATO TEMPORÁRIO;038.XXX.XXX-70;284;40;;7;02/03/2023;01/01/2025;;01/2025;;;3 - Temporário;TEMPO DETERMINADO;;;Contrato Temporario;;FARMACÊUTICA ( O )
;Folha Mensal - Janeiro;AGDA ÉRICA DA SILVA;DIRETOR HOSPITAL;173,46;2.006,95;2.180,41;HOSPITAL MUNICIPAL DE PADRE MARCOS;SECRETARIA MUNICIPAL DE SAUDE;HOSPITAL-DEPTO. ADMINISTRATIVO III;CONTRATO TEMPORÁRIO;038.XXX.XXX-70;284;40;HOSPITAL MUNICIPAL DE PADRE MARCOS;8;02/01/2025;;;04/2026;;;2 - Comissão;LIVRE PROVIMENTO ;;;Contrato Temporario;;DIRETOR HOSPITAL
;Rescisão - Janeiro;AILANE MARIA DE MACEDO;PROFESSOR SL 40H - CELETISTA;;0,00;;SECRETARIA MUNICIPAL DE EDUCAÇÃO;SECRETARIA MUNICIPAL DE EDUCAÇÃO;SME - DEPTOR. ENSINO FUNDEB 70% IV - CELETISTAS;CONTRATADOS  EDUCAÇÃO;057.XXX.XXX-89;264;40;;5;01/02/2024;01/01/2025;;01/2025;;;3 - Temporário;TEMPO DETERMINADO;;;Contrato Temporario;;PROFESSOR SL 40H - CELETISTA
;Rescisão - Janeiro;ALDEVAN SOUSA MACEDO;DIRETOR DE DEPARTAMENTO;;0,00;;SECRETARIA MUNICIPAL DE EDUCAÇÃO;FUNDO DE MANUT. E DEC.DA EDUC.BASICA-FUNDEB;SME- DEPTOR ADM FUNDEB 30 % VI - COMISSIONADOS;COMISSIONADOS;960.XXX.XXX-87;528;40;SECRETARIA MUNICIPAL DE EDUCAÇÃO;1;01/12/2023;01/01/2025;;01/2025;;;2 - Comissão;LIVRE PROVIMENTO ;;;;;DIRETOR DE DEPARTAMENTO
;Folha Mensal - Janeiro;ALDEVAN SOUSA MACEDO;DIRETOR DE DEPARTAMENTO;188,53;2.159,31;2.347,84;SECRETARIA MUNICIPAL DE EDUCAÇÃO;FUNDO DE MANUT. E DEC.DA EDUC.BASICA-FUNDEB;SME- DEPTOR ADM FUNDEB 30 % VI - COMISSIONADOS;COMISSIONADOS;960.XXX.XXX-87;528;40;SECRETARIA MUNICIPAL DE EDUCAÇÃO;2;02/01/2025;;;;;;2 - Comissão;LIVRE PROVIMENTO ;;;Função de Confiança;;DIRETOR DE DEPARTAMENTO
;Folha Mensal - Janeiro;ALESSIO DE SOUSA MODESTO;MOTORISTA;286,48;2.718,22;3.004,70;PREFEITURA MUNICIPAL DE PADRE MARCOS-PI;SECRETARIA MUNICIPAL  DE ADMINISTRAÇÃO;SEAD - DEPTO. ADMINISTRAÇÃO III;EFETIVOS;965.XXX.XXX-87;105;40;;1;02/03/2015;;;;;;1 - Efetivo;CONCURSO PUBLICO ;;;Efetivo;;MOTORISTA
;Folha Mensal - Janeiro;ALEXSANDRA DE SOUSA MODESTO;ASSISTENTE SOCIAL;613,84;3.386,16;4.000,00;SECRETARIA MUNICIPAL DE SAUDE;SECRETARIA MUNICIPAL DE SAUDE;SMS - SEC. SAUDE NASF II - PAB;EFETIVOS;745.XXX.XXX-20;128;40;;1;02/02/2015;;;;;;1 - Efetivo;CONCURSO PUBLICO ;;;Efetivo;;ASSISTENTE SOCIAL
;Rescisão - Janeiro;ALEXSANDRA DE SOUSA MODESTO;COORD. PROG. CRIANÇA FELIZ;;0,00;;SECRETARIA MUNICIPAL DE ASSISTENCIA SOCIAL;SECRETARIA MUNICIPAL DE ASSISTENCIA SOCIAL; PROG.CRIANÇA FELIZ;COMISSIONADOS;745.XXX.XXX-20;128;20;;3;01/03/2019;01/01/2025;;01/2025;;;3 - Temporário;TEMPO DETERMINADO;;;Função de Confiança;;COORD. PROG. CRIANÇA FELIZ
;Folha Mensal - Janeiro;ALEXSANDRA DE SOUSA MODESTO;COORD. PROG. CRIANÇA FELIZ;663,90;1.683,94;2.347,84;SECRETARIA MUNICIPAL DE ASSISTENCIA SOCIAL;SECRETARIA MUNICIPAL DE ASSISTENCIA SOCIAL; PROG.CRIANÇA FELIZ;COMISSIONADOS;745.XXX.XXX-20;128;40;;4;02/01/2025;;;;;;3 - Temporário;TEMPO DETERMINADO;;;Função de Confiança;;COORD. PROG. CRIANÇA FELIZ
;Folha Mensal - Janeiro;ALEXSANDRO LOPES DE CARVALHO;VIGILANTE;244,40;2.108,50;2.352,90;HOSPITAL MUNICIPAL DE PADRE MARCOS;SECRETARIA MUNICIPAL DE SAUDE;HOSPITAL - DEPTO. ADMINISTRATIVO I;EFETIVOS;020.XXX.XXX-71;15;40;HOSPITAL MUNICIPAL DE PADRE MARCOS;1;19/01/2015;;;;;;1 - Efetivo;CONCURSO PUBLICO ;;;Efetivo;;VIGILANTE
;Rescisão - Janeiro;ALEXSON JOSE DE CARVALHO;AUX. DE SERVIÇOS GERAIS;;0,00;;SECRETARIA MUNICIPAL DE EDUCAÇÃO;FUNDO DE MANUT. E DEC.DA EDUC.BASICA-FUNDEB;SME-DEPTO.CONTRATO-ENSINO FUNDEB 30%;CONTRATADOS  EDUCAÇÃO;053.XXX.XXX-66;252;40;;5;02/03/2023;01/01/2025;01/2023;01/2025;;;3 - Temporário;TEMPO DETERMINADO;;;Contrato Temporario;;AUX. DE SERVIÇOS GERAIS
;Rescisão - Janeiro;ALINE JOSEFA DE SOUSA BEZERRA;TECNICO DE ENFERMAGEM;;0,00;;SECRETARIA MUNICIPAL DE SAUDE;SECRETARIA MUNICIPAL DE SAUDE;SMS-DEPTO.SEC.SAUDE-CONTRATADOS - FUS;CONTRATO TEMPORÁRIO;072.XXX.XXX-27;314;40;;3;01/03/2023;01/01/2025;;01/2025;;;3 - Temporário;TEMPO DETERMINADO;;;Contrato Temporario;;TECNICO DE ENFERMAGEM
;Folha Mensal - Janeiro;ALINE JOSEFA DE SOUSA BEZERRA;TECNICO DE ENFERMAGEM;110,05;1.357,35;1.467,40;SECRETARIA MUNICIPAL DE SAUDE;SECRETARIA MUNICIPAL DE SAUDE;SMS-DEPTO.SEC.SAUDE-CONTRATADOS - FUS;CONTRATO TEMPORÁRIO;072.XXX.XXX-27;314;40;;4;02/01/2025;;;;;;3 - Temporário;TEMPO DETERMINADO;;;Contrato Temporario;;TECNICO DE ENFERMAGEM
;Folha Complementar c/ Encargos - Janeiro;ALINE JOSEFA DE SOUSA BEZERRA;TECNICO DE ENFERMAGEM;151,12;-151,12;;SECRETARIA MUNICIPAL DE SAUDE;SECRETARIA MUNICIPAL DE SAUDE;SMS-DEPTO.SEC.SAUDE-CONTRATADOS - FUS;CONTRATO TEMPORÁRIO;072.XXX.XXX-27;314;40;;4;02/01/2025;;;;;;3 - Temporário;TEMPO DETERMINADO;;;Contrato Temporario;;TECNICO DE ENFERMAGEM
;Rescisão - Janeiro;ALINE MARIA MACEDO;DIRETOR DE DEPARTAMENTO;;0,00;;SECRETARIA MUNICIPAL DE EDUCAÇÃO;FUNDO DE MANUT. E DEC.DA EDUC.BASICA-FUNDEB;SME- DEPTOR ADM FUNDEB 30 % VI - COMISSIONADOS;COMISSIONADOS;080.XXX.XXX-47;513;40;;2;01/02/2024;01/01/2025;;01/2025;;;2 - Comissão;LIVRE PROVIMENTO ;;;Função de Confiança;;DIRETOR DE DEPARTAMENTO
;Rescisão - Janeiro;AMABILLY MACEDO SOUSA;DIRETOR DE DEPARTAMENTO;;0,00;;SECRETARIA MUNICIPAL DE EDUCAÇÃO;FUNDO DE MANUT. E DEC.DA EDUC.BASICA-FUNDEB;SME- DEPTOR ADM FUNDEB 30 % VI - COMISSIONADOS;COMISSIONADOS;064.XXX.XXX-58;518;40;;2;02/02/2024;01/01/2025;;01/2025;;;2 - Comissão;LIVRE PROVIMENTO ;;;Função de Confiança;;DIRETOR DE DEPARTAMENTO
;Folha Mensal - Janeiro;AMABILLY MACEDO SOUSA;DIRETOR DE DEPARTAMENTO;188,53;2.159,31;2.347,84;SECRETARIA MUNICIPAL DE EDUCAÇÃO;FUNDO DE MANUT. E DEC.DA EDUC.BASICA-FUNDEB;SME- DEPTOR ADM FUNDEB 30 % VI - COMISSIONADOS;COMISSIONADOS;064.XXX.XXX-58;518;40;;3;02/01/2025;;;;;;2 - Comissão;LIVRE PROVIMENTO ;;;Função de Confiança;;DIRETOR DE DEPARTAMENTO
;Rescisão - Janeiro;AMANDA KALINE OLIVEIRA GUIMARÃES;FISIOTERAPEUTA;;0,00;;SECRETARIA MUNICIPAL DE SAUDE;SECRETARIA MUNICIPAL DE SAUDE;SEC. MUN. SAÚDE- DEPTO. DE SAUDE II-CONTRATADOS - PAB;CONTRATO TEMPORÁRIO;037.XXX.XXX-84;369;40;;4;02/03/2023;01/01/2025;01/2023;01/2025;;;3 - Temporário;TEMPO DETERMINADO;03/2021;;Contrato Temporario;;FISIOTERAPEUTA
;Folha Mensal - Janeiro;AMANDA KALINE OLIVEIRA GUIMARÃES;FISIOTERAPEUTA;200,64;2.281,76;2.482,40;SECRETARIA MUNICIPAL DE SAUDE;SECRETARIA MUNICIPAL DE SAUDE;SEC. MUN. SAÚDE- DEPTO. DE SAUDE II-CONTRATADOS - PAB;CONTRATO TEMPORÁRIO;037.XXX.XXX-84;369;40;;5;02/01/2025;;01/2023;;;;3 - Temporário;TEMPO DETERMINADO;03/2021;;Contrato Temporario;;FISIOTERAPEUTA
;Rescisão - Janeiro;ANA CLAUDIA ALVES;COORDENADOR(A) PEDAGÓGICO;;0,00;;SECRETARIA MUNICIPAL DE EDUCAÇÃO;SECRETARIA MUNICIPAL DE EDUCAÇÃO;SME- DEPTOR. ENSINO FUNDEB 70% V - COMISSIONADOS;COMISSIONADOS EDUCAÇÃO;104.XXX.XXX-00;266;40;UNIDADE ESCOLAR MUNICIPAL DAVI SEVERIANO DE CARVALHO;3;01/03/2019;01/01/2025;;01/2025;;;2 - Comissão;TEMPO DETERMINADO;;;Função de Confiança;;COORDENADOR(A) PEDAGÓGICO
;Folha Mensal - Janeiro;ANA CLAUDIA ALVES;COORDENADOR(A) PEDAGÓGICO;177,32;2.046,01;2.223,33;SECRETARIA MUNICIPAL DE EDUCAÇÃO;SECRETARIA MUNICIPAL DE EDUCAÇÃO;SME- DEPTOR. ENSINO FUNDEB 70% V - COMISSIONADOS;COMISSIONADOS EDUCAÇÃO;104.XXX.XXX-00;266;40;UNIDADE ESCOLAR MUNICIPAL DAVI SEVERIANO DE CARVALHO;4;02/01/2025;;;;;;2 - Comissão;TEMPO DETERMINADO;;;Função de Confiança;;COORDENADOR(A) PEDAGÓGICO
;Rescisão - Janeiro;ANA CRISTINA DE CARVALHO;PROFESSOR SL 40H - CELETISTA;;0,00;;SECRETARIA MUNICIPAL DE EDUCAÇÃO;SECRETARIA MUNICIPAL DE EDUCAÇÃO;SME- DEPTO  ENSINO INFANTIL FUNDEB 70% - SELETISTAS;CONTRATADOS  EDUCAÇÃO;044.XXX.XXX-46;337;40;;4;01/02/2024;01/01/2025;;01/2025;;;3 - Temporário;TEMPO DETERMINADO;;;Contrato Temporario;;PROFESSOR SL 40H - CELETISTA
;Rescisão - Janeiro;ANA FLAVIA CONCEIÇÃO SOUSA MACEDO;PROFESSOR SL 40H - CELETISTA;;0,00;;SECRETARIA MUNICIPAL DE EDUCAÇÃO;SECRETARIA MUNICIPAL DE EDUCAÇÃO;SME - DEPTOR. ENSINO FUNDEB 70% IV - CELETISTAS;CONTRATADOS  EDUCAÇÃO;061.XXX.XXX-39;330;40;;4;01/02/2024;01/01/2025;;01/2025;;;3 - Temporário;TEMPO DETERMINADO;;;Contrato Temporario;;PROFESSOR SL 40H - CELETISTA
;Folha Mensal - Janeiro;ANA MARCIA DE ARAUJO MOURA RIBEIRO;ASSISTENTE ADMINISTRATIVO;473,57;2.714,23;3.187,80;PREFEITURA MUNICIPAL DE PADRE MARCOS-PI;SECRETARIA MUNICIPAL  DE ADMINISTRAÇÃO;SEAD - DEPTO. ADMINISTRAÇÃO III;EFETIVOS;322.XXX.XXX-49;100;40;;1;01/06/2015;;;;;;1 - Efetivo;CONCURSO PUBLICO ;;;Efetivo;;ASSISTENTE ADMINISTRATIVO
;Rescisão - Janeiro;ANA MÁRCIA DE CARVALHO LEAL;MONITOR(A);;0,00;;SECRETARIA MUNICIPAL DE EDUCAÇÃO;FUNDO DE MANUT. E DEC.DA EDUC.BASICA-FUNDEB;SME-DEPTO.CONTRATO-ENSINO FUNDEB 30%;CONTRATADOS  EDUCAÇÃO;081.XXX.XXX-52;411;40;;3;01/02/2024;01/01/2025;;01/2025;;;3 - Temporário;TEMPO DETERMINADO;;;Contrato Temporario;;MONITOR(A)
;Rescisão - Janeiro;ANA MEIRE MARIA DE MACEDO;SUPERVIORA DE ENSINO;;0,00;;SECRETARIA MUNICIPAL DE EDUCAÇÃO;SECRETARIA MUNICIPAL DE EDUCAÇÃO;SME- DEPTOR. ENSINO FUNDEB 70% V - COMISSIONADOS;COMISSIONADOS EDUCAÇÃO;226.XXX.XXX-78;161;40;SECRETARIA MUNICIPAL DE EDUCAÇÃO;3;01/04/2024;01/01/2025;;01/2025;;;2 - Comissão;TEMPO DETERMINADO;03/2024;;Função de Confiança;;SUPERVIORA DE ENSINO
;Folha Mensal - Janeiro;ANA MEIRE MARIA DE MACEDO;SUPERVIORA DE ENSINO;110,05;1.357,35;1.467,40;SECRETARIA MUNICIPAL DE EDUCAÇÃO;SECRETARIA MUNICIPAL DE EDUCAÇÃO;SME- DEPTOR. ENSINO FUNDEB 70% V - COMISSIONADOS;COMISSIONADOS EDUCAÇÃO;226.XXX.XXX-78;161;40;SECRETARIA MUNICIPAL DE EDUCAÇÃO;4;02/01/2025;;;;;;2 - Comissão;TEMPO DETERMINADO;03/2024;;Função de Confiança;;SUPERVIORA DE ENSINO
;Folha Mensal - Janeiro;ANA PAULA DE CARVALHO MACEDO;PROFESSOR SE 40H;1.860,05;5.344,26;7.204,31;SECRETARIA MUNICIPAL DE EDUCAÇÃO;SECRETARIA MUNICIPAL DE EDUCAÇÃO;SME- DEPTOR ENSINO FUNDEB 70% I;EFETIVO - PROFESSORES;052.XXX.XXX-07;2;40;U.E.M. JOSE DE MOURA LEAL;1;01/03/2016;;;;;;1 - Efetivo;CONCURSO PUBLICO ;;;Efetivo;;PROFESSOR SL 20H
;Adiantamento 13º Salário - Janeiro;ANA PAULA DE CARVALHO MACEDO;PROFESSOR SE 40H;;3.383,10;3.383,10;SECRETARIA MUNICIPAL DE EDUCAÇÃO;SECRETARIA MUNICIPAL DE EDUCAÇÃO;SME- DEPTOR ENSINO FUNDEB 70% I;EFETIVO - PROFESSORES;052.XXX.XXX-07;2;40;U.E.M. JOSE DE MOURA LEAL;1;01/03/2016;;;;;;1 - Efetivo;CONCURSO PUBLICO ;;;Efetivo;;PROFESSOR SL 20H
;Rescisão - Janeiro;ANASTACIA JULIANA LEAL;PROFESSOR SL 40H - CELETISTA;;0,00;;SECRETARIA MUNICIPAL DE EDUCAÇÃO;SECRETARIA MUNICIPAL DE EDUCAÇÃO;SME- DEPTO  ENSINO INFANTIL FUNDEB 70% - SELETISTAS;CONTRATADOS  EDUCAÇÃO;933.XXX.XXX-34;247;40;U.E.M. JOSE DE MOURA LEAL;6;01/02/2024;01/01/2025;;01/2025;;;3 - Temporário;TEMPO DETERMINADO;;;Contrato Temporario;;PROFESSOR SL 40H - CELETISTA
;Rescisão - Janeiro;ANATÁLIA CLEIDE DE LIMA;SECRETARIO(A) UNIDADE ESCOLAR MUNICIPAL;;0,00;;SECRETARIA MUNICIPAL DE EDUCAÇÃO;FUNDO DE MANUT. E DEC.DA EDUC.BASICA-FUNDEB;SME- DEPTOR ADM FUNDEB 30 % VI - COMISSIONADOS;COMISSIONADOS;930.XXX.XXX-91;545;40;SECRETARIA MUNICIPAL DE EDUCAÇÃO;1;01/03/2024;01/01/2025;;01/2025;;;2 - Comissão;LIVRE PROVIMENTO ;;;Função de Confiança;;SECRETARIO(A) UNIDADE ESCOLAR MUNICIPAL
;Rescisão - Janeiro;ANATÁLIA ZENILTA LEAL;DIRETOR DE DEPARTAMENTO;;0,00;;SECRETARIA MUNICIPAL DE EDUCAÇÃO;FUNDO DE MANUT. E DEC.DA EDUC.BASICA-FUNDEB;SME- DEPTOR ADM FUNDEB 30 % VI - COMISSIONADOS;COMISSIONADOS;041.XXX.XXX-23;565;40;SECRETARIA MUNICIPAL DE EDUCAÇÃO;1;01/04/2024;01/01/2025;;01/2025;;;2 - Comissão;LIVRE PROVIMENTO ;;;Função de Confiança;;DIRETOR DE DEPARTAMENTO
;Folha Mensal - Janeiro;ANATALIO ANTONIO DA SILVA;AUX. DE SERV. GERAIS;261,86;1.483,84;1.745,70;SECRETARIA MUNICIPAL DE ASSISTENCIA SOCIAL;SECRETARIA MUNICIPAL DE ASSISTENCIA SOCIAL;SASC - DEPTO. ASSISTENCIA SOCIAL IV;EFETIVOS;444.XXX.XXX-04;26;40;SEC MUN. DE ASSISTENCIA SOCIAL;1;01/03/1998;;;;;;1 - Efetivo;CONCURSO PUBLICO ;;;Efetivo;;AUX. DE SERV. GERAIS
;Folha Mensal - Janeiro;ANDECLEIA ADALVINA DE LIMA;PROFESSOR SE 40H;1.780,28;5.144,13;6.924,41;SECRETARIA MUNICIPAL DE EDUCAÇÃO;SECRETARIA MUNICIPAL DE EDUCAÇÃO;SME- DEPTOR ENSINO FUNDEB 70% I;EFETIVO - PROFESSORES;923.XXX.XXX-72;132;40;UNIDADE ESCOLAR MUNICIPAL CÂNDIDA MACEDO;1;01/11/2016;;;;;;1 - Efetivo;CONCURSO PUBLICO ;;;Efetivo;;PROFESSOR SL 20H
;Folha Mensal - Janeiro;ANDERSON CLEYTON RAMOS NERY;ODONTÓLOGO;701,21;4.431,44;5.132,65;SECRETARIA MUNICIPAL DE SAUDE;SECRETARIA MUNICIPAL DE SAUDE;SMS - DEPTOR.SEC.SAUDE PSB II - PAB;EFETIVOS;819.XXX.XXX-87;122;40;;1;01/04/2008;;;;;;1 - Efetivo;CONCURSO PUBLICO ;;;Efetivo;;ODONTÓLOGO
;Folha Mensal - Janeiro;ANGELA MARIA DA CONCEIÇÃO SOUSA;GARI;270,97;2.385,53;2.656,50;HOSPITAL MUNICIPAL DE PADRE MARCOS;SECRETARIA MUNICIPAL DE SAUDE;HOSPITAL - DEPTO. ADMINISTRATIVO I;EFETIVOS;759.XXX.XXX-04;4;40;;1;25/11/2016;;;;;;1 - Efetivo;CONCURSO PUBLICO ;;;Efetivo;;GARI
;Folha Mensal - Janeiro;ANTONIA EDENIA DE LIMA SILVA;AUX. DE SERV. GERAIS;250,47;1.419,33;1.669,80;SECRETARIA MUNICIPAL DE EDUCAÇÃO;FUNDO DE MANUT. E DEC.DA EDUC.BASICA-FUNDEB;SME- DEPTO. ADM -FUNDEB 30% II;EFETIVOS;082.XXX.XXX-96;216;40;;1;02/03/1998;;;012/2022;;;1 - Efetivo;CONCURSO PUBLICO ;;;Efetivo;;AUX. DE SERV. GERAIS
;Adiantamento 13º Salário - Janeiro;ANTONIA EDENIA DE LIMA SILVA;AUX. DE SERV. GERAIS;;834,90;834,90;SECRETARIA MUNICIPAL DE EDUCAÇÃO;FUNDO DE MANUT. E DEC.DA EDUC.BASICA-FUNDEB;SME- DEPTO. ADM -FUNDEB 30% II;EFETIVOS;082.XXX.XXX-96;216;40;;1;02/03/1998;;;012/2022;;;1 - Efetivo;CONCURSO PUBLICO ;;;Efetivo;;AUX. DE SERV. GERAIS
;Rescisão - Janeiro;ANTONIA SALVELINA DE ARAUJO;ASSESSOR TÉCNICO (A) ADMINISTRATIVO;;0,00;;SECRETARIA MUNICIPAL DE SAUDE;SECRETARIA MUNICIPAL DE SAUDE;SMS-DEPTO.SEC.SAUDE-CONTRATADOS - FUS;COMISSIONADOS;767.XXX.XXX-53;233;40;;2;02/01/2018;01/01/2025;;01/2025;;;2 - Comissão;TEMPO DETERMINADO;;;Função de Confiança;;ASSESSOR TÉCNICO (A) ADMINISTRATIVO
;Folha Mensal - Janeiro;ANTONIA SALVELINA DE ARAUJO;ASSESSOR TÉCNICO (A) ADMINISTRATIVO;110,05;1.357,35;1.467,40;SECRETARIA MUNICIPAL DE SAUDE;SECRETARIA MUNICIPAL DE SAUDE;SMS-DEPTO.SEC.SAUDE-CONTRATADOS - FUS;COMISSIONADOS;767.XXX.XXX-53;233;40;;3;02/01/2025;;;;;;2 - Comissão;TEMPO DETERMINADO;;;Função de Confiança;;ASSESSOR TÉCNICO (A) ADMINISTRATIVO
;Rescisão - Janeiro;ANTONIA ZENAIDE DA SILVA CARVALHO;DIRETOR DE DEPARTAMENTO;;0,00;;SECRETARIA MUNICIPAL DE EDUCAÇÃO;FUNDO DE MANUT. E DEC.DA EDUC.BASICA-FUNDEB;SME- DEPTOR ADM FUNDEB 30 % VI - COMISSIONADOS;COMISSIONADOS;451.XXX.XXX-20;282;40;;5;01/01/2023;01/01/2025;;01/2025;;;2 - Comissão;LIVRE PROVIMENTO ;;;Função de Confiança;;DIRETOR DE DEPARTAMENTO
;Folha Mensal - Janeiro;ANTONIA ZENAIDE DA SILVA CARVALHO;DIRETOR DE DEPARTAMENTO;110,05;1.357,35;1.467,40;SECRETARIA MUNICIPAL DE EDUCAÇÃO;FUNDO DE MANUT. E DEC.DA EDUC.BASICA-FUNDEB;SME- DEPTOR ADM FUNDEB 30 % VI - COMISSIONADOS;COMISSIONADOS;451.XXX.XXX-20;282;40;;6;02/01/2025;;;;;;2 - Comissão;LIVRE PROVIMENTO ;;;Função de Confiança;;DIRETOR DE DEPARTAMENTO
;Rescisão - Janeiro;ANTONIO DE CARVALHO MOURA;DIRETOR DE DEPARTAMENTO;;0,00;;PREFEITURA MUNICIPAL DE PADRE MARCOS-PI;SECRETARIA MUNICIPAL  DE ADMINISTRAÇÃO;SEAD -  DEPTO. ADMINISTRAÇÃO V- COMISSIONADOS;COMISSIONADOS;003.XXX.XXX-02;361;40;;2;01/10/2023;01/01/2025;;01/2025;;;2 - Comissão;LIVRE PROVIMENTO ;;;Função de Confiança;;DIRETOR DE DEPARTAMENTO
;Folha Mensal - Janeiro;ANTONIO DE CARVALHO MOURA;DIRETOR DE DEPARTAMENTO;162,12;1.892,24;2.054,36;PREFEITURA MUNICIPAL DE PADRE MARCOS-PI;SECRETARIA MUNICIPAL  DE ADMINISTRAÇÃO;SMO - SECRETARIA DE OBRAS;COMISSIONADOS;003.XXX.XXX-02;361;40;;3;02/01/2025;;;;;;2 - Comissão;LIVRE PROVIMENTO ;;;Função de Confiança;;DIRETOR DE DEPARTAMENTO
;Rescisão - Janeiro;ANTONIO DE CARVALHO SILVA;ASSESSOR TÉCNICO (A) ADMINISTRATIVO;;0,00;;SECRETARIA MUNICIPAL DE EDUCAÇÃO;FUNDO DE MANUT. E DEC.DA EDUC.BASICA-FUNDEB;SME- DEPTOR ADM FUNDEB 30 % VI - COMISSIONADOS;COMISSIONADOS EDUCAÇÃO;047.XXX.XXX-23;573;40;SECRETARIA MUNICIPAL DE EDUCAÇÃO;1;01/06/2024;01/01/2025;;01/2025;;;2 - Comissão;TEMPO DETERMINADO;;;Função de Confiança;;ASSESSOR TÉCNICO (A) ADMINISTRATIVO
;Folha Mensal - Janeiro;ANTONIO DE CARVALHO SILVA;ASSESSOR TÉCNICO (A) ADMINISTRATIVO;110,05;1.357,35;1.467,40;SECRETARIA MUNICIPAL DE EDUCAÇÃO;FUNDO DE MANUT. E DEC.DA EDUC.BASICA-FUNDEB;SME- DEPTOR ADM FUNDEB 30 % VI - COMISSIONADOS;COMISSIONADOS EDUCAÇÃO;047.XXX.XXX-23;573;40;SECRETARIA MUNICIPAL DE EDUCAÇÃO;2;02/01/2025;;;;;;2 - Comissão;TEMPO DETERMINADO;;;Função de Confiança;;ASSESSOR TÉCNICO (A) ADMINISTRATIVO
;Folha Mensal - Janeiro;ANTONIO FRANCISCO DE CARVALHO;SECRETARIO DE ESPORTE;180,23;2.075,37;2.255,60;PREFEITURA MUNICIPAL DE PADRE MARCOS-PI;SECRETARIA MUNICIPAL  DE ADMINISTRAÇÃO;ADM.SEC.MUNICIPAL DE JUVENTUDE ESPORTE E LAZER;COMISSIONADOS;396.XXX.XXX-72;596;40;PREDIO DA PREFEITURA;1;01/01/2025;;;;;;2 - Comissão;LIVRE PROVIMENTO ;;;Função de Confiança;;SECRETARIO DE ESPORTE
;Folha Mensal - Janeiro;ANTONIO JOAQUIM DE MACEDO NETO;AUX. ADMINISTRATIVO;473,57;2.714,23;3.187,80;SECRETARIA MUNICIPAL DE SAUDE;SECRETARIA MUNICIPAL DE SAUDE;SMS-DEPTOR.SEC. DE SAUDE II - FUS;EFETIVOS;350.XXX.XXX-72;130;40;;1;02/02/2015;;;;;;1 - Efetivo;CONCURSO PUBLICO ;;;Efetivo;;AUX. ADMINISTRATIVO
;Rescisão - Janeiro;ANTONIO JOSE DE CARVALHO;DIRETOR DE DEPARTAMENTO;;0,00;;PREFEITURA MUNICIPAL DE PADRE MARCOS-PI;SECRETARIA MUNICIPAL  DE ADMINISTRAÇÃO;SEAD -  DEPTO. ADMINISTRAÇÃO V- COMISSIONADOS;COMISSIONADOS;025.XXX.XXX-50;387;40;;1;01/02/2021;01/01/2025;;01/2025;;;2 - Comissão;LIVRE PROVIMENTO ;;;Função de Confiança;;DIRETOR DE DEPARTAMENTO
;Folha Mensal - Janeiro;ANTONIO JOSE DE CARVALHO;DIRETOR DE DEPARTAMENTO;188,53;2.159,31;2.347,84;PREFEITURA MUNICIPAL DE PADRE MARCOS-PI;SECRETARIA MUNICIPAL  DE ADMINISTRAÇÃO;SEAD -  DEPTO. ADMINISTRAÇÃO V- COMISSIONADOS;COMISSIONADOS;025.XXX.XXX-50;387;40;PREDIO DA PREFEITURA;2;02/01/2025;;;;;;2 - Comissão;LIVRE PROVIMENTO ;;;Função de Confiança;;COORDENADOR DE DESENVOLVIMENTO RURAL E AGRICULTURA FAMILIAR
;Folha Mensal - Janeiro;ANTONIO LISBOA DA SILVA;PROFESSOR SE 20H;698,46;3.183,58;3.882,04;SECRETARIA MUNICIPAL DE EDUCAÇÃO;SECRETARIA MUNICIPAL DE EDUCAÇÃO;SME-DEPTOR. ENSINO FUNDEB 70%  VI EJA;EFETIVO - PROFESSORES;231.XXX.XXX-00;162;20;SECRETARIA MUNICIPAL DE EDUCAÇÃO;1;02/02/1998;;;;;;1 - Efetivo;CONCURSO PUBLICO ;;;Efetivo;;PROFESSOR SL 20H
;Rescisão - Janeiro;ANTONIO MACEDO CARVALHO;ASSESSOR TÉCNICO (A) ADMINISTRATIVO;;0,00;;SECRETARIA MUNICIPAL DE EDUCAÇÃO;FUNDO DE MANUT. E DEC.DA EDUC.BASICA-FUNDEB;SME- DEPTOR ADM FUNDEB 30 % VI - COMISSIONADOS;COMISSIONADOS EDUCAÇÃO;011.XXX.XXX-51;371;40;;1;01/04/2020;01/01/2025;;01/2025;;;2 - Comissão;TEMPO DETERMINADO;;;Função de Confiança;;ASSESSOR TÉCNICO (A) ADMINISTRATIVO
;Folha Mensal - Janeiro;ANTONIO MACEDO CARVALHO;ASSESSOR TÉCNICO (A) ADMINISTRATIVO;110,05;1.357,35;1.467,40;SECRETARIA MUNICIPAL DE EDUCAÇÃO;FUNDO DE MANUT. E DEC.DA EDUC.BASICA-FUNDEB;SME- DEPTOR ADM FUNDEB 30 % VI - COMISSIONADOS;COMISSIONADOS EDUCAÇÃO;011.XXX.XXX-51;371;40;;2;02/01/2025;;;;;;2 - Comissão;TEMPO DETERMINADO;;;Função de Confiança;;ASSESSOR TÉCNICO (A) ADMINISTRATIVO
;Folha Mensal - Janeiro;ANTONIO SERGIO SILVA;PROFESSOR SE 40H;1.860,05;5.344,26;7.204,31;SECRETARIA MUNICIPAL DE EDUCAÇÃO;SECRETARIA MUNICIPAL DE EDUCAÇÃO;SME- DEPTOR ENSINO FUNDEB 70% I;EFETIVO - PROFESSORES;001.XXX.XXX-00;133;40;UNIDADE ESCOLAR MUNICIPAL DAVI SEVERIANO DE CARVALHO;1;02/03/2015;;;;;;1 - Efetivo;CONCURSO PUBLICO ;;;Efetivo;;PROFESSOR SL 20H
;Rescisão - Janeiro;ARIANY RAYSSE CONCEIÇÃO SILVA;SECRETARIO(A) UNIDADE ESCOLAR MUNICIPAL;;0,00;;SECRETARIA MUNICIPAL DE EDUCAÇÃO;FUNDO DE MANUT. E DEC.DA EDUC.BASICA-FUNDEB;SME- DEPTOR ADM FUNDEB 30 % VI - COMISSIONADOS;COMISSIONADOS;081.XXX.XXX-02;542;40;SECRETARIA MUNICIPAL DE EDUCAÇÃO;1;01/03/2024;01/01/2025;;01/2025;;;2 - Comissão;LIVRE PROVIMENTO ;;;Função de Confiança;;SECRETARIO(A) UNIDADE ESCOLAR MUNICIPAL
;Folha Mensal - Janeiro;ARLETE MARIA DA SILVA;PROFESSOR SL 40H;1.996,65;5.487,56;7.484,21;SECRETARIA MUNICIPAL DE EDUCAÇÃO;SECRETARIA MUNICIPAL DE EDUCAÇÃO;SME- DEPTO ENSINO INFANTIL FUNDEB 70% - EFETIVOS;EFETIVO - PROFESSORES;852.XXX.XXX-63;164;40;CRECHE PRÉ-ESCOLAR MARGARIDA DE JESUS ALENCAR ( TIA GUIDA);1;02/02/1998;;;;;;1 - Efetivo;CONCURSO PUBLICO ;;;Efetivo;;PROFESSOR SL 40H
;Rescisão - Janeiro;ARLEY JOHANES MOREIRA DE CARVALHO;PROFESSOR SL 40H - CELETISTA;;0,00;;SECRETARIA MUNICIPAL DE EDUCAÇÃO;SECRETARIA MUNICIPAL DE EDUCAÇÃO;SME - DEPTOR. ENSINO FUNDEB 70% IV - CELETISTAS;CONTRATADOS  EDUCAÇÃO;058.XXX.XXX-40;248;40;;6;01/02/2024;01/01/2025;;01/2025;;;3 - Temporário;TEMPO DETERMINADO;;;Contrato Temporario;;PROFESSOR SL 40H - CELETISTA
;Folha Mensal - Janeiro;ARLICIO ALEXANDRE BENIZ;AUX. ADMINISTRATIVO;565,25;2.926,15;3.491,40;SECRETARIA MUNICIPAL DE SAUDE;SECRETARIA MUNICIPAL DE SAUDE;SMS-DEPTOR.SEC. DE SAUDE II - FUS;EFETIVOS;031.XXX.XXX-11;62;40;SECRETARIA MUNICIPAL DE SAÚDE;1;02/02/2015;;;;;;1 - Efetivo;CONCURSO PUBLICO ;;;Efetivo;;AUX. ADMINISTRATIVO
;Rescisão - Janeiro;ARRIGO JHORDAM DE CARVALHO GOMES;DIRETOR DE DEPARTAMENTO;;0,00;;SECRETARIA MUNICIPAL DE EDUCAÇÃO;FUNDO DE MANUT. E DEC.DA EDUC.BASICA-FUNDEB;SME- DEPTOR ADM FUNDEB 30 % VI - COMISSIONADOS;COMISSIONADOS;063.XXX.XXX-80;407;40;;3;02/04/2023;01/01/2025;01/2023;01/2025;;;2 - Comissão;LIVRE PROVIMENTO ;;;Função de Confiança;;DIRETOR DE DEPARTAMENTO
;Folha Mensal - Janeiro;ARRIGO JHORDAM DE CARVALHO GOMES;DIRETOR DE DEPARTAMENTO;175,32;2.025,78;2.201,10;SECRETARIA MUNICIPAL DE EDUCAÇÃO;FUNDO DE MANUT. E DEC.DA EDUC.BASICA-FUNDEB;SME- DEPTOR ADM FUNDEB 30 % VI - COMISSIONADOS;COMISSIONADOS;063.XXX.XXX-80;407;40;;4;02/01/2025;;01/2023;06/2025;;;2 - Comissão;LIVRE PROVIMENTO ;;;Função de Confiança;;DIRETOR DE DEPARTAMENTO
;Rescisão - Janeiro;ARTHUR RIBEIRO MODESTO;ASSESSOR TÉCNICO (A) ADMINISTRATIVO;;0,00;;SECRETARIA MUNICIPAL DE EDUCAÇÃO;FUNDO DE MANUT. E DEC.DA EDUC.BASICA-FUNDEB;SME- DEPTOR ADM FUNDEB 30 % VI - COMISSIONADOS;COMISSIONADOS;067.XXX.XXX-18;558;40;SECRETARIA MUNICIPAL DE EDUCAÇÃO;1;01/04/2024;01/01/2025;;01/2025;;;2 - Comissão;TEMPO DETERMINADO;;;Função de Confiança;;ASSESSOR TÉCNICO (A) ADMINISTRATIVO
;Folha Mensal - Janeiro;AUCILENE MODESTO DE CARVALHO;AUX. DE SERV. GERAIS;848,01;973,59;1.821,60;SECRETARIA MUNICIPAL DE EDUCAÇÃO;FUNDO DE MANUT. E DEC.DA EDUC.BASICA-FUNDEB;SME- DEPTO. ADM -FUNDEB 30% II;EFETIVO - PROFESSORES;628.XXX.XXX-49;72;40;UNIDADE ESCOLAR MUNICIPAL DAVI SEVERIANO DE CARVALHO;1;02/03/1998;;;04/2022;;;1 - Efetivo;CONCURSO PUBLICO ;;;Efetivo;;AUX. DE SERV. GERAIS
;Adiantamento 13º Salário - Janeiro;AUCILENE MODESTO DE CARVALHO;AUX. DE SERV. GERAIS;;910,80;910,80;SECRETARIA MUNICIPAL DE EDUCAÇÃO;FUNDO DE MANUT. E DEC.DA EDUC.BASICA-FUNDEB;SME- DEPTO. ADM -FUNDEB 30% II;EFETIVO - PROFESSORES;628.XXX.XXX-49;72;40;UNIDADE ESCOLAR MUNICIPAL DAVI SEVERIANO DE CARVALHO;1;02/03/1998;;;04/2022;;;1 - Efetivo;CONCURSO PUBLICO ;;;Efetivo;;AUX. DE SERV. GERAIS
;Rescisão - Janeiro;AURICELIA IRENE DE CARVALHO;PROFESSOR SL 40H - CELETISTA;;0,00;;SECRETARIA MUNICIPAL DE EDUCAÇÃO;SECRETARIA MUNICIPAL DE EDUCAÇÃO;SME - DEPTOR. ENSINO FUNDEB 70% IV - CELETISTAS;CONTRATADOS  EDUCAÇÃO;033.XXX.XXX-02;279;40;U.E.M. JOSE DE MOURA LEAL;6;01/02/2024;01/01/2025;;01/2025;;;3 - Temporário;TEMPO DETERMINADO;;;Contrato Temporario;;PROFESSOR SL 40H - CELETISTA
;Rescisão - Janeiro;BENNIS RANGEL DE CARVALHO;ASSESSOR TÉCNICO (A) ADMINISTRATIVO;;0,00;;SECRETARIA MUNICIPAL DE ASSISTENCIA SOCIAL;SECRETARIA MUNICIPAL DE ASSISTENCIA SOCIAL;SASC-DEPTO. ASSISTENCIA SOCIAL I;COMISSIONADOS;011.XXX.XXX-45;359;40;;2;01/04/2024;01/01/2025;009/2020;01/2025;;;2 - Comissão;TEMPO DETERMINADO;;;Função de Confiança;;ASSESSOR TÉCNICO (A) ADMINISTRATIVO
;Folha Mensal - Janeiro;BENNIS RANGEL DE CARVALHO;ASSESSOR TÉCNICO (A) ADMINISTRATIVO;188,53;2.159,31;2.347,84;SECRETARIA MUNICIPAL DE ASSISTENCIA SOCIAL;SECRETARIA MUNICIPAL DE ASSISTENCIA SOCIAL;SASC-DEPTO. ASSISTENCIA SOCIAL I;COMISSIONADOS;011.XXX.XXX-45;359;40;;3;02/01/2025;;009/2020;;;;2 - Comissão;TEMPO DETERMINADO;;;Função de Confiança;;ASSESSOR TÉCNICO (A) ADMINISTRATIVO
;Rescisão - Janeiro;BRUNO DIAS DA SILVA;DIRETOR DE DEPARTAMENTO;;0,00;;SECRETARIA MUNICIPAL DE EDUCAÇÃO;FUNDO DE MANUT. E DEC.DA EDUC.BASICA-FUNDEB;SME- DEPTOR ADM FUNDEB 30 % VI - COMISSIONADOS;COMISSIONADOS EDUCAÇÃO;508.XXX.XXX-96;557;40;SECRETARIA MUNICIPAL DE EDUCAÇÃO;1;01/03/2024;01/01/2025;;01/2025;;;2 - Comissão;LIVRE PROVIMENTO ;;;;;DIRETOR DE DEPARTAMENTO
;Folha Mensal - Janeiro;BRUNO DIAS DA SILVA;COORDENADOR DE SERVIÇOS;188,53;2.159,31;2.347,84;SECRETARIA MUNICIPAL DE EDUCAÇÃO;FUNDO DE MANUT. E DEC.DA EDUC.BASICA-FUNDEB;SME- DEPTOR ADM FUNDEB 30 % VI - COMISSIONADOS;COMISSIONADOS EDUCAÇÃO;508.XXX.XXX-96;557;40;SECRETARIA MUNICIPAL DE EDUCAÇÃO;2;02/01/2025;;;;;;2 - Comissão;TEMPO DETERMINADO;;;Função de Confiança;;COORDENADOR DE SERVIÇOS
;Rescisão - Janeiro;CAMILA EDILEUDA DA CONCEIÇÃO;DIRETOR DE DEPARTAMENTO;;0,00;;SECRETARIA MUNICIPAL DE EDUCAÇÃO;FUNDO DE MANUT. E DEC.DA EDUC.BASICA-FUNDEB;SME- DEPTOR ADM FUNDEB 30 % VI - COMISSIONADOS;COMISSIONADOS EDUCAÇÃO;081.XXX.XXX-02;540;40;SECRETARIA MUNICIPAL DE EDUCAÇÃO;1;01/03/2024;01/01/2025;;01/2025;;;2 - Comissão;LIVRE PROVIMENTO ;;;Função de Confiança;;DIRETOR DE DEPARTAMENTO
;Rescisão - Janeiro;CAMILLY HELEN DE SOUSA DIAS;ASSESSOR TÉCNICO (A) ADMINISTRATIVO;;0,00;;SECRETARIA MUNICIPAL DE EDUCAÇÃO;FUNDO DE MANUT. E DEC.DA EDUC.BASICA-FUNDEB;SME- DEPTOR ADM FUNDEB 30 % VI - COMISSIONADOS;COMISSIONADOS EDUCAÇÃO;623.XXX.XXX-43;463;40;;3;01/02/2024;01/01/2025;;01/2025;;;2 - Comissão;TEMPO DETERMINADO;;;Função de Confiança;;ASSESSOR TÉCNICO (A) ADMINISTRATIVO
;Rescisão - Janeiro;CARLA LARIZA RIBEIRO CARVALHO;DIRETOR DE DEPARTAMENTO;;0,00;;SECRETARIA MUNICIPAL DE EDUCAÇÃO;FUNDO DE MANUT. E DEC.DA EDUC.BASICA-FUNDEB;SME- DEPTOR ADM FUNDEB 30 % VI - COMISSIONADOS;COMISSIONADOS EDUCAÇÃO;025.XXX.XXX-09;443;40;;1;03/01/2022;01/01/2025;;01/2025;;;2 - Comissão;LIVRE PROVIMENTO ;;;Função de Confiança;;DIRETOR DE DEPARTAMENTO
;Folha Mensal - Janeiro;CARLA LARIZA RIBEIRO CARVALHO;COORDENADOR DE SERVIÇOS;162,12;1.892,24;2.054,36;SECRETARIA MUNICIPAL DE EDUCAÇÃO;FUNDO DE MANUT. E DEC.DA EDUC.BASICA-FUNDEB;SME- DEPTOR ADM FUNDEB 30 % VI - COMISSIONADOS;COMISSIONADOS EDUCAÇÃO;025.XXX.XXX-09;443;40;;2;02/01/2025;;;;;;2 - Comissão;TEMPO DETERMINADO;;;Função de Confiança;;COORDENADOR DE SERVIÇOS
;Folha Mensal - Janeiro;CARLA MARIANA DE SOUSA SANTOS;ASSESSOR TÉCNICO (A) ADMINISTRATIVO;110,05;1.357,35;1.467,40;SECRETARIA MUNICIPAL DE ASSISTENCIA SOCIAL;SECRETARIA MUNICIPAL DE ASSISTENCIA SOCIAL;SASC-DEPTO. ASSISTENCIA SOCIAL I;COMISSIONADOS;014.XXX.XXX-67;594;40;SEC MUN. DE ASSISTENCIA SOCIAL;1;02/01/2025;;;;;;2 - Comissão;TEMPO DETERMINADO;;;Função de Confiança;;ASSESSOR TÉCNICO (A) ADMINISTRATIVO
;Rescisão - Janeiro;CARLOS EDUARDO DE SOUSA LEAL;MONITOR(A);;0,00;;SECRETARIA MUNICIPAL DE EDUCAÇÃO;FUNDO DE MANUT. E DEC.DA EDUC.BASICA-FUNDEB;SME-DEPTO.CONTRATO-ENSINO FUNDEB 30%;CONTRATADOS  EDUCAÇÃO;066.XXX.XXX-13;341;40;;3;01/03/2023;01/01/2025;;01/2025;;;3 - Temporário;TEMPO DETERMINADO;;;Contrato Temporario;;MONITOR(A)
;Folha Mensal - Janeiro;CASSIANO JOSE DA SILVA;GARI;267,93;2.084,97;2.352,90;PREFEITURA MUNICIPAL DE PADRE MARCOS-PI;SECRETARIA MUNICIPAL  DE ADMINISTRAÇÃO;SEAD - DEPTO.ADMINISTRAÇÃO II;EFETIVOS;029.XXX.XXX-18;3;40;;1;19/01/2015;;;;;;1 - Efetivo;CONCURSO PUBLICO ;;;Efetivo;;GARI
;Folha Mensal - Janeiro;CHESMA MARIA CASTRO SILVA LIMA;PROFESSOR SE 40H;2.292,78;6.031,12;8.323,90;SECRETARIA MUNICIPAL DE EDUCAÇÃO;SECRETARIA MUNICIPAL DE EDUCAÇÃO;SME- DEPTOR ENSINO FUNDEB 70% III;EFETIVO - PROFESSORES;628.XXX.XXX-68;208;40;UNIDADE ESCOLAR MUNICIPAL CÂNDIDA MACEDO;1;02/02/1998;;;;;;1 - Efetivo;CONCURSO PUBLICO ;;;Efetivo;;PROFESSOR SE 40H
;Rescisão - Janeiro;CLAUDÉCIO DIAS GRANJA;ASSESSOR TÉCNICO (A) ADMINISTRATIVO;;0,00;;PREFEITURA MUNICIPAL DE PADRE MARCOS-PI;SECRETARIA MUNICIPAL  DE ADMINISTRAÇÃO;SEAD -  DEPTO. ADMINISTRAÇÃO V- COMISSIONADOS;COMISSIONADOS;041.XXX.XXX-04;458;40;;1;01/04/2022;01/01/2025;;01/2025;;;2 - Comissão;TEMPO DETERMINADO;;;Função de Confiança;;ASSESSOR TÉCNICO (A) ADMINISTRATIVO
;Folha Mensal - Janeiro;CLAUDÉCIO DIAS GRANJA;ASSESSOR TÉCNICO (A) ADMINISTRATIVO;188,53;2.159,31;2.347,84;PREFEITURA MUNICIPAL DE PADRE MARCOS-PI;SECRETARIA MUNICIPAL  DE ADMINISTRAÇÃO;SMO - SECRETARIA DE OBRAS;COMISSIONADOS;041.XXX.XXX-04;458;40;;2;02/01/2025;;;;;;2 - Comissão;TEMPO DETERMINADO;;;Função de Confiança;;ASSESSOR TÉCNICO (A) ADMINISTRATIVO
;Rescisão - Janeiro;CLAUDINEIA MARIA DE MACEDO;DIRETOR(A) DE ESCOLA;;0,00;;SECRETARIA MUNICIPAL DE EDUCAÇÃO;SECRETARIA MUNICIPAL DE EDUCAÇÃO;SME- DEPTOR. ENSINO FUNDEB 70% V - COMISSIONADOS;COMISSIONADOS EDUCAÇÃO;859.XXX.XXX-91;360;40;;2;01/02/2021;01/01/2025;;01/2025;;;2 - Comissão;LIVRE PROVIMENTO ;;;Função de Confiança;;DIRETOR(A) DE ESCOLA
;Folha Mensal - Janeiro;CLAUDINEIA MARIA DE MACEDO;DIRETOR(A) DE ESCOLA;179,93;2.072,40;2.252,33;SECRETARIA MUNICIPAL DE EDUCAÇÃO;SECRETARIA MUNICIPAL DE EDUCAÇÃO;SME- DEPTOR. ENSINO FUNDEB 70% V - COMISSIONADOS;COMISSIONADOS EDUCAÇÃO;859.XXX.XXX-91;360;40;;3;02/01/2025;;;;;;2 - Comissão;LIVRE PROVIMENTO ;;;Função de Confiança;;DIRETOR(A) DE ESCOLA
;Folha Mensal - Janeiro;CLEBSON ELISON DE ARAUJO;CONSELHEIRO TUTELAR;113,85;1.404,15;1.518,00;SECRETARIA MUNICIPAL DE ASSISTENCIA SOCIAL;SECRETARIA MUNICIPAL DE ASSISTENCIA SOCIAL;SASC-ASSISTENCIA SOCIAL - CONSELHO;ELETIVOS;051.XXX.XXX-76;32;40;SEC MUN. DE ASSISTENCIA SOCIAL;3;10/01/2024;;;;;;7 - Conselheiro;ELEICAO/INDICACAO;;;Contrato Temporario;;CONSELHEIRO TUTELAR
;Rescisão - Janeiro;CLEIDIANO HENRIQUE DA SILVA;DIRETOR DE DEPARTAMENTO;;0,00;;PREFEITURA MUNICIPAL DE PADRE MARCOS-PI;SECRETARIA MUNICIPAL  DE ADMINISTRAÇÃO;SEAD -  DEPTO. ADMINISTRAÇÃO V- COMISSIONADOS;COMISSIONADOS;013.XXX.XXX-70;290;40;PREDIO DA PREFEITURA;1;02/01/2018;01/01/2025;;01/2025;;;2 - Comissão;LIVRE PROVIMENTO ;;;Função de Confiança;;DIRETOR DE DEPARTAMENTO
;Folha Mensal - Janeiro;CLEIDIANO HENRIQUE DA SILVA;DIRETOR DE DEPARTAMENTO;142,31;1.691,94;1.834,25;PREFEITURA MUNICIPAL DE PADRE MARCOS-PI;SECRETARIA MUNICIPAL  DE ADMINISTRAÇÃO;SEAD -  DEPTO. ADMINISTRAÇÃO V- COMISSIONADOS;COMISSIONADOS;013.XXX.XXX-70;290;40;PREDIO DA PREFEITURA;2;02/01/2025;;;;;;2 - Comissão;LIVRE PROVIMENTO ;;;Função de Confiança;;DIRETOR DE PROGRAMAS E POJETOS DO SETOR DE TRIBUTOS
;Folha Mensal - Janeiro;CLEIVIMAR MARIA DE SOUSA;GARI;267,93;2.084,97;2.352,90;PREFEITURA MUNICIPAL DE PADRE MARCOS-PI;SECRETARIA MUNICIPAL  DE ADMINISTRAÇÃO;SEAD - DEPTO.ADMINISTRAÇÃO II;EFETIVOS;026.XXX.XXX-02;5;40;;1;19/01/2015;;;;;;1 - Efetivo;CONCURSO PUBLICO ;;;Efetivo;;GARI
;Rescisão - Janeiro;CLENILDA JOSINA DE JESUS;DIRETOR DE DEPARTAMENTO;;0,00;;SECRETARIA MUNICIPAL DE EDUCAÇÃO;FUNDO DE MANUT. E DEC.DA EDUC.BASICA-FUNDEB;SME- DEPTOR ADM FUNDEB 30 % VI - COMISSIONADOS;COMISSIONADOS;001.XXX.XXX-59;512;40;;1;01/04/2023;01/01/2025;;01/2025;;;2 - Comissão;LIVRE PROVIMENTO ;;;Função de Confiança;;DIRETOR DE DEPARTAMENTO
;Folha Mensal - Janeiro;CLENILDA JOSINA DE JESUS;DIRETOR DE DEPARTAMENTO;110,05;1.357,35;1.467,40;SECRETARIA MUNICIPAL DE EDUCAÇÃO;FUNDO DE MANUT. E DEC.DA EDUC.BASICA-FUNDEB;SME- DEPTOR ADM FUNDEB 30 % VI - COMISSIONADOS;COMISSIONADOS;001.XXX.XXX-59;512;40;;2;02/01/2025;;;04/2025;;;2 - Comissão;LIVRE PROVIMENTO ;;;Função de Confiança;;DIRETOR DE DEPARTAMENTO
;Rescisão - Janeiro;CLENILSA JOSEFA LEAL;DIRETOR DE DEPARTAMENTO;;0,00;;SECRETARIA MUNICIPAL DE EDUCAÇÃO;FUNDO DE MANUT. E DEC.DA EDUC.BASICA-FUNDEB;SME- DEPTOR ADM FUNDEB 30 % VI - COMISSIONADOS;COMISSIONADOS;044.XXX.XXX-08;483;40;;1;01/01/2023;01/01/2025;;01/2025;;;2 - Comissão;LIVRE PROVIMENTO ;;;Contrato Temporario;;DIRETOR DE DEPARTAMENTO
;Folha Mensal - Janeiro;CLENILSA JOSEFINA LEAL;DIRETOR DE DEPARTAMENTO;124,61;1.513,01;1.637,62;SECRETARIA MUNICIPAL DE EDUCAÇÃO;FUNDO DE MANUT. E DEC.DA EDUC.BASICA-FUNDEB;SME- DEPTOR ADM FUNDEB 30 % VI - COMISSIONADOS;COMISSIONADOS;044.XXX.XXX-08;483;40;;2;02/01/2025;;;01/2026;;;2 - Comissão;LIVRE PROVIMENTO ;;;Contrato Temporario;;DIRETOR DE DEPARTAMENTO
;Rescisão - Janeiro;CLOVIS FRANCISCO DE MORAIS;MONITOR(A);;0,00;;SECRETARIA MUNICIPAL DE EDUCAÇÃO;FUNDO DE MANUT. E DEC.DA EDUC.BASICA-FUNDEB;SME-DEPTO.CONTRATO-ENSINO FUNDEB 30%;CONTRATO TEMPORÁRIO;065.XXX.XXX-11;409;40;;3;02/03/2023;01/01/2025;01/2023;01/2025;;;3 - Temporário;TEMPO DETERMINADO;;;Contrato Temporario;;MONITOR(A)
;Folha Mensal - Janeiro;CONCEIÇÃO DE MARIA DE ARAUJO BEZERRA;FISIOTERAPEUTA;684,64;3.551,33;4.235,97;SECRETARIA MUNICIPAL DE SAUDE;SECRETARIA MUNICIPAL DE SAUDE;SMS - SEC. SAUDE NASF II - PAB;EFETIVOS;030.XXX.XXX-41;126;40;;1;02/02/2015;;;01/2022;;;1 - Efetivo;CONCURSO PUBLICO ;;;Efetivo;;FISIOTERAPEUTA
;Rescisão - Janeiro;CRISTINA MARIA LEAL;MONITOR(A);;0,00;;SECRETARIA MUNICIPAL DE EDUCAÇÃO;FUNDO DE MANUT. E DEC.DA EDUC.BASICA-FUNDEB;SME-DEPTO.CONTRATO-ENSINO FUNDEB 30%;CONTRATADOS  EDUCAÇÃO;908.XXX.XXX-68;311;40;;4;01/02/2024;01/01/2025;;01/2025;;;3 - Temporário;TEMPO DETERMINADO;;;Contrato Temporario;;MONITOR(A)
;Rescisão - Janeiro;DAIANA KELLY DA SILVA;DIRETOR DE DEPARTAMENTO;;0,00;;SECRETARIA MUNICIPAL DE EDUCAÇÃO;FUNDO DE MANUT. E DEC.DA EDUC.BASICA-FUNDEB;SME- DEPTOR ADM FUNDEB 30 % VI - COMISSIONADOS;COMISSIONADOS;037.XXX.XXX-75;530;40;SECRETARIA MUNICIPAL DE EDUCAÇÃO;1;01/12/2023;01/01/2025;;01/2025;;;2 - Comissão;LIVRE PROVIMENTO ;;;Função de Confiança;;DIRETOR DE DEPARTAMENTO
;Folha Mensal - Janeiro;DAIANA KELLY DA SILVA;DIRETOR DE DEPARTAMENTO;110,05;1.357,35;1.467,40;SECRETARIA MUNICIPAL DE EDUCAÇÃO;FUNDO DE MANUT. E DEC.DA EDUC.BASICA-FUNDEB;SME- DEPTOR ADM FUNDEB 30 % VI - COMISSIONADOS;COMISSIONADOS;037.XXX.XXX-75;530;40;SECRETARIA MUNICIPAL DE EDUCAÇÃO;2;02/01/2025;;;;;;2 - Comissão;LIVRE PROVIMENTO ;;;Função de Confiança;;DIRETOR DE DEPARTAMENTO
;Rescisão - Janeiro;DALILA ANTONIA LEAL;AG.COMUNITÁRIO DE SAÚDE;;0,00;;SECRETARIA MUNICIPAL DE SAUDE;SECRETARIA MUNICIPAL DE SAUDE;SMS - SEC.DE SAUDE - ACS I - PAB;CONTRATO TEMPORÁRIO;002.XXX.XXX-08;243;40;SECRETARIA MUNICIPAL DE SAÚDE;6;02/03/2023;01/01/2025;;01/2025;;;3 - Temporário;TEMPO DETERMINADO;;;Contrato Temporario;;AG.COMUNITÁRIO DE SAÚDE
;Folha Mensal - Janeiro;DALILA ANTONIA LEAL;AG.COMUNITÁRIO DE SAÚDE;372,83;3.429,36;3.802,19;SECRETARIA MUNICIPAL DE SAUDE;SECRETARIA MUNICIPAL DE SAUDE;SMS - SEC.DE SAUDE - ACS I - PAB;CONTRATO TEMPORÁRIO;002.XXX.XXX-08;243;40;SECRETARIA MUNICIPAL DE SAÚDE;7;02/01/2025;;;;;;3 - Temporário;TEMPO DETERMINADO;;;Contrato Temporario;;AG.COMUNITÁRIO DE SAÚDE
;Rescisão - Janeiro;DALVA MARIA DA SILVA;CONTROLADOR GERAL;;0,00;;PREFEITURA MUNICIPAL DE PADRE MARCOS-PI;GABINETE DO PREFEITO;GABINETE DO PREFEITO;COMISSIONADOS;322.XXX.XXX-15;113;40;;2;01/10/2023;01/01/2025;;01/2025;;;3 - Temporário;TEMPO DETERMINADO;;;Contrato Temporario;;CONTROLADOR GERAL
;Folha Mensal - Janeiro;DALVA MARIA DA SILVA;CONTROLADOR GERAL;173,46;2.006,95;2.180,41;PREFEITURA MUNICIPAL DE PADRE MARCOS-PI;GABINETE DO PREFEITO;GABINETE DO PREFEITO;COMISSIONADOS;322.XXX.XXX-15;113;40;;3;02/01/2025;;;;;;3 - Temporário;TEMPO DETERMINADO;;;Contrato Temporario;;CONTROLADOR GERAL
;Folha Mensal - Janeiro;DARCILENE MOURA ARAÚJO SOUSA;PROFESSOR SE 40H;2.104,82;5.659,28;7.764,10;SECRETARIA MUNICIPAL DE EDUCAÇÃO;SECRETARIA MUNICIPAL DE EDUCAÇÃO;SME- DEPTO ENSINO INFANTIL FUNDEB 70% - EFETIVOS;EFETIVO - PROFESSORES;330.XXX.XXX-68;168;40;CRECHE PRÉ-ESCOLAR MARGARIDA DE JESUS ALENCAR ( TIA GUIDA);1;15/02/2000;;;019/2023;;;1 - Efetivo;CONCURSO PUBLICO ;;;Efetivo;;PROFESSOR SE 40H
;Rescisão - Janeiro;DAUAN DANIEL DE SOUSA;PROFESSOR SL 40H - CELETISTA;;0,00;;SECRETARIA MUNICIPAL DE EDUCAÇÃO;SECRETARIA MUNICIPAL DE EDUCAÇÃO;SME - DEPTOR. ENSINO FUNDEB 70% IV - CELETISTAS;CONTRATADOS  EDUCAÇÃO;050.XXX.XXX-97;489;40;;2;01/02/2024;01/01/2025;;01/2025;;;3 - Temporário;TEMPO DETERMINADO;;;Contrato Temporario;;PROFESSOR SL 40H - CELETISTA
;Rescisão - Janeiro;DEBORA LIMA BARROS;PSICOLOGO;;0,00;;SECRETARIA MUNICIPAL DE ASSISTENCIA SOCIAL;FUNDO MUNICIPAL DE ASSISTENCIA SOCIAL-FMAS;CENTRO DE REFERENCIA. ASSISTENCIA SOCIAL-CRAS-PSB;CONTRATO TEMPORÁRIO;046.XXX.XXX-07;498;40;;2;01/02/2024;01/01/2025;;01/2025;;;3 - Temporário;TEMPO DETERMINADO;;;Contrato Temporario;;PSICOLOGO
;Rescisão - Janeiro;DEBORA RIBEIRO LEAL DIAS;VISITADOR PCF;;0,00;;SECRETARIA MUNICIPAL DE ASSISTENCIA SOCIAL;SECRETARIA MUNICIPAL DE ASSISTENCIA SOCIAL; PROG.CRIANÇA FELIZ;CONTRATADOS  EDUCAÇÃO;068.XXX.XXX-92;265;40;;3;01/03/2023;01/01/2025;;01/2025;;;3 - Temporário;TEMPO DETERMINADO;;;Contrato Temporario;;VISITADOR PCF
;Folha Mensal - Janeiro;DEUSDARIA DE SOUSA MACEDO CARVALHO;PROFESSOR SE 40H;2.292,78;6.031,12;8.323,90;SECRETARIA MUNICIPAL DE EDUCAÇÃO;SECRETARIA MUNICIPAL DE EDUCAÇÃO;SME- DEPTOR ENSINO FUNDEB 70% II;EFETIVO - PROFESSORES;839.XXX.XXX-34;169;40;U.E.M. JOSE DE MOURA LEAL;1;02/02/1998;;;;;;1 - Efetivo;CONCURSO PUBLICO ;;;Efetivo;;PROFESSOR SE 40H
;Folha Mensal - Janeiro;DOMINGOS ALFREDO DA SILVA;AG. COMUNITARIO DE SAÚDE;1.525,03;2.873,57;4.398,60;SECRETARIA MUNICIPAL DE SAUDE;SECRETARIA MUNICIPAL DE SAUDE;SMS - SEC.DE SAUDE - ACS I - PAB;EFETIVOS;014.XXX.XXX-33;46;40;SECRETARIA MUNICIPAL DE SAÚDE;1;01/04/2008;;;;;;1 - Efetivo;CONCURSO PUBLICO ;;;Efetivo;;AG. COMUNITARIO DE SAÚDE
;Rescisão - Janeiro;DOMINGOS ALFREDO DA SILVA;DIRETOR ADJUNTO;;0,00;;SECRETARIA MUNICIPAL DE EDUCAÇÃO;SECRETARIA MUNICIPAL DE EDUCAÇÃO;SME- DEPTOR. ENSINO FUNDEB 70% V - COMISSIONADOS;COMISSIONADOS EDUCAÇÃO;014.XXX.XXX-33;46;40;UNIDADE ESCOLAR MUNICIPAL DAVI SEVERIANO DE CARVALHO;4;01/03/2019;01/01/2025;;01/2025;;;3 - Temporário;TEMPO DETERMINADO;;;Função de Confiança;;DIRETOR ADJUNTO
;Folha Mensal - Janeiro;DOMINGOS ALFREDO DA SILVA;DIRETOR ADJUNTO;714,95;1.537,38;2.252,33;SECRETARIA MUNICIPAL DE EDUCAÇÃO;SECRETARIA MUNICIPAL DE EDUCAÇÃO;SME- DEPTOR. ENSINO FUNDEB 70% V - COMISSIONADOS;COMISSIONADOS EDUCAÇÃO;014.XXX.XXX-33;46;40;UNIDADE ESCOLAR MUNICIPAL DAVI SEVERIANO DE CARVALHO;5;02/01/2025;;;;;;3 - Temporário;TEMPO DETERMINADO;;;Função de Confiança;;DIRETOR ADJUNTO
;Rescisão - Janeiro;EDELSON EDIMILSON DA SILVA;COORDENADOR(A) PEDAGÓGICO;;0,00;;SECRETARIA MUNICIPAL DE EDUCAÇÃO;SECRETARIA MUNICIPAL DE EDUCAÇÃO;SME- DEPTOR. ENSINO FUNDEB 70% V - COMISSIONADOS;COMISSIONADOS EDUCAÇÃO;066.XXX.XXX-48;244;40;;4;01/02/2021;01/01/2025;;01/2025;;;2 - Comissão;TEMPO DETERMINADO;;;Função de Confiança;;COORDENADOR(A) PEDAGÓGICO
;Folha Mensal - Janeiro;EDELSON EDIMILSON DA SILVA;COORDENADOR(A) PEDAGÓGICO;177,32;2.046,01;2.223,33;SECRETARIA MUNICIPAL DE EDUCAÇÃO;SECRETARIA MUNICIPAL DE EDUCAÇÃO;SME- DEPTOR. ENSINO FUNDEB 70% V - COMISSIONADOS;COMISSIONADOS EDUCAÇÃO;066.XXX.XXX-48;244;40;;5;02/01/2025;;;;;;2 - Comissão;TEMPO DETERMINADO;;;Função de Confiança;;COORDENADOR(A) PEDAGÓGICO
;Folha Mensal - Janeiro;EDENA MARIA DE SOUSA;TECNICO EM ENFERMAGEM;244,40;1.804,90;2.049,30;SECRETARIA MUNICIPAL DE SAUDE;SECRETARIA MUNICIPAL DE SAUDE;SMS-DEPTOR.SEC. DE SAUDE II - FUS;EFETIVOS;397.XXX.XXX-34;16;40;SECRETARIA MUNICIPAL DE SAÚDE;1;02/02/2015;;;20/2022;;;1 - Efetivo;CONCURSO PUBLICO ;;;Efetivo;;TECNICO EM ENFERMAGEM
;Folha Complementar c/ Encargos - Janeiro;EDENA MARIA DE SOUSA;TECNICO EM ENFERMAGEM;277,60;-277,60;;SECRETARIA MUNICIPAL DE SAUDE;SECRETARIA MUNICIPAL DE SAUDE;SMS-DEPTOR.SEC. DE SAUDE II - FUS;EFETIVOS;397.XXX.XXX-34;16;40;SECRETARIA MUNICIPAL DE SAÚDE;1;02/02/2015;;;20/2022;;;1 - Efetivo;CONCURSO PUBLICO ;;;Efetivo;;TECNICO EM ENFERMAGEM
;Folha Mensal - Janeiro;EDILENE MACEDO SILVA;PROFESSOR SE 40H;1.860,05;5.344,26;7.204,31;SECRETARIA MUNICIPAL DE EDUCAÇÃO;SECRETARIA MUNICIPAL DE EDUCAÇÃO;SME- DEPTO ENSINO INFANTIL FUNDEB 70% - EFETIVOS;EFETIVO - PROFESSORES;035.XXX.XXX-75;134;40;CRECHE PRÉ-ESCOLAR MARGARIDA DE JESUS ALENCAR ( TIA GUIDA);1;02/03/2015;;;;;;1 - Efetivo;CONCURSO PUBLICO ;;;Efetivo;;PROFESSOR SE 40H
;Folha Mensal - Janeiro;EDILSON ANTONIO DA SILVA;VIGILANTE;261,86;1.483,84;1.745,70;SECRETARIA MUNICIPAL DE EDUCAÇÃO;FUNDO DE MANUT. E DEC.DA EDUC.BASICA-FUNDEB;SME- DEPTO ADM. FUNDEB 30% IV;EFETIVOS;319.XXX.XXX-40;102;40;U.E.M. JOSE DE MOURA LEAL;1;02/03/2015;;;;;;1 - Efetivo;CONCURSO PUBLICO ;;;Efetivo;;VIGILANTE
;Folha Mensal - Janeiro;EDIMAR BENEDITO DA SILVA;AUX.JUNTA SERV. MILITAR;341,00;2.094,70;2.435,70;PREFEITURA MUNICIPAL DE PADRE MARCOS-PI;SECRETARIA MUNICIPAL  DE ADMINISTRAÇÃO;SEAD - DEPTO. ADMINISTRAÇÃO III;TEMPO DE SERVIÇO;159.XXX.XXX-34;114;40;;1;01/06/1984;;;10/2025;;;1 - Efetivo;CONCURSO PUBLICO ;;;Efetivo;;AUX.JUNTA SERV. MILITAR
;Rescisão - Janeiro;EDINALDA DE ARAUJO SILVA;PROFESSORA DE EJA - CELETISTA;;0,00;;SECRETARIA MUNICIPAL DE EDUCAÇÃO;SECRETARIA MUNICIPAL DE EDUCAÇÃO;SME-DEPTOR. ENSINO FUNDEB 70%  VI EJA;CONTRATADOS  EDUCAÇÃO;877.XXX.XXX-53;300;40;UNIDADE ESCOLAR MUNICIPAL DAVI SEVERIANO DE CARVALHO;5;01/02/2024;01/01/2025;;01/2025;;;3 - Temporário;TEMPO DETERMINADO;;;Contrato Temporario;;PROFESSOR SL 40H - CELETISTA
;Rescisão - Janeiro;EDJENANE MACEDO MOURA;DIRETOR(A) DE ESCOLA;;0,00;;SECRETARIA MUNICIPAL DE EDUCAÇÃO;SECRETARIA MUNICIPAL DE EDUCAÇÃO;SME- DEPTOR. ENSINO FUNDEB 70% V - COMISSIONADOS;COMISSIONADOS EDUCAÇÃO;953.XXX.XXX-20;302;40;CRECHE PRÉ-ESCOLAR MARGARIDA DE JESUS ALENCAR ( TIA GUIDA);2;01/03/2019;01/01/2025;;01/2025;;;2 - Comissão;LIVRE PROVIMENTO ;;;Função de Confiança;;DIRETOR(A) DE ESCOLA
;Folha Mensal - Janeiro;EDJENANE MACEDO MOURA;DIRETOR(A) DE ESCOLA;179,93;2.072,40;2.252,33;SECRETARIA MUNICIPAL DE EDUCAÇÃO;SECRETARIA MUNICIPAL DE EDUCAÇÃO;SME- DEPTOR. ENSINO FUNDEB 70% V - COMISSIONADOS;COMISSIONADOS EDUCAÇÃO;953.XXX.XXX-20;302;40;CRECHE PRÉ-ESCOLAR MARGARIDA DE JESUS ALENCAR ( TIA GUIDA);3;02/01/2025;;;;;;2 - Comissão;LIVRE PROVIMENTO ;;;Função de Confiança;;DIRETOR(A) DE ESCOLA
;Rescisão - Janeiro;EDSON LOPES DA SILVA;ASSESSOR TÉCNICO (A) ADMINISTRATIVO;;0,00;;PREFEITURA MUNICIPAL DE PADRE MARCOS-PI;SECRETARIA MUNICIPAL  DE ADMINISTRAÇÃO;SEAD -  DEPTO. ADMINISTRAÇÃO V- COMISSIONADOS;COMISSIONADOS;023.XXX.XXX-65;511;40;;2;01/03/2024;01/01/2025;;01/2025;;;2 - Comissão;TEMPO DETERMINADO;;;Função de Confiança;;ASSESSOR TÉCNICO (A) ADMINISTRATIVO
;Folha Mensal - Janeiro;EDSON LOPES DA SILVA;ASSESSOR TÉCNICO (A) ADMINISTRATIVO;110,05;1.357,35;1.467,40;PREFEITURA MUNICIPAL DE PADRE MARCOS-PI;SECRETARIA MUNICIPAL  DE ADMINISTRAÇÃO;SMO - SECRETARIA DE OBRAS;COMISSIONADOS;023.XXX.XXX-65;511;40;;3;02/01/2025;;;07/205;;;2 - Comissão;TEMPO DETERMINADO;;;Função de Confiança;;ASSESSOR TÉCNICO (A) ADMINISTRATIVO
;Folha Mensal - Janeiro;EDSON MACEDO CARVALHO;PROFESSOR SE 40H;2.292,78;6.031,12;8.323,90;SECRETARIA MUNICIPAL DE EDUCAÇÃO;SECRETARIA MUNICIPAL DE EDUCAÇÃO;SME- DEPTOR ENSINO FUNDEB 70% II;EFETIVO - PROFESSORES;553.XXX.XXX-15;172;40;UNIDADE ESCOLAR MUNICIPAL CÂNDIDA MACEDO;1;02/02/1998;;;016/2023;;;1 - Efetivo;CONCURSO PUBLICO ;;;Efetivo;;PROFESSOR SE 40H
;Folha Mensal - Janeiro;EDVAR JOSE DE ARAUJO;AG. COMUNITARIO DE SAÚDE;708,78;3.689,82;4.398,60;SECRETARIA MUNICIPAL DE SAUDE;SECRETARIA MUNICIPAL DE SAUDE;SMS - SEC.DE SAUDE - ACS I - PAB;EFETIVOS;819.XXX.XXX-15;47;40;;1;18/03/2003;;;;;;1 - Efetivo;CONCURSO PUBLICO ;;;Efetivo;;AG. COMUNITARIO DE SAÚDE
;Folha Mensal - Janeiro;EIDE JOSE RIBEIRO;VIGILANTE;223,15;1.674,35;1.897,50;PREFEITURA MUNICIPAL DE PADRE MARCOS-PI;SECRETARIA MUNICIPAL  DE ADMINISTRAÇÃO;SEAD - DEPTO. ADMINISTRAÇÃO III;EFETIVOS;818.XXX.XXX-87;115;40;;1;02/03/1999;;;;;;1 - Efetivo;CONCURSO PUBLICO ;;;Efetivo;;VIGILANTE
;Folha Mensal - Janeiro;ELAINE DE SOUSA CARVALHO;NUTRICIONISTA;629,80;3.694,20;4.324,00;SECRETARIA MUNICIPAL DE SAUDE;SECRETARIA MUNICIPAL DE SAUDE;SMS - SEC. SAUDE NASF II - PAB;EFETIVOS;024.XXX.XXX-27;127;40;;1;02/02/2015;;;;;;1 - Efetivo;CONCURSO PUBLICO ;;;Efetivo;;NUTRICIONISTA
;Rescisão - Janeiro;ELIALDO ELISVALDO DE MACEDO;DIRETOR DE DEPARTAMENTO;;0,00;;SECRETARIA MUNICIPAL DE EDUCAÇÃO;FUNDO DE MANUT. E DEC.DA EDUC.BASICA-FUNDEB;SME- DEPTOR ADM FUNDEB 30 % VI - COMISSIONADOS;COMISSIONADOS EDUCAÇÃO;036.XXX.XXX-32;381;40;;1;04/01/2021;01/01/2025;;01/2025;;;2 - Comissão;LIVRE PROVIMENTO ;;;Função de Confiança;;DIRETOR DE DEPARTAMENTO
;Folha Mensal - Janeiro;ELIALDO ELISVALDO DE MACEDO;DIRETOR DE DEPARTAMENTO;162,12;1.892,24;2.054,36;SECRETARIA MUNICIPAL DE EDUCAÇÃO;FUNDO DE MANUT. E DEC.DA EDUC.BASICA-FUNDEB;SME- DEPTOR ADM FUNDEB 30 % VI - COMISSIONADOS;COMISSIONADOS EDUCAÇÃO;036.XXX.XXX-32;381;40;;2;02/01/2025;;;06/2025;;;2 - Comissão;LIVRE PROVIMENTO ;;;Função de Confiança;;DIRETOR DE DEPARTAMENTO
;Folha Mensal - Janeiro;ELIANA RODRIGUES DE SOUSA;PROFESSOR SE 40H;4.192,77;4.131,13;8.323,90;SECRETARIA MUNICIPAL DE EDUCAÇÃO;SECRETARIA MUNICIPAL DE EDUCAÇÃO;SME- DEPTOR ENSINO FUNDEB 70% II;EFETIVO - PROFESSORES;628.XXX.XXX-34;174;40;CRECHE PRÉ-ESCOLAR MARGARIDA DE JESUS ALENCAR ( TIA GUIDA);1;02/02/1998;;;;;;1 - Efetivo;CONCURSO PUBLICO ;;;Efetivo;;PROFESSOR SE 40H
;Rescisão - Janeiro;ELIANE FRANCISCA DE SOUSA SILVA;PROFESSOR SL 40H - CELETISTA;;0,00;;SECRETARIA MUNICIPAL DE EDUCAÇÃO;SECRETARIA MUNICIPAL DE EDUCAÇÃO;SME - DEPTOR. ENSINO FUNDEB 70% IV - CELETISTAS;CONTRATADOS  EDUCAÇÃO;012.XXX.XXX-06;253;40;;6;01/02/2024;01/01/2025;;01/2025;;;3 - Temporário;TEMPO DETERMINADO;;;Contrato Temporario;;PROFESSOR SL 40H - CELETISTA
;Folha Mensal - Janeiro;ELINEIDE MARIA DA SILVA ARAÚJO ALMEIDA;COZINHEIRO (A);244,40;1.563,34;1.807,74;SECRETARIA MUNICIPAL DE EDUCAÇÃO;FUNDO DE MANUT. E DEC.DA EDUC.BASICA-FUNDEB;SME- DEPTO. ADM.FUNDEB 30% I;EFETIVOS;024.XXX.XXX-77;68;40;U.E.M. JOSE DE MOURA LEAL;1;01/04/2015;;;;;;1 - Efetivo;CONCURSO PUBLICO ;;;Efetivo;;COZINHEIRO (A)
;Rescisão - Janeiro;ELIO ZACARIAS DA SILVA JUNIOR;AUX. DE SERVIÇOS GERAIS;;0,00;;SECRETARIA MUNICIPAL DE EDUCAÇÃO;FUNDO DE MANUT. E DEC.DA EDUC.BASICA-FUNDEB;SME-DEPTO.CONTRATO-ENSINO FUNDEB 30%;CONTRATADOS  EDUCAÇÃO;006.XXX.XXX-05;412;40;;2;01/03/2023;01/01/2025;;01/2025;;;3 - Temporário;TEMPO DETERMINADO;;;Contrato Temporario;;AUX. DE SERVIÇOS GERAIS
;Folha Mensal - Janeiro;ELIO ZACARIAS DA SILVA JUNIOR;ASSESSOR TÉCNICO (A) ADMINISTRATIVO;110,05;1.357,35;1.467,40;SECRETARIA MUNICIPAL DE EDUCAÇÃO;FUNDO DE MANUT. E DEC.DA EDUC.BASICA-FUNDEB;SME- DEPTOR ADM FUNDEB 30 % VI - COMISSIONADOS;COMISSIONADOS EDUCAÇÃO;006.XXX.XXX-05;412;40;;3;02/01/2025;;;;;;2 - Comissão;TEMPO DETERMINADO;;;Contrato Temporario;;ASSESSOR TÉCNICO (A) ADMINISTRATIVO
;Rescisão - Janeiro;ELISVAN JACINTO GOMES CARVALHO;ASSESSOR TÉCNICO (A) ADMINISTRATIVO;;0,00;;SECRETARIA MUNICIPAL DE EDUCAÇÃO;FUNDO DE MANUT. E DEC.DA EDUC.BASICA-FUNDEB;SME- DEPTOR ADM FUNDEB 30 % VI - COMISSIONADOS;COMISSIONADOS EDUCAÇÃO;835.XXX.XXX-10;430;40;;1;01/08/2021;01/01/2025;;01/2025;;;2 - Comissão;TEMPO DETERMINADO;;;Função de Confiança;;ASSESSOR TÉCNICO (A) ADMINISTRATIVO
;Folha Mensal - Janeiro;ELISVAN JACINTO GOMES CARVALHO;ASSESSOR TÉCNICO (A) ADMINISTRATIVO;188,53;2.159,31;2.347,84;SECRETARIA MUNICIPAL DE EDUCAÇÃO;FUNDO DE MANUT. E DEC.DA EDUC.BASICA-FUNDEB;SME- DEPTOR ADM FUNDEB 30 % VI - COMISSIONADOS;COMISSIONADOS EDUCAÇÃO;835.XXX.XXX-10;430;40;;2;02/01/2025;;;;;;2 - Comissão;TEMPO DETERMINADO;;;Função de Confiança;;ASSESSOR TÉCNICO (A) ADMINISTRATIVO
;Rescisão - Janeiro;ELITÂNIA JOSEFA DE CARVALHO MACEDO;VISITADOR PCF;;0,00;;SECRETARIA MUNICIPAL DE ASSISTENCIA SOCIAL;SECRETARIA MUNICIPAL DE ASSISTENCIA SOCIAL; PROG.CRIANÇA FELIZ;COMISSIONADOS;080.XXX.XXX-03;500;40;;1;01/03/2023;01/01/2025;;01/2025;;;3 - Temporário;TEMPO DETERMINADO;;;Contrato Temporario;;VISITADOR PCF
;Rescisão - Janeiro;ELITANIA MARIA CONCEIÇÃO;PROFESSOR SL 40H - CELETISTA;;0,00;;SECRETARIA MUNICIPAL DE EDUCAÇÃO;SECRETARIA MUNICIPAL DE EDUCAÇÃO;SME - DEPTOR. ENSINO FUNDEB 70% IV - CELETISTAS;CONTRATADOS  EDUCAÇÃO;966.XXX.XXX-87;249;40;UNIDADE ESCOLAR MUNICIPAL CÂNDIDA MACEDO;6;01/02/2024;01/01/2025;;01/2025;;;3 - Temporário;TEMPO DETERMINADO;;;Contrato Temporario;;PROFESSOR SL 40H - CELETISTA
;Folha Mensal - Janeiro;ELIUDE ERASMA ALVES;DIRETOR DE DEPARTAMENTO;110,05;1.357,35;1.467,40;SECRETARIA MUNICIPAL DE EDUCAÇÃO;FUNDO DE MANUT. E DEC.DA EDUC.BASICA-FUNDEB;SME- DEPTOR ADM FUNDEB 30 % VI - COMISSIONADOS;COMISSIONADOS EDUCAÇÃO;367.XXX.XXX-35;597;40;SECRETARIA MUNICIPAL DE EDUCAÇÃO;1;02/01/2025;;;;;;2 - Comissão;LIVRE PROVIMENTO ;;;Efetivo;;DIRETOR DE DEPARTAMENTO
;Folha Mensal - Janeiro;EMANOELA CONRADO SOUSA LIMA;PROFESSOR SE 40H;3.762,05;3.162,36;6.924,41;SECRETARIA MUNICIPAL DE EDUCAÇÃO;SECRETARIA MUNICIPAL DE EDUCAÇÃO;SME- DEPTO ENSINO INFANTIL FUNDEB 70% - EFETIVOS;EFETIVO - PROFESSORES;790.XXX.XXX-49;135;40;CRECHE PRÉ-ESCOLAR MARGARIDA DE JESUS ALENCAR ( TIA GUIDA);1;02/03/2015;;;;;;1 - Efetivo;CONCURSO PUBLICO ;;;Efetivo;;PROFESSOR SE 40H
;Rescisão - Janeiro;EMANUELA PAIVA SILVA;DIRETOR DE DEPARTAMENTO;;0,00;;SECRETARIA MUNICIPAL DE EDUCAÇÃO;FUNDO DE MANUT. E DEC.DA EDUC.BASICA-FUNDEB;SME- DEPTOR ADM FUNDEB 30 % VI - COMISSIONADOS;COMISSIONADOS EDUCAÇÃO;068.XXX.XXX-10;448;40;;1;01/02/2022;01/01/2025;;01/2025;;;2 - Comissão;LIVRE PROVIMENTO ;;;Função de Confiança;;DIRETOR DE DEPARTAMENTO
;Folha Mensal - Janeiro;EMANUELA PAIVA SILVA;DIRETOR DE DEPARTAMENTO;110,05;1.357,35;1.467,40;SECRETARIA MUNICIPAL DE EDUCAÇÃO;FUNDO DE MANUT. E DEC.DA EDUC.BASICA-FUNDEB;SME- DEPTOR ADM FUNDEB 30 % VI - COMISSIONADOS;COMISSIONADOS EDUCAÇÃO;068.XXX.XXX-10;448;40;;2;02/01/2025;;;;;;2 - Comissão;LIVRE PROVIMENTO ;;;Função de Confiança;;DIRETOR DE DEPARTAMENTO
;Rescisão - Janeiro;EMERSON ROBERTO DA SILVA;COORDENADOR DE SERVIÇOS;;0,00;;SECRETARIA MUNICIPAL DE ASSISTENCIA SOCIAL;SECRETARIA MUNICIPAL DE ASSISTENCIA SOCIAL;SASC-DEPTO. ASSISTENCIA SOCIAL I;COMISSIONADOS;068.XXX.XXX-30;453;40;;3;01/02/2024;01/01/2025;;01/2025;;;2 - Comissão;TEMPO DETERMINADO;;;Função de Confiança;;COORDENADOR DE SERVIÇOS
;Folha Mensal - Janeiro;EMERSON ROBERTO DA SILVA;COORDENADOR DE SERVIÇOS;110,05;1.357,35;1.467,40;SECRETARIA MUNICIPAL DE ASSISTENCIA SOCIAL;SECRETARIA MUNICIPAL DE ASSISTENCIA SOCIAL;SASC-DEPTO. ASSISTENCIA SOCIAL I;COMISSIONADOS;068.XXX.XXX-30;453;40;;4;02/01/2025;;;210/2025;;;2 - Comissão;TEMPO DETERMINADO;;;Função de Confiança;;COORDENADOR DE SERVIÇOS
;Rescisão - Janeiro;ENOQUE HERMINO LEAL;DIRETOR DE DEPARTAMENTO;;0,00;;PREFEITURA MUNICIPAL DE PADRE MARCOS-PI;SECRETARIA MUNICIPAL  DE ADMINISTRAÇÃO;SEAD -  DEPTO. ADMINISTRAÇÃO V- COMISSIONADOS;COMISSIONADOS EDUCAÇÃO;869.XXX.XXX-20;469;40;;1;01/06/2022;01/01/2025;;01/2025;;;2 - Comissão;LIVRE PROVIMENTO ;;;Função de Confiança;;DIRETOR DE DEPARTAMENTO
;Folha Mensal - Janeiro;ERALDO CARVALHO GOMES;SECRETARIO DE  EDUCAÇÃO;315,78;1.939,82;2.255,60;PREFEITURA MUNICIPAL DE PADRE MARCOS-PI;SECRETARIA MUNICIPAL DE FINANÇAS;SECRETARIA MUNICIPAL DE EDUCAÇÃO;EFETIVOS;010.XXX.XXX-27;214;40;;1;02/03/2015;;;;;;5 - Função de Confiança;TEMPO DETERMINADO;;;Efetivo em Comissão;;AUX. DE SERV. GERAIS
;Rescisão - Janeiro;ERICK LOURAM DE CARVALHO;ASSESSOR ESPECIAL;;0,00;;SECRETARIA MUNICIPAL DE EDUCAÇÃO;FUNDO DE MANUT. E DEC.DA EDUC.BASICA-FUNDEB;SME- DEPTOR ADM FUNDEB 30 % VI - COMISSIONADOS;COMISSIONADOS EDUCAÇÃO;080.XXX.XXX-00;548;40;SECRETARIA MUNICIPAL DE EDUCAÇÃO;1;01/03/2024;01/01/2025;;01/2025;;;2 - Comissão;LIVRE PROVIMENTO ;;;Função de Confiança;;ASSESSOR ESPECIAL
;Folha Mensal - Janeiro;ERIK RAMON MACEDO;VIGILANTE;261,86;1.607,92;1.869,78;SECRETARIA MUNICIPAL DE EDUCAÇÃO;FUNDO DE MANUT. E DEC.DA EDUC.BASICA-FUNDEB;SME- DEPTO ADM. FUNDEB 30% IV;EFETIVOS;007.XXX.XXX-03;103;40;UNIDADE ESCOLAR MUNICIPAL DAVI SEVERIANO DE CARVALHO;1;27/02/2015;;;;;;1 - Efetivo;CONCURSO PUBLICO ;;;Efetivo;;VIGILANTE
;Rescisão - Janeiro;ERIMAR DE CARVALHO GOMES;SECRETARIO MUNICIPAL DE TRANSPORTE;;0,00;;PREFEITURA MUNICIPAL DE PADRE MARCOS-PI;SECRETARIA MUNICIPAL  DE ADMINISTRAÇÃO;ADM.SEC.MUNICIPAL DE TRANSPORTES;COMISSIONADOS;001.XXX.XXX-32;258;40;;2;01/02/2018;01/01/2025;;01/2025;;;2 - Comissão;LIVRE PROVIMENTO ;;;Função de Confiança;;SECRETARIO MUNICIPAL DE TRANSPORTE
;Folha Mensal - Janeiro;ERIMAR DE CARVALHO GOMES;SECRETARIO MUNICIPAL DE TRANSPORTE;173,46;2.006,95;2.180,41;PREFEITURA MUNICIPAL DE PADRE MARCOS-PI;SECRETARIA MUNICIPAL  DE ADMINISTRAÇÃO;ADM.SEC.MUNICIPAL DE TRANSPORTES;COMISSIONADOS;001.XXX.XXX-32;258;40;;3;02/01/2025;;;;;;2 - Comissão;LIVRE PROVIMENTO ;;;Função de Confiança;;SECRETARIO MUNICIPAL DE TRANSPORTE
;Rescisão - Janeiro;ERISVALDO FRANCISCO DA SILVA;AUX. DE SERVIÇOS GERAIS;;0,00;;SECRETARIA MUNICIPAL DE SAUDE;SECRETARIA MUNICIPAL DE SAUDE;SMS-DEPTO.SEC.SAUDE-CONTRATADOS - FUS;CONTRATO TEMPORÁRIO;022.XXX.XXX-70;256;40;;4;01/03/2023;01/01/2025;;01/2025;;;3 - Temporário;TEMPO DETERMINADO;;;Contrato Temporario;;AUX. DE SERVIÇOS GERAIS
;Folha Mensal - Janeiro;ERISVALDO FRANCISCO DA SILVA LIMA;AUX. DE SERVIÇOS GERAIS;110,05;1.357,35;1.467,40;SECRETARIA MUNICIPAL DE SAUDE;SECRETARIA MUNICIPAL DE SAUDE;SMS-DEPTO.SEC.SAUDE-CONTRATADOS - FUS;CONTRATO TEMPORÁRIO;022.XXX.XXX-70;256;40;;5;02/01/2025;;;;;;3 - Temporário;TEMPO DETERMINADO;;;Contrato Temporario;;AUX. DE SERVIÇOS GERAIS
;Folha Mensal - Janeiro;ESEQUIEL JOAQUIM SILVA DIAS;ENFERMEIRO;2.376,79;5.532,30;7.909,09;SECRETARIA MUNICIPAL DE SAUDE;SECRETARIA MUNICIPAL DE SAUDE;SMS - DEPTOR .SEC. DE SAUDE - PAB;EFETIVOS;823.XXX.XXX-15;118;40;UNIDADE PSF;1;01/04/2008;;;;;;1 - Efetivo;CONCURSO PUBLICO ;;;Efetivo;;ENFERMEIRO
;Folha Complementar c/ Encargos - Janeiro;ESEQUIEL JOAQUIM SILVA DIAS;ENFERMEIRO;119,72;-119,72;;SECRETARIA MUNICIPAL DE SAUDE;SECRETARIA MUNICIPAL DE SAUDE;SMS - DEPTOR .SEC. DE SAUDE - PAB;EFETIVOS;823.XXX.XXX-15;118;40;UNIDADE PSF;1;01/04/2008;;;;;;1 - Efetivo;CONCURSO PUBLICO ;;;Efetivo;;ENFERMEIRO
;Folha Mensal - Janeiro;ESEQUIEL JOAQUIM SILVA DIAS;PROFESSOR SL 20H;1.541,21;2.060,93;3.602,14;SECRETARIA MUNICIPAL DE EDUCAÇÃO;SECRETARIA MUNICIPAL DE EDUCAÇÃO;SME-DEPTOR. ENSINO FUNDEB 70%  VI EJA;EFETIVO - PROFESSORES;823.XXX.XXX-15;118;20;UNIDADE ESCOLAR MUNICIPAL DAVI SEVERIANO DE CARVALHO;2;15/02/2000;;;;;;1 - Efetivo;CONCURSO PUBLICO ;;;Efetivo;;PROFESSOR SL 20H
;Folha Mensal - Janeiro;EUDE DA SILVA OLIVEIRA;AUX. DE SERV. GERAIS;264,89;1.784,41;2.049,30;HOSPITAL MUNICIPAL DE PADRE MARCOS;SECRETARIA MUNICIPAL DE SAUDE;HOSPITAL - DEPTO. ADMINISTRATIVO I;EFETIVOS;925.XXX.XXX-34;17;40;HOSPITAL MUNICIPAL DE PADRE MARCOS;1;02/03/2015;;;;;;1 - Efetivo;CONCURSO PUBLICO ;;;Efetivo;;AUX. DE SERV. GERAIS
;Folha Mensal - Janeiro;EUNICE DA SILVA OLIVEIRA;PROFESSOR SE 40H;2.104,82;5.659,28;7.764,10;SECRETARIA MUNICIPAL DE EDUCAÇÃO;SECRETARIA MUNICIPAL DE EDUCAÇÃO;SME- DEPTO ENSINO INFANTIL FUNDEB 70% - EFETIVOS;EFETIVO - PROFESSORES;837.XXX.XXX-72;177;40;CRECHE PRÉ-ESCOLAR MARGARIDA DE JESUS ALENCAR ( TIA GUIDA);1;03/02/1995;;;;;;1 - Efetivo;CONCURSO PUBLICO ;;;Efetivo;;PROFESSOR SE 40H
;Folha Mensal - Janeiro;EUZELITE ALVES DE OLIVEIRA;SECRETARIO(A) ESCOLAR II;261,86;1.483,84;1.745,70;SECRETARIA MUNICIPAL DE EDUCAÇÃO;FUNDO DE MANUT. E DEC.DA EDUC.BASICA-FUNDEB;SME- DEPTO. ADM.FUNDEB 30% I;EFETIVOS;648.XXX.XXX-00;71;40;U.E.M. JOSE DE MOURA LEAL;1;03/02/2015;;;;01/09/2021;09/2021;1 - Efetivo;CONCURSO PUBLICO ;;;Efetivo;;SECRETARIO(A) ESCOLAR II
;Rescisão - Janeiro;EVA LEONICE DA COSTA SOUSA;PROFESSOR SELETISTA;;0,00;;SECRETARIA MUNICIPAL DE EDUCAÇÃO;SECRETARIA MUNICIPAL DE EDUCAÇÃO;SME- DEPTO  ENSINO INFANTIL FUNDEB 70% - SELETISTAS;CONTRATADOS  EDUCAÇÃO;050.XXX.XXX-51;398;40;;3;01/02/2024;01/01/2025;;01/2025;;;3 - Temporário;TEMPO DETERMINADO;;;Contrato Temporario;;PROFESSOR SL 40H - CELETISTA
;Folha Mensal - Janeiro;EVANA SÁ BRITO;PROFESSOR SE 40H;1.860,05;5.344,26;7.204,31;SECRETARIA MUNICIPAL DE EDUCAÇÃO;SECRETARIA MUNICIPAL DE EDUCAÇÃO;SME- DEPTO ENSINO INFANTIL FUNDEB 70% - EFETIVOS;EFETIVO - PROFESSORES;035.XXX.XXX-93;136;40;CRECHE PRÉ-ESCOLAR MARGARIDA DE JESUS ALENCAR ( TIA GUIDA);1;03/08/2015;;;04/2021;;;1 - Efetivo;CONCURSO PUBLICO ;;;Efetivo;;PROFESSOR SE 40H
;Rescisão - Janeiro;EVANDO EDVALDO DE MACEDO FILHO;DIRETOR DE DEPARTAMENTO;;0,00;;SECRETARIA MUNICIPAL DE EDUCAÇÃO;FUNDO DE MANUT. E DEC.DA EDUC.BASICA-FUNDEB;SME- DEPTOR ADM FUNDEB 30 % VI - COMISSIONADOS;COMISSIONADOS EDUCAÇÃO;080.XXX.XXX-39;478;40;SECRETARIA MUNICIPAL DE EDUCAÇÃO;1;01/09/2022;01/01/2025;;01/2025;;;2 - Comissão;LIVRE PROVIMENTO ;;;Função de Confiança;;DIRETOR DE DEPARTAMENTO
;Folha Mensal - Janeiro;EVANDO EDVALDO DE MACEDO FILHO;DIRETOR DE DEPARTAMENTO;175,32;2.025,78;2.201,10;SECRETARIA MUNICIPAL DE EDUCAÇÃO;FUNDO DE MANUT. E DEC.DA EDUC.BASICA-FUNDEB;SME- DEPTOR ADM FUNDEB 30 % VI - COMISSIONADOS;COMISSIONADOS EDUCAÇÃO;080.XXX.XXX-39;478;40;SECRETARIA MUNICIPAL DE EDUCAÇÃO;2;02/01/2025;;;06/2025;;;2 - Comissão;LIVRE PROVIMENTO ;;;Função de Confiança;;DIRETOR DE DEPARTAMENTO
;Rescisão - Janeiro;EVANIO WAGNEY DE CARVALHO TEIXEIRA;ASSESSOR TÉCNICO (A) ADMINISTRATIVO;;0,00;;SECRETARIA MUNICIPAL DE EDUCAÇÃO;FUNDO DE MANUT. E DEC.DA EDUC.BASICA-FUNDEB;SME- DEPTOR ADM FUNDEB 30 % VI - COMISSIONADOS;COMISSIONADOS EDUCAÇÃO;084.XXX.XXX-88;554;40;SECRETARIA MUNICIPAL DE EDUCAÇÃO;1;01/03/2024;01/01/2025;;01/2025;;;2 - Comissão;TEMPO DETERMINADO;;;Função de Confiança;;ASSESSOR TÉCNICO (A) ADMINISTRATIVO
;Folha Mensal - Janeiro;EVANIO WAGNEY DE CARVALHO TEIXEIRA;ASSESSOR TÉCNICO (A) ADMINISTRATIVO;175,32;2.025,78;2.201,10;SECRETARIA MUNICIPAL DE EDUCAÇÃO;FUNDO DE MANUT. E DEC.DA EDUC.BASICA-FUNDEB;SME- DEPTOR ADM FUNDEB 30 % VI - COMISSIONADOS;COMISSIONADOS EDUCAÇÃO;084.XXX.XXX-88;554;40;SECRETARIA MUNICIPAL DE EDUCAÇÃO;2;02/01/2025;;;;;;2 - Comissão;TEMPO DETERMINADO;;;Função de Confiança;;ASSESSOR TÉCNICO (A) ADMINISTRATIVO
;Rescisão - Janeiro;EVILA SOARES ALVES;ASSESSOR ESPECIAL;;0,00;;SECRETARIA MUNICIPAL DE EDUCAÇÃO;FUNDO DE MANUT. E DEC.DA EDUC.BASICA-FUNDEB;SME- DEPTOR ADM FUNDEB 30 % VI - COMISSIONADOS;COMISSIONADOS;061.XXX.XXX-76;586;40;SECRETARIA MUNICIPAL DE EDUCAÇÃO;1;01/08/2024;01/01/2025;;01/2025;;;2 - Comissão;LIVRE PROVIMENTO ;;;Função de Confiança;;ASSESSOR ESPECIAL
;Folha Mensal - Janeiro;EXPEDITO ANTONIO DE CARVALHO;FISCAL DE OBRA;223,15;2.580,75;2.803,90;PREFEITURA MUNICIPAL DE PADRE MARCOS-PI;SECRETARIA MUNICIPAL  DE ADMINISTRAÇÃO;SEAD - DEPTO. ADMINISTRAÇÃO III;TEMPO DE SERVIÇO;112.XXX.XXX-53;111;40;;1;01/03/1983;;;;;;1 - Efetivo;CONCURSO PUBLICO ;;;Efetivo;;FISCAL DE TRIBUTOS
;Folha Mensal - Janeiro;FÁBIA LOANE DE MACEDO;PROFESSOR SE 40H;1.860,05;5.344,26;7.204,31;SECRETARIA MUNICIPAL DE EDUCAÇÃO;SECRETARIA MUNICIPAL DE EDUCAÇÃO;SME- DEPTOR ENSINO FUNDEB 70% I;EFETIVO - PROFESSORES;807.XXX.XXX-04;137;40;U.E.M. JOSE DE MOURA LEAL;1;02/03/2015;;;;;;1 - Efetivo;CONCURSO PUBLICO ;;;Efetivo;;PROFESSOR SE 40H
;Rescisão - Janeiro;FABIANO FRANCISCO DA SILVA;ASSESSOR TÉCNICO (A) ADMINISTRATIVO;;0,00;;SECRETARIA MUNICIPAL DE EDUCAÇÃO;FUNDO DE MANUT. E DEC.DA EDUC.BASICA-FUNDEB;SME- DEPTOR ADM FUNDEB 30 % VI - COMISSIONADOS;COMISSIONADOS;900.XXX.XXX-49;482;40;;1;01/12/2022;01/01/2025;;01/2025;;;2 - Comissão;TEMPO DETERMINADO;;;Função de Confiança;;ASSESSOR TÉCNICO (A) ADMINISTRATIVO
;Folha Mensal - Janeiro;FABIO JUNIOR DE CARVALHO NASCIMENTO;AUX. DE SERV. GERAIS;244,40;2.108,50;2.352,90;HOSPITAL MUNICIPAL DE PADRE MARCOS;SECRETARIA MUNICIPAL DE SAUDE;HOSPITAL - DEPTO. ADMINISTRATIVO I;EFETIVOS;007.XXX.XXX-09;18;40;HOSPITAL MUNICIPAL DE PADRE MARCOS;1;19/01/2015;;;;;;1 - Efetivo;CONCURSO PUBLICO ;;;Efetivo;;AUX. DE SERV. GERAIS
;Adiantamento 13º Salário - Janeiro;FABIO JUNIOR DE CARVALHO NASCIMENTO;AUX. DE SERV. GERAIS;;1.100,55;1.100,55;HOSPITAL MUNICIPAL DE PADRE MARCOS;SECRETARIA MUNICIPAL DE SAUDE;HOSPITAL - DEPTO. ADMINISTRATIVO I;EFETIVOS;007.XXX.XXX-09;18;40;HOSPITAL MUNICIPAL DE PADRE MARCOS;1;19/01/2015;;;;;;1 - Efetivo;CONCURSO PUBLICO ;;;Efetivo;;AUX. DE SERV. GERAIS
;Rescisão - Janeiro;FABIO MANOEL DE CARVALHO;MONITOR(A);;0,00;;SECRETARIA MUNICIPAL DE EDUCAÇÃO;FUNDO DE MANUT. E DEC.DA EDUC.BASICA-FUNDEB;SME-DEPTO.CONTRATO-ENSINO FUNDEB 30%;CONTRATO TEMPORÁRIO;067.XXX.XXX-51;262;40;;4;01/02/2024;01/01/2025;;01/2025;;;3 - Temporário;TEMPO DETERMINADO;;;Contrato Temporario;;MONITOR(A)
;Folha Mensal - Janeiro;FABIO MOURA DE ARAÚJO;COZINHEIRO (A);244,40;1.563,34;1.807,74;SECRETARIA MUNICIPAL DE EDUCAÇÃO;FUNDO DE MANUT. E DEC.DA EDUC.BASICA-FUNDEB;SME- DEPTO. ADM.FUNDEB 30% I;EFETIVOS;944.XXX.XXX-04;69;40;U.E.M. JOSE DE MOURA LEAL;1;02/02/2015;;;;;;1 - Efetivo;CONCURSO PUBLICO ;;;Efetivo;;COZINHEIRO (A)
;Folha Mensal - Janeiro;FABRICIO FRANCISCO DE CARVALHO LEITE;TECNICO DE CONTROLE INTERNO DE NIVEL I;440,94;2.595,06;3.036,00;PREFEITURA MUNICIPAL DE PADRE MARCOS-PI;SECRETARIA MUNICIPAL  DE ADMINISTRAÇÃO;SEAD - DEPTO. ADMINISTRAÇÃO III;EFETIVOS;052.XXX.XXX-85;307;40;PREDIO DA PREFEITURA;1;09/11/2018;;;;;;1 - Efetivo;CONCURSO PUBLICO ;01/2018;;Efetivo;;TECNICO DE CONTROLE INTERNO DE NIVEL I
;Rescisão - Janeiro;FABRICIO LEAL DE FRANÇA;ASSESSOR TÉCNICO (A) ADMINISTRATIVO;;0,00;;SECRETARIA MUNICIPAL DE EDUCAÇÃO;FUNDO DE MANUT. E DEC.DA EDUC.BASICA-FUNDEB;SME- DEPTOR ADM FUNDEB 30 % VI - COMISSIONADOS;COMISSIONADOS EDUCAÇÃO;069.XXX.XXX-43;425;40;;1;01/06/2021;01/01/2025;;01/2025;;;2 - Comissão;TEMPO DETERMINADO;;;Função de Confiança;;ASSESSOR TÉCNICO (A) ADMINISTRATIVO
;Folha Mensal - Janeiro;FABRICIO LEAL DE FRANÇA;ASSESSOR TÉCNICO (A) ADMINISTRATIVO;110,05;1.357,35;1.467,40;SECRETARIA MUNICIPAL DE EDUCAÇÃO;FUNDO DE MANUT. E DEC.DA EDUC.BASICA-FUNDEB;SME- DEPTOR ADM FUNDEB 30 % VI - COMISSIONADOS;COMISSIONADOS EDUCAÇÃO;069.XXX.XXX-43;425;40;;2;02/01/2025;;;;;;2 - Comissão;TEMPO DETERMINADO;;;Função de Confiança;;ASSESSOR TÉCNICO (A) ADMINISTRATIVO
;Rescisão - Janeiro;FELICIANO FRANCISCO DE CARVALHO;PROFESSOR SL 40H - CELETISTA;;0,00;;SECRETARIA MUNICIPAL DE EDUCAÇÃO;SECRETARIA MUNICIPAL DE EDUCAÇÃO;SME - DEPTOR. ENSINO FUNDEB 70% IV - CELETISTAS;CONTRATADOS  EDUCAÇÃO;067.XXX.XXX-40;245;40;;6;01/02/2024;01/01/2025;;01/2025;;;3 - Temporário;TEMPO DETERMINADO;;;Contrato Temporario;;PROFESSOR SL 40H - CELETISTA
;Rescisão - Janeiro;FERNANDO FRANCISCO DE CARVALHO;DIRETOR DE DEPARTAMENTO;;0,00;;SECRETARIA MUNICIPAL DE EDUCAÇÃO;FUNDO DE MANUT. E DEC.DA EDUC.BASICA-FUNDEB;SME- DEPTOR ADM FUNDEB 30 % VI - COMISSIONADOS;COMISSIONADOS EDUCAÇÃO;043.XXX.XXX-35;454;40;;1;01/03/2022;01/01/2025;;01/2025;;;2 - Comissão;LIVRE PROVIMENTO ;;;Função de Confiança;;DIRETOR DE DEPARTAMENTO
;Folha Mensal - Janeiro;FERNANDO FRANCISCO DE CARVALHO;DIRETOR DE DEPARTAMENTO;110,05;1.357,35;1.467,40;SECRETARIA MUNICIPAL DE EDUCAÇÃO;FUNDO DE MANUT. E DEC.DA EDUC.BASICA-FUNDEB;SME- DEPTOR ADM FUNDEB 30 % VI - COMISSIONADOS;COMISSIONADOS EDUCAÇÃO;043.XXX.XXX-35;454;40;;2;02/01/2025;;;;;;2 - Comissão;LIVRE PROVIMENTO ;;;Função de Confiança;;DIRETOR DE DEPARTAMENTO
;Folha Mensal - Janeiro;FLAVIA MARIA CARVALHO;VIGILANTE;655,44;1.090,26;1.745,70;SECRETARIA MUNICIPAL DE EDUCAÇÃO;FUNDO DE MANUT. E DEC.DA EDUC.BASICA-FUNDEB;SME- DEPTO ADM. FUNDEB 30% IV;EFETIVOS;002.XXX.XXX-40;104;40;CRECHE PRÉ-ESCOLAR MARGARIDA DE JESUS ALENCAR ( TIA GUIDA);1;01/12/2016;;;;;;1 - Efetivo;CONCURSO PUBLICO ;;;Efetivo;;VIGILANTE
;Rescisão - Janeiro;FLAVIO HENRIQUE DE CARVALHO OLIVEIRA;SECRETARIO(A) UNIDADE ESCOLAR MUNICIPAL;;0,00;;SECRETARIA MUNICIPAL DE EDUCAÇÃO;FUNDO DE MANUT. E DEC.DA EDUC.BASICA-FUNDEB;SME- DEPTOR ADM FUNDEB 30 % VI - COMISSIONADOS;COMISSIONADOS;622.XXX.XXX-61;514;40;;1;01/04/2023;01/01/2025;;01/2025;;;2 - Comissão;LIVRE PROVIMENTO ;;;;;SECRETARIO(A) UNIDADE ESCOLAR MUNICIPAL
;Rescisão - Janeiro;FRANCIEL LUIZ DE CARVALHO;AUX. DE SERVIÇOS GERAIS;;0,00;;SECRETARIA MUNICIPAL DE EDUCAÇÃO;FUNDO DE MANUT. E DEC.DA EDUC.BASICA-FUNDEB;SME-DEPTO.CONTRATO-ENSINO FUNDEB 30%;CONTRATADOS  EDUCAÇÃO;603.XXX.XXX-04;286;40;;5;01/02/2024;01/01/2025;;01/2025;;;3 - Temporário;TEMPO DETERMINADO;;;Contrato Temporario;;AUX. DE SERVIÇOS GERAIS
;Rescisão - Janeiro;FRANCIELDA FRANCISCA DE CARVALHO;DIRETOR DE DEPARTAMENTO;;0,00;;SECRETARIA MUNICIPAL DE EDUCAÇÃO;FUNDO DE MANUT. E DEC.DA EDUC.BASICA-FUNDEB;SME- DEPTOR ADM FUNDEB 30 % VI - COMISSIONADOS;COMISSIONADOS EDUCAÇÃO;081.XXX.XXX-50;556;40;SECRETARIA MUNICIPAL DE EDUCAÇÃO;1;01/03/2024;01/01/2025;;01/2025;;;2 - Comissão;LIVRE PROVIMENTO ;;;Função de Confiança;;DIRETOR DE DEPARTAMENTO
;Rescisão - Janeiro;FRANCIELE CONCEIÇÃO SILVA;DIRETOR(A) DE ESCOLA;;0,00;;SECRETARIA MUNICIPAL DE EDUCAÇÃO;SECRETARIA MUNICIPAL DE EDUCAÇÃO;SME- DEPTO  ENSINO INFANTIL FUNDEB 70% - SELETISTAS;COMISSIONADOS EDUCAÇÃO;037.XXX.XXX-44;346;40;;1;02/08/2019;01/01/2025;;01/2025;;;2 - Comissão;LIVRE PROVIMENTO ;;;Função de Confiança;;DIRETOR(A) DE ESCOLA
;Rescisão - Janeiro;FRANCIELMA MARIA DE CARVALHO;SECRETARIO(A) UNIDADE ESCOLAR MUNICIPAL;;0,00;;SECRETARIA MUNICIPAL DE EDUCAÇÃO;FUNDO DE MANUT. E DEC.DA EDUC.BASICA-FUNDEB;SME- DEPTOR ADM FUNDEB 30 % VI - COMISSIONADOS;COMISSIONADOS EDUCAÇÃO;094.XXX.XXX-00;549;40;SECRETARIA MUNICIPAL DE EDUCAÇÃO;1;01/03/2024;01/01/2025;;01/2025;;;2 - Comissão;LIVRE PROVIMENTO ;;;Função de Confiança;;SECRETARIO(A) UNIDADE ESCOLAR MUNICIPAL
;Rescisão - Janeiro;FRANCILANA MARIA DE CARVALHO;DIRETOR(A) DE ESCOLA;;0,00;;SECRETARIA MUNICIPAL DE EDUCAÇÃO;SECRETARIA MUNICIPAL DE EDUCAÇÃO;SME- DEPTOR. ENSINO FUNDEB 70% V - COMISSIONADOS;COMISSIONADOS EDUCAÇÃO;026.XXX.XXX-79;255;40;;3;01/03/2019;01/01/2025;;01/2025;;;2 - Comissão;LIVRE PROVIMENTO ;;;Contrato/Temporário;;DIRETOR(A) DE ESCOLA
;Folha Mensal - Janeiro;FRANCILANA MARIA DE CARVALHO;DIRETOR(A) DE ESCOLA;179,93;2.072,40;2.252,33;SECRETARIA MUNICIPAL DE EDUCAÇÃO;SECRETARIA MUNICIPAL DE EDUCAÇÃO;SME- DEPTOR. ENSINO FUNDEB 70% V - COMISSIONADOS;COMISSIONADOS EDUCAÇÃO;026.XXX.XXX-79;255;40;;4;02/01/2025;;;;;;2 - Comissão;LIVRE PROVIMENTO ;;;Contrato/Temporário;;DIRETOR(A) DE ESCOLA
;Folha Mensal - Janeiro;FRANCILENE DA CONCEIÇÃO SILVA;PROFESSOR SL 40H;1.455,75;4.628,97;6.084,72;SECRETARIA MUNICIPAL DE EDUCAÇÃO;SECRETARIA MUNICIPAL DE EDUCAÇÃO;SME- DEPTOR ENSINO FUNDEB 70% I;EFETIVO - PROFESSORES;078.XXX.XXX-06;138;40;UNIDADE ESCOLAR JOSE JUBELINO DE MACEDO;1;03/08/2015;;;;;;1 - Efetivo;CONCURSO PUBLICO ;;;Efetivo;;PROFESSOR SL 40H
;Folha Mensal - Janeiro;FRANCILENE GOMES DA SILVA;TECNICO EM ENFERMAGEM;919,27;1.413,83;2.333,10;SECRETARIA MUNICIPAL DE SAUDE;SECRETARIA MUNICIPAL DE SAUDE;SMS-DEPTOR.SEC. DE SAUDE II - FUS;EFETIVOS;897.XXX.XXX-72;19;40;SECRETARIA MUNICIPAL DE SAÚDE;1;19/01/2015;;;;;;1 - Efetivo;CONCURSO PUBLICO ;;;Efetivo;;TECNICO EM ENFERMAGEM
;Folha Complementar c/ Encargos - Janeiro;FRANCILENE GOMES DA SILVA;TECNICO EM ENFERMAGEM;308,61;-308,61;;SECRETARIA MUNICIPAL DE SAUDE;SECRETARIA MUNICIPAL DE SAUDE;SMS-DEPTOR.SEC. DE SAUDE II - FUS;EFETIVOS;897.XXX.XXX-72;19;40;SECRETARIA MUNICIPAL DE SAÚDE;1;19/01/2015;;;;;;1 - Efetivo;CONCURSO PUBLICO ;;;Efetivo;;TECNICO EM ENFERMAGEM
;Rescisão - Janeiro;FRANCIMARY PERPETUA DE CARVALHO;AUX. DE SERVIÇOS GERAIS;;0,00;;SECRETARIA MUNICIPAL DE EDUCAÇÃO;FUNDO DE MANUT. E DEC.DA EDUC.BASICA-FUNDEB;SME-DEPTO.CONTRATO-ENSINO FUNDEB 30%;CONTRATADOS  EDUCAÇÃO;061.XXX.XXX-62;316;40;;4;01/02/2024;01/01/2025;;01/2025;;;3 - Temporário;TEMPO DETERMINADO;;;Contrato Temporario;;AUX. DE SERVIÇOS GERAIS
;Folha Mensal - Janeiro;FRANCIMEIRY JULIETA DE CARVALHO;AG. COMUNITARIO DE SAÚDE;1.013,34;4.296,06;5.309,40;SECRETARIA MUNICIPAL DE SAUDE;SECRETARIA MUNICIPAL DE SAUDE;SMS - SEC.DE SAUDE - ACS I - PAB;EFETIVOS;028.XXX.XXX-27;48;40;;1;05/10/2016;;;;;;1 - Efetivo;CONCURSO PUBLICO ;;;Efetivo;;AG. COMUNITARIO DE SAÚDE
;Rescisão - Janeiro;FRANCINALDO SILVA LIMA;DIRETOR DE DEPARTAMENTO;;0,00;;SECRETARIA MUNICIPAL DE EDUCAÇÃO;FUNDO DE MANUT. E DEC.DA EDUC.BASICA-FUNDEB;SME- DEPTOR ADM FUNDEB 30 % VI - COMISSIONADOS;COMISSIONADOS EDUCAÇÃO;038.XXX.XXX-06;445;40;;1;01/02/2022;01/01/2025;;01/2025;;;2 - Comissão;LIVRE PROVIMENTO ;;;Função de Confiança;;DIRETOR DE DEPARTAMENTO
;Folha Mensal - Janeiro;FRANCINALDO SILVA LIMA;DIRETOR DE DEPARTAMENTO;175,32;2.025,78;2.201,10;SECRETARIA MUNICIPAL DE EDUCAÇÃO;FUNDO DE MANUT. E DEC.DA EDUC.BASICA-FUNDEB;SME- DEPTOR ADM FUNDEB 30 % VI - COMISSIONADOS;COMISSIONADOS EDUCAÇÃO;038.XXX.XXX-06;445;40;;2;02/01/2025;;;;;;2 - Comissão;LIVRE PROVIMENTO ;;;Função de Confiança;;DIRETOR DE DEPARTAMENTO
;Folha Mensal - Janeiro;FRANCISCA CRISTINA DE SOUSA SILVA;AUX. DE SERV. GERAIS;273,24;1.548,36;1.821,60;SECRETARIA MUNICIPAL DE EDUCAÇÃO;FUNDO DE MANUT. E DEC.DA EDUC.BASICA-FUNDEB;SME- DEPTO. ADM -FUNDEB 30% II;EFETIVO - PROFESSORES;839.XXX.XXX-00;73;40;UNIDADE ESCOLAR MUNICIPAL CÂNDIDA MACEDO;1;02/03/1998;;;;;;1 - Efetivo;CONCURSO PUBLICO ;;;Efetivo;;AUX. DE SERV. GERAIS
;Folha Mensal - Janeiro;FRANCISCA DOS SANTOS CAMPINA;AG. COMUNITARIO DE SAÚDE;708,78;3.689,82;4.398,60;SECRETARIA MUNICIPAL DE SAUDE;SECRETARIA MUNICIPAL DE SAUDE;SMS - SEC.DE SAUDE - ACS I - PAB;EFETIVOS;000.XXX.XXX-92;45;40;;1;18/03/2003;;;;;;1 - Efetivo;CONCURSO PUBLICO ;;;Efetivo;;AG. COMUNITARIO DE SAÚDE
;Rescisão - Janeiro;FRANCISCA MARIA DE ARAUJO BEZERRA;ASSESSOR TÉCNICO (A) ADMINISTRATIVO;;0,00;;PREFEITURA MUNICIPAL DE PADRE MARCOS-PI;SECRETARIA MUNICIPAL  DE ADMINISTRAÇÃO;SEAD -  DEPTO. ADMINISTRAÇÃO V- COMISSIONADOS;COMISSIONADOS;854.XXX.XXX-00;527;40;PREDIO DA PREFEITURA;1;01/11/2023;01/01/2025;;01/2025;;;2 - Comissão;TEMPO DETERMINADO;;;;;ASSESSOR TÉCNICO (A) ADMINISTRATIVO
;Folha Mensal - Janeiro;FRANCISCA MARIA DE ARAUJO BEZERRA;ASSESSOR TÉCNICO (A) ADMINISTRATIVO;110,05;1.357,35;1.467,40;PREFEITURA MUNICIPAL DE PADRE MARCOS-PI;SECRETARIA MUNICIPAL  DE ADMINISTRAÇÃO;SEAD -  DEPTO. ADMINISTRAÇÃO V- COMISSIONADOS;COMISSIONADOS;854.XXX.XXX-00;527;40;PREDIO DA PREFEITURA;2;02/01/2025;;;;;;2 - Comissão;TEMPO DETERMINADO;;;Função de Confiança;;ASSESSOR TÉCNICO (A) ADMINISTRATIVO
;Rescisão - Janeiro;FRANCISCA QUEROBINA DE JESUS CARVALHO;ASSESSOR TÉCNICO (A) ADMINISTRATIVO;;0,00;;SECRETARIA MUNICIPAL DE EDUCAÇÃO;FUNDO DE MANUT. E DEC.DA EDUC.BASICA-FUNDEB;SME- DEPTOR ADM FUNDEB 30 % VI - COMISSIONADOS;COMISSIONADOS EDUCAÇÃO;988.XXX.XXX-49;460;40;;1;01/04/2022;01/01/2025;;01/2025;;;2 - Comissão;TEMPO DETERMINADO;;;Função de Confiança;;ASSESSOR TÉCNICO (A) ADMINISTRATIVO
;Folha Mensal - Janeiro;FRANCISCA QUEROBINA DE JESUS CARVALHO;ASSESSOR TÉCNICO (A) ADMINISTRATIVO;188,53;2.159,31;2.347,84;SECRETARIA MUNICIPAL DE EDUCAÇÃO;FUNDO DE MANUT. E DEC.DA EDUC.BASICA-FUNDEB;SME- DEPTOR ADM FUNDEB 30 % VI - COMISSIONADOS;COMISSIONADOS EDUCAÇÃO;988.XXX.XXX-49;460;40;;2;02/01/2025;;;;;;2 - Comissão;TEMPO DETERMINADO;;;Função de Confiança;;ASSESSOR TÉCNICO (A) ADMINISTRATIVO
;Folha Mensal - Janeiro;FRANCISCO ANTONIO DA SILVA;PROFESSOR SE 40H;3.598,10;3.606,21;7.204,31;SECRETARIA MUNICIPAL DE EDUCAÇÃO;SECRETARIA MUNICIPAL DE EDUCAÇÃO;SME- DEPTOR ENSINO FUNDEB 70% I;EFETIVO - PROFESSORES;017.XXX.XXX-06;139;40;U.E.M. JOSE DE MOURA LEAL;1;02/03/2015;;;;;;1 - Efetivo;CONCURSO PUBLICO ;;;Efetivo;;PROFESSOR SE 40H
;Folha Mensal - Janeiro;FRANCISCO ANTONIO DE CARVALHO;PROFESSOR SE 40H;2.132,57;5.911,43;8.044,00;SECRETARIA MUNICIPAL DE EDUCAÇÃO;SECRETARIA MUNICIPAL DE EDUCAÇÃO;SME- DEPTOR ENSINO FUNDEB 70% II;EFETIVO - PROFESSORES;833.XXX.XXX-15;179;40;UNIDADE ESCOLAR MUNICIPAL DAVI SEVERIANO DE CARVALHO;1;02/02/1998;;;;;;1 - Efetivo;CONCURSO PUBLICO ;;;Efetivo;;PROFESSOR SL 20H
;Rescisão - Janeiro;FRANCISCO CICERO LEAL;DIRETOR DE DEPARTAMENTO;;0,00;;SECRETARIA MUNICIPAL DE EDUCAÇÃO;FUNDO DE MANUT. E DEC.DA EDUC.BASICA-FUNDEB;SME- DEPTOR ADM FUNDEB 30 % VI - COMISSIONADOS;COMISSIONADOS;019.XXX.XXX-96;589;40;;1;01/10/2024;01/01/2025;;01/2025;;;2 - Comissão;LIVRE PROVIMENTO ;;;;;DIRETOR DE DEPARTAMENTO
;Folha Mensal - Janeiro;FRANCISCO CICERO LEAL;DIRETOR DE DEPARTAMENTO;113,85;1.404,15;1.518,00;SECRETARIA MUNICIPAL DE EDUCAÇÃO;FUNDO DE MANUT. E DEC.DA EDUC.BASICA-FUNDEB;SME- DEPTOR ADM FUNDEB 30 % VI - COMISSIONADOS;COMISSIONADOS;019.XXX.XXX-96;589;40;;2;02/01/2024;;;;;;2 - Comissão;LIVRE PROVIMENTO ;;;Função de Confiança;;DIRETOR DE DEPARTAMENTO
;Rescisão - Janeiro;FRANCISCO DE ASSIS DE CARVALHO;DIRETOR DE DEPARTAMENTO;;0,00;;SECRETARIA MUNICIPAL DE EDUCAÇÃO;FUNDO DE MANUT. E DEC.DA EDUC.BASICA-FUNDEB;SME- DEPTOR ADM FUNDEB 30 % VI - COMISSIONADOS;COMISSIONADOS EDUCAÇÃO;012.XXX.XXX-23;432;40;;1;01/08/2021;01/01/2025;;01/2025;;;2 - Comissão;LIVRE PROVIMENTO ;;;;;DIRETOR DE DEPARTAMENTO
;Folha Mensal - Janeiro;FRANCISCO DE ASSIS DE CARVALHO;DIRETOR DE DEPARTAMENTO;110,05;1.357,35;1.467,40;SECRETARIA MUNICIPAL DE EDUCAÇÃO;FUNDO DE MANUT. E DEC.DA EDUC.BASICA-FUNDEB;SME- DEPTOR ADM FUNDEB 30 % VI - COMISSIONADOS;COMISSIONADOS EDUCAÇÃO;012.XXX.XXX-23;432;40;;2;02/01/2025;;;;;;2 - Comissão;LIVRE PROVIMENTO ;;;Função de Confiança;;DIRETOR DE DEPARTAMENTO
;Rescisão - Janeiro;FRANCISCO DE ASSIS SILVA;DIRETOR DE DEPARTAMENTO;;0,00;;PREFEITURA MUNICIPAL DE PADRE MARCOS-PI;SECRETARIA MUNICIPAL  DE ADMINISTRAÇÃO;SEAD -  DEPTO. ADMINISTRAÇÃO V- COMISSIONADOS;COMISSIONADOS;003.XXX.XXX-13;517;40;;1;01/05/2023;01/01/2025;;01/2025;;;2 - Comissão;LIVRE PROVIMENTO ;;;Função de Confiança;;DIRETOR DE DEPARTAMENTO
;Folha Mensal - Janeiro;FRANCISCO DE ASSIS SILVA;DIRETOR DE DEPARTAMENTO;110,05;1.357,35;1.467,40;PREFEITURA MUNICIPAL DE PADRE MARCOS-PI;SECRETARIA MUNICIPAL  DE ADMINISTRAÇÃO;SEAD -  DEPTO. ADMINISTRAÇÃO V- COMISSIONADOS;COMISSIONADOS;003.XXX.XXX-13;517;40;;2;02/01/2025;;;;;;2 - Comissão;LIVRE PROVIMENTO ;;;Função de Confiança;;DIRETOR DE OBRAS E INFRAESTRUTURA
;Rescisão - Janeiro;FRANCISCO EDILBERTO DIAS;ASSESSOR TÉCNICO (A) ADMINISTRATIVO;;0,00;;SECRETARIA MUNICIPAL DE EDUCAÇÃO;FUNDO DE MANUT. E DEC.DA EDUC.BASICA-FUNDEB;SME- DEPTOR ADM FUNDEB 30 % VI - COMISSIONADOS;COMISSIONADOS;066.XXX.XXX-64;578;40;SECRETARIA MUNICIPAL DE EDUCAÇÃO;1;01/07/2024;01/01/2025;;01/2025;;;2 - Comissão;TEMPO DETERMINADO;;;Função de Confiança;;ASSESSOR TÉCNICO (A) ADMINISTRATIVO
;Folha Mensal - Janeiro;FRANCISCO EDILBERTO DIAS;ASSESSOR TÉCNICO (A) ADMINISTRATIVO;110,05;1.357,35;1.467,40;SECRETARIA MUNICIPAL DE EDUCAÇÃO;FUNDO DE MANUT. E DEC.DA EDUC.BASICA-FUNDEB;SME- DEPTOR ADM FUNDEB 30 % VI - COMISSIONADOS;COMISSIONADOS;066.XXX.XXX-64;578;40;SECRETARIA MUNICIPAL DE EDUCAÇÃO;2;02/01/2025;;;06/2025;;;2 - Comissão;TEMPO DETERMINADO;;;Função de Confiança;;ASSESSOR TÉCNICO (A) ADMINISTRATIVO
;Rescisão - Janeiro;FRANCISCO EVALDO DA SILVA;ASSESSOR ESPECIAL;;0,00;;SECRETARIA MUNICIPAL DE EDUCAÇÃO;SECRETARIA MUNICIPAL DE EDUCAÇÃO;SME- DEPTOR ADM FUNDEB 30 % VI - COMISSIONADOS;COMISSIONADOS;748.XXX.XXX-15;587;40;SECRETARIA MUNICIPAL DE EDUCAÇÃO;1;01/09/2024;01/01/2025;;01/2025;;;2 - Comissão;LIVRE PROVIMENTO ;;;Função de Confiança;;ASSESSOR ESPECIAL
;Folha Mensal - Janeiro;FRANCISCO EVALDO DA SILVA;ASSESSOR ESPECIAL;110,05;1.357,35;1.467,40;SECRETARIA MUNICIPAL DE EDUCAÇÃO;SECRETARIA MUNICIPAL DE EDUCAÇÃO;SME- DEPTOR ADM FUNDEB 30 % VI - COMISSIONADOS;COMISSIONADOS;748.XXX.XXX-15;587;40;SECRETARIA MUNICIPAL DE EDUCAÇÃO;2;02/01/2025;;;;;;2 - Comissão;LIVRE PROVIMENTO ;;;Função de Confiança;;ASSESSOR ESPECIAL
;Rescisão - Janeiro;FRANCISCO EVERALDO DOS REIS JUNIOR;ASSESSOR TÉCNICO (A) ADMINISTRATIVO;;0,00;;SECRETARIA MUNICIPAL DE EDUCAÇÃO;FUNDO DE MANUT. E DEC.DA EDUC.BASICA-FUNDEB;SME- DEPTOR ADM FUNDEB 30 % VI - COMISSIONADOS;COMISSIONADOS EDUCAÇÃO;066.XXX.XXX-55;366;40;;1;02/03/2020;01/01/2025;;01/2025;;;2 - Comissão;TEMPO DETERMINADO;;;Função de Confiança;;ASSESSOR TÉCNICO (A) ADMINISTRATIVO
;Folha Mensal - Janeiro;FRANCISCO EVERALDO DOS REIS JUNIOR;COORDENADOR DE SERVIÇOS;150,23;1.772,06;1.922,29;PREFEITURA MUNICIPAL DE PADRE MARCOS-PI;SECRETARIA MUNICIPAL  DE ADMINISTRAÇÃO;SEAD -  DEPTO. ADMINISTRAÇÃO V- COMISSIONADOS;COMISSIONADOS EDUCAÇÃO;066.XXX.XXX-55;366;40;;2;02/01/2025;;;;;;2 - Comissão;TEMPO DETERMINADO;;;Função de Confiança;;COORDENADOR DE SERVIÇOS
;Folha Complementar c/ Encargos - Janeiro;FRANCISCO FILHO DOS REIS GOMES;TECNICO EM ENFERMAGEM;324,30;-324,30;;HOSPITAL MUNICIPAL DE PADRE MARCOS;SECRETARIA MUNICIPAL DE SAUDE;HOSPITAL - DEPTO. ADMINISTRATIVO I;EFETIVOS;007.XXX.XXX-00;20;40;HOSPITAL MUNICIPAL DE PADRE MARCOS;1;19/01/2015;;;;;;1 - Efetivo;CONCURSO PUBLICO ;;;Efetivo;;TECNICO EM ENFERMAGEM
;Folha Mensal - Janeiro;FRANCISCO FILHO DOS REIS GOMES;TECNICO EM ENFERMAGEM;901,74;1.451,16;2.352,90;HOSPITAL MUNICIPAL DE PADRE MARCOS;SECRETARIA MUNICIPAL DE SAUDE;HOSPITAL - DEPTO. ADMINISTRATIVO I;EFETIVOS;007.XXX.XXX-00;20;40;HOSPITAL MUNICIPAL DE PADRE MARCOS;1;19/01/2015;;;;;;1 - Efetivo;CONCURSO PUBLICO ;;;Efetivo;;TECNICO EM ENFERMAGEM
;Folha Mensal - Janeiro;FRANCISCO FLORENTINO DE CARVALHO FILHO;GARI;267,93;2.084,97;2.352,90;PREFEITURA MUNICIPAL DE PADRE MARCOS-PI;SECRETARIA MUNICIPAL  DE ADMINISTRAÇÃO;SEAD - DEPTO.ADMINISTRAÇÃO II;EFETIVOS;015.XXX.XXX-55;7;40;;1;19/01/2015;;;;;;1 - Efetivo;CONCURSO PUBLICO ;;;Efetivo;;GARI
;Rescisão - Janeiro;FRANCISCO GILMAR DE SOUSA;ASSESSOR TÉCNICO (A) ADMINISTRATIVO;;0,00;;SECRETARIA MUNICIPAL DE EDUCAÇÃO;FUNDO DE MANUT. E DEC.DA EDUC.BASICA-FUNDEB;SME- DEPTOR ADM FUNDEB 30 % VI - COMISSIONADOS;COMISSIONADOS;021.XXX.XXX-13;572;40;SECRETARIA MUNICIPAL DE EDUCAÇÃO;1;01/04/2024;01/01/2025;;01/2025;;;2 - Comissão;TEMPO DETERMINADO;;;Função de Confiança;;ASSESSOR TÉCNICO (A) ADMINISTRATIVO
;Folha Mensal - Janeiro;FRANCISCO GILMAR DE SOUSA;ASSESSOR TÉCNICO (A) ADMINISTRATIVO;188,53;2.159,31;2.347,84;SECRETARIA MUNICIPAL DE EDUCAÇÃO;FUNDO DE MANUT. E DEC.DA EDUC.BASICA-FUNDEB;SME- DEPTOR ADM FUNDEB 30 % VI - COMISSIONADOS;COMISSIONADOS;021.XXX.XXX-13;572;40;SECRETARIA MUNICIPAL DE EDUCAÇÃO;2;02/01/2025;;;;;;2 - Comissão;TEMPO DETERMINADO;;;Função de Confiança;;ASSESSOR TÉCNICO (A) ADMINISTRATIVO
;Folha Mensal - Janeiro;FRANCISCO JOSE DA SILVA;PROFESSOR SL 40H;1.860,05;5.344,26;7.204,31;SECRETARIA MUNICIPAL DE EDUCAÇÃO;SECRETARIA MUNICIPAL DE EDUCAÇÃO;SME- DEPTOR ENSINO FUNDEB 70% I;EFETIVO - PROFESSORES;031.XXX.XXX-12;140;40;UNIDADE ESCOLAR MUNICIPAL DAVI SEVERIANO DE CARVALHO;1;01/03/2016;;;;;;1 - Efetivo;CONCURSO PUBLICO ;;;Efetivo;;PROFESSOR SL 40H
;Folha Mensal - Janeiro;FRANCISCO JOSÉ DE CARVALHO;AG. COMUNITARIO DE SAÚDE;933,67;3.464,93;4.398,60;SECRETARIA MUNICIPAL DE SAUDE;SECRETARIA MUNICIPAL DE SAUDE;SMS - SEC.DE SAUDE - ACS I - PAB;EFETIVOS;800.XXX.XXX-20;34;40;;1;18/03/2003;;;;;;1 - Efetivo;CONCURSO PUBLICO ;;;Efetivo;;AG. COMUNITARIO DE SAÚDE
;Folha Mensal - Janeiro;FRANCISCO JOSE DE CARVALHO MACEDO;PROFESSOR SE 40H;1.860,05;5.344,26;7.204,31;SECRETARIA MUNICIPAL DE EDUCAÇÃO;SECRETARIA MUNICIPAL DE EDUCAÇÃO;SME- DEPTOR ENSINO FUNDEB 70% I;EFETIVO - PROFESSORES;034.XXX.XXX-57;141;40;UNIDADE ESCOLAR MUNICIPAL CÂNDIDA MACEDO;1;01/03/2016;;;;;;1 - Efetivo;CONCURSO PUBLICO ;;;Efetivo;;PROFESSOR SE 40H
;Rescisão - Janeiro;FRANCISCO MIZAEL DE CARVALHO;DIRETOR(A) DE ESCOLA;;0,00;;SECRETARIA MUNICIPAL DE EDUCAÇÃO;SECRETARIA MUNICIPAL DE EDUCAÇÃO;SME- DEPTOR. ENSINO FUNDEB 70% V - COMISSIONADOS;COMISSIONADOS EDUCAÇÃO;044.XXX.XXX-88;324;40;;1;01/03/2019;01/01/2025;;01/2025;;;2 - Comissão;LIVRE PROVIMENTO ;;;Contrato Temporario;;DIRETOR(A) DE ESCOLA
;Folha Mensal - Janeiro;FRANCISCO MIZAEL DE CARVALHO;DIRETOR(A) DE ESCOLA;179,93;2.072,40;2.252,33;SECRETARIA MUNICIPAL DE EDUCAÇÃO;SECRETARIA MUNICIPAL DE EDUCAÇÃO;SME- DEPTOR. ENSINO FUNDEB 70% V - COMISSIONADOS;COMISSIONADOS EDUCAÇÃO;044.XXX.XXX-88;324;40;;2;02/01/2025;;;;;;2 - Comissão;LIVRE PROVIMENTO ;;;Contrato Temporario;;DIRETOR(A) DE ESCOLA
;Folha Mensal - Janeiro;FRANCISCO VITALINO DA SILVA;GARI;267,93;2.084,97;2.352,90;PREFEITURA MUNICIPAL DE PADRE MARCOS-PI;SECRETARIA MUNICIPAL  DE ADMINISTRAÇÃO;SEAD - DEPTO.ADMINISTRAÇÃO II;EFETIVOS;926.XXX.XXX-72;6;40;;1;25/11/2016;;;;;;1 - Efetivo;CONCURSO PUBLICO ;;;Efetivo;;GARI
;Folha Mensal - Janeiro;FRANCISCO WESLEY DIAS DA SILVA;AUX. DE SERV. GERAIS;267,93;2.084,97;2.352,90;HOSPITAL MUNICIPAL DE PADRE MARCOS;SECRETARIA MUNICIPAL DE SAUDE;HOSPITAL - DEPTO. ADMINISTRATIVO I;EFETIVOS;010.XXX.XXX-14;21;40;HOSPITAL MUNICIPAL DE PADRE MARCOS;1;19/01/2015;;;;;;1 - Efetivo;CONCURSO PUBLICO ;;;Efetivo;;AUX. DE SERV. GERAIS
;Folha Mensal - Janeiro;FRANCISCO ZACARIAS RIBEIRO;PROFESSOR SE 40H;4.091,01;3.952,99;8.044,00;SECRETARIA MUNICIPAL DE EDUCAÇÃO;SECRETARIA MUNICIPAL DE EDUCAÇÃO;SME- DEPTOR ENSINO FUNDEB 70% II;EFETIVO - PROFESSORES;713.XXX.XXX-15;180;40;UNIDADE ESCOLAR MUNICIPAL DAVI SEVERIANO DE CARVALHO;1;02/02/1998;;;015/2022;;;1 - Efetivo;CONCURSO PUBLICO ;;;Efetivo;;PROFESSOR SE 40H
;Rescisão - Janeiro;GEDEONES LOPES DE BRITO;ENGENHEIRO FLORESTAL;;0,00;;PREFEITURA MUNICIPAL DE PADRE MARCOS-PI;SECRETARIA MUNICIPAL DE MEIO AMBIENTE;SEMA -  SECRETARIA DO MEIO AMBIENTE;CONTRATO TEMPORÁRIO;028.XXX.XXX-02;379;40;;4;02/03/2023;01/01/2025;01/2023;01/2025;;;3 - Temporário;TEMPO DETERMINADO;;;Contrato Temporario;;ENGENHEIRO FLORESTAL
;Folha Mensal - Janeiro;GEDEONES LOPES DE BRITO;ENGENHEIRO FLORESTAL;461,67;3.369,56;3.831,23;PREFEITURA MUNICIPAL DE PADRE MARCOS-PI;SECRETARIA MUNICIPAL DE MEIO AMBIENTE;SEMA -  SECRETARIA DO MEIO AMBIENTE;CONTRATO TEMPORÁRIO;028.XXX.XXX-02;379;40;;5;02/01/2025;;01/2023;03/2026;;;3 - Temporário;TEMPO DETERMINADO;;;Contrato Temporario;;ENGENHEIRO FLORESTAL
;Rescisão - Janeiro;GENEILSA ANA DE OLIVEIRA SOUSA;SECRETARIA MUNICIPAL DO MEIO AMBIENTE;;0,00;;PREFEITURA MUNICIPAL DE PADRE MARCOS-PI;SECRETARIA MUNICIPAL DE MEIO AMBIENTE;SEMA -  SECRETARIA DO MEIO AMBIENTE;COMISSIONADOS;037.XXX.XXX-09;568;40;PREDIO DA PREFEITURA;1;01/04/2024;01/01/2025;;01/2025;;;2 - Comissão;LIVRE PROVIMENTO ;;;Função de Confiança;;SECRETARIA MUNICIPAL DO MEIO AMBIENTE
;Folha Mensal - Janeiro;GENEILSA ANA DE OLIVEIRA SOUSA;SECRETARIA MUNICIPAL DO MEIO AMBIENTE;173,46;2.006,95;2.180,41;PREFEITURA MUNICIPAL DE PADRE MARCOS-PI;SECRETARIA MUNICIPAL DE MEIO AMBIENTE;SEMA -  SECRETARIA DO MEIO AMBIENTE;COMISSIONADOS;037.XXX.XXX-09;568;40;PREDIO DA PREFEITURA;2;02/01/2025;;;;;;2 - Comissão;LIVRE PROVIMENTO ;;;Função de Confiança;;SECRETARIA MUNICIPAL DO MEIO AMBIENTE
;Folha Mensal - Janeiro;GEORCISA ARAÚJO LEAL;PROFESSOR SE 20H;572,50;2.889,70;3.462,20;SECRETARIA MUNICIPAL DE EDUCAÇÃO;SECRETARIA MUNICIPAL DE EDUCAÇÃO;SME- DEPTOR ENSINO FUNDEB 70% I;EFETIVO - PROFESSORES;454.XXX.XXX-78;142;20;UNIDADE ESCOLAR MUNICIPAL CÂNDIDA MACEDO;1;02/03/2015;;;;;;1 - Efetivo;CONCURSO PUBLICO ;;;Efetivo;;PROFESSOR SL 20H
;Rescisão - Janeiro;GEOVALDO LOURENÇO RIBEIRO;ASSESSOR TÉCNICO (A) ADMINISTRATIVO;;0,00;;SECRETARIA MUNICIPAL DE SAUDE;SECRETARIA MUNICIPAL DE SAUDE;SMS-DEPTO.SEC.SAUDE-CONTRATADOS - FUS;COMISSIONADOS;895.XXX.XXX-91;585;40;SECRETARIA MUNICIPAL DE SAÚDE;1;01/07/2024;01/01/2025;;01/2025;;;2 - Comissão;TEMPO DETERMINADO;;;Função de Confiança;;ASSESSOR TÉCNICO (A) ADMINISTRATIVO
;Folha Mensal - Janeiro;GEOVALDO LOURENÇO RIBEIRO;ASSESSOR TÉCNICO (A) ADMINISTRATIVO;110,05;1.357,35;1.467,40;SECRETARIA MUNICIPAL DE SAUDE;SECRETARIA MUNICIPAL DE SAUDE;SMS-DEPTO.SEC.SAUDE-CONTRATADOS - FUS;COMISSIONADOS;895.XXX.XXX-91;585;40;SECRETARIA MUNICIPAL DE SAÚDE;2;02/01/2025;;;;;;2 - Comissão;TEMPO DETERMINADO;;;Função de Confiança;;ASSESSOR TÉCNICO (A) ADMINISTRATIVO
;Rescisão - Janeiro;GEOVANA DA SILVA SOUSA;ASSESSOR TÉCNICO (A) ADMINISTRATIVO;;0,00;;SECRETARIA MUNICIPAL DE SAUDE;SECRETARIA MUNICIPAL DE SAUDE;SMS-DEPTO.SEC.SAUDE-CONTRATADOS - FUS;COMISSIONADOS;053.XXX.XXX-01;534;40;;1;01/02/2024;01/01/2025;;01/2025;;;2 - Comissão;TEMPO DETERMINADO;;;Função de Confiança;;ASSESSOR TÉCNICO (A) ADMINISTRATIVO
;Folha Mensal - Janeiro;GEOVANA DA SILVA SOUSA;ASSESSOR TÉCNICO (A) ADMINISTRATIVO;110,05;1.357,35;1.467,40;SECRETARIA MUNICIPAL DE SAUDE;SECRETARIA MUNICIPAL DE SAUDE;SMS-DEPTO.SEC.SAUDE-CONTRATADOS - FUS;COMISSIONADOS;053.XXX.XXX-01;534;40;;2;02/01/2025;;;;;;2 - Comissão;TEMPO DETERMINADO;;;Função de Confiança;;ASSESSOR TÉCNICO (A) ADMINISTRATIVO
;Folha Complementar c/ Encargos - Janeiro;GEOVANA DA SILVA SOUSA;ASSESSOR TÉCNICO (A) ADMINISTRATIVO;151,12;-151,12;;SECRETARIA MUNICIPAL DE SAUDE;SECRETARIA MUNICIPAL DE SAUDE;SMS-DEPTO.SEC.SAUDE-CONTRATADOS - FUS;COMISSIONADOS;053.XXX.XXX-01;534;40;;2;02/01/2025;;;;;;2 - Comissão;TEMPO DETERMINADO;;;Função de Confiança;;ASSESSOR TÉCNICO (A) ADMINISTRATIVO
;Folha Mensal - Janeiro;GERASCO CICERO GOMES;SECRETARIO MUNICIPAL DE OBRAS E SERVIÇOS URBANOS;180,23;2.075,37;2.255,60;PREFEITURA MUNICIPAL DE PADRE MARCOS-PI;SEC.MUN.DE OBRAS E SERVIÇOS URBANOS;SMO - SECRETARIA DE OBRAS;COMISSIONADOS;451.XXX.XXX-20;600;40;PREDIO DA PREFEITURA;1;01/01/2025;;;;;;2 - Comissão;LIVRE PROVIMENTO ;;;Função de Confiança;;SECRETARIO MUNICIPAL DE OBRAS E SERVIÇOS URBANOS
;Folha Mensal - Janeiro;GERUZA DIAS DE SOUSA;AUX. DE SERV. GERAIS;619,55;1.202,05;1.821,60;SECRETARIA MUNICIPAL DE EDUCAÇÃO;FUNDO DE MANUT. E DEC.DA EDUC.BASICA-FUNDEB;SME- DEPTO. ADM -FUNDEB 30% II;EFETIVO - PROFESSORES;628.XXX.XXX-04;74;40;CRECHE PRÉ-ESCOLAR MARGARIDA DE JESUS ALENCAR ( TIA GUIDA);1;02/03/1998;;;018/2023;;;1 - Efetivo;CONCURSO PUBLICO ;;;Efetivo;;AUX. DE SERV. GERAIS
;Adiantamento 13º Salário - Janeiro;GERUZA DIAS DE SOUSA;AUX. DE SERV. GERAIS;;910,80;910,80;SECRETARIA MUNICIPAL DE EDUCAÇÃO;FUNDO DE MANUT. E DEC.DA EDUC.BASICA-FUNDEB;SME- DEPTO. ADM -FUNDEB 30% II;EFETIVO - PROFESSORES;628.XXX.XXX-04;74;40;CRECHE PRÉ-ESCOLAR MARGARIDA DE JESUS ALENCAR ( TIA GUIDA);1;02/03/1998;;;018/2023;;;1 - Efetivo;CONCURSO PUBLICO ;;;Efetivo;;AUX. DE SERV. GERAIS
;Rescisão - Janeiro;GILBERSON DE JESUS ARAÚJO;DIRETOR DE DEPARTAMENTO;;0,00;;SECRETARIA MUNICIPAL DE EDUCAÇÃO;FUNDO DE MANUT. E DEC.DA EDUC.BASICA-FUNDEB;SME- DEPTOR ADM FUNDEB 30 % VI - COMISSIONADOS;COMISSIONADOS;036.XXX.XXX-32;559;40;SECRETARIA MUNICIPAL DE EDUCAÇÃO;1;01/04/2024;01/01/2025;;01/2025;;;2 - Comissão;LIVRE PROVIMENTO ;;;Função de Confiança;;DIRETOR DE DEPARTAMENTO
;Folha Mensal - Janeiro;GILBERSON DE JESUS ARAÚJO;DIRETOR DE DEPARTAMENTO;188,53;2.159,31;2.347,84;SECRETARIA MUNICIPAL DE EDUCAÇÃO;FUNDO DE MANUT. E DEC.DA EDUC.BASICA-FUNDEB;SME- DEPTOR ADM FUNDEB 30 % VI - COMISSIONADOS;COMISSIONADOS;036.XXX.XXX-32;559;40;SECRETARIA MUNICIPAL DE EDUCAÇÃO;2;02/01/2025;;;;;;2 - Comissão;LIVRE PROVIMENTO ;;;Função de Confiança;;DIRETOR DE DEPARTAMENTO
;Rescisão - Janeiro;GILDO PAULO DE ARAUJO;PROFESSOR SL 40H - CELETISTA;;0,00;;SECRETARIA MUNICIPAL DE EDUCAÇÃO;SECRETARIA MUNICIPAL DE EDUCAÇÃO;SME - DEPTOR. ENSINO FUNDEB 70% IV - CELETISTAS;CONTRATADOS  EDUCAÇÃO;965.XXX.XXX-15;332;40;;4;01/02/2024;01/01/2025;;01/2025;;;3 - Temporário;TEMPO DETERMINADO;;;Contrato Temporario;;PROFESSOR SL 40H - CELETISTA
;Folha Mensal - Janeiro;GILSON DE CARVALHO DANTAS FILHO;PROFESSOR SL 20H;537,88;2.924,31;3.462,19;SECRETARIA MUNICIPAL DE EDUCAÇÃO;SECRETARIA MUNICIPAL DE EDUCAÇÃO;SME-DEPTOR. ENSINO FUNDEB 70%  VI EJA;EFETIVO - PROFESSORES;227.XXX.XXX-04;181;20;UNIDADE ESCOLAR MUNICIPAL DAVI SEVERIANO DE CARVALHO;1;20/12/1998;;;;;;1 - Efetivo;CONCURSO PUBLICO ;;;Efetivo;;PROFESSOR SL 20H
;Rescisão - Janeiro;GILSON JOÃO DE CARVALHO;ASSESSOR TÉCNICO (A) ADMINISTRATIVO;;0,00;;PREFEITURA MUNICIPAL DE PADRE MARCOS-PI;SECRETARIA MUNICIPAL DE AGRICULTURA;SMA - SECRETARIA DE AGRICULTURA;COMISSIONADOS;988.XXX.XXX-04;348;40;SECRETARIA DE CULTURA;1;01/09/2019;01/01/2025;;01/2025;;;2 - Comissão;TEMPO DETERMINADO;;;Função de Confiança;;ASSESSOR TÉCNICO (A) ADMINISTRATIVO
;Folha Mensal - Janeiro;GILSON JOÃO DE CARVALHO;ASSESSOR TÉCNICO (A) ADMINISTRATIVO;110,05;1.357,35;1.467,40;PREFEITURA MUNICIPAL DE PADRE MARCOS-PI;SECRETARIA MUNICIPAL DE AGRICULTURA;SMA - SECRETARIA DE AGRICULTURA;COMISSIONADOS;988.XXX.XXX-04;348;40;SECRETARIA DE AGRICULTURA;2;02/01/2025;;;;;;2 - Comissão;TEMPO DETERMINADO;;;Função de Confiança;;ASSESSOR TÉCNICO (A) ADMINISTRATIVO
;Rescisão - Janeiro;GILVAN JOSE DE CARVALHO MACEDO;DIRETOR DE DEPARTAMENTO;;0,00;;SECRETARIA MUNICIPAL DE EDUCAÇÃO;FUNDO DE MANUT. E DEC.DA EDUC.BASICA-FUNDEB;SME- DEPTOR ADM FUNDEB 30 % VI - COMISSIONADOS;COMISSIONADOS EDUCAÇÃO;795.XXX.XXX-34;423;40;;1;01/04/2021;01/01/2025;;01/2025;;;2 - Comissão;LIVRE PROVIMENTO ;;;Função de Confiança;;DIRETOR DE DEPARTAMENTO
;Folha Mensal - Janeiro;GILVAN JOSE DE CARVALHO MACEDO;DIRETOR DE DEPARTAMENTO;110,05;1.357,35;1.467,40;SECRETARIA MUNICIPAL DE EDUCAÇÃO;FUNDO DE MANUT. E DEC.DA EDUC.BASICA-FUNDEB;SME- DEPTOR ADM FUNDEB 30 % VI - COMISSIONADOS;COMISSIONADOS EDUCAÇÃO;795.XXX.XXX-34;423;40;;2;02/01/2025;;;;;;2 - Comissão;LIVRE PROVIMENTO ;;;Função de Confiança;;DIRETOR DE DEPARTAMENTO
;Folha Mensal - Janeiro;GISLENE BRIGIDA DE MORAES;AUXILIAR DE ENFERMAGEM;244,40;2.104,90;2.349,30;SECRETARIA MUNICIPAL DE SAUDE;SECRETARIA MUNICIPAL DE SAUDE;SMS - DEPTOR .SEC. DE SAUDE - PAB;EFETIVOS;396.XXX.XXX-49;58;40;SECRETARIA MUNICIPAL DE SAÚDE;1;01/02/2000;;;;;;1 - Efetivo;CONCURSO PUBLICO ;;;Efetivo;;AUXILIAR DE ENFERMAGEM
;Folha Complementar c/ Encargos - Janeiro;GISLENE BRIGIDA DE MORAES;AUXILIAR DE ENFERMAGEM;277,39;-277,39;;SECRETARIA MUNICIPAL DE SAUDE;SECRETARIA MUNICIPAL DE SAUDE;SMS - DEPTOR .SEC. DE SAUDE - PAB;EFETIVOS;396.XXX.XXX-49;58;40;SECRETARIA MUNICIPAL DE SAÚDE;1;01/02/2000;;;;;;1 - Efetivo;CONCURSO PUBLICO ;;;Efetivo;;AUXILIAR DE ENFERMAGEM
;Rescisão - Janeiro;GIZELIA MARIA DO NASCIMENTO;PROFESSOR SL 40H - CELETISTA;;0,00;;SECRETARIA MUNICIPAL DE EDUCAÇÃO;SECRETARIA MUNICIPAL DE EDUCAÇÃO;SME - DEPTOR. ENSINO FUNDEB 70% IV - CELETISTAS;CONTRATADOS  EDUCAÇÃO;806.XXX.XXX-68;185;40;;4;01/02/2024;01/01/2025;;01/2025;;;3 - Temporário;TEMPO DETERMINADO;;;Contrato Temporario;;PROFESSOR SL 40H - CELETISTA
;Rescisão - Janeiro;GRAZIELIA NILTA GRANJA;DIRETOR(A) DE ESCOLA;;0,00;;SECRETARIA MUNICIPAL DE EDUCAÇÃO;SECRETARIA MUNICIPAL DE EDUCAÇÃO;SME- DEPTOR. ENSINO FUNDEB 70% V - COMISSIONADOS;COMISSIONADOS EDUCAÇÃO;054.XXX.XXX-02;241;40;;4;01/02/2021;01/01/2025;;01/2025;;;2 - Comissão;LIVRE PROVIMENTO ;;;Contrato/Temporário;;DIRETOR(A) DE ESCOLA
;Folha Mensal - Janeiro;GRAZIELIA NILTA GRANJA SANTOS;DIRETOR(A) DE ESCOLA;179,93;2.072,40;2.252,33;SECRETARIA MUNICIPAL DE EDUCAÇÃO;SECRETARIA MUNICIPAL DE EDUCAÇÃO;SME- DEPTOR. ENSINO FUNDEB 70% V - COMISSIONADOS;COMISSIONADOS EDUCAÇÃO;054.XXX.XXX-02;241;40;;5;02/01/2025;;;;;;2 - Comissão;LIVRE PROVIMENTO ;;;Contrato/Temporário;;DIRETOR(A) DE ESCOLA
;Rescisão - Janeiro;HENRIQUETA MARIA ARAUJO MACÊDO;PROFESSOR SL 40H - CELETISTA;;0,00;;SECRETARIA MUNICIPAL DE EDUCAÇÃO;SECRETARIA MUNICIPAL DE EDUCAÇÃO;SME - DEPTOR. ENSINO FUNDEB 70% IV - CELETISTAS;CONTRATADOS  EDUCAÇÃO;041.XXX.XXX-84;490;40;;2;01/02/2024;01/01/2025;;01/2025;;;3 - Temporário;TEMPO DETERMINADO;;;Contrato Temporario;;PROFESSOR SL 40H - CELETISTA
;Folha Mensal - Janeiro;HERCULANO PEDRO DE MACEDO;AUX. DE SERV. GERAIS;261,86;1.483,84;1.745,70;SECRETARIA MUNICIPAL DE EDUCAÇÃO;FUNDO DE MANUT. E DEC.DA EDUC.BASICA-FUNDEB;SME- DEPTO. ADM -FUNDEB 30% II;EFETIVOS;045.XXX.XXX-06;90;40;UNIDADE ESCOLAR MUNICIPAL CÂNDIDA MACEDO;1;02/03/2015;;;;;;1 - Efetivo;CONCURSO PUBLICO ;;;Efetivo;;AUX. DE SERV. GERAIS
;Folha Mensal - Janeiro;HERIKA MARIA DA SILVA;PROFESSOR SE 40H;1.860,05;5.344,26;7.204,31;SECRETARIA MUNICIPAL DE EDUCAÇÃO;SECRETARIA MUNICIPAL DE EDUCAÇÃO;SME- DEPTO ENSINO INFANTIL FUNDEB 70% - EFETIVOS;EFETIVO - PROFESSORES;003.XXX.XXX-39;144;40;CRECHE PRÉ-ESCOLAR MARGARIDA DE JESUS ALENCAR ( TIA GUIDA);1;02/03/2015;;;;;;1 - Efetivo;CONCURSO PUBLICO ;;;Efetivo;;PROFESSOR SE 40H
;Folha Mensal - Janeiro;HUGO CHARLES MACEDO;OPERADOR DE MAQUINAS PESADAS;244,40;2.412,10;2.656,50;PREFEITURA MUNICIPAL DE PADRE MARCOS-PI;SECRETARIA MUNICIPAL  DE ADMINISTRAÇÃO;SEAD - DEPTO. ADMINISTRAÇÃO III;EFETIVOS;899.XXX.XXX-34;106;40;;1;03/11/2015;;;;;;1 - Efetivo;CONCURSO PUBLICO ;;;Efetivo;;OPERADOR DE MAQUINAS PESADAS
;Folha Mensal - Janeiro;HUMBERTA SILVA VITAL;PROFESSOR SE 40H;1.860,05;5.344,26;7.204,31;SECRETARIA MUNICIPAL DE EDUCAÇÃO;SECRETARIA MUNICIPAL DE EDUCAÇÃO;SME- DEPTO ENSINO INFANTIL FUNDEB 70% - EFETIVOS;EFETIVO - PROFESSORES;988.XXX.XXX-34;145;40;CRECHE PRÉ-ESCOLAR MARGARIDA DE JESUS ALENCAR ( TIA GUIDA);1;02/03/2015;;;;;;1 - Efetivo;CONCURSO PUBLICO ;;;Efetivo;;PROFESSOR SE 40H
;Adiantamento 13º Salário - Janeiro;HYTALO JADER MACEDO;AG. DE HIGIENE E SEGURANÇA;;2.049,30;2.049,30;SECRETARIA MUNICIPAL DE SAUDE;SECRETARIA MUNICIPAL DE SAUDE;SMS- SEC SAUDE - AGENTE DE ENDEMIAS;EFETIVOS;023.XXX.XXX-80;63;40;;1;02/02/2015;;;;;;1 - Efetivo;CONCURSO PUBLICO ;;;Efetivo;;AG. DE HIGIENE E SEGURANÇA
;Folha Mensal - Janeiro;HYTALO JADER MACEDO;AG. DE HIGIENE E SEGURANÇA;1.525,32;2.573,28;4.098,60;SECRETARIA MUNICIPAL DE SAUDE;SECRETARIA MUNICIPAL DE SAUDE;SMS- SEC SAUDE - AGENTE DE ENDEMIAS;EFETIVOS;023.XXX.XXX-80;63;40;;1;02/02/2015;;;;;;1 - Efetivo;CONCURSO PUBLICO ;;;Efetivo;;AG. DE HIGIENE E SEGURANÇA
;Rescisão - Janeiro;IANA MÉCIA SILVA RIBEIRO;NUTRICIONISTA;;0,00;;SECRETARIA MUNICIPAL DE EDUCAÇÃO;FUNDO DE MANUT. E DEC.DA EDUC.BASICA-FUNDEB;SME-DEPTO.CONTRATO-ENSINO FUNDEB 30%;CONTRATO TEMPORÁRIO;433.XXX.XXX-00;446;40;;2;02/03/2023;01/01/2025;;01/2025;;;3 - Temporário;TEMPO DETERMINADO;;;Contrato Temporario;;NUTRICIONISTA
;Folha Mensal - Janeiro;IANA MÉCIA SILVA RIBEIRO;NUTRICIONISTA;250,87;2.668,46;2.919,33;SECRETARIA MUNICIPAL DE EDUCAÇÃO;FUNDO DE MANUT. E DEC.DA EDUC.BASICA-FUNDEB;SME-DEPTO.CONTRATO-ENSINO FUNDEB 30%;CONTRATO TEMPORÁRIO;433.XXX.XXX-00;446;40;;3;02/01/2025;;;;;;3 - Temporário;TEMPO DETERMINADO;;;Contrato Temporario;;NUTRICIONISTA
;Rescisão - Janeiro;IANDDRAH KELLY ANDRADE ALEXANDRE;MEDICO (A) TEMPORARIO (A) PLANTÃO;;0,00;;SECRETARIA MUNICIPAL DE SAUDE;SECRETARIA MUNICIPAL DE SAUDE;SMS- DEPARTAMENTO DA SAÚDE- PLANTÃO - FUS;CONTRATO TEMPORÁRIO;049.XXX.XXX-69;541;40;SECRETARIA MUNICIPAL DE SAÚDE;2;02/06/2024;01/01/2025;;01/2025;;;3 - Temporário;TEMPO DETERMINADO;;;Contrato Temporario;;MEDICO (A) TEMPORARIO (A) PLANTÃO
;Folha Mensal - Janeiro;IANDDRAH KELLY ANDRADE ALEXANDRE;MEDICO (A) TEMPORARIO (A) PLANTÃO;366,84;3.113,16;3.480,00;SECRETARIA MUNICIPAL DE SAUDE;SECRETARIA MUNICIPAL DE SAUDE;SMS- DEPARTAMENTO DA SAÚDE- PLANTÃO - FUS;CONTRATO TEMPORÁRIO;049.XXX.XXX-69;541;40;SECRETARIA MUNICIPAL DE SAÚDE;3;02/01/2025;;;01/2026;;;3 - Temporário;TEMPO DETERMINADO;;;Contrato Temporario;;MEDICO (A) TEMPORARIO (A) PLANTÃO
;Folha Mensal - Janeiro;IDALVA RITA DE LIMA SILVA;AUX. DE SERV. GERAIS;267,93;2.084,97;2.352,90;HOSPITAL MUNICIPAL DE PADRE MARCOS;SECRETARIA MUNICIPAL DE SAUDE;HOSPITAL - DEPTO. ADMINISTRATIVO I;EFETIVOS;888.XXX.XXX-34;91;40;;1;02/03/2015;;;;;;1 - Efetivo;CONCURSO PUBLICO ;;;Efetivo;;AUX. DE SERV. GERAIS
;Rescisão - Janeiro;ILANA HÉLIA DE ALMEIDA LUZ;ASSESSOR TÉCNICO (A) ADMINISTRATIVO;;0,00;;SECRETARIA MUNICIPAL DE SAUDE;SECRETARIA MUNICIPAL DE SAUDE;SMS-DEPTO.SEC.SAUDE-CONTRATADOS - FUS;COMISSIONADOS;010.XXX.XXX-57;580;40;SECRETARIA MUNICIPAL DE SAÚDE;1;01/07/2024;01/01/2025;;01/2025;;;2 - Comissão;TEMPO DETERMINADO;;;Função de Confiança;;ASSESSOR TÉCNICO (A) ADMINISTRATIVO
;Rescisão - Janeiro;IRACI HELENA DA CONCEIÇÃO;ORIENTADORA(O) EDUCACIONAL;;0,00;;SECRETARIA MUNICIPAL DE EDUCAÇÃO;FUNDO DE MANUT. E DEC.DA EDUC.BASICA-FUNDEB;SME- DEPTOR ADM FUNDEB 30 % VI - COMISSIONADOS;COMISSIONADOS EDUCAÇÃO;352.XXX.XXX-15;263;40;;2;01/02/2022;01/01/2025;;01/2025;;;2 - Comissão;TEMPO DETERMINADO;;;Função de Confiança;;ORIENTADORA(O) EDUCACIONAL
;Folha Mensal - Janeiro;IRACI HELENA DA CONCEIÇÃO;ORIENTADORA(O) EDUCACIONAL;188,53;2.159,31;2.347,84;SECRETARIA MUNICIPAL DE EDUCAÇÃO;FUNDO DE MANUT. E DEC.DA EDUC.BASICA-FUNDEB;SME- DEPTOR ADM FUNDEB 30 % VI - COMISSIONADOS;COMISSIONADOS EDUCAÇÃO;352.XXX.XXX-15;263;40;;3;02/01/2025;;;;;;2 - Comissão;TEMPO DETERMINADO;;;Função de Confiança;;ORIENTADORA(O) EDUCACIONAL
;Folha Mensal - Janeiro;IRACILDE IRENE DE SOUSA;AUX. DE SERV. GERAIS;273,24;1.548,36;1.821,60;SECRETARIA MUNICIPAL DE EDUCAÇÃO;FUNDO DE MANUT. E DEC.DA EDUC.BASICA-FUNDEB;SME- DEPTO. ADM -FUNDEB 30% II;EFETIVOS;830.XXX.XXX-53;75;40;UNIDADE ESCOLAR MUNICIPAL DAVI SEVERIANO DE CARVALHO;1;02/02/1998;;;;;;1 - Efetivo;CONCURSO PUBLICO ;;;Efetivo;;AUX. DE SERV. GERAIS
;Folha Mensal - Janeiro;IRANEIDE DE ARAUJO LEAL;PROFESSOR SL 40H;2.617,91;4.866,30;7.484,21;SECRETARIA MUNICIPAL DE EDUCAÇÃO;SECRETARIA MUNICIPAL DE EDUCAÇÃO;SME- DEPTOR ENSINO FUNDEB 70% II;EFETIVO - PROFESSORES;882.XXX.XXX-91;182;40;U.E.M. JOSE DE MOURA LEAL;1;01/02/1999;;;;;;1 - Efetivo;CONCURSO PUBLICO ;;;Efetivo;;PROFESSOR SL 40H
;Folha Mensal - Janeiro;IRANILDA ARAUJO LEAL;AUX. DE SERV. GERAIS;273,24;1.548,36;1.821,60;SECRETARIA MUNICIPAL DE EDUCAÇÃO;FUNDO DE MANUT. E DEC.DA EDUC.BASICA-FUNDEB;SME- DEPTO. ADM -FUNDEB 30% II;EFETIVOS;846.XXX.XXX-72;76;40;;1;02/03/1998;;;;;;1 - Efetivo;CONCURSO PUBLICO ;;;Efetivo;;AUX. DE SERV. GERAIS
;Folha Mensal - Janeiro;IRLA LAYANY CARVALHO BATISTA;TECNICO EM ENFERMAGEM;666,41;1.686,49;2.352,90;SECRETARIA MUNICIPAL DE SAUDE;SECRETARIA MUNICIPAL DE SAUDE;SMS-DEPTOR.SEC. DE SAUDE II - FUS;EFETIVOS;044.XXX.XXX-06;22;40;SECRETARIA MUNICIPAL DE SAÚDE;1;01/03/2016;;;;;;1 - Efetivo;CONCURSO PUBLICO ;;;Efetivo;;TECNICO EM ENFERMAGEM
;Folha Complementar c/ Encargos - Janeiro;IRLA LAYANY CARVALHO BATISTA;TECNICO EM ENFERMAGEM;311,17;-311,17;;SECRETARIA MUNICIPAL DE SAUDE;SECRETARIA MUNICIPAL DE SAUDE;SMS-DEPTOR.SEC. DE SAUDE II - FUS;EFETIVOS;044.XXX.XXX-06;22;40;SECRETARIA MUNICIPAL DE SAÚDE;1;01/03/2016;;;;;;1 - Efetivo;CONCURSO PUBLICO ;;;Efetivo;;TECNICO EM ENFERMAGEM
;Folha Mensal - Janeiro;ISABEL FRANCISCA DE CARVALHO;GARI;267,93;2.084,97;2.352,90;PREFEITURA MUNICIPAL DE PADRE MARCOS-PI;SECRETARIA MUNICIPAL  DE ADMINISTRAÇÃO;SEAD - DEPTO.ADMINISTRAÇÃO II;EFETIVOS;045.XXX.XXX-59;8;40;;1;19/01/2015;;;;;;1 - Efetivo;CONCURSO PUBLICO ;;;Efetivo;;GARI
;Folha Mensal - Janeiro;ISABEL ISMÊNIA DE CARVALHO MACEDO;PROFESSOR SE 20H;552,91;2.909,29;3.462,20;SECRETARIA MUNICIPAL DE EDUCAÇÃO;SECRETARIA MUNICIPAL DE EDUCAÇÃO;SME- DEPTOR ENSINO FUNDEB 70% I;EFETIVO - PROFESSORES;962.XXX.XXX-53;292;20;UNIDADE ESCOLAR MUNICIPAL DAVI SEVERIANO DE CARVALHO;1;01/02/2018;;;;;;1 - Efetivo;CONCURSO PUBLICO ;;;Efetivo;;PROFESSOR SE 20H
;Rescisão - Janeiro;ISABEL MARIA DA SILVA CARVALHO;ASSESSOR TÉCNICO (A) ADMINISTRATIVO;;0,00;;PREFEITURA MUNICIPAL DE PADRE MARCOS-PI;SECRETARIA MUNICIPAL  DE ADMINISTRAÇÃO;SEAD -  DEPTO. ADMINISTRAÇÃO V- COMISSIONADOS;COMISSIONADOS;490.XXX.XXX-20;354;40;;1;02/01/2020;01/01/2025;01/2020;01/2025;;;2 - Comissão;TEMPO DETERMINADO;;;Função de Confiança;;ASSESSOR TÉCNICO (A) ADMINISTRATIVO
;Folha Mensal - Janeiro;ISABEL MARIA DA SILVA CARVALHO;ASSESSOR TÉCNICO (A) ADMINISTRATIVO;143,63;1.705,29;1.848,92;PREFEITURA MUNICIPAL DE PADRE MARCOS-PI;SECRETARIA MUNICIPAL  DE ADMINISTRAÇÃO;SEAD -  DEPTO. ADMINISTRAÇÃO V- COMISSIONADOS;COMISSIONADOS;490.XXX.XXX-20;354;40;;2;02/01/2025;;01/2020;;;;2 - Comissão;TEMPO DETERMINADO;;;Função de Confiança;;ASSESSOR TÉCNICO (A) ADMINISTRATIVO
;Rescisão - Janeiro;ISMAEL BENEDITO DA SILVA;PROFESSORA DE EJA - CELETISTA;;0,00;;SECRETARIA MUNICIPAL DE EDUCAÇÃO;SECRETARIA MUNICIPAL DE EDUCAÇÃO;SME-DEPTOR. ENSINO FUNDEB 70%  VI EJA;CONTRATADOS  EDUCAÇÃO;053.XXX.XXX-96;491;40;;2;01/02/2024;01/01/2025;;01/2025;;;3 - Temporário;TEMPO DETERMINADO;;;Contrato Temporario;;PROFESSORA DE EJA - CELETISTA
;Rescisão - Janeiro;ITAMARA DANTAS SILVA;ENFERMEIRO (A)  CONTRATADO (A);;0,00;;SECRETARIA MUNICIPAL DE SAUDE;SECRETARIA MUNICIPAL DE SAUDE;SMS-DEPTO.SEC.SAUDE-CONTRATADOS - FUS;COMISSIONADOS;023.XXX.XXX-35;228;40;;6;02/03/2023;01/01/2025;;01/2025;;;3 - Temporário;TEMPO DETERMINADO;08/2020;;Função de Confiança;;ENFERMEIRO (A)  CONTRATADO (A)
;Folha Complementar c/ Encargos - Janeiro;ITAMARA DANTAS SILVA;ENFERMEIRO (A)  CONTRATADO (A);959,99;-959,99;;SECRETARIA MUNICIPAL DE SAUDE;SECRETARIA MUNICIPAL DE SAUDE;SMS-DEPTO.SEC.SAUDE-CONTRATADOS - FUS;COMISSIONADOS;023.XXX.XXX-35;228;40;;7;02/01/2025;;;;;;3 - Temporário;TEMPO DETERMINADO;08/2020;;Contrato/Temporário;;ENFERMEIRO (A)  CONTRATADO (A)
;Folha Mensal - Janeiro;ITAMARA DANTAS SILVA;ENFERMEIRO (A)  CONTRATADO (A);357,71;3.088,46;3.446,17;SECRETARIA MUNICIPAL DE SAUDE;SECRETARIA MUNICIPAL DE SAUDE;SMS-DEPTO.SEC.SAUDE-CONTRATADOS - FUS;COMISSIONADOS;023.XXX.XXX-35;228;40;;7;02/01/2025;;;;;;3 - Temporário;TEMPO DETERMINADO;08/2020;;Contrato/Temporário;;ENFERMEIRO (A)  CONTRATADO (A)
;Rescisão - Janeiro;IVONE DE MORAIS CARVALHO;PROFESSOR SELETISTA;;0,00;;SECRETARIA MUNICIPAL DE EDUCAÇÃO;SECRETARIA MUNICIPAL DE EDUCAÇÃO;SME- DEPTO  ENSINO INFANTIL FUNDEB 70% - SELETISTAS;CONTRATADOS  EDUCAÇÃO;612.XXX.XXX-50;395;40;;3;01/02/2024;01/01/2025;;01/2025;;;3 - Temporário;TEMPO DETERMINADO;;;Contrato Temporario;;PROFESSOR SL 40H - CELETISTA
;Folha Mensal - Janeiro;IVONETE FRANCISCA DO NASCIMENTO CARDEAL;AUX. DE SERV. GERAIS;273,24;1.548,36;1.821,60;SECRETARIA MUNICIPAL DE EDUCAÇÃO;FUNDO DE MANUT. E DEC.DA EDUC.BASICA-FUNDEB;SME- DEPTO. ADM -FUNDEB 30% II;EFETIVOS;628.XXX.XXX-72;77;40;CRECHE PRÉ-ESCOLAR MARGARIDA DE JESUS ALENCAR ( TIA GUIDA);1;02/03/1998;;;;;;1 - Efetivo;CONCURSO PUBLICO ;;;Efetivo;;AUX. DE SERV. GERAIS
;Folha Mensal - Janeiro;IVONIERKY DE SOUSA CARDEAL;GARI;267,93;2.084,97;2.352,90;PREFEITURA MUNICIPAL DE PADRE MARCOS-PI;SECRETARIA MUNICIPAL  DE ADMINISTRAÇÃO;SEAD - DEPTO.ADMINISTRAÇÃO II;EFETIVOS;965.XXX.XXX-00;9;40;;1;19/01/2015;;;01/2022;;;1 - Efetivo;CONCURSO PUBLICO ;;;Efetivo;;GARI
;Folha Mensal - Janeiro;IVONILDA DE SOUSA CARDEAL;GARI;267,93;2.084,97;2.352,90;PREFEITURA MUNICIPAL DE PADRE MARCOS-PI;SECRETARIA MUNICIPAL  DE ADMINISTRAÇÃO;SEAD - DEPTO.ADMINISTRAÇÃO II;EFETIVOS;273.XXX.XXX-35;10;40;;1;02/02/2015;;;;;;1 - Efetivo;CONCURSO PUBLICO ;;;Efetivo;;GARI
;Rescisão - Janeiro;JACINTO MARTINIANO DE CARVALHO;ASSESSOR TÉCNICO (A) ADMINISTRATIVO;;0,00;;SECRETARIA MUNICIPAL DE EDUCAÇÃO;FUNDO DE MANUT. E DEC.DA EDUC.BASICA-FUNDEB;SME- DEPTOR ADM FUNDEB 30 % VI - COMISSIONADOS;COMISSIONADOS;392.XXX.XXX-68;385;40;;2;02/02/2024;01/01/2025;;01/2025;;;2 - Comissão;TEMPO DETERMINADO;;;Função de Confiança;;ASSESSOR TÉCNICO (A) ADMINISTRATIVO
;Folha Mensal - Janeiro;JACINTO MARTINIANO DE CARVALHO;ASSESSOR TÉCNICO (A) ADMINISTRATIVO;195,82;2.232,98;2.428,80;SECRETARIA MUNICIPAL DE EDUCAÇÃO;FUNDO DE MANUT. E DEC.DA EDUC.BASICA-FUNDEB;SME- DEPTOR ADM FUNDEB 30 % VI - COMISSIONADOS;COMISSIONADOS;392.XXX.XXX-68;385;40;;3;02/01/2024;;;;;;2 - Comissão;TEMPO DETERMINADO;;;Função de Confiança;;ASSESSOR TÉCNICO (A) ADMINISTRATIVO
;Folha Mensal - Janeiro;JAELSON JOSÉ DA SILVA;GARI;270,97;2.385,53;2.656,50;HOSPITAL MUNICIPAL DE PADRE MARCOS;SECRETARIA MUNICIPAL DE SAUDE;HOSPITAL - DEPTO. ADMINISTRATIVO I;EFETIVOS;046.XXX.XXX-09;30;40;HOSPITAL MUNICIPAL DE PADRE MARCOS;1;02/02/2015;;;;;;1 - Efetivo;CONCURSO PUBLICO ;;;Efetivo;;GARI
;Rescisão - Janeiro;JAKELINE DE ARÁUJO SANTOS;DIRETOR DE DEPARTAMENTO;;0,00;;SECRETARIA MUNICIPAL DE EDUCAÇÃO;FUNDO DE MANUT. E DEC.DA EDUC.BASICA-FUNDEB;SME- DEPTOR ADM FUNDEB 30 % VI - COMISSIONADOS;COMISSIONADOS;017.XXX.XXX-83;547;40;SECRETARIA MUNICIPAL DE EDUCAÇÃO;1;01/03/2024;01/01/2025;;01/2025;;;2 - Comissão;LIVRE PROVIMENTO ;;;Função de Confiança;;DIRETOR DE DEPARTAMENTO
;Folha Mensal - Janeiro;JANAIRA ELVIRA DA CONCEIÇÃO;GARI;270,97;2.385,53;2.656,50;HOSPITAL MUNICIPAL DE PADRE MARCOS;SECRETARIA MUNICIPAL DE SAUDE;HOSPITAL - DEPTO. ADMINISTRATIVO I;EFETIVOS;335.XXX.XXX-06;29;40;HOSPITAL MUNICIPAL DE PADRE MARCOS;1;02/02/2015;;;;;;1 - Efetivo;CONCURSO PUBLICO ;;;Efetivo;;GARI
;Rescisão - Janeiro;JANETE MATILDES DA SILVA;ASSESSOR TÉCNICO (A) ADMINISTRATIVO;;0,00;;PREFEITURA MUNICIPAL DE PADRE MARCOS-PI;SECRETARIA MUNICIPAL  DE ADMINISTRAÇÃO;SEAD - DEPTO. ADMINISTRAÇÃO IV;COMISSIONADOS;034.XXX.XXX-21;308;40;PREDIO DA PREFEITURA;1;01/11/2018;01/01/2025;;01/2025;;;2 - Comissão;TEMPO DETERMINADO;;;;;ASSESSOR TÉCNICO (A) ADMINISTRATIVO
;Folha Mensal - Janeiro;JANETE MATILDES DA SILVA;ASSESSOR TÉCNICO (A) ADMINISTRATIVO;110,05;1.357,35;1.467,40;PREFEITURA MUNICIPAL DE PADRE MARCOS-PI;SECRETARIA MUNICIPAL  DE ADMINISTRAÇÃO;SEAD -  DEPTO. ADMINISTRAÇÃO V- COMISSIONADOS;COMISSIONADOS;034.XXX.XXX-21;308;40;PREDIO DA PREFEITURA;2;02/01/2025;;;;;;2 - Comissão;TEMPO DETERMINADO;;;Função de Confiança;;ASSESSOR TÉCNICO (A) ADMINISTRATIVO
;Rescisão - Janeiro;JÂNIA KALINE DIAS;ASSESSOR TÉCNICO (A) ADMINISTRATIVO;;0,00;;SECRETARIA MUNICIPAL DE SAUDE;SECRETARIA MUNICIPAL DE SAUDE;SMS-DEPTO.SEC.SAUDE-CONTRATADOS - FUS;COMISSIONADOS EDUCAÇÃO;065.XXX.XXX-27;267;40;SECRETARIA MUNICIPAL DE SAÚDE;3;02/01/2019;01/01/2025;;01/2025;;;2 - Comissão;TEMPO DETERMINADO;;;Função de Confiança;;ASSESSOR TÉCNICO (A) ADMINISTRATIVO
;Folha Mensal - Janeiro;JÂNIA KALINE DIAS;ASSESSOR TÉCNICO (A) ADMINISTRATIVO;110,05;1.357,35;1.467,40;SECRETARIA MUNICIPAL DE SAUDE;SECRETARIA MUNICIPAL DE SAUDE;SMS-DEPTO.SEC.SAUDE-CONTRATADOS - FUS;COMISSIONADOS EDUCAÇÃO;065.XXX.XXX-27;267;40;SECRETARIA MUNICIPAL DE SAÚDE;4;02/01/2025;;;;;;2 - Comissão;TEMPO DETERMINADO;;;Função de Confiança;;ASSESSOR TÉCNICO (A) ADMINISTRATIVO
;Folha Complementar c/ Encargos - Janeiro;JÂNIA KALINE DIAS;ASSESSOR TÉCNICO (A) ADMINISTRATIVO;151,12;-151,12;;SECRETARIA MUNICIPAL DE SAUDE;SECRETARIA MUNICIPAL DE SAUDE;SMS-DEPTO.SEC.SAUDE-CONTRATADOS - FUS;COMISSIONADOS EDUCAÇÃO;065.XXX.XXX-27;267;40;SECRETARIA MUNICIPAL DE SAÚDE;4;02/01/2025;;;;;;2 - Comissão;TEMPO DETERMINADO;;;Função de Confiança;;ASSESSOR TÉCNICO (A) ADMINISTRATIVO
;Rescisão - Janeiro;JANNAÍNA ANTONIA DE ALENCAR CASTRO;COORDENADOR DE SERVIÇOS;;0,00;;SECRETARIA MUNICIPAL DE SAUDE;SECRETARIA MUNICIPAL DE SAUDE;SMS-DEPTO.SEC.SAUDE-CONTRATADOS - FUS;COMISSIONADOS;011.XXX.XXX-40;442;40;;1;03/01/2022;01/01/2025;;01/2025;;;2 - Comissão;TEMPO DETERMINADO;;;Função de Confiança;;COORDENADOR DE SERVIÇOS
;Folha Complementar c/ Encargos - Janeiro;JANNAÍNA ANTONIA DE ALENCAR CASTRO;COORDENADOR DE SERVIÇOS;600,63;-600,63;;SECRETARIA MUNICIPAL DE SAUDE;SECRETARIA MUNICIPAL DE SAUDE;SMS-DEPTO.SEC.SAUDE-CONTRATADOS - FUS;COMISSIONADOS;011.XXX.XXX-40;442;40;;2;02/01/2025;;;;;;2 - Comissão;TEMPO DETERMINADO;;;Função de Confiança;;COORDENADOR DE SERVIÇOS
;Folha Mensal - Janeiro;JANNAÍNA ANTONIA DE ALENCAR CASTRO;COORDENADOR DE SERVIÇOS;284,80;2.808,53;3.093,33;SECRETARIA MUNICIPAL DE SAUDE;SECRETARIA MUNICIPAL DE SAUDE;SMS-DEPTO.SEC.SAUDE-CONTRATADOS - FUS;COMISSIONADOS;011.XXX.XXX-40;442;40;;2;02/01/2025;;;;;;2 - Comissão;TEMPO DETERMINADO;;;Função de Confiança;;COORDENADOR DE SERVIÇOS
;Rescisão - Janeiro;JARBAS DA SILVA SOUSA;VISITADOR PCF;;0,00;;SECRETARIA MUNICIPAL DE ASSISTENCIA SOCIAL;SECRETARIA MUNICIPAL DE ASSISTENCIA SOCIAL; PROG.CRIANÇA FELIZ;CONTRATO TEMPORÁRIO;080.XXX.XXX-16;406;40;;2;01/03/2023;01/01/2025;;01/2025;;;3 - Temporário;TEMPO DETERMINADO;;;Contrato Temporario;;VISITADOR PCF
;Folha Mensal - Janeiro;JEAN MICHEL DE SOUZA LEAL;ASSESSOR TÉCNICO (A) ADMINISTRATIVO;110,05;1.357,35;1.467,40;SECRETARIA MUNICIPAL DE ASSISTENCIA SOCIAL;SECRETARIA MUNICIPAL DE ASSISTENCIA SOCIAL;SASC-DEPTO. ASSISTENCIA SOCIAL I;COMISSIONADOS;625.XXX.XXX-01;595;40;SEC MUN. DE ASSISTENCIA SOCIAL;1;02/01/2025;;;;;;2 - Comissão;TEMPO DETERMINADO;;;Função de Confiança;;ASSESSOR TÉCNICO (A) ADMINISTRATIVO
;Rescisão - Janeiro;JEREMIAS ELIAS DA SILVA;DIRETOR DE DEPARTAMENTO;;0,00;;SECRETARIA MUNICIPAL DE EDUCAÇÃO;FUNDO DE MANUT. E DEC.DA EDUC.BASICA-FUNDEB;SME- DEPTOR ADM FUNDEB 30 % VI - COMISSIONADOS;COMISSIONADOS EDUCAÇÃO;788.XXX.XXX-49;392;40;;2;01/12/2023;01/01/2025;;01/2025;;;2 - Comissão;LIVRE PROVIMENTO ;;;Função de Confiança;;DIRETOR DE DEPARTAMENTO
;Folha Mensal - Janeiro;JEREMIAS ELIAS DA SILVA;DIRETOR DE DEPARTAMENTO;110,05;1.357,35;1.467,40;SECRETARIA MUNICIPAL DE EDUCAÇÃO;FUNDO DE MANUT. E DEC.DA EDUC.BASICA-FUNDEB;SME- DEPTOR ADM FUNDEB 30 % VI - COMISSIONADOS;COMISSIONADOS EDUCAÇÃO;788.XXX.XXX-49;392;40;;3;02/01/2025;;;;;;2 - Comissão;LIVRE PROVIMENTO ;;;Função de Confiança;;DIRETOR DE DEPARTAMENTO
;Rescisão - Janeiro;JOÃO BATISTA RIBEIRO;ASSESSOR TÉCNICO (A) ADMINISTRATIVO;;0,00;;SECRETARIA MUNICIPAL DE EDUCAÇÃO;FUNDO DE MANUT. E DEC.DA EDUC.BASICA-FUNDEB;SME- DEPTOR ADM FUNDEB 30 % VI - COMISSIONADOS;COMISSIONADOS EDUCAÇÃO;900.XXX.XXX-04;426;40;;1;01/07/2021;01/01/2025;;01/2025;;;2 - Comissão;TEMPO DETERMINADO;;;Função de Confiança;;ASSESSOR TÉCNICO (A) ADMINISTRATIVO
;Folha Mensal - Janeiro;JOÃO BATISTA RIBEIRO;ASSESSOR TÉCNICO (A) ADMINISTRATIVO;134,38;1.611,83;1.746,21;SECRETARIA MUNICIPAL DE EDUCAÇÃO;FUNDO DE MANUT. E DEC.DA EDUC.BASICA-FUNDEB;SME- DEPTOR ADM FUNDEB 30 % VI - COMISSIONADOS;COMISSIONADOS EDUCAÇÃO;900.XXX.XXX-04;426;40;;2;02/01/2025;;;;;;2 - Comissão;TEMPO DETERMINADO;;;Função de Confiança;;ASSESSOR TÉCNICO (A) ADMINISTRATIVO
;Rescisão - Janeiro;JOÃO HEIDER DA SILVA;ORIENTADORA(O) EDUCACIONAL;;0,00;;SECRETARIA MUNICIPAL DE EDUCAÇÃO;FUNDO DE MANUT. E DEC.DA EDUC.BASICA-FUNDEB;SME- DEPTOR ADM FUNDEB 30 % VI - COMISSIONADOS;COMISSIONADOS EDUCAÇÃO;065.XXX.XXX-66;501;40;;2;01/02/2024;01/01/2025;;01/2025;;;2 - Comissão;TEMPO DETERMINADO;;;Contrato Temporario;;ORIENTADORA(O) EDUCACIONAL
;Rescisão - Janeiro;JOÃO ISAAC ARAÚJO MODESTO;ASSESSOR ESPECIAL;;0,00;;SECRETARIA MUNICIPAL DE EDUCAÇÃO;FUNDO DE MANUT. E DEC.DA EDUC.BASICA-FUNDEB;SME- DEPTOR ADM FUNDEB 30 % VI - COMISSIONADOS;COMISSIONADOS EDUCAÇÃO;069.XXX.XXX-12;470;40;SECRETARIA MUNICIPAL DE EDUCAÇÃO;1;01/08/2022;01/01/2025;;01/2025;;;2 - Comissão;LIVRE PROVIMENTO ;;;Função de Confiança;;ASSESSOR ESPECIAL
;Folha Mensal - Janeiro;JOÃO ISAAC ARAÚJO MODESTO;ASSESSOR ESPECIAL;110,05;1.357,35;1.467,40;SECRETARIA MUNICIPAL DE EDUCAÇÃO;FUNDO DE MANUT. E DEC.DA EDUC.BASICA-FUNDEB;SME- DEPTOR ADM FUNDEB 30 % VI - COMISSIONADOS;COMISSIONADOS EDUCAÇÃO;069.XXX.XXX-12;470;40;SECRETARIA MUNICIPAL DE EDUCAÇÃO;2;02/01/2025;;;;;;2 - Comissão;LIVRE PROVIMENTO ;;;Função de Confiança;;ASSESSOR ESPECIAL
;Rescisão - Janeiro;JOÃO ISIDRO DE CARVALHO;DIRETOR DE DEPARTAMENTO;;0,00;;PREFEITURA MUNICIPAL DE PADRE MARCOS-PI;SECRETARIA MUNICIPAL DE AGRICULTURA;SMA - SECRETARIA DE AGRICULTURA;COMISSIONADOS;517.XXX.XXX-15;370;40;;2;01/03/2021;01/01/2025;;01/2025;;;2 - Comissão;LIVRE PROVIMENTO ;;;Função de Confiança;;DIRETOR DE DEPARTAMENTO
;Folha Mensal - Janeiro;JOÃO ISIDRO DE CARVALHO;DIRETOR DE DEPARTAMENTO;188,53;2.159,31;2.347,84;PREFEITURA MUNICIPAL DE PADRE MARCOS-PI;SECRETARIA MUNICIPAL DE AGRICULTURA;SMA - SECRETARIA DE AGRICULTURA;COMISSIONADOS;517.XXX.XXX-15;370;40;;3;02/01/2025;;;;;;2 - Comissão;LIVRE PROVIMENTO ;;;Função de Confiança;;DIRETOR ADMINISTRATIVO
;Folha Mensal - Janeiro;JOÃO JUNIOR DE ALENCAR MACEDO;MOTORISTA;659,52;2.023,25;2.682,77;SECRETARIA MUNICIPAL DE EDUCAÇÃO;FUNDO DE MANUT. E DEC.DA EDUC.BASICA-FUNDEB;SME- DEPTOR. ADM FUNDEB 30% V;TEMPO DE SERVIÇO;454.XXX.XXX-53;107;40;SECRETARIA MUNICIPAL DE EDUCAÇÃO;1;01/08/1984;;;11/2025;;;1 - Efetivo;CONCURSO PUBLICO ;;;Efetivo;;MOTORISTA
;Rescisão - Janeiro;JOÃO MARCUS CARVALHO MACEDO;PROFESSOR SL 40H - CELETISTA;;0,00;;SECRETARIA MUNICIPAL DE EDUCAÇÃO;SECRETARIA MUNICIPAL DE EDUCAÇÃO;SME - DEPTOR. ENSINO FUNDEB 70% IV - CELETISTAS;CONTRATADOS  EDUCAÇÃO;057.XXX.XXX-52;472;40;;3;01/02/2024;01/01/2025;;01/2025;;;3 - Temporário;TEMPO DETERMINADO;;;Contrato Temporario;;PROFESSOR SL 40H - CELETISTA
;Rescisão - Janeiro;JOELMA FRANCISCA DE SOUSA;PROFESSOR SL 40H - CELETISTA;;0,00;;SECRETARIA MUNICIPAL DE EDUCAÇÃO;SECRETARIA MUNICIPAL DE EDUCAÇÃO;SME - DEPTOR. ENSINO FUNDEB 70% IV - CELETISTAS;CONTRATADOS  EDUCAÇÃO;022.XXX.XXX-97;325;40;;4;01/02/2024;01/01/2025;;01/2025;;;3 - Temporário;TEMPO DETERMINADO;;;Contrato Temporario;;PROFESSOR SL 40H - CELETISTA
;Rescisão - Janeiro;JOICE MIRELY DIAS SILVA;DIRETOR DE DEPARTAMENTO;;0,00;;SECRETARIA MUNICIPAL DE SAUDE;SECRETARIA MUNICIPAL DE SAUDE;SMS-DEPTO.SEC.SAUDE-CONTRATADOS - FUS;COMISSIONADOS;081.XXX.XXX-11;581;40;SECRETARIA MUNICIPAL DE SAÚDE;1;01/07/2024;01/01/2025;;01/2025;;;2 - Comissão;LIVRE PROVIMENTO ;;;Função de Confiança;;DIRETOR DE DEPARTAMENTO
;Folha Mensal - Janeiro;JOICE MIRELY DIAS SILVA;DIRETOR DE DEPARTAMENTO;110,05;1.357,35;1.467,40;SECRETARIA MUNICIPAL DE SAUDE;SECRETARIA MUNICIPAL DE SAUDE;SMS-DEPTO.SEC.SAUDE-CONTRATADOS - FUS;COMISSIONADOS;081.XXX.XXX-11;581;40;SECRETARIA MUNICIPAL DE SAÚDE;2;02/01/2025;;;;;;2 - Comissão;LIVRE PROVIMENTO ;;;Função de Confiança;;DIRETOR DE DEPARTAMENTO
;Folha Mensal - Janeiro;JOSE AFONSO DE ARAUJO MACEDO;ODONTÓLOGO;712,67;4.572,83;5.285,50;SECRETARIA MUNICIPAL DE SAUDE;SECRETARIA MUNICIPAL DE SAUDE;SMS - DEPTOR.SEC.SAUDE PSB II - PAB;EFETIVOS;160.XXX.XXX-04;123;40;;1;01/04/2008;;;;;;1 - Efetivo;CONCURSO PUBLICO ;;;Efetivo;;ODONTÓLOGO
;Rescisão - Janeiro;JOSÉ AGÁPITO DA SILVA;ASSESSOR TÉCNICO (A) ADMINISTRATIVO;;0,00;;SECRETARIA MUNICIPAL DE EDUCAÇÃO;FUNDO DE MANUT. E DEC.DA EDUC.BASICA-FUNDEB;SME- DEPTOR ADM FUNDEB 30 % VI - COMISSIONADOS;COMISSIONADOS;005.XXX.XXX-30;590;40;SECRETARIA MUNICIPAL DE EDUCAÇÃO;1;01/10/2024;01/01/2025;;01/2025;;;2 - Comissão;TEMPO DETERMINADO;;;Função de Confiança;;ASSESSOR TÉCNICO (A) ADMINISTRATIVO
;Folha Mensal - Janeiro;JOSÉ AGÁPITO DA SILVA;ASSESSOR TÉCNICO (A) ADMINISTRATIVO;110,05;1.357,35;1.467,40;SECRETARIA MUNICIPAL DE EDUCAÇÃO;FUNDO DE MANUT. E DEC.DA EDUC.BASICA-FUNDEB;SME- DEPTOR ADM FUNDEB 30 % VI - COMISSIONADOS;COMISSIONADOS;005.XXX.XXX-30;590;40;SECRETARIA MUNICIPAL DE EDUCAÇÃO;2;02/01/2025;;;;;;2 - Comissão;TEMPO DETERMINADO;;;Função de Confiança;;ASSESSOR TÉCNICO (A) ADMINISTRATIVO
;Rescisão - Janeiro;JOSÉ AGNALDO DE MACEDO NETO;COORDENADOR DE SERVIÇOS;;0,00;;SECRETARIA MUNICIPAL DE EDUCAÇÃO;FUNDO DE MANUT. E DEC.DA EDUC.BASICA-FUNDEB;SME- DEPTOR ADM FUNDEB 30 % VI - COMISSIONADOS;COMISSIONADOS EDUCAÇÃO;622.XXX.XXX-00;539;40;SECRETARIA MUNICIPAL DE EDUCAÇÃO;1;01/03/2024;01/01/2025;;01/2025;;;2 - Comissão;TEMPO DETERMINADO;;;Função de Confiança;;COORDENADOR DE SERVIÇOS
;Rescisão - Janeiro;JOSE ALAILSON DA SILVA;SECRETARIO(A) UNIDADE ESCOLAR MUNICIPAL;;0,00;;SECRETARIA MUNICIPAL DE EDUCAÇÃO;FUNDO DE MANUT. E DEC.DA EDUC.BASICA-FUNDEB;SME- DEPTOR ADM FUNDEB 30 % VI - COMISSIONADOS;COMISSIONADOS EDUCAÇÃO;069.XXX.XXX-61;280;40;U.E.M LUIZ LINO DA SILVA;3;01/03/2019;01/01/2025;;01/2025;;;2 - Comissão;LIVRE PROVIMENTO ;;;Função de Confiança;;DIRETOR(A) DE ESCOLA
;Folha Mensal - Janeiro;JOSE AQUILES DA SILVA;PROFESSOR SE 40H;2.213,01;5.830,99;8.044,00;SECRETARIA MUNICIPAL DE EDUCAÇÃO;SECRETARIA MUNICIPAL DE EDUCAÇÃO;SME- DEPTOR ENSINO FUNDEB 70% II;EFETIVO - PROFESSORES;451.XXX.XXX-91;184;40;SECRETARIA MUNICIPAL DE EDUCAÇÃO;1;02/02/1998;;;;;;1 - Efetivo;CONCURSO PUBLICO ;;;Efetivo;;PROFESSOR SE 40H
;Folha Mensal - Janeiro;JOSÉ AUGUSTO DE SOUSA MACEDO;AUX. DE SERV. GERAIS;600,86;1.144,84;1.745,70;SECRETARIA MUNICIPAL DE EDUCAÇÃO;FUNDO DE MANUT. E DEC.DA EDUC.BASICA-FUNDEB;SME- DEPTO. ADM -FUNDEB 30% II;EFETIVOS;001.XXX.XXX-07;93;40;;1;02/03/2015;;;;;;1 - Efetivo;CONCURSO PUBLICO ;;;Efetivo;;AUX. DE SERV. GERAIS
;Folha Mensal - Janeiro;JOSÉ BONIFÁCIO DA SILVA DIAS;PROFESSOR SE 40H;2.901,19;5.422,71;8.323,90;SECRETARIA MUNICIPAL DE EDUCAÇÃO;SECRETARIA MUNICIPAL DE EDUCAÇÃO;SME- DEPTOR ENSINO FUNDEB 70% III;EFETIVO - PROFESSORES;782.XXX.XXX-15;186;40;UNIDADE ESCOLAR MUNICIPAL CÂNDIDA MACEDO;1;02/02/1998;;;;;;1 - Efetivo;CONCURSO PUBLICO ;;;Efetivo;;PROFESSOR SE 40H
;Folha Mensal - Janeiro;JOSÉ ELIAS DA SILVA;AG. COMUNITARIO DE SAÚDE;708,78;3.689,82;4.398,60;SECRETARIA MUNICIPAL DE SAUDE;SECRETARIA MUNICIPAL DE SAUDE;SMS - SEC.DE SAUDE - ACS I - PAB;EFETIVOS;809.XXX.XXX-49;38;40;;1;12/09/1995;;;;;;1 - Efetivo;CONCURSO PUBLICO ;;;Efetivo;;AG. COMUNITARIO DE SAÚDE
;Rescisão - Janeiro;JOSE EVALDO DA SILVA;ASSESSOR TÉCNICO (A) ADMINISTRATIVO;;0,00;;PREFEITURA MUNICIPAL DE PADRE MARCOS-PI;SECRETARIA MUNICIPAL  DE ADMINISTRAÇÃO;SEAD - DEPTO. ADMINISTRAÇÃO IV;COMISSIONADOS;872.XXX.XXX-91;309;40;;1;02/01/2019;01/01/2025;;01/2025;;;2 - Comissão;TEMPO DETERMINADO;;;;;ASSESSOR TÉCNICO (A) ADMINISTRATIVO
;Folha Mensal - Janeiro;JOSE EVALDO DA SILVA;ASSESSOR TÉCNICO (A) ADMINISTRATIVO;175,32;2.025,78;2.201,10;PREFEITURA MUNICIPAL DE PADRE MARCOS-PI;SECRETARIA MUNICIPAL  DE ADMINISTRAÇÃO;ADM.SEC.MUNICIPAL DE TRANSPORTES;COMISSIONADOS;872.XXX.XXX-91;309;40;;2;02/01/2025;;;;;;2 - Comissão;TEMPO DETERMINADO;;;Função de Confiança;;COORDENADOR DE MÁQUINAS PESADAS
;Rescisão - Janeiro;JOSÉ FRANCISCO CARVALHO;AUX. DE SERVIÇOS GERAIS;;0,00;;SECRETARIA MUNICIPAL DE EDUCAÇÃO;FUNDO DE MANUT. E DEC.DA EDUC.BASICA-FUNDEB;SME-DEPTO.CONTRATO-ENSINO FUNDEB 30%;CONTRATADOS  EDUCAÇÃO;081.XXX.XXX-21;503;40;;1;01/03/2023;01/01/2025;;01/2025;;;3 - Temporário;TEMPO DETERMINADO;;;;;AUX. DE SERVIÇOS GERAIS
;Folha Mensal - Janeiro;JOSE FRANCISCO DE SOUSA;AUX. ADMINISTRATIVO;1.424,52;1.763,28;3.187,80;SECRETARIA MUNICIPAL DE EDUCAÇÃO;FUNDO DE MANUT. E DEC.DA EDUC.BASICA-FUNDEB;SME- DEPTO. ADM -FUNDEB 30% II;TEMPO DE SERVIÇO;022.XXX.XXX-24;116;40;U.E.M. JOSE DE MOURA LEAL;1;01/09/1986;;;;;;1 - Efetivo;CONCURSO PUBLICO ;;;Efetivo;;AUX. ADMINISTRATIVO
;Rescisão - Janeiro;JOSÉ FRANSUAILAM DE LIMA;DIRETOR DE DEPARTAMENTO;;0,00;;SECRETARIA MUNICIPAL DE EDUCAÇÃO;FUNDO DE MANUT. E DEC.DA EDUC.BASICA-FUNDEB;SME- DEPTOR ADM FUNDEB 30 % VI - COMISSIONADOS;COMISSIONADOS;612.XXX.XXX-04;537;40;SECRETARIA MUNICIPAL DE EDUCAÇÃO;1;01/02/2024;01/01/2025;;01/2025;;;2 - Comissão;LIVRE PROVIMENTO ;;;;;DIRETOR DE DEPARTAMENTO
;Folha Mensal - Janeiro;JOSÉ FRANSUAILAM DE LIMA;DIRETOR DE DEPARTAMENTO;188,53;2.159,31;2.347,84;SECRETARIA MUNICIPAL DE EDUCAÇÃO;FUNDO DE MANUT. E DEC.DA EDUC.BASICA-FUNDEB;SME- DEPTOR ADM FUNDEB 30 % VI - COMISSIONADOS;COMISSIONADOS;612.XXX.XXX-04;537;40;SECRETARIA MUNICIPAL DE EDUCAÇÃO;2;02/01/2025;;;;;;2 - Comissão;LIVRE PROVIMENTO ;;;Função de Confiança;;DIRETOR DE DEPARTAMENTO
;Folha Mensal - Janeiro;JOSE GILDEMAR SOUSA SILVA;PROFESSOR SE 40H;1.860,05;5.344,26;7.204,31;SECRETARIA MUNICIPAL DE EDUCAÇÃO;SECRETARIA MUNICIPAL DE EDUCAÇÃO;SME- DEPTOR ENSINO FUNDEB 70% I;EFETIVO - PROFESSORES;041.XXX.XXX-10;146;40;U.E.M LUIZ LINO DA SILVA;1;02/03/2015;;;030/2022;;;1 - Efetivo;CONCURSO PUBLICO ;;;Efetivo;;PROFESSOR SL 40H
;Rescisão - Janeiro;JOSÉ LEAL DE MACEDO;ASSESSOR TÉCNICO (A) ADMINISTRATIVO;;0,00;;PREFEITURA MUNICIPAL DE PADRE MARCOS-PI;SEC.MUN.DE OBRAS E SERVIÇOS URBANOS;SMO - SECRETARIA DE OBRAS;COMISSIONADOS;895.XXX.XXX-49;240;40;;2;02/01/2018;01/01/2025;;01/2025;;;2 - Comissão;TEMPO DETERMINADO;;;Função de Confiança;;ASSESSOR TÉCNICO (A) ADMINISTRATIVO
;Rescisão - Janeiro;JOSÉ RIBAMAR DE SOUSA;ASSESSOR TÉCNICO (A) ADMINISTRATIVO;;0,00;;PREFEITURA MUNICIPAL DE PADRE MARCOS-PI;SECRETARIA MUNICIPAL  DE ADMINISTRAÇÃO;SEAD -  DEPTO. ADMINISTRAÇÃO V- COMISSIONADOS;COMISSIONADOS;993.XXX.XXX-87;499;40;;1;01/03/2023;01/01/2025;;01/2025;;;2 - Comissão;TEMPO DETERMINADO;;;Função de Confiança;;ASSESSOR TÉCNICO (A) ADMINISTRATIVO
;Folha Mensal - Janeiro;JOSÉ RIBAMAR DE SOUSA;ASSESSOR TÉCNICO (A) ADMINISTRATIVO;110,05;1.357,35;1.467,40;PREFEITURA MUNICIPAL DE PADRE MARCOS-PI;SECRETARIA MUNICIPAL  DE ADMINISTRAÇÃO;ADM.SEC.MUNICIPAL DE TRANSPORTES;COMISSIONADOS;993.XXX.XXX-87;499;40;;2;02/01/2025;;;;;;2 - Comissão;TEMPO DETERMINADO;;;Função de Confiança;;ASSESSOR TÉCNICO (A) ADMINISTRATIVO
;Rescisão - Janeiro;JOSE VALDINAR DA SILVA;PREFEITO;;0,00;;PREFEITURA MUNICIPAL DE PADRE MARCOS-PI;GABINETE DO PREFEITO;GABINETE DO PREFEITO;ELETIVOS;864.XXX.XXX-20;223;40;;1;01/01/2017;01/01/2025;;01/2025;;;9 - Outros;ELEICAO/INDICACAO;;;Função de Confiança;;PREFEITO
;Folha Mensal - Janeiro;JOSE VALDINAR DA SILVA;SECRETARIO MUNICICIPAL DE GOVERNO;173,46;2.006,95;2.180,41;PREFEITURA MUNICIPAL DE PADRE MARCOS-PI;GABINETE DO PREFEITO;GABINETE DO PREFEITO;ELETIVOS;864.XXX.XXX-20;223;40;;2;02/01/2025;;;;;;2 - Comissão;LIVRE PROVIMENTO ;;;Função de Confiança;;SECRETARIO MUNICICIPAL DE GOVERNO
;Rescisão - Janeiro;JOSÉ VALDINAR FRANCISCO DA SILVA;ASSESSOR TÉCNICO (A) ADMINISTRATIVO;;0,00;;SECRETARIA MUNICIPAL DE EDUCAÇÃO;FUNDO DE MANUT. E DEC.DA EDUC.BASICA-FUNDEB;SME- DEPTOR ADM FUNDEB 30 % VI - COMISSIONADOS;COMISSIONADOS;005.XXX.XXX-78;526;40;SECRETARIA MUNICIPAL DE EDUCAÇÃO;1;01/11/2023;01/01/2025;;01/2025;;;2 - Comissão;TEMPO DETERMINADO;;;;;ASSESSOR TÉCNICO (A) ADMINISTRATIVO
;Folha Mensal - Janeiro;JOSÉ VALDINAR FRANCISCO DA SILVA;ASSESSOR TÉCNICO (A) ADMINISTRATIVO;110,05;1.357,35;1.467,40;SECRETARIA MUNICIPAL DE EDUCAÇÃO;FUNDO DE MANUT. E DEC.DA EDUC.BASICA-FUNDEB;SME- DEPTOR ADM FUNDEB 30 % VI - COMISSIONADOS;COMISSIONADOS;005.XXX.XXX-78;526;40;SECRETARIA MUNICIPAL DE EDUCAÇÃO;2;02/01/2025;;;;;;2 - Comissão;TEMPO DETERMINADO;;;;;ASSESSOR TÉCNICO (A) ADMINISTRATIVO
;Folha Mensal - Janeiro;JOSEAN SANTOS ALMEIDA;PROFESSOR SE 40H;2.273,49;6.386,28;8.659,77;SECRETARIA MUNICIPAL DE EDUCAÇÃO;SECRETARIA MUNICIPAL DE EDUCAÇÃO;SME- DEPTOR ENSINO FUNDEB 70% II;EFETIVO - PROFESSORES;718.XXX.XXX-49;183;40;UNIDADE ESCOLAR JOSE JUBELINO DE MACEDO;1;02/03/1998;;;;;;1 - Efetivo;CONCURSO PUBLICO ;;;Efetivo;;PROFESSOR SE 40H
;Rescisão - Janeiro;JOSEANO VALDECI DE LIMA;DIRETOR DE DEPARTAMENTO;;0,00;;PREFEITURA MUNICIPAL DE PADRE MARCOS-PI;SECRETARIA MUNICIPAL  DE ADMINISTRAÇÃO;SEAD -  DEPTO. ADMINISTRAÇÃO V- COMISSIONADOS;COMISSIONADOS;010.XXX.XXX-56;390;40;;1;01/02/2021;01/01/2025;;01/2025;;;2 - Comissão;LIVRE PROVIMENTO ;;;Função de Confiança;;DIRETOR DE DEPARTAMENTO
;Folha Mensal - Janeiro;JOSEANO VALDECI DE LIMA;DIRETOR DE DEPARTAMENTO;110,05;1.357,35;1.467,40;PREFEITURA MUNICIPAL DE PADRE MARCOS-PI;SECRETARIA MUNICIPAL  DE ADMINISTRAÇÃO;SEAD -  DEPTO. ADMINISTRAÇÃO V- COMISSIONADOS;COMISSIONADOS;010.XXX.XXX-56;390;40;;2;02/01/2025;;;;;;2 - Comissão;LIVRE PROVIMENTO ;;;Função de Confiança;;COORDENADOR DE CEMITÉRIO PÚBLICO
;Folha Mensal - Janeiro;JOSEFA BENEDITA DA SILVA;TECNICO EM ENFERMAGEM;264,89;2.084,41;2.349,30;SECRETARIA MUNICIPAL DE SAUDE;SECRETARIA MUNICIPAL DE SAUDE;SMS - DEPTOR .SEC. DE SAUDE - PAB;EFETIVOS;241.XXX.XXX-53;56;40;SECRETARIA MUNICIPAL DE SAÚDE;1;02/02/2015;;;;;;1 - Efetivo;CONCURSO PUBLICO ;;;Efetivo;;TECNICO EM ENFERMAGEM
;Folha Complementar c/ Encargos - Janeiro;JOSEFA BENEDITA DA SILVA;TECNICO EM ENFERMAGEM;278,76;-278,76;;SECRETARIA MUNICIPAL DE SAUDE;SECRETARIA MUNICIPAL DE SAUDE;SMS - DEPTOR .SEC. DE SAUDE - PAB;EFETIVOS;241.XXX.XXX-53;56;40;SECRETARIA MUNICIPAL DE SAÚDE;1;02/02/2015;;;;;;1 - Efetivo;CONCURSO PUBLICO ;;;Efetivo;;TECNICO EM ENFERMAGEM
;Rescisão - Janeiro;JOSEFA FRANCISCA DIAS SILVA;DIRETOR DE DEPARTAMENTO;;0,00;;SECRETARIA MUNICIPAL DE SAUDE;SECRETARIA MUNICIPAL DE SAUDE;SMS-DEPTO.SEC.SAUDE-CONTRATADOS - FUS;COMISSIONADOS;553.XXX.XXX-04;575;40;SECRETARIA MUNICIPAL DE SAÚDE;1;01/06/2024;01/01/2025;;01/2025;;;2 - Comissão;LIVRE PROVIMENTO ;;;Função de Confiança;;DIRETOR DE DEPARTAMENTO
;Folha Mensal - Janeiro;JOSEFA MACEDO DA SILVA;AUX. DE SERV. GERAIS;273,24;1.548,36;1.821,60;SECRETARIA MUNICIPAL DE EDUCAÇÃO;FUNDO DE MANUT. E DEC.DA EDUC.BASICA-FUNDEB;SME- DEPTO. ADM -FUNDEB 30% II;EFETIVOS;628.XXX.XXX-49;92;40;U.E.M.BERLAMINO FLORENTINO DE CARVALHO;1;02/03/1998;;;;;;1 - Efetivo;CONCURSO PUBLICO ;;;Efetivo;;AUX. DE SERV. GERAIS
;Rescisão - Janeiro;JOSEFA MÁRCIA DE CARVALHO;DIRETOR(A) DE ESCOLA;;0,00;;SECRETARIA MUNICIPAL DE EDUCAÇÃO;SECRETARIA MUNICIPAL DE EDUCAÇÃO;SME- DEPTOR. ENSINO FUNDEB 70% V - COMISSIONADOS;COMISSIONADOS EDUCAÇÃO;010.XXX.XXX-42;449;40;U.E.M LUIZ LINO DA SILVA;1;01/02/2022;01/01/2025;;01/2025;;;2 - Comissão;LIVRE PROVIMENTO ;;;Contrato Temporario;;DIRETOR(A) DE ESCOLA
;Folha Mensal - Janeiro;JOSEFA MÁRCIA DE CARVALHO;DIRETOR(A) DE ESCOLA;179,93;2.072,40;2.252,33;SECRETARIA MUNICIPAL DE EDUCAÇÃO;SECRETARIA MUNICIPAL DE EDUCAÇÃO;SME- DEPTOR. ENSINO FUNDEB 70% V - COMISSIONADOS;COMISSIONADOS EDUCAÇÃO;010.XXX.XXX-42;449;40;U.E.M LUIZ LINO DA SILVA;2;02/01/2025;;;;;;2 - Comissão;LIVRE PROVIMENTO ;;;Contrato Temporario;;DIRETOR(A) DE ESCOLA
;Folha Mensal - Janeiro;JOSEFA PEDRINA DA CONCEIÇÃO SILVA;AG. COMUNITARIO DE SAÚDE;708,78;3.689,82;4.398,60;SECRETARIA MUNICIPAL DE SAUDE;SECRETARIA MUNICIPAL DE SAUDE;SMS - SEC.DE SAUDE - ACS I - PAB;EFETIVOS;689.XXX.XXX-63;44;40;;1;18/03/2003;;;;;;1 - Efetivo;CONCURSO PUBLICO ;;;Efetivo;;AG. COMUNITARIO DE SAÚDE
;Rescisão - Janeiro;JOSELIA LUISA DE CARVALHO;ASSESSOR ESPECIAL;;0,00;;SECRETARIA MUNICIPAL DE EDUCAÇÃO;FUNDO DE MANUT. E DEC.DA EDUC.BASICA-FUNDEB;SME- DEPTOR ADM FUNDEB 30 % VI - COMISSIONADOS;COMISSIONADOS EDUCAÇÃO;068.XXX.XXX-50;339;40;;1;01/05/2019;01/01/2025;;01/2025;;;2 - Comissão;LIVRE PROVIMENTO ;;;;;ASSESSOR ESPECIAL
;Folha Mensal - Janeiro;JOSELIA LUISA DE CARVALHO;ASSESSOR ESPECIAL;110,05;1.357,35;1.467,40;SECRETARIA MUNICIPAL DE EDUCAÇÃO;FUNDO DE MANUT. E DEC.DA EDUC.BASICA-FUNDEB;SME- DEPTOR ADM FUNDEB 30 % VI - COMISSIONADOS;COMISSIONADOS EDUCAÇÃO;068.XXX.XXX-50;339;40;;2;02/01/2025;;;;;;2 - Comissão;LIVRE PROVIMENTO ;;;;;ASSESSOR ESPECIAL
;Folha Mensal - Janeiro;JOSIVALDO GERALDO CARVALHO MACEDO;MOTORISTA;264,89;1.784,41;2.049,30;SECRETARIA MUNICIPAL DE EDUCAÇÃO;FUNDO DE MANUT. E DEC.DA EDUC.BASICA-FUNDEB;SME- DEPTOR. ADM FUNDEB 30% V;EFETIVOS;004.XXX.XXX-03;108;40;SECRETARIA MUNICIPAL DE EDUCAÇÃO;1;02/03/2015;;;;;;1 - Efetivo;CONCURSO PUBLICO ;;;Efetivo;;MOTORISTA
;Adiantamento 13º Salário - Janeiro;JOSIVALDO GERALDO CARVALHO MACEDO;MOTORISTA;;1.024,65;1.024,65;SECRETARIA MUNICIPAL DE EDUCAÇÃO;FUNDO DE MANUT. E DEC.DA EDUC.BASICA-FUNDEB;SME- DEPTOR. ADM FUNDEB 30% V;EFETIVOS;004.XXX.XXX-03;108;40;SECRETARIA MUNICIPAL DE EDUCAÇÃO;1;02/03/2015;;;;;;1 - Efetivo;CONCURSO PUBLICO ;;;Efetivo;;MOTORISTA
;Rescisão - Janeiro;JOSIVANHA DE MORAIS CARVALHO;VISITADOR PCF;;0,00;;SECRETARIA MUNICIPAL DE ASSISTENCIA SOCIAL;SECRETARIA MUNICIPAL DE ASSISTENCIA SOCIAL; PROG.CRIANÇA FELIZ;CONTRATO TEMPORÁRIO;062.XXX.XXX-78;242;40;;5;01/03/2023;01/01/2025;;01/2025;;;3 - Temporário;TEMPO DETERMINADO;;;Contrato Temporario;;VISITADOR PCF
;Rescisão - Janeiro;JOSIVANIA ELVIRA DE MACEDO;COORDENADOR DE SERVIÇOS;;0,00;;PREFEITURA MUNICIPAL DE PADRE MARCOS-PI;SECRETARIA MUNICIPAL  DE ADMINISTRAÇÃO;SEAD- DPTO.ADM. ALMOXARIFADO;COMISSIONADOS;009.XXX.XXX-29;237;40;;1;01/02/2017;01/01/2025;;01/2025;;;2 - Comissão;TEMPO DETERMINADO;;;Função de Confiança;;COORDENADOR DE SERVIÇOS
;Folha Mensal - Janeiro;JOSIVANIA ELVIRA DE MACEDO;COORDENADOR DE SERVIÇOS;142,31;1.691,94;1.834,25;PREFEITURA MUNICIPAL DE PADRE MARCOS-PI;SECRETARIA MUNICIPAL  DE ADMINISTRAÇÃO;SEAD- DPTO.ADM. ALMOXARIFADO;COMISSIONADOS;009.XXX.XXX-29;237;40;;2;02/01/2025;;;;;;2 - Comissão;TEMPO DETERMINADO;;;Função de Confiança;;COORDENADOR DE SERVIÇOS
;Rescisão - Janeiro;JOSUE JOÃO DA SILVA GOMES;ASSESSOR TÉCNICO (A) ADMINISTRATIVO;;0,00;;SECRETARIA MUNICIPAL DE EDUCAÇÃO;FUNDO DE MANUT. E DEC.DA EDUC.BASICA-FUNDEB;SME- DEPTOR ADM FUNDEB 30 % VI - COMISSIONADOS;COMISSIONADOS EDUCAÇÃO;006.XXX.XXX-81;342;40;;1;01/08/2019;01/01/2025;;01/2025;;;2 - Comissão;TEMPO DETERMINADO;;;Função de Confiança;;ASSESSOR TÉCNICO (A) ADMINISTRATIVO
;Folha Mensal - Janeiro;JOSUE JOÃO DA SILVA GOMES;ASSESSOR TÉCNICO (A) ADMINISTRATIVO;188,53;2.159,31;2.347,84;SECRETARIA MUNICIPAL DE EDUCAÇÃO;FUNDO DE MANUT. E DEC.DA EDUC.BASICA-FUNDEB;SME- DEPTOR ADM FUNDEB 30 % VI - COMISSIONADOS;COMISSIONADOS EDUCAÇÃO;006.XXX.XXX-81;342;40;SECRETARIA MUNICIPAL DE EDUCAÇÃO;2;02/01/2025;;;;;;2 - Comissão;TEMPO DETERMINADO;;;Função de Confiança;;ASSESSOR TÉCNICO (A) ADMINISTRATIVO
;Folha Mensal - Janeiro;JOVELANDO JOSE DE CARVALHO;PROFESSOR SE 40H;1.860,05;5.344,26;7.204,31;SECRETARIA MUNICIPAL DE EDUCAÇÃO;SECRETARIA MUNICIPAL DE EDUCAÇÃO;SME- DEPTOR ENSINO FUNDEB 70% I;EFETIVO - PROFESSORES;015.XXX.XXX-86;147;40;UNIDADE ESCOLAR MUNICIPAL DAVI SEVERIANO DE CARVALHO;1;02/03/2015;;;;;;1 - Efetivo;CONCURSO PUBLICO ;;;Efetivo;;PROFESSOR SE 40H
;Folha Mensal - Janeiro;JOYCE MAIANNE DA SILVA SOUZA;AG. COMUNITARIO DE SAÚDE;1.013,34;4.296,06;5.309,40;SECRETARIA MUNICIPAL DE SAUDE;SECRETARIA MUNICIPAL DE SAUDE;SMS - SEC.DE SAUDE - ACS I - PAB;EFETIVOS;037.XXX.XXX-56;43;40;;1;02/02/2015;;;02/2021;;;1 - Efetivo;CONCURSO PUBLICO ;;;Efetivo;;AG. COMUNITARIO DE SAÚDE
;Rescisão - Janeiro;JOZELIA MAURICIA MACEDO CARVALHO;PROFESSOR SL 40H - CELETISTA;;0,00;;SECRETARIA MUNICIPAL DE EDUCAÇÃO;SECRETARIA MUNICIPAL DE EDUCAÇÃO;SME- DEPTO  ENSINO INFANTIL FUNDEB 70% - SELETISTAS;CONTRATADOS  EDUCAÇÃO;010.XXX.XXX-30;327;40;;4;01/02/2024;01/01/2025;;01/2025;;;3 - Temporário;TEMPO DETERMINADO;;;Contrato Temporario;;PROFESSOR SL 40H - CELETISTA
;Folha Mensal - Janeiro;JUCENAIDE DE CARVALHO BOEIRO;PROFESSOR SE 40H;1.860,05;5.344,26;7.204,31;SECRETARIA MUNICIPAL DE EDUCAÇÃO;SECRETARIA MUNICIPAL DE EDUCAÇÃO;SME- DEPTOR ENSINO FUNDEB 70% I;EFETIVO - PROFESSORES;004.XXX.XXX-20;148;40;UNIDADE ESCOLAR MUNICIPAL CÂNDIDA MACEDO;1;02/03/2015;;;;;;1 - Efetivo;CONCURSO PUBLICO ;;;Efetivo;;PROFESSOR SL 20H
;Folha Mensal - Janeiro;JUCILIA ANAILDA DE SOUSA LEAL;PROFESSOR SE 40H;1.860,05;5.344,26;7.204,31;SECRETARIA MUNICIPAL DE EDUCAÇÃO;SECRETARIA MUNICIPAL DE EDUCAÇÃO;SME- DEPTOR ENSINO FUNDEB 70% I;EFETIVO - PROFESSORES;014.XXX.XXX-08;291;40;UNIDADE ESCOLAR MUNICIPAL DAVI SEVERIANO DE CARVALHO;1;01/02/2018;;;;;;1 - Efetivo;CONCURSO PUBLICO ;;;Efetivo;;PROFESSOR SL 20H
;Rescisão - Janeiro;JUED CLEITON DA SILVA;DIRETOR HOSPITAL;;0,00;;HOSPITAL MUNICIPAL DE PADRE MARCOS;SECRETARIA MUNICIPAL DE SAUDE;HOSPITAL-DEPTO. ADMINISTRATIVO III;COMISSIONADOS;029.XXX.XXX-30;234;40;;2;01/03/2019;01/01/2025;;01/2025;;;2 - Comissão;LIVRE PROVIMENTO ;;;Função de Confiança;;DIRETOR HOSPITAL
;Folha Mensal - Janeiro;JULIA MARIA DE JESUS DIAS;PROFESSOR SE 40H;2.710,02;5.613,88;8.323,90;SECRETARIA MUNICIPAL DE EDUCAÇÃO;SECRETARIA MUNICIPAL DE EDUCAÇÃO;SME- DEPTO ENSINO INFANTIL FUNDEB 70% - EFETIVOS;EFETIVO - PROFESSORES;514.XXX.XXX-49;187;40;CRECHE PRÉ-ESCOLAR MARGARIDA DE JESUS ALENCAR ( TIA GUIDA);1;02/02/1998;;;;;;1 - Efetivo;CONCURSO PUBLICO ;;;Efetivo;;PROFESSOR SE 40H
;Rescisão - Janeiro;JULIANA CRISTINA DIAS BRITO;COORDENADOR(A) PEDAGÓGICO;;0,00;;SECRETARIA MUNICIPAL DE EDUCAÇÃO;SECRETARIA MUNICIPAL DE EDUCAÇÃO;SME- DEPTOR. ENSINO FUNDEB 70% V - COMISSIONADOS;COMISSIONADOS EDUCAÇÃO;062.XXX.XXX-06;273;40;UNIDADE ESCOLAR MUNICIPAL CÂNDIDA MACEDO;4;02/05/2023;01/01/2025;;01/2025;;;2 - Comissão;TEMPO DETERMINADO;;;Função de Confiança;;COORDENADOR(A) PEDAGÓGICO
;Folha Mensal - Janeiro;JULIANA CRISTINA DIAS BRITO;COORDENADOR(A) PEDAGÓGICO;177,32;2.046,01;2.223,33;SECRETARIA MUNICIPAL DE EDUCAÇÃO;SECRETARIA MUNICIPAL DE EDUCAÇÃO;SME- DEPTOR. ENSINO FUNDEB 70% V - COMISSIONADOS;COMISSIONADOS EDUCAÇÃO;062.XXX.XXX-06;273;40;UNIDADE ESCOLAR MUNICIPAL CÂNDIDA MACEDO;5;02/01/2025;;;;;;2 - Comissão;TEMPO DETERMINADO;;;Função de Confiança;;COORDENADOR(A) PEDAGÓGICO
;Folha Mensal - Janeiro;JULIÊTA TEREZA DE CARVALHO NETA;AG. COMUNITARIO DE SAÚDE;1.065,47;4.395,73;5.461,20;SECRETARIA MUNICIPAL DE SAUDE;SECRETARIA MUNICIPAL DE SAUDE;SMS - SEC.DE SAUDE - ACS I - PAB;EFETIVOS;877.XXX.XXX-68;42;40;;1;01/08/1999;;;;;;1 - Efetivo;CONCURSO PUBLICO ;;;Efetivo;;AG. COMUNITARIO DE SAÚDE
;Rescisão - Janeiro;JURACI RODRIGO DA SILVA;COORDENADOR DE SERVIÇOS;;0,00;;SECRETARIA MUNICIPAL DE EDUCAÇÃO;FUNDO DE MANUT. E DEC.DA EDUC.BASICA-FUNDEB;SME- DEPTOR ADM FUNDEB 30 % VI - COMISSIONADOS;COMISSIONADOS;535.XXX.XXX-04;485;40;;1;01/02/2023;01/01/2025;;01/2025;;;2 - Comissão;TEMPO DETERMINADO;;;Função de Confiança;;COORDENADOR DE SERVIÇOS
;Folha Mensal - Janeiro;JURACI RODRIGO DA SILVA;COORDENADOR DE SERVIÇOS;188,53;2.159,31;2.347,84;SECRETARIA MUNICIPAL DE EDUCAÇÃO;FUNDO DE MANUT. E DEC.DA EDUC.BASICA-FUNDEB;SME- DEPTOR ADM FUNDEB 30 % VI - COMISSIONADOS;COMISSIONADOS;535.XXX.XXX-04;485;40;;2;02/01/2025;;;;;;2 - Comissão;TEMPO DETERMINADO;;;Função de Confiança;;COORDENADOR DE SERVIÇOS
;Folha Mensal - Janeiro;JUSSANDRA JUDITE DE MACEDO;AUX. DE SERV. GERAIS;273,24;1.548,36;1.821,60;SECRETARIA MUNICIPAL DE EDUCAÇÃO;FUNDO DE MANUT. E DEC.DA EDUC.BASICA-FUNDEB;SME- DEPTO. ADM -FUNDEB 30% II;EFETIVOS;454.XXX.XXX-72;80;40;UNIDADE ESCOLAR MUNICIPAL DAVI SEVERIANO DE CARVALHO;1;01/03/1988;;;;;;1 - Efetivo;CONCURSO PUBLICO ;;;Efetivo;;AUX. DE SERV. GERAIS
;Adiantamento 13º Salário - Janeiro;JUVANIR ANTONIO DE MACEDO;AG. DE HIGIENE E SEGURANÇA;;2.049,30;2.049,30;SECRETARIA MUNICIPAL DE SAUDE;SECRETARIA MUNICIPAL DE SAUDE;SMS- SEC SAUDE - AGENTE DE ENDEMIAS;EFETIVOS;008.XXX.XXX-66;66;40;;1;02/02/2015;;;;;;1 - Efetivo;CONCURSO PUBLICO ;;;Efetivo;;AG. DE HIGIENE E SEGURANÇA
;Folha Mensal - Janeiro;JUVANIR ANTONIO DE MACEDO;AG. DE HIGIENE E SEGURANÇA;1.059,40;3.950,00;5.009,40;SECRETARIA MUNICIPAL DE SAUDE;SECRETARIA MUNICIPAL DE SAUDE;SMS- SEC SAUDE - AGENTE DE ENDEMIAS;EFETIVOS;008.XXX.XXX-66;66;40;;1;02/02/2015;;;;;;1 - Efetivo;CONCURSO PUBLICO ;;;Efetivo;;AG. DE HIGIENE E SEGURANÇA
;Folha Mensal - Janeiro;JUVENAL BORGES DE CARVALHO;MOTORISTA;244,40;2.108,50;2.352,90;HOSPITAL MUNICIPAL DE PADRE MARCOS;SECRETARIA MUNICIPAL DE SAUDE;HOSPITAL-DEPTO.ADMINISTRATIVO II;EFETIVOS;004.XXX.XXX-29;25;40;HOSPITAL MUNICIPAL DE PADRE MARCOS;1;04/05/2015;;;02/2026;;;1 - Efetivo;CONCURSO PUBLICO ;;;Efetivo;;MOTORISTA
;Folha Mensal - Janeiro;KALINE BARBOSA CAVALCANTE ARRAES;ENFERMEIRO;1.529,95;6.379,14;7.909,09;SECRETARIA MUNICIPAL DE SAUDE;SECRETARIA MUNICIPAL DE SAUDE;SMS - DEPTOR .SEC. DE SAUDE - PAB;EFETIVOS;936.XXX.XXX-20;119;40;;1;02/05/2008;;;085/2024;;;1 - Efetivo;CONCURSO PUBLICO ;;;Efetivo;;ENFERMEIRO
;Folha Complementar c/ Encargos - Janeiro;KALINE BARBOSA CAVALCANTE ARRAES;ENFERMEIRO;119,73;-119,73;;SECRETARIA MUNICIPAL DE SAUDE;SECRETARIA MUNICIPAL DE SAUDE;SMS - DEPTOR .SEC. DE SAUDE - PAB;EFETIVOS;936.XXX.XXX-20;119;40;;1;02/05/2008;;;085/2024;;;1 - Efetivo;CONCURSO PUBLICO ;;;Efetivo;;ENFERMEIRO
;Folha Mensal - Janeiro;kAROLINY VIANA DE SOUSA;PROFESSOR SE 40H;1.860,05;5.344,26;7.204,31;SECRETARIA MUNICIPAL DE EDUCAÇÃO;SECRETARIA MUNICIPAL DE EDUCAÇÃO;SME- DEPTOR ENSINO FUNDEB 70% I;EFETIVO - PROFESSORES;035.XXX.XXX-03;149;40;UNIDADE ESCOLAR MUNICIPAL DAVI SEVERIANO DE CARVALHO;1;02/03/2015;;;195/2021;;;1 - Efetivo;CONCURSO PUBLICO ;;;Efetivo;;PROFESSOR SL 40H
;Rescisão - Janeiro;KASSIELLY FRANCIDALVA DE CARVALHO;DIRETOR DE DEPARTAMENTO;;0,00;;SECRETARIA MUNICIPAL DE EDUCAÇÃO;FUNDO DE MANUT. E DEC.DA EDUC.BASICA-FUNDEB;SME- DEPTOR ADM FUNDEB 30 % VI - COMISSIONADOS;COMISSIONADOS EDUCAÇÃO;088.XXX.XXX-35;550;40;SECRETARIA MUNICIPAL DE EDUCAÇÃO;1;01/03/2024;01/01/2025;;01/2025;;;2 - Comissão;LIVRE PROVIMENTO ;;;Função de Confiança;;DIRETOR DE DEPARTAMENTO
;Rescisão - Janeiro;KATHYANNE LEAL SOUSA;DIRETOR DE DEPARTAMENTO;;0,00;;SECRETARIA MUNICIPAL DE EDUCAÇÃO;FUNDO DE MANUT. E DEC.DA EDUC.BASICA-FUNDEB;SME- DEPTOR ADM FUNDEB 30 % VI - COMISSIONADOS;COMISSIONADOS EDUCAÇÃO;046.XXX.XXX-55;347;40;;2;01/05/2021;01/01/2025;;01/2025;;;2 - Comissão;LIVRE PROVIMENTO ;;;Função de Confiança;;DIRETOR DE DEPARTAMENTO
;Rescisão - Janeiro;KATHYUSSE LEAL SOUSA BENIZ;PROFESSOR SL 40H - CELETISTA;;0,00;;SECRETARIA MUNICIPAL DE EDUCAÇÃO;SECRETARIA MUNICIPAL DE EDUCAÇÃO;SME- DEPTO  ENSINO INFANTIL FUNDEB 70% - SELETISTAS;CONTRATADOS  EDUCAÇÃO;043.XXX.XXX-79;276;40;CRECHE PRÉ-ESCOLAR MARGARIDA DE JESUS ALENCAR ( TIA GUIDA);5;01/02/2024;01/01/2025;;01/2025;;;3 - Temporário;TEMPO DETERMINADO;;;Contrato Temporario;;PROFESSOR SL 40H - CELETISTA
;Folha Mensal - Janeiro;KEDNA RAIMUNDA DA SILVA;PROFESSOR SE 40H;3.424,86;3.779,45;7.204,31;SECRETARIA MUNICIPAL DE EDUCAÇÃO;SECRETARIA MUNICIPAL DE EDUCAÇÃO;SME- DEPTOR ENSINO FUNDEB 70% I;EFETIVO - PROFESSORES;015.XXX.XXX-10;150;40;U.E.M LUIZ LINO DA SILVA;1;02/03/2015;;;;;;1 - Efetivo;CONCURSO PUBLICO ;;;Efetivo;;PROFESSOR SL 40H
;Folha Mensal - Janeiro;LAERCIO SILVA SANTOS;GARI;267,93;2.084,97;2.352,90;PREFEITURA MUNICIPAL DE PADRE MARCOS-PI;SECRETARIA MUNICIPAL  DE ADMINISTRAÇÃO;SEAD - DEPTO.ADMINISTRAÇÃO II;EFETIVOS;065.XXX.XXX-60;224;40;;1;25/11/2016;;;;;;1 - Efetivo;CONCURSO PUBLICO ;;;Efetivo;;GARI
;Adiantamento 13º Salário - Janeiro;LAERCIO SILVA SANTOS;GARI;;1.176,45;1.176,45;PREFEITURA MUNICIPAL DE PADRE MARCOS-PI;SECRETARIA MUNICIPAL  DE ADMINISTRAÇÃO;SEAD - DEPTO.ADMINISTRAÇÃO II;EFETIVOS;065.XXX.XXX-60;224;40;;1;25/11/2016;;;;;;1 - Efetivo;CONCURSO PUBLICO ;;;Efetivo;;GARI
;Adiantamento 13º Salário - Janeiro;LAESIO JOSE DE MACEDO SILVA;AG. DE HIGIENE E SEGURANÇA;;2.049,30;2.049,30;SECRETARIA MUNICIPAL DE SAUDE;SECRETARIA MUNICIPAL DE SAUDE;SMS- SEC SAUDE - AGENTE DE ENDEMIAS;EFETIVOS;008.XXX.XXX-93;64;40;;1;02/02/2015;;;;;;1 - Efetivo;CONCURSO PUBLICO ;;;Efetivo em Comissão;;AG. DE HIGIENE E SEGURANÇA
;Folha Mensal - Janeiro;LAESIO JOSE DE MACEDO SILVA;AG. DE HIGIENE E SEGURANÇA;1.170,79;2.927,81;4.098,60;SECRETARIA MUNICIPAL DE SAUDE;SECRETARIA MUNICIPAL DE SAUDE;SMS- SEC SAUDE - AGENTE DE ENDEMIAS;EFETIVOS;008.XXX.XXX-93;64;40;;1;02/02/2015;;;;;;1 - Efetivo;CONCURSO PUBLICO ;;;Efetivo em Comissão;;AG. DE HIGIENE E SEGURANÇA
;Rescisão - Janeiro;LAIANE LUSINEIDE DE CARVALHO;ASSESSOR TÉCNICO (A) ADMINISTRATIVO;;0,00;;SECRETARIA MUNICIPAL DE SAUDE;SECRETARIA MUNICIPAL DE SAUDE;SMS-DEPTO.SEC.SAUDE-CONTRATADOS - FUS;COMISSIONADOS;086.XXX.XXX-01;593;40;SECRETARIA MUNICIPAL DE SAÚDE;1;01/12/2024;01/01/2025;;01/2025;;;2 - Comissão;TEMPO DETERMINADO;;;;;ASSESSOR TÉCNICO (A) ADMINISTRATIVO
;Folha Mensal - Janeiro;LAIANE LUSINEIDE DE CARVALHO;ASSESSOR TÉCNICO (A) ADMINISTRATIVO;110,05;1.357,35;1.467,40;SECRETARIA MUNICIPAL DE SAUDE;SECRETARIA MUNICIPAL DE SAUDE;SMS-DEPTO.SEC.SAUDE-CONTRATADOS - FUS;COMISSIONADOS;086.XXX.XXX-01;593;40;SECRETARIA MUNICIPAL DE SAÚDE;2;02/01/2025;;;;;;2 - Comissão;TEMPO DETERMINADO;;;Função de Confiança;;ASSESSOR TÉCNICO (A) ADMINISTRATIVO
;Rescisão - Janeiro;LANNA RAFAELA DO NASCIMENTO MACEDO;FISIOTERAPEUTA;;0,00;;SECRETARIA MUNICIPAL DE SAUDE;SECRETARIA MUNICIPAL DE SAUDE;SEC. MUN. SAÚDE- DEPTO. DE SAUDE II-CONTRATADOS - PAB;CONTRATO TEMPORÁRIO;049.XXX.XXX-10;420;40;;2;06/03/2023;01/01/2025;;01/2025;;;3 - Temporário;TEMPO DETERMINADO;03/2021;;Contrato Temporario;;FISIOTERAPEUTA
;Folha Mensal - Janeiro;LANNA RAFAELA DO NASCIMENTO MACEDO;FISIOTERAPEUTA;200,64;2.281,76;2.482,40;SECRETARIA MUNICIPAL DE SAUDE;SECRETARIA MUNICIPAL DE SAUDE;SEC. MUN. SAÚDE- DEPTO. DE SAUDE II-CONTRATADOS - PAB;CONTRATO TEMPORÁRIO;049.XXX.XXX-10;420;40;;3;02/01/2025;;;;;;3 - Temporário;TEMPO DETERMINADO;03/2021;;Contrato Temporario;;FISIOTERAPEUTA
;Rescisão - Janeiro;LARIEL MACEDO CARDEAL;COORDENADOR DE SERVIÇOS;;0,00;;SECRETARIA MUNICIPAL DE SAUDE;SECRETARIA MUNICIPAL DE SAUDE;SMS-DEPTO.SEC.SAUDE-CONTRATADOS - FUS;COMISSIONADOS;078.XXX.XXX-70;383;40;;1;04/01/2021;01/01/2025;;01/2025;;;2 - Comissão;TEMPO DETERMINADO;;;;;COORDENADOR DE SERVIÇOS
;Folha Mensal - Janeiro;LARIEL MACEDO CARDEAL;COORDENADOR DE SERVIÇOS;162,12;1.892,24;2.054,36;SECRETARIA MUNICIPAL DE SAUDE;SECRETARIA MUNICIPAL DE SAUDE;SMS-DEPTO.SEC.SAUDE-CONTRATADOS - FUS;COMISSIONADOS;078.XXX.XXX-70;383;40;;2;02/01/2025;;;;;;2 - Comissão;TEMPO DETERMINADO;;;Função de Confiança;;COORDENADOR DE SERVIÇOS
;Folha Mensal - Janeiro;LÊDA VANIA DA SILVA SOUSA;AUX. DE SERV. GERAIS;632,76;1.037,04;1.669,80;SECRETARIA MUNICIPAL DE EDUCAÇÃO;FUNDO DE MANUT. E DEC.DA EDUC.BASICA-FUNDEB;SME- DEPTO. ADM -FUNDEB 30% II;EFETIVOS;526.XXX.XXX-82;81;40;UNIDADE ESCOLAR MUNICIPAL CÂNDIDA MACEDO;1;02/03/1998;;;018/2022;;;1 - Efetivo;CONCURSO PUBLICO ;;;Efetivo;;AUX. DE SERV. GERAIS
;Rescisão - Janeiro;LEILANE RAVELLY MACEDO FEITOSA;ASSESSOR TÉCNICO (A) ADMINISTRATIVO;;0,00;;SECRETARIA MUNICIPAL DE SAUDE;SECRETARIA MUNICIPAL DE SAUDE;SMS-DEPTO.SEC.SAUDE-CONTRATADOS - FUS;COMISSIONADOS;614.XXX.XXX-15;352;40;;2;02/01/2024;01/01/2025;01/2020;01/2025;;;2 - Comissão;TEMPO DETERMINADO;;;Função de Confiança;;ASSESSOR TÉCNICO (A) ADMINISTRATIVO
;Folha Mensal - Janeiro;LEILANE RAVELLY MACEDO FEITOSA;ASSESSOR TÉCNICO (A) ADMINISTRATIVO;110,05;1.357,35;1.467,40;SECRETARIA MUNICIPAL DE SAUDE;SECRETARIA MUNICIPAL DE SAUDE;SMS-DEPTO.SEC.SAUDE-CONTRATADOS - FUS;COMISSIONADOS;614.XXX.XXX-15;352;40;;3;02/01/2025;;01/2020;;;;2 - Comissão;TEMPO DETERMINADO;;;Função de Confiança;;ASSESSOR TÉCNICO (A) ADMINISTRATIVO
;Rescisão - Janeiro;LEONARDO DE CARVALHO MACEDO;PROFESSORA DE EJA - CELETISTA;;0,00;;SECRETARIA MUNICIPAL DE EDUCAÇÃO;SECRETARIA MUNICIPAL DE EDUCAÇÃO;SME-DEPTOR. ENSINO FUNDEB 70%  VI EJA;CONTRATADOS  EDUCAÇÃO;066.XXX.XXX-06;492;40;;2;01/02/2024;01/01/2025;032023;01/2025;;;3 - Temporário;TEMPO DETERMINADO;;;Contrato Temporario;;PROFESSORA DE EJA - CELETISTA
;Rescisão - Janeiro;LEONARDO DIAS LEAL;ASSESSOR TÉCNICO (A) ADMINISTRATIVO;;0,00;;SECRETARIA MUNICIPAL DE EDUCAÇÃO;FUNDO DE MANUT. E DEC.DA EDUC.BASICA-FUNDEB;SME- DEPTOR ADM FUNDEB 30 % VI - COMISSIONADOS;COMISSIONADOS EDUCAÇÃO;447.XXX.XXX-10;591;40;SECRETARIA MUNICIPAL DE EDUCAÇÃO;1;01/11/2024;01/01/2025;;01/2025;;;2 - Comissão;TEMPO DETERMINADO;;;Função de Confiança;;ASSESSOR TÉCNICO (A) ADMINISTRATIVO
;Folha Mensal - Janeiro;LEONARDO DIAS LEAL;ASSESSOR TÉCNICO (A) ADMINISTRATIVO;110,05;1.357,35;1.467,40;SECRETARIA MUNICIPAL DE EDUCAÇÃO;FUNDO DE MANUT. E DEC.DA EDUC.BASICA-FUNDEB;SME- DEPTOR ADM FUNDEB 30 % VI - COMISSIONADOS;COMISSIONADOS EDUCAÇÃO;447.XXX.XXX-10;591;40;SECRETARIA MUNICIPAL DE EDUCAÇÃO;2;02/01/2025;;;12/2025;;;2 - Comissão;TEMPO DETERMINADO;;;Função de Confiança;;ASSESSOR TÉCNICO (A) ADMINISTRATIVO
;Rescisão - Janeiro;LEYDIANI CLAUDIA DE CARVALHO;PSICOLOGO;;0,00;;SECRETARIA MUNICIPAL DE SAUDE;SECRETARIA MUNICIPAL DE SAUDE;SEC. MUN. SAÚDE- DEPTO. DE SAUDE II-CONTRATADOS - PAB;CONTRATADOS  EDUCAÇÃO;040.XXX.XXX-00;506;40;;1;01/03/2023;01/01/2025;;01/2025;;;3 - Temporário;TEMPO DETERMINADO;;;Contrato Temporario;;PSICOLOGO
;Folha Mensal - Janeiro;LEYDIANI CLAUDIA DE CARVALHO;PSICOLOGO;110,05;1.757,35;1.867,40;SECRETARIA MUNICIPAL DE SAUDE;SECRETARIA MUNICIPAL DE SAUDE;SEC. MUN. SAÚDE- DEPTO. DE SAUDE II-CONTRATADOS - PAB;CONTRATADOS  EDUCAÇÃO;040.XXX.XXX-00;506;40;;2;02/01/2025;;;6/2025;;;3 - Temporário;TEMPO DETERMINADO;;;Contrato Temporario;;PSICOLOGO
;Rescisão - Janeiro;LINNARA EMILY BENEDITO MOURA;SECRETARIO (A);;0,00;;PREFEITURA MUNICIPAL DE PADRE MARCOS-PI;SECRETARIA MUNICIPAL DE CULTURA;SECRETARIA  MUNICIPAL DE CULTURA;COMISSIONADOS;056.XXX.XXX-80;221;40;;2;01/07/2018;01/01/2025;;01/2025;;;2 - Comissão;LIVRE PROVIMENTO ;;;Função de Confiança;;SECRETARIO (A) DE CULTURA
;Folha Mensal - Janeiro;LINNARA EMILY BENEDITO MOURA;SECRETARIO (A);173,46;2.006,95;2.180,41;PREFEITURA MUNICIPAL DE PADRE MARCOS-PI;SECRETARIA MUNICIPAL DE CULTURA;SECRETARIA  MUNICIPAL DE CULTURA;COMISSIONADOS;056.XXX.XXX-80;221;40;;3;02/01/2025;;;;;;2 - Comissão;LIVRE PROVIMENTO ;;;Função de Confiança;;SECRETARIO (A) DE CULTURA
;Rescisão - Janeiro;LORENA MACEDO BARROS;OUVIDOR GERAL DO MUNICIPIO;;0,00;;PREFEITURA MUNICIPAL DE PADRE MARCOS-PI;GABINETE DO PREFEITO;GABINETE DO PREFEITO;COMISSIONADOS EDUCAÇÃO;025.XXX.XXX-01;468;40;;2;02/06/2023;01/01/2025;;01/2025;;;2 - Comissão;TEMPO DETERMINADO;06/2023;;Função de Confiança;;OUVIDOR GERAL DO MUNICIPIO
;Folha Mensal - Janeiro;LORENA MACEDO BARROS;COORDENADOR DE SERVIÇOS;155,51;1.825,48;1.980,99;PREFEITURA MUNICIPAL DE PADRE MARCOS-PI;SECRETARIA MUNICIPAL  DE ADMINISTRAÇÃO;SEAD -  DEPTO. ADMINISTRAÇÃO V- COMISSIONADOS;COMISSIONADOS EDUCAÇÃO;025.XXX.XXX-01;468;40;;3;02/01/2025;;;;;;2 - Comissão;TEMPO DETERMINADO;;;Função de Confiança;;ASSESSORA OUVIDORIA MUNICIPAL
;Folha Mensal - Janeiro;LORENA MACEDO CARVALHO;ASSESSORA OUVIDORIA MUNICIPAL;244,40;1.563,34;1.807,74;SECRETARIA MUNICIPAL DE EDUCAÇÃO;FUNDO DE MANUT. E DEC.DA EDUC.BASICA-FUNDEB;SME- DEPTO. ADM -FUNDEB 30% II;EFETIVOS;612.XXX.XXX-88;95;40;UNIDADE ESCOLAR MUNICIPAL CÂNDIDA MACEDO;1;03/08/2015;;;;;;2 - Comissão;TEMPO DETERMINADO;;;Efetivo;;AUX. DE SERV. GERAIS
;Rescisão - Janeiro;LOURIVAL JOSÉ DE SOUSA NETO;AUX. DE SERVIÇOS GERAIS;;0,00;;SECRETARIA MUNICIPAL DE EDUCAÇÃO;FUNDO DE MANUT. E DEC.DA EDUC.BASICA-FUNDEB;SME-DEPTO.CONTRATO-ENSINO FUNDEB 30%;CONTRATO TEMPORÁRIO;072.XXX.XXX-41;413;40;;2;01/03/2023;01/01/2025;;01/2025;;;3 - Temporário;TEMPO DETERMINADO;;;Contrato Temporario;;AUX. DE SERVIÇOS GERAIS
;Folha Mensal - Janeiro;LUANA LUCIENE DE SOUSA;CONSELHEIRO TUTELAR;113,85;1.404,15;1.518,00;SECRETARIA MUNICIPAL DE ASSISTENCIA SOCIAL;SECRETARIA MUNICIPAL DE ASSISTENCIA SOCIAL;SASC-ASSISTENCIA SOCIAL - CONSELHO;ELETIVOS;046.XXX.XXX-12;358;40;;2;10/01/2024;;10/2020;;;;7 - Conselheiro;ELEICAO/INDICACAO;;;Contrato Temporario;;CONSELHEIRO TUTELAR
;Rescisão - Janeiro;LUCAS LUIZ DE CARVALHO;ASSESSOR TÉCNICO (A) ADMINISTRATIVO;;0,00;;PREFEITURA MUNICIPAL DE PADRE MARCOS-PI;SECRETARIA MUNICIPAL  DE ADMINISTRAÇÃO;SEAD -  DEPTO. ADMINISTRAÇÃO V- COMISSIONADOS;COMISSIONADOS;081.XXX.XXX-00;551;40;PREDIO DA PREFEITURA;1;01/03/2024;01/01/2025;;01/2025;;;2 - Comissão;TEMPO DETERMINADO;;;;;ASSESSOR TÉCNICO (A) ADMINISTRATIVO
;Rescisão - Janeiro;LUCEILDO LUIS ALVES;ASSESSOR TÉCNICO (A) ADMINISTRATIVO;;0,00;;SECRETARIA MUNICIPAL DE EDUCAÇÃO;FUNDO DE MANUT. E DEC.DA EDUC.BASICA-FUNDEB;SME- DEPTOR ADM FUNDEB 30 % VI - COMISSIONADOS;COMISSIONADOS;019.XXX.XXX-08;592;40;SECRETARIA MUNICIPAL DE EDUCAÇÃO;1;01/12/2024;01/01/2025;;01/2025;;;2 - Comissão;TEMPO DETERMINADO;;;Contrato Temporario;;ASSESSOR TÉCNICO (A) ADMINISTRATIVO
;Folha Mensal - Janeiro;LUCEILDO LUIS ALVES;ASSESSOR TÉCNICO (A) ADMINISTRATIVO;110,05;1.357,35;1.467,40;SECRETARIA MUNICIPAL DE EDUCAÇÃO;FUNDO DE MANUT. E DEC.DA EDUC.BASICA-FUNDEB;SME- DEPTOR ADM FUNDEB 30 % VI - COMISSIONADOS;COMISSIONADOS;019.XXX.XXX-08;592;40;SECRETARIA MUNICIPAL DE EDUCAÇÃO;2;02/01/2025;;;;;;2 - Comissão;TEMPO DETERMINADO;;;Contrato Temporario;;ASSESSOR TÉCNICO (A) ADMINISTRATIVO
;Folha Mensal - Janeiro;LUCIA PEREIRA DA SILVA;AUX. DE SERV. GERAIS;273,24;1.548,36;1.821,60;SECRETARIA MUNICIPAL DE EDUCAÇÃO;FUNDO DE MANUT. E DEC.DA EDUC.BASICA-FUNDEB;SME- DEPTO. ADM -FUNDEB 30% II;EFETIVOS;629.XXX.XXX-72;82;40;;1;02/03/1998;;;;;;1 - Efetivo;CONCURSO PUBLICO ;;;Efetivo;;AUX. DE SERV. GERAIS
;Rescisão - Janeiro;LUCIANE LÚCIA DE CARVALHO MACEDO;DIRETOR DE DEPARTAMENTO;;0,00;;SECRETARIA MUNICIPAL DE EDUCAÇÃO;FUNDO DE MANUT. E DEC.DA EDUC.BASICA-FUNDEB;SME- DEPTOR ADM FUNDEB 30 % VI - COMISSIONADOS;COMISSIONADOS;965.XXX.XXX-53;536;40;SECRETARIA MUNICIPAL DE EDUCAÇÃO;1;01/04/2024;01/01/2025;;01/2025;;;2 - Comissão;LIVRE PROVIMENTO ;;;Função de Confiança;;DIRETOR DE DEPARTAMENTO
;Folha Mensal - Janeiro;LUCIANE LÚCIA DE CARVALHO MACEDO;DIRETOR DE DEPARTAMENTO;110,05;1.357,35;1.467,40;SECRETARIA MUNICIPAL DE EDUCAÇÃO;FUNDO DE MANUT. E DEC.DA EDUC.BASICA-FUNDEB;SME- DEPTOR ADM FUNDEB 30 % VI - COMISSIONADOS;COMISSIONADOS;965.XXX.XXX-53;536;40;SECRETARIA MUNICIPAL DE EDUCAÇÃO;2;02/01/2025;;;;;;2 - Comissão;LIVRE PROVIMENTO ;;;Função de Confiança;;DIRETOR DE DEPARTAMENTO
;Rescisão - Janeiro;LUCIANO FRANCISCO DA SILVA;ASSESSOR TÉCNICO (A) ADMINISTRATIVO;;0,00;;SECRETARIA MUNICIPAL DE EDUCAÇÃO;FUNDO DE MANUT. E DEC.DA EDUC.BASICA-FUNDEB;SME- DEPTOR ADM FUNDEB 30 % VI - COMISSIONADOS;COMISSIONADOS EDUCAÇÃO;116.XXX.XXX-28;367;40;;1;02/03/2020;01/01/2025;;01/2025;;;2 - Comissão;TEMPO DETERMINADO;;;Função de Confiança;;ASSESSOR TÉCNICO (A) ADMINISTRATIVO
;Folha Mensal - Janeiro;LUCIANO FRANCISCO DA SILVA;ASSESSOR TÉCNICO (A) ADMINISTRATIVO;188,53;2.159,31;2.347,84;SECRETARIA MUNICIPAL DE EDUCAÇÃO;FUNDO DE MANUT. E DEC.DA EDUC.BASICA-FUNDEB;SME- DEPTOR ADM FUNDEB 30 % VI - COMISSIONADOS;COMISSIONADOS EDUCAÇÃO;116.XXX.XXX-28;367;40;;2;02/01/2025;;;;;;2 - Comissão;TEMPO DETERMINADO;;;Função de Confiança;;ASSESSOR TÉCNICO (A) ADMINISTRATIVO
;Rescisão - Janeiro;LUCICLEIDE DE MACEDO SILVA;AUXILIAR DE SAÚDE BUCAL;;0,00;;SECRETARIA MUNICIPAL DE SAUDE;SECRETARIA MUNICIPAL DE SAUDE;SEC. MUN. SAÚDE- DEPTO. DE SAUDE II-CONTRATADOS - PAB;CONTRATO TEMPORÁRIO;081.XXX.XXX-33;319;40;;3;01/03/2023;01/01/2025;;01/2025;;;3 - Temporário;TEMPO DETERMINADO;;;Contrato Temporario;;AUXILIAR DE SAÚDE BUCAL
;Folha Mensal - Janeiro;LUCICLEIDE DE MACEDO SILVA;AUXILIAR DE SAÚDE BUCAL;110,05;1.657,35;1.767,40;SECRETARIA MUNICIPAL DE SAUDE;SECRETARIA MUNICIPAL DE SAUDE;SEC. MUN. SAÚDE- DEPTO. DE SAUDE II-CONTRATADOS - PAB;CONTRATO TEMPORÁRIO;081.XXX.XXX-33;319;40;;4;02/01/2025;;;;;;3 - Temporário;TEMPO DETERMINADO;;;Contrato Temporario;;AUXILIAR DE SAÚDE BUCAL
;Rescisão - Janeiro;LUCILÉIA LUCIA DE SOUSA;SECRETARIO(A) UNIDADE ESCOLAR MUNICIPAL;;0,00;;SECRETARIA MUNICIPAL DE EDUCAÇÃO;FUNDO DE MANUT. E DEC.DA EDUC.BASICA-FUNDEB;SME- DEPTOR ADM FUNDEB 30 % VI - COMISSIONADOS;COMISSIONADOS EDUCAÇÃO;037.XXX.XXX-60;429;40;;3;01/03/2023;01/01/2025;;01/2025;;;2 - Comissão;LIVRE PROVIMENTO ;;;Função de Confiança;;SECRETARIO(A) UNIDADE ESCOLAR MUNICIPAL
;Rescisão - Janeiro;LUCILEIDE LÚCIA DE SOUSA;PROFESSOR SELETISTA;;0,00;;SECRETARIA MUNICIPAL DE EDUCAÇÃO;SECRETARIA MUNICIPAL DE EDUCAÇÃO;SME - DEPTOR. ENSINO FUNDEB 70% IV - CELETISTAS;CONTRATADOS  EDUCAÇÃO;940.XXX.XXX-68;402;40;;3;01/02/2024;01/01/2025;;01/2025;;;3 - Temporário;TEMPO DETERMINADO;;;Contrato Temporario;;PROFESSOR SL 40H - CELETISTA
;Folha Mensal - Janeiro;LUCILENE MARIA DE CARVALHO;PROFESSOR SE 40H;4.043,80;5.679,59;9.723,39;SECRETARIA MUNICIPAL DE EDUCAÇÃO;SECRETARIA MUNICIPAL DE EDUCAÇÃO;SME- DEPTOR ENSINO FUNDEB 70% II;EFETIVO - PROFESSORES;628.XXX.XXX-20;189;40;UNIDADE ESCOLAR MUNICIPAL CÂNDIDA MACEDO;1;02/02/1998;;;;;;1 - Efetivo;CONCURSO PUBLICO ;;;Efetivo;;PROFESSOR SL 40H
;Rescisão - Janeiro;LUCIMAR FRANCELINA DE CARVALHO;ASSESSOR TÉCNICO (A) ADMINISTRATIVO;;0,00;;SECRETARIA MUNICIPAL DE EDUCAÇÃO;FUNDO DE MANUT. E DEC.DA EDUC.BASICA-FUNDEB;SME- DEPTOR ADM FUNDEB 30 % VI - COMISSIONADOS;COMISSIONADOS;016.XXX.XXX-57;576;40;SECRETARIA MUNICIPAL DE EDUCAÇÃO;1;01/07/2024;01/01/2025;;01/2025;;;2 - Comissão;TEMPO DETERMINADO;;;Função de Confiança;;ASSESSOR TÉCNICO (A) ADMINISTRATIVO
;Rescisão - Janeiro;LUCIMAR MARIA DA SILVA BEZERRA;PROFESSOR SL 40H - CELETISTA;;0,00;;SECRETARIA MUNICIPAL DE EDUCAÇÃO;SECRETARIA MUNICIPAL DE EDUCAÇÃO;SME- DEPTO  ENSINO INFANTIL FUNDEB 70% - SELETISTAS;CONTRATADOS  EDUCAÇÃO;993.XXX.XXX-34;493;40;;2;01/02/2024;01/01/2025;;01/2025;;;3 - Temporário;TEMPO DETERMINADO;;;;;PROFESSOR SL 40H - CELETISTA
;Rescisão - Janeiro;LUCIMÁRIA DE CARVALHO;MONITOR(A);;0,00;;SECRETARIA MUNICIPAL DE EDUCAÇÃO;FUNDO DE MANUT. E DEC.DA EDUC.BASICA-FUNDEB;SME-DEPTO.CONTRATO-ENSINO FUNDEB 30%;CONTRATADOS  EDUCAÇÃO;086.XXX.XXX-40;507;40;;2;01/02/2024;01/01/2025;;01/2025;;;3 - Temporário;TEMPO DETERMINADO;;;Contrato Temporario;;MONITOR(A)
;Folha Mensal - Janeiro;LUCIMÁRIA MOURA MACEDO SILVA;PROFESSOR SE 40H;2.908,21;5.135,79;8.044,00;SECRETARIA MUNICIPAL DE EDUCAÇÃO;SECRETARIA MUNICIPAL DE EDUCAÇÃO;SME- DEPTOR ENSINO FUNDEB 70% II;EFETIVO - PROFESSORES;752.XXX.XXX-00;190;40;SECRETARIA MUNICIPAL DE EDUCAÇÃO;1;02/02/1998;;;;;;1 - Efetivo;CONCURSO PUBLICO ;;;Efetivo;;PROFESSOR SE 40H
;Rescisão - Janeiro;LUCINEIDE FRANCISCA DA CONCEIÇÃO;DIRETOR DE DEPARTAMENTO;;0,00;;SECRETARIA MUNICIPAL DE EDUCAÇÃO;FUNDO DE MANUT. E DEC.DA EDUC.BASICA-FUNDEB;SME- DEPTOR ADM FUNDEB 30 % VI - COMISSIONADOS;COMISSIONADOS EDUCAÇÃO;986.XXX.XXX-91;424;40;;1;01/04/2021;01/01/2025;;01/2025;;;2 - Comissão;LIVRE PROVIMENTO ;;;Função de Confiança;;DIRETOR DE DEPARTAMENTO
;Folha Mensal - Janeiro;LUCINEIDE FRANCISCA DA CONCEIÇÃO;DIRETOR DE DEPARTAMENTO;110,05;1.357,35;1.467,40;SECRETARIA MUNICIPAL DE EDUCAÇÃO;FUNDO DE MANUT. E DEC.DA EDUC.BASICA-FUNDEB;SME- DEPTOR ADM FUNDEB 30 % VI - COMISSIONADOS;COMISSIONADOS EDUCAÇÃO;986.XXX.XXX-91;424;40;;2;02/01/2025;;;11/2025;;;2 - Comissão;LIVRE PROVIMENTO ;;;Função de Confiança;;DIRETOR DE DEPARTAMENTO
;Rescisão - Janeiro;LUCINEIDE MOURA MACEDO SILVA;COORDENADOR(A) PEDAGÓGICO;;0,00;;SECRETARIA MUNICIPAL DE EDUCAÇÃO;SECRETARIA MUNICIPAL DE EDUCAÇÃO;SME- DEPTOR. ENSINO FUNDEB 70% V - COMISSIONADOS;COMISSIONADOS EDUCAÇÃO;011.XXX.XXX-52;275;40;CRECHE PRÉ-ESCOLAR MARGARIDA DE JESUS ALENCAR ( TIA GUIDA);3;01/03/2019;01/01/2025;;01/2025;;;2 - Comissão;TEMPO DETERMINADO;;;Contrato Temporario;;COORDENADOR(A) PEDAGÓGICO
;Folha Mensal - Janeiro;LUCINEIDE MOURA MACEDO SILVA;COORDENADOR(A) PEDAGÓGICO;177,32;2.046,01;2.223,33;SECRETARIA MUNICIPAL DE EDUCAÇÃO;SECRETARIA MUNICIPAL DE EDUCAÇÃO;SME- DEPTOR. ENSINO FUNDEB 70% V - COMISSIONADOS;COMISSIONADOS EDUCAÇÃO;011.XXX.XXX-52;275;40;CRECHE PRÉ-ESCOLAR MARGARIDA DE JESUS ALENCAR ( TIA GUIDA);4;02/01/2025;;;;;;2 - Comissão;TEMPO DETERMINADO;;;Contrato Temporario;;COORDENADOR(A) PEDAGÓGICO
;Rescisão - Janeiro;LUCIO FLÁVIO MOURA;ASSESSOR TÉCNICO (A) ADMINISTRATIVO;;0,00;;SECRETARIA MUNICIPAL DE SAUDE;SECRETARIA MUNICIPAL DE SAUDE;SMS-DEPTO.SEC.SAUDE-CONTRATADOS - FUS;COMISSIONADOS;673.XXX.XXX-91;353;40;HOSPITAL MUNICIPAL DE PADRE MARCOS;1;02/01/2020;01/01/2025;01/2020;01/2025;;;2 - Comissão;TEMPO DETERMINADO;;;Função de Confiança;;ASSESSOR TÉCNICO (A) ADMINISTRATIVO
;Folha Mensal - Janeiro;LUCIO FLÁVIO MOURA;ASSESSOR TÉCNICO (A) ADMINISTRATIVO;188,53;2.159,31;2.347,84;SECRETARIA MUNICIPAL DE SAUDE;SECRETARIA MUNICIPAL DE SAUDE;SMS-DEPTO.SEC.SAUDE-CONTRATADOS - FUS;COMISSIONADOS;673.XXX.XXX-91;353;40;HOSPITAL MUNICIPAL DE PADRE MARCOS;2;02/01/2025;;01/2020;;;;2 - Comissão;TEMPO DETERMINADO;;;Função de Confiança;;ASSESSOR TÉCNICO (A) ADMINISTRATIVO
;Rescisão - Janeiro;LUCIVAL BONIVAL DE SOUSA;ASSESSOR TÉCNICO (A) ADMINISTRATIVO;;0,00;;PREFEITURA MUNICIPAL DE PADRE MARCOS-PI;SECRETARIA MUNICIPAL  DE ADMINISTRAÇÃO;SEAD -  DEPTO. ADMINISTRAÇÃO V- COMISSIONADOS;COMISSIONADOS;001.XXX.XXX-61;520;40;;1;01/07/2023;01/01/2025;;01/2025;;;2 - Comissão;TEMPO DETERMINADO;;;Função de Confiança;;ASSESSOR TÉCNICO (A) ADMINISTRATIVO
;Folha Mensal - Janeiro;LUCIVAL BONIVAL DE SOUSA;ASSESSOR TÉCNICO (A) ADMINISTRATIVO;110,05;1.357,35;1.467,40;PREFEITURA MUNICIPAL DE PADRE MARCOS-PI;SECRETARIA MUNICIPAL  DE ADMINISTRAÇÃO;SEAD -  DEPTO. ADMINISTRAÇÃO V- COMISSIONADOS;COMISSIONADOS;001.XXX.XXX-61;520;40;;2;02/01/2025;;;;;;2 - Comissão;TEMPO DETERMINADO;;;Função de Confiança;;ASSESSOR TÉCNICO (A) ADMINISTRATIVO
;Rescisão - Janeiro;LUIS EDUARDO DE CARVALHO;ASSESSOR TÉCNICO (A) ADMINISTRATIVO;;0,00;;SECRETARIA MUNICIPAL DE EDUCAÇÃO;FUNDO DE MANUT. E DEC.DA EDUC.BASICA-FUNDEB;SME- DEPTOR ADM FUNDEB 30 % VI - COMISSIONADOS;COMISSIONADOS EDUCAÇÃO;086.XXX.XXX-52;455;40;;1;01/04/2022;01/01/2025;;01/2025;;;2 - Comissão;TEMPO DETERMINADO;;;Função de Confiança;;ASSESSOR TÉCNICO (A) ADMINISTRATIVO
;Folha Mensal - Janeiro;LUIS EDUARDO DE CARVALHO;ASSESSOR TÉCNICO (A) ADMINISTRATIVO;162,12;1.892,24;2.054,36;SECRETARIA MUNICIPAL DE EDUCAÇÃO;FUNDO DE MANUT. E DEC.DA EDUC.BASICA-FUNDEB;SME- DEPTOR ADM FUNDEB 30 % VI - COMISSIONADOS;COMISSIONADOS EDUCAÇÃO;086.XXX.XXX-52;455;40;;2;02/01/2025;;;;;;2 - Comissão;TEMPO DETERMINADO;;;Função de Confiança;;ASSESSOR TÉCNICO (A) ADMINISTRATIVO
;Rescisão - Janeiro;LUIS JOSÉ DE CARVALHO;DIRETOR DE DEPARTAMENTO;;0,00;;SECRETARIA MUNICIPAL DE EDUCAÇÃO;FUNDO DE MANUT. E DEC.DA EDUC.BASICA-FUNDEB;SME- DEPTOR ADM FUNDEB 30 % VI - COMISSIONADOS;COMISSIONADOS EDUCAÇÃO;956.XXX.XXX-91;479;40;;1;01/10/2022;01/01/2025;;01/2025;;;2 - Comissão;LIVRE PROVIMENTO ;;;;;DIRETOR DE DEPARTAMENTO
;Folha Mensal - Janeiro;LUIS JOSÉ DE CARVALHO;DIRETOR DE DEPARTAMENTO;175,32;2.025,78;2.201,10;SECRETARIA MUNICIPAL DE EDUCAÇÃO;FUNDO DE MANUT. E DEC.DA EDUC.BASICA-FUNDEB;SME- DEPTOR ADM FUNDEB 30 % VI - COMISSIONADOS;COMISSIONADOS EDUCAÇÃO;956.XXX.XXX-91;479;40;;2;02/01/2025;;;;;;2 - Comissão;LIVRE PROVIMENTO ;;;Função de Confiança;;DIRETOR DE DEPARTAMENTO
;Rescisão - Janeiro;LUIS WIDNEY CARVALHO MACEDO;PROFESSOR SL 40H - CELETISTA;;0,00;;SECRETARIA MUNICIPAL DE EDUCAÇÃO;SECRETARIA MUNICIPAL DE EDUCAÇÃO;SME - DEPTOR. ENSINO FUNDEB 70% IV - CELETISTAS;CONTRATADOS  EDUCAÇÃO;059.XXX.XXX-12;246;40;UNIDADE ESCOLAR MUNICIPAL CÂNDIDA MACEDO;6;01/02/2024;01/01/2025;;01/2025;;;3 - Temporário;TEMPO DETERMINADO;;;Contrato Temporario;;PROFESSOR SL 40H - CELETISTA
;Folha Mensal - Janeiro;LUISA GENICARLA DE SOUSA REIS;COZINHEIRO (A);244,40;1.563,34;1.807,74;SECRETARIA MUNICIPAL DE EDUCAÇÃO;FUNDO DE MANUT. E DEC.DA EDUC.BASICA-FUNDEB;SME- DEPTO. ADM.FUNDEB 30% I;EFETIVOS;042.XXX.XXX-54;67;40;;1;02/02/2015;;;;;;1 - Efetivo;CONCURSO PUBLICO ;;;Efetivo;;COZINHEIRO (A)
;Folha Mensal - Janeiro;LUISA MARIA DE MACEDO SILVA;AG. COMUNITARIO DE SAÚDE;667,79;3.730,81;4.398,60;SECRETARIA MUNICIPAL DE SAUDE;SECRETARIA MUNICIPAL DE SAUDE;SMS - SEC.DE SAUDE - ACS I - PAB;EFETIVOS;844.XXX.XXX-68;40;40;;1;01/04/2008;;;;;;1 - Efetivo;CONCURSO PUBLICO ;;;Efetivo;;AG. COMUNITARIO DE SAÚDE
;Rescisão - Janeiro;LUIZ JOSÉ DE CARVALHO;ASSESSOR TÉCNICO (A) ADMINISTRATIVO;;0,00;;SECRETARIA MUNICIPAL DE EDUCAÇÃO;FUNDO DE MANUT. E DEC.DA EDUC.BASICA-FUNDEB;SME- DEPTOR ADM FUNDEB 30 % VI - COMISSIONADOS;COMISSIONADOS EDUCAÇÃO;958.XXX.XXX-34;444;40;;1;03/01/2022;01/01/2025;;01/2025;;;2 - Comissão;TEMPO DETERMINADO;;;Função de Confiança;;ASSESSOR TÉCNICO (A) ADMINISTRATIVO
;Folha Mensal - Janeiro;LUIZ JOSÉ DE CARVALHO;ASSESSOR TÉCNICO (A) ADMINISTRATIVO;110,05;1.357,35;1.467,40;SECRETARIA MUNICIPAL DE EDUCAÇÃO;FUNDO DE MANUT. E DEC.DA EDUC.BASICA-FUNDEB;SME- DEPTOR ADM FUNDEB 30 % VI - COMISSIONADOS;COMISSIONADOS EDUCAÇÃO;958.XXX.XXX-34;444;40;;2;02/01/2025;;;;;;2 - Comissão;TEMPO DETERMINADO;;;Função de Confiança;;ASSESSOR TÉCNICO (A) ADMINISTRATIVO
;Rescisão - Janeiro;LUIZ JOSE DE SOUSA;ASSESSOR TÉCNICO (A) ADMINISTRATIVO;;0,00;;SECRETARIA MUNICIPAL DE EDUCAÇÃO;FUNDO DE MANUT. E DEC.DA EDUC.BASICA-FUNDEB;SME- DEPTOR ADM FUNDEB 30 % VI - COMISSIONADOS;COMISSIONADOS;151.XXX.XXX-00;519;40;SECRETARIA MUNICIPAL DE EDUCAÇÃO;1;16/06/2023;01/01/2025;;01/2025;;;2 - Comissão;TEMPO DETERMINADO;;;Função de Confiança;;ASSESSOR TÉCNICO (A) ADMINISTRATIVO
;Folha Mensal - Janeiro;LUIZ JOSE DE SOUSA;ASSESSOR TÉCNICO (A) ADMINISTRATIVO;110,05;1.357,35;1.467,40;SECRETARIA MUNICIPAL DE EDUCAÇÃO;FUNDO DE MANUT. E DEC.DA EDUC.BASICA-FUNDEB;SME- DEPTOR ADM FUNDEB 30 % VI - COMISSIONADOS;COMISSIONADOS;151.XXX.XXX-00;519;40;SECRETARIA MUNICIPAL DE EDUCAÇÃO;2;02/01/2025;;;;;;2 - Comissão;TEMPO DETERMINADO;;;Função de Confiança;;ASSESSOR TÉCNICO (A) ADMINISTRATIVO
;Rescisão - Janeiro;LUIZA DEBORA DA SILVA;PROFESSOR SL 40H - CELETISTA;;0,00;;SECRETARIA MUNICIPAL DE EDUCAÇÃO;SECRETARIA MUNICIPAL DE EDUCAÇÃO;SME - DEPTOR. ENSINO FUNDEB 70% IV - CELETISTAS;CONTRATADOS  EDUCAÇÃO;027.XXX.XXX-11;331;40;;4;01/02/2024;01/01/2025;;01/2025;;;3 - Temporário;TEMPO DETERMINADO;;;Contrato Temporario;;PROFESSOR SL 40H - CELETISTA
;Rescisão - Janeiro;LUMA KAREN MACEDO ARAÚJO;MEDICO(A) TEMPORARIO(A);;0,00;;SECRETARIA MUNICIPAL DE SAUDE;SECRETARIA MUNICIPAL DE SAUDE;SEC. MUN. SAÚDE- DEPTO. DE SAUDE II-CONTRATADOS - PAB;CONTRATO TEMPORÁRIO;041.XXX.XXX-99;588;40;HOSPITAL MUNICIPAL DE PADRE MARCOS;1;01/09/2024;01/01/2025;;01/2025;;;3 - Temporário;TEMPO DETERMINADO;;;Contrato Temporario;;MEDICO(A) TEMPORARIO(A)
;Rescisão - Janeiro;LUMA KAREN MACEDO ARAÚJO;MEDICO(A) TEMPORARIO(A);;0,00;;SECRETARIA MUNICIPAL DE SAUDE;SECRETARIA MUNICIPAL DE SAUDE;SMS- DEPARTAMENTO DA SAÚDE- PLANTÃO - FUS;CONTRATO TEMPORÁRIO;041.XXX.XXX-99;588;40;HOSPITAL MUNICIPAL DE PADRE MARCOS;2;01/12/2024;01/01/2025;;01/2025;;;3 - Temporário;TEMPO DETERMINADO;;;Contrato Temporario;;MEDICO(A) TEMPORARIO(A)
;Folha Mensal - Janeiro;LUMA KAREN MACEDO ARAÚJO;MEDICO(A) TEMPORARIO(A);2.225,77;6.617,30;8.843,07;SECRETARIA MUNICIPAL DE SAUDE;SECRETARIA MUNICIPAL DE SAUDE;SEC. MUN. SAÚDE- DEPTO. DE SAUDE II-CONTRATADOS - PAB;CONTRATO TEMPORÁRIO;041.XXX.XXX-99;588;40;HOSPITAL MUNICIPAL DE PADRE MARCOS;3;02/01/2025;;;07/2025;;;3 - Temporário;TEMPO DETERMINADO;;;Contrato Temporario;;MEDICO(A) TEMPORARIO(A)
;Folha Mensal - Janeiro;LUMA KAREN MACEDO ARAÚJO;MEDICO(A) TEMPORARIO(A);167,47;4.443,53;4.611,00;SECRETARIA MUNICIPAL DE SAUDE;SECRETARIA MUNICIPAL DE SAUDE;SMS- DEPARTAMENTO DA SAÚDE- PLANTÃO - FUS;CONTRATO TEMPORÁRIO;041.XXX.XXX-99;588;40;HOSPITAL MUNICIPAL DE PADRE MARCOS;4;02/01/2025;;;07/2025;;;3 - Temporário;TEMPO DETERMINADO;;;Contrato Temporario;;MEDICO(A) TEMPORARIO(A)
;Folha Mensal - Janeiro;LUVESON BESERRA DE SOUSA;MOTORISTA;264,89;1.784,41;2.049,30;SECRETARIA MUNICIPAL DE EDUCAÇÃO;FUNDO DE MANUT. E DEC.DA EDUC.BASICA-FUNDEB;SME- DEPTOR. ADM FUNDEB 30% V;EFETIVOS;915.XXX.XXX-49;109;40;SECRETARIA MUNICIPAL DE EDUCAÇÃO;1;01/04/2016;;;;;;1 - Efetivo;CONCURSO PUBLICO ;;;Efetivo;;MOTORISTA
;Folha Mensal - Janeiro;LUZANIRA MOURA MACEDO;AUX. DE SERV. GERAIS;244,40;1.501,30;1.745,70;SECRETARIA MUNICIPAL DE EDUCAÇÃO;FUNDO DE MANUT. E DEC.DA EDUC.BASICA-FUNDEB;SME- DEPTO. ADM -FUNDEB 30% II;EFETIVOS;002.XXX.XXX-60;31;40;UNIDADE ESCOLAR MUNICIPAL DAVI SEVERIANO DE CARVALHO;1;02/03/2015;;;;;;1 - Efetivo;CONCURSO PUBLICO ;;;;;AUX. DE SERV. GERAIS
;Rescisão - Janeiro;LUZIA GRIGORE DA SILVA;ORIENTADORA(O) EDUCACIONAL;;0,00;;SECRETARIA MUNICIPAL DE EDUCAÇÃO;FUNDO DE MANUT. E DEC.DA EDUC.BASICA-FUNDEB;SME- DEPTOR ADM FUNDEB 30 % VI - COMISSIONADOS;COMISSIONADOS EDUCAÇÃO;671.XXX.XXX-68;437;40;;1;01/09/2021;01/01/2025;;01/2025;;;2 - Comissão;TEMPO DETERMINADO;;;Função de Confiança;;ORIENTADORA(O) EDUCACIONAL
;Folha Mensal - Janeiro;LUZIA GRIGORE DA SILVA;ORIENTADORA(O) EDUCACIONAL;110,05;1.357,35;1.467,40;SECRETARIA MUNICIPAL DE EDUCAÇÃO;FUNDO DE MANUT. E DEC.DA EDUC.BASICA-FUNDEB;SME- DEPTOR ADM FUNDEB 30 % VI - COMISSIONADOS;COMISSIONADOS EDUCAÇÃO;671.XXX.XXX-68;437;40;;2;02/01/2025;;;;;;2 - Comissão;TEMPO DETERMINADO;;;Função de Confiança;;ORIENTADORA(O) EDUCACIONAL
;Rescisão - Janeiro;LUZIA LEAL DE ARAUJO CARVALHO;ASSESSOR ESPECIAL;;0,00;;PREFEITURA MUNICIPAL DE PADRE MARCOS-PI;SECRETARIA MUNICIPAL  DE ADMINISTRAÇÃO;SEAD - DEPTO. ADMINISTRAÇÃO IV;COMISSIONADOS;004.XXX.XXX-59;310;40;;1;02/01/2019;01/01/2025;;01/2025;;;2 - Comissão;LIVRE PROVIMENTO ;;;Função de Confiança;;ASSESSOR ESPECIAL
;Folha Mensal - Janeiro;LUZIA LEAL DE ARAUJO CARVALHO;ASSESSOR ESPECIAL;142,31;1.691,94;1.834,25;PREFEITURA MUNICIPAL DE PADRE MARCOS-PI;SECRETARIA MUNICIPAL  DE ADMINISTRAÇÃO;SEAD -  DEPTO. ADMINISTRAÇÃO V- COMISSIONADOS;COMISSIONADOS;004.XXX.XXX-59;310;40;;2;02/01/2025;;;;;;2 - Comissão;LIVRE PROVIMENTO ;;;Função de Confiança;;ASSESSOR ESPECIAL
;Rescisão - Janeiro;LUZIA LUZITANEA DE MACEDO;DIRETOR DE DEPARTAMENTO;;0,00;;SECRETARIA MUNICIPAL DE EDUCAÇÃO;FUNDO DE MANUT. E DEC.DA EDUC.BASICA-FUNDEB;SME- DEPTOR ADM FUNDEB 30 % VI - COMISSIONADOS;COMISSIONADOS;080.XXX.XXX-96;515;40;;2;01/02/2024;01/01/2025;;01/2025;;;2 - Comissão;LIVRE PROVIMENTO ;;;Função de Confiança;;DIRETOR DE DEPARTAMENTO
;Folha Mensal - Janeiro;LUZILENE DE ARAÚJO CARVALHO MATOS;AUX. DE SERV. GERAIS;812,45;933,25;1.745,70;SECRETARIA MUNICIPAL DE EDUCAÇÃO;FUNDO DE MANUT. E DEC.DA EDUC.BASICA-FUNDEB;SME- DEPTO. ADM -FUNDEB 30% II;EFETIVOS;843.XXX.XXX-82;94;40;U.E.M. JOSE DE MOURA LEAL;1;02/02/2015;;;07/2022;;;1 - Efetivo;CONCURSO PUBLICO ;;;Efetivo;;AUX. DE SERV. GERAIS
;Rescisão - Janeiro;LUZILENE SILVA SOUSA;DIRETOR(A) DE ESCOLA;;0,00;;SECRETARIA MUNICIPAL DE EDUCAÇÃO;SECRETARIA MUNICIPAL DE EDUCAÇÃO;SME- DEPTOR. ENSINO FUNDEB 70% V - COMISSIONADOS;COMISSIONADOS EDUCAÇÃO;029.XXX.XXX-74;277;40;UNIDADE ESCOLAR MUNICIPAL DAVI SEVERIANO DE CARVALHO;3;01/03/2019;01/01/2025;;01/2025;;;2 - Comissão;LIVRE PROVIMENTO ;;;Função de Confiança;;DIRETOR(A) DE ESCOLA
;Folha Mensal - Janeiro;LUZILENE SILVA SOUSA;DIRETOR(A) DE ESCOLA;179,93;2.072,40;2.252,33;SECRETARIA MUNICIPAL DE EDUCAÇÃO;SECRETARIA MUNICIPAL DE EDUCAÇÃO;SME- DEPTOR. ENSINO FUNDEB 70% V - COMISSIONADOS;COMISSIONADOS EDUCAÇÃO;029.XXX.XXX-74;277;40;UNIDADE ESCOLAR MUNICIPAL DAVI SEVERIANO DE CARVALHO;4;02/01/2025;;;;;;2 - Comissão;LIVRE PROVIMENTO ;;;Função de Confiança;;DIRETOR(A) DE ESCOLA
;Rescisão - Janeiro;LYVIA SUELLEN ALVES LIMEIRA SOUSA;ASSESSOR(A) DE COMUNICAÇÃO INSTITUCIONAL ESCOLAR;;0,00;;SECRETARIA MUNICIPAL DE EDUCAÇÃO;FUNDO DE MANUT. E DEC.DA EDUC.BASICA-FUNDEB;SME- DEPTOR ADM FUNDEB 30 % VI - COMISSIONADOS;COMISSIONADOS EDUCAÇÃO;076.XXX.XXX-23;467;40;;1;01/06/2022;01/01/2025;;01/2025;;;2 - Comissão;LIVRE PROVIMENTO ;;;Função de Confiança;;ASSESSOR(A) DE COMUNICAÇÃO INSTITUCIONAL ESCOLAR
;Folha Mensal - Janeiro;LYVIA SUELLEN ALVES LIMEIRA SOUSA;ASSESSOR(A) DE COMUNICAÇÃO INSTITUCIONAL ESCOLAR;162,12;1.892,24;2.054,36;SECRETARIA MUNICIPAL DE EDUCAÇÃO;FUNDO DE MANUT. E DEC.DA EDUC.BASICA-FUNDEB;SME- DEPTOR ADM FUNDEB 30 % VI - COMISSIONADOS;COMISSIONADOS EDUCAÇÃO;076.XXX.XXX-23;467;40;;2;02/01/2025;;;;;;2 - Comissão;LIVRE PROVIMENTO ;;;Função de Confiança;;ASSESSOR(A) DE COMUNICAÇÃO INSTITUCIONAL ESCOLAR
;Rescisão - Janeiro;MAILA MENDES PINHEIRO;PROFESSOR SELETISTA;;0,00;;SECRETARIA MUNICIPAL DE EDUCAÇÃO;SECRETARIA MUNICIPAL DE EDUCAÇÃO;SME - DEPTOR. ENSINO FUNDEB 70% IV - CELETISTAS;CONTRATADOS  EDUCAÇÃO;074.XXX.XXX-55;403;40;;3;01/02/2024;01/01/2025;;01/2025;;;3 - Temporário;TEMPO DETERMINADO;;;Contrato Temporario;;PROFESSOR SL 40H - CELETISTA
;Rescisão - Janeiro;MANELICIA MARIA DE CARVALHO;PROFESSOR SL 40H - CELETISTA;;0,00;;SECRETARIA MUNICIPAL DE EDUCAÇÃO;SECRETARIA MUNICIPAL DE EDUCAÇÃO;SME- DEPTO  ENSINO INFANTIL FUNDEB 70% - SELETISTAS;CONTRATADOS  EDUCAÇÃO;062.XXX.XXX-12;333;40;;4;01/02/2024;01/01/2025;;01/2025;;;3 - Temporário;TEMPO DETERMINADO;;;Contrato Temporario;;PROFESSOR SL 40H - CELETISTA
;Folha Mensal - Janeiro;MANOEL DO NASCIMENTO LEAL;MOTORISTA;262,55;2.675,12;2.937,67;HOSPITAL MUNICIPAL DE PADRE MARCOS;SECRETARIA MUNICIPAL DE SAUDE;HOSPITAL-DEPTO.ADMINISTRATIVO II;EFETIVOS;780.XXX.XXX-20;28;40;HOSPITAL MUNICIPAL DE PADRE MARCOS;1;02/03/1998;;;;;;1 - Efetivo;CONCURSO PUBLICO ;;;Efetivo;;MOTORISTA
;Rescisão - Janeiro;MANOELA MARIA DE CARVALHO;PROFESSOR SL 40H - CELETISTA;;0,00;;SECRETARIA MUNICIPAL DE EDUCAÇÃO;SECRETARIA MUNICIPAL DE EDUCAÇÃO;SME- DEPTO  ENSINO INFANTIL FUNDEB 70% - SELETISTAS;CONTRATADOS  EDUCAÇÃO;062.XXX.XXX-52;272;40;;6;01/02/2024;01/01/2025;;01/2025;;;3 - Temporário;TEMPO DETERMINADO;;;Contrato Temporario;;PROFESSOR SL 40H - CELETISTA
;Rescisão - Janeiro;MARCELO DE CARVALHO MACEDO;PROFESSOR SELETISTA;;0,00;;SECRETARIA MUNICIPAL DE EDUCAÇÃO;SECRETARIA MUNICIPAL DE EDUCAÇÃO;SME - DEPTOR. ENSINO FUNDEB 70% IV - CELETISTAS;CONTRATADOS  EDUCAÇÃO;081.XXX.XXX-03;404;40;;3;01/02/2024;01/01/2025;;01/2025;;;3 - Temporário;TEMPO DETERMINADO;;;Contrato Temporario;;PROFESSOR SL 40H - CELETISTA
;Rescisão - Janeiro;MARCELO FRANCISCO DA SILVA;ASSESSOR ESPECIAL;;0,00;;SECRETARIA MUNICIPAL DE EDUCAÇÃO;FUNDO DE MANUT. E DEC.DA EDUC.BASICA-FUNDEB;SME- DEPTOR ADM FUNDEB 30 % VI - COMISSIONADOS;COMISSIONADOS;373.XXX.XXX-68;544;40;SECRETARIA MUNICIPAL DE EDUCAÇÃO;1;01/03/2024;01/01/2025;;01/2025;;;2 - Comissão;LIVRE PROVIMENTO ;;;Função de Confiança;;ASSESSOR ESPECIAL
;Folha Mensal - Janeiro;MARCELO FRANCISCO DA SILVA;ASSESSOR ESPECIAL;110,05;1.357,35;1.467,40;SECRETARIA MUNICIPAL DE EDUCAÇÃO;FUNDO DE MANUT. E DEC.DA EDUC.BASICA-FUNDEB;SME- DEPTOR ADM FUNDEB 30 % VI - COMISSIONADOS;COMISSIONADOS;373.XXX.XXX-68;544;40;SECRETARIA MUNICIPAL DE EDUCAÇÃO;2;02/01/2025;;;;;;2 - Comissão;LIVRE PROVIMENTO ;;;Função de Confiança;;ASSESSOR ESPECIAL
;Rescisão - Janeiro;MARCIANA ANATALIA DA SILVA;PROFESSOR SL 40H - CELETISTA;;0,00;;SECRETARIA MUNICIPAL DE EDUCAÇÃO;SECRETARIA MUNICIPAL DE EDUCAÇÃO;SME- DEPTO  ENSINO INFANTIL FUNDEB 70% - SELETISTAS;CONTRATADOS  EDUCAÇÃO;050.XXX.XXX-80;334;40;;4;01/02/2024;01/01/2025;;01/2025;;;3 - Temporário;TEMPO DETERMINADO;;;Contrato Temporario;;PROFESSOR SL 40H - CELETISTA
;Folha Mensal - Janeiro;MARCINETE DA SILVA;VIGILANTE;267,93;2.084,97;2.352,90;HOSPITAL MUNICIPAL DE PADRE MARCOS;SECRETARIA MUNICIPAL DE SAUDE;HOSPITAL - DEPTO. ADMINISTRATIVO I;EFETIVOS;796.XXX.XXX-49;23;40;HOSPITAL MUNICIPAL DE PADRE MARCOS;1;02/02/2015;;;;;;1 - Efetivo;CONCURSO PUBLICO ;;;Efetivo;;VIGILANTE
;Rescisão - Janeiro;MARCOS ALONSO MACEDO SILVA;SECRETARIO(A) UNIDADE ESCOLAR MUNICIPAL;;0,00;;SECRETARIA MUNICIPAL DE EDUCAÇÃO;FUNDO DE MANUT. E DEC.DA EDUC.BASICA-FUNDEB;SME- DEPTOR ADM FUNDEB 30 % VI - COMISSIONADOS;COMISSIONADOS;622.XXX.XXX-60;546;40;SECRETARIA MUNICIPAL DE EDUCAÇÃO;1;01/03/2024;01/01/2025;;01/2025;;;2 - Comissão;LIVRE PROVIMENTO ;;;;;SECRETARIO(A) UNIDADE ESCOLAR MUNICIPAL
;Folha Mensal - Janeiro;MARCOS ALONSO MACEDO SILVA;SECRETARIO(A) UNIDADE ESCOLAR MUNICIPAL;110,05;1.357,35;1.467,40;SECRETARIA MUNICIPAL DE EDUCAÇÃO;FUNDO DE MANUT. E DEC.DA EDUC.BASICA-FUNDEB;SME- DEPTOR ADM FUNDEB 30 % VI - COMISSIONADOS;COMISSIONADOS;622.XXX.XXX-60;546;40;SECRETARIA MUNICIPAL DE EDUCAÇÃO;2;02/01/2025;;;;;;2 - Comissão;LIVRE PROVIMENTO ;;;Função de Confiança;;SECRETARIO(A) UNIDADE ESCOLAR MUNICIPAL
;Rescisão - Janeiro;MARCOS PEDRO DE MACEDO;ASSESSOR TÉCNICO (A) ADMINISTRATIVO;;0,00;;SECRETARIA MUNICIPAL DE EDUCAÇÃO;FUNDO DE MANUT. E DEC.DA EDUC.BASICA-FUNDEB;SME- DEPTOR ADM FUNDEB 30 % VI - COMISSIONADOS;COMISSIONADOS EDUCAÇÃO;048.XXX.XXX-51;505;40;;1;01/03/2023;01/01/2025;;01/2025;;;2 - Comissão;TEMPO DETERMINADO;;;Função de Confiança;;ASSESSOR TÉCNICO (A) ADMINISTRATIVO
;Folha Mensal - Janeiro;MARCOS PEDRO DE MACEDO;ASSESSOR TÉCNICO (A) ADMINISTRATIVO;110,05;1.357,35;1.467,40;SECRETARIA MUNICIPAL DE EDUCAÇÃO;FUNDO DE MANUT. E DEC.DA EDUC.BASICA-FUNDEB;SME- DEPTOR ADM FUNDEB 30 % VI - COMISSIONADOS;COMISSIONADOS EDUCAÇÃO;048.XXX.XXX-51;505;40;;2;02/01/2025;;;;;;2 - Comissão;TEMPO DETERMINADO;;;Função de Confiança;;ASSESSOR TÉCNICO (A) ADMINISTRATIVO
;Rescisão - Janeiro;MARIA BEATRIZ RODRIGUES MACEDO;ASSESSOR ESPECIAL;;0,00;;SECRETARIA MUNICIPAL DE SAUDE;SECRETARIA MUNICIPAL DE SAUDE;SMS-DEPTO.SEC.SAUDE-CONTRATADOS - FUS;COMISSIONADOS;041.XXX.XXX-01;434;40;;1;01/08/2021;01/01/2025;;01/2025;;;2 - Comissão;LIVRE PROVIMENTO ;;;Função de Confiança;;ASSESSOR ESPECIAL
;Folha Mensal - Janeiro;MARIA BEATRIZ RODRIGUES MACEDO;ASSESSOR ESPECIAL;188,53;2.159,31;2.347,84;SECRETARIA MUNICIPAL DE SAUDE;SECRETARIA MUNICIPAL DE SAUDE;SMS-DEPTO.SEC.SAUDE-CONTRATADOS - FUS;COMISSIONADOS;041.XXX.XXX-01;434;40;;2;02/01/2025;;;;;;2 - Comissão;LIVRE PROVIMENTO ;;;Função de Confiança;;ASSESSOR ESPECIAL
;Rescisão - Janeiro;MARIA CLARA SOUSA LIMA;MEDICO (A) TEMPORARIO (A) PLANTÃO;;0,00;;SECRETARIA MUNICIPAL DE SAUDE;SECRETARIA MUNICIPAL DE SAUDE;SMS- DEPARTAMENTO DA SAÚDE- PLANTÃO - FUS;CONTRATO TEMPORÁRIO;061.XXX.XXX-02;569;40;HOSPITAL MUNICIPAL DE PADRE MARCOS;1;01/04/2024;01/01/2025;;01/2025;;;3 - Temporário;TEMPO DETERMINADO;;;Contrato Temporario;;MEDICO (A) TEMPORARIO (A) PLANTÃO
;Folha Mensal - Janeiro;MARIA CLARA SOUSA LIMA;MEDICO (A) TEMPORARIO (A) PLANTÃO;1.843,28;5.799,04;7.642,32;SECRETARIA MUNICIPAL DE SAUDE;SECRETARIA MUNICIPAL DE SAUDE;SMS- DEPARTAMENTO DA SAÚDE- PLANTÃO - FUS;CONTRATO TEMPORÁRIO;061.XXX.XXX-02;569;40;HOSPITAL MUNICIPAL DE PADRE MARCOS;2;02/01/2025;;;;;;3 - Temporário;TEMPO DETERMINADO;;;Contrato Temporario;;MEDICO (A) TEMPORARIO (A) PLANTÃO
;Folha Mensal - Janeiro;MARIA CONCEIÇÃO FEITOSA COUTINHO;ENFERMEIRO;1.599,04;6.310,05;7.909,09;SECRETARIA MUNICIPAL DE SAUDE;SECRETARIA MUNICIPAL DE SAUDE;SMS - DEPTOR .SEC. DE SAUDE - PAB;EFETIVOS;871.XXX.XXX-72;121;40;;1;01/04/2008;;;;;;1 - Efetivo;CONCURSO PUBLICO ;;;Efetivo;;ENFERMEIRO
;Folha Complementar c/ Encargos - Janeiro;MARIA CONCEIÇÃO FEITOSA COUTINHO;ENFERMEIRO;119,73;-119,73;;SECRETARIA MUNICIPAL DE SAUDE;SECRETARIA MUNICIPAL DE SAUDE;SMS - DEPTOR .SEC. DE SAUDE - PAB;EFETIVOS;871.XXX.XXX-72;121;40;;1;01/04/2008;;;;;;1 - Efetivo;CONCURSO PUBLICO ;;;Efetivo;;ENFERMEIRO
;Rescisão - Janeiro;MARIA CRISTIANA DE CARVALHO;DIRETOR DE DEPARTAMENTO;;0,00;;SECRETARIA MUNICIPAL DE EDUCAÇÃO;FUNDO DE MANUT. E DEC.DA EDUC.BASICA-FUNDEB;SME- DEPTOR ADM FUNDEB 30 % VI - COMISSIONADOS;COMISSIONADOS EDUCAÇÃO;072.XXX.XXX-50;440;40;;3;01/02/2024;01/01/2025;;01/2025;;;2 - Comissão;LIVRE PROVIMENTO ;;;Função de Confiança;;DIRETOR DE DEPARTAMENTO
;Folha Mensal - Janeiro;MARIA DA CRUZ DIAS SILVA;CONSELHEIRO TUTELAR;113,85;1.469,15;1.583,00;SECRETARIA MUNICIPAL DE ASSISTENCIA SOCIAL;SECRETARIA MUNICIPAL DE ASSISTENCIA SOCIAL;SASC-ASSISTENCIA SOCIAL - CONSELHO;ELETIVOS;052.XXX.XXX-28;33;40;SEC MUN. DE ASSISTENCIA SOCIAL;3;10/01/2024;;;;;;7 - Conselheiro;ELEICAO/INDICACAO;;;Contrato Temporario;;CONSELHEIRO TUTELAR
;Folha Mensal - Janeiro;MARIA DA PAZ CONCEIÇÃO SILVA;AG. COMUNITARIO DE SAÚDE;754,31;3.796,09;4.550,40;SECRETARIA MUNICIPAL DE SAUDE;SECRETARIA MUNICIPAL DE SAUDE;SMS - SEC.DE SAUDE - ACS I - PAB;EFETIVOS;972.XXX.XXX-72;37;40;;1;18/03/2003;;;;;;1 - Efetivo;CONCURSO PUBLICO ;;;Efetivo;;AG. COMUNITARIO DE SAÚDE
;Folha Mensal - Janeiro;MARIA DA PAZ DE CARVALHO MACEDO;AUX. DE SERV. GERAIS;233,77;1.436,03;1.669,80;SECRETARIA MUNICIPAL DE EDUCAÇÃO;FUNDO DE MANUT. E DEC.DA EDUC.BASICA-FUNDEB;SME- DEPTO. ADM -FUNDEB 30% II;EFETIVOS;840.XXX.XXX-68;83;40;U.E.M.BERLAMINO FLORENTINO DE CARVALHO;1;02/03/1998;;;010/2023;;;1 - Efetivo;CONCURSO PUBLICO ;;;Efetivo;;AUX. DE SERV. GERAIS
;Rescisão - Janeiro;MARIA DARLANE DA SILVA;MONITOR(A);;0,00;;SECRETARIA MUNICIPAL DE EDUCAÇÃO;FUNDO DE MANUT. E DEC.DA EDUC.BASICA-FUNDEB;SME-DEPTO.CONTRATO-ENSINO FUNDEB 30%;CONTRATO TEMPORÁRIO;059.XXX.XXX-23;317;40;;4;01/02/2024;01/01/2025;;01/2025;;;3 - Temporário;TEMPO DETERMINADO;;;Contrato Temporario;;MONITOR(A)
;Folha Mensal - Janeiro;MARIA DAS DORES DA CONCEIÇÃO COSTA;TECNICO EM ENFERMAGEM;264,89;2.084,41;2.349,30;SECRETARIA MUNICIPAL DE SAUDE;SECRETARIA MUNICIPAL DE SAUDE;SMS - DEPTOR .SEC. DE SAUDE - PAB;EFETIVOS;712.XXX.XXX-53;60;40;HOSPITAL MUNICIPAL DE PADRE MARCOS;1;03/11/2015;;;;;;1 - Efetivo;CONCURSO PUBLICO ;;;Efetivo;;TECNICO EM ENFERMAGEM
;Folha Complementar c/ Encargos - Janeiro;MARIA DAS DORES DA CONCEIÇÃO COSTA;TECNICO EM ENFERMAGEM;245,20;-245,20;;SECRETARIA MUNICIPAL DE SAUDE;SECRETARIA MUNICIPAL DE SAUDE;SMS - DEPTOR .SEC. DE SAUDE - PAB;EFETIVOS;712.XXX.XXX-53;60;40;HOSPITAL MUNICIPAL DE PADRE MARCOS;1;03/11/2015;;;;;;1 - Efetivo;CONCURSO PUBLICO ;;;Efetivo;;TECNICO EM ENFERMAGEM
;Folha Mensal - Janeiro;MARIA DAS GRAÇAS DE CARVALHO;AUX. DE SERV. GERAIS;233,77;1.436,03;1.669,80;SECRETARIA MUNICIPAL DE EDUCAÇÃO;FUNDO DE MANUT. E DEC.DA EDUC.BASICA-FUNDEB;SME- DEPTO. ADM -FUNDEB 30% II;EFETIVOS;809.XXX.XXX-00;125;40;PRÉ-ESCOLAR BARRA;1;02/03/1998;;;027/2022;;;1 - Efetivo;CONCURSO PUBLICO ;;;Efetivo;;AUX. DE SERV. GERAIS
;Rescisão - Janeiro;MARIA DAS GRAÇAS DE CARVALHO;DIRETOR ADJUNTO;;0,00;;SECRETARIA MUNICIPAL DE EDUCAÇÃO;SECRETARIA MUNICIPAL DE EDUCAÇÃO;SME- DEPTOR. ENSINO FUNDEB 70% V - COMISSIONADOS;CONTRATO TEMPORÁRIO;004.XXX.XXX-48;270;40;;3;01/03/2024;01/01/2025;;01/2025;;;3 - Temporário;TEMPO DETERMINADO;;;Contrato Temporario;;DIRETOR ADJUNTO
;Folha Mensal - Janeiro;MARIA DAS GRAÇAS DE CARVALHO;DIRETOR ADJUNTO;179,93;2.072,40;2.252,33;SECRETARIA MUNICIPAL DE EDUCAÇÃO;SECRETARIA MUNICIPAL DE EDUCAÇÃO;SME- DEPTOR. ENSINO FUNDEB 70% V - COMISSIONADOS;CONTRATO TEMPORÁRIO;004.XXX.XXX-48;270;40;;4;02/01/2025;;;200/2025;;;3 - Temporário;TEMPO DETERMINADO;;;Contrato Temporario;;DIRETOR ADJUNTO
;Rescisão - Janeiro;MARIA DAS MERCES MOURA MACEDO;PROFESSOR SL 40H - CELETISTA;;0,00;;SECRETARIA MUNICIPAL DE EDUCAÇÃO;SECRETARIA MUNICIPAL DE EDUCAÇÃO;SME- DEPTO  ENSINO INFANTIL FUNDEB 70% - SELETISTAS;CONTRATADOS  EDUCAÇÃO;050.XXX.XXX-75;338;40;;4;01/02/2024;01/01/2025;;01/2025;;;3 - Temporário;TEMPO DETERMINADO;;;Contrato Temporario;;PROFESSOR SL 40H - CELETISTA
;Folha Mensal - Janeiro;MARIA DE JESUS CARVALHO;PROFESSOR SE 40H;1.860,05;5.344,26;7.204,31;SECRETARIA MUNICIPAL DE EDUCAÇÃO;SECRETARIA MUNICIPAL DE EDUCAÇÃO;SME- DEPTO ENSINO INFANTIL FUNDEB 70% - EFETIVOS;EFETIVO - PROFESSORES;841.XXX.XXX-53;151;40;CRECHE PRÉ-ESCOLAR MARGARIDA DE JESUS ALENCAR ( TIA GUIDA);1;20/03/2015;;;;;;1 - Efetivo;CONCURSO PUBLICO ;;;Efetivo;;PROFESSOR SL 40H
;Rescisão - Janeiro;MARIA DO PERPETUO SOCORRO SOUSA ALVES;ASSISTENTE SOCIAL - CONTRATADA;;0,00;;SECRETARIA MUNICIPAL DE ASSISTENCIA SOCIAL;FUNDO MUNICIPAL DE ASSISTENCIA SOCIAL-FMAS;CENTRO DE REFERENCIA. ASSISTENCIA SOCIAL-CRAS-PSB;CONTRATO TEMPORÁRIO;025.XXX.XXX-05;418;40;;3;01/03/2024;01/01/2025;;01/2025;;;3 - Temporário;TEMPO DETERMINADO;10/2019;;Contrato Temporario;;ASSISTENTE SOCIAL - CONTRATADA
;Folha Mensal - Janeiro;MARIA DO ROSÁRIO RIBEIRO;GARI;267,93;2.084,97;2.352,90;PREFEITURA MUNICIPAL DE PADRE MARCOS-PI;SECRETARIA MUNICIPAL  DE ADMINISTRAÇÃO;SEAD - DEPTO.ADMINISTRAÇÃO II;EFETIVOS;988.XXX.XXX-91;11;40;;1;19/01/2015;;;;;;1 - Efetivo;CONCURSO PUBLICO ;;;Efetivo;;GARI
;Folha Mensal - Janeiro;MARIA DO SOCORRO RODRIGUES SILVA;AG. COMUNITARIO DE SAÚDE;711,81;3.838,59;4.550,40;SECRETARIA MUNICIPAL DE SAUDE;SECRETARIA MUNICIPAL DE SAUDE;SMS - SEC.DE SAUDE - ACS I - PAB;EFETIVOS;988.XXX.XXX-34;51;40;;1;18/03/2003;;;;;;1 - Efetivo;CONCURSO PUBLICO ;;;Efetivo;;AG. COMUNITARIO DE SAÚDE
;Rescisão - Janeiro;MARIA ELVIRA DE MACEDO;ASSESSOR ESPECIAL;;0,00;;SECRETARIA MUNICIPAL DE EDUCAÇÃO;FUNDO DE MANUT. E DEC.DA EDUC.BASICA-FUNDEB;SME- DEPTOR ADM FUNDEB 30 % VI - COMISSIONADOS;COMISSIONADOS EDUCAÇÃO;811.XXX.XXX-49;471;40;;1;01/08/2022;01/01/2025;;01/2025;;;2 - Comissão;LIVRE PROVIMENTO ;;;Função de Confiança;;ASSESSOR ESPECIAL
;Folha Mensal - Janeiro;MARIA ELVIRA DE MACEDO;ASSESSOR ESPECIAL;110,05;1.357,35;1.467,40;SECRETARIA MUNICIPAL DE EDUCAÇÃO;FUNDO DE MANUT. E DEC.DA EDUC.BASICA-FUNDEB;SME- DEPTOR ADM FUNDEB 30 % VI - COMISSIONADOS;COMISSIONADOS EDUCAÇÃO;811.XXX.XXX-49;471;40;;2;02/01/2025;;;;;;2 - Comissão;LIVRE PROVIMENTO ;;;Função de Confiança;;ASSESSOR ESPECIAL
;Folha Mensal - Janeiro;MARIA FRANCISCA DA CONCEIÇÃO SILVA;PROFESSOR SE 40H;3.250,03;4.793,97;8.044,00;SECRETARIA MUNICIPAL DE EDUCAÇÃO;SECRETARIA MUNICIPAL DE EDUCAÇÃO;SME- DEPTOR ENSINO FUNDEB 70% II;EFETIVO - PROFESSORES;838.XXX.XXX-15;196;40;U.E.M. JOSE DE MOURA LEAL;1;15/02/2000;;;;;;1 - Efetivo;CONCURSO PUBLICO ;;;Efetivo;;PROFESSOR SE 40H
;Rescisão - Janeiro;MARIA GORETE DE SOUSA LEAL;ASSESSOR ESPECIAL;;0,00;;SECRETARIA MUNICIPAL DE EDUCAÇÃO;FUNDO DE MANUT. E DEC.DA EDUC.BASICA-FUNDEB;SME- DEPTOR ADM FUNDEB 30 % VI - COMISSIONADOS;COMISSIONADOS EDUCAÇÃO;805.XXX.XXX-10;227;40;;2;02/01/2020;01/01/2025;;01/2025;;;2 - Comissão;LIVRE PROVIMENTO ;;;Função de Confiança;;ASSESSOR ESPECIAL
;Folha Mensal - Janeiro;MARIA GORETE DE SOUSA LEAL;ASSESSOR ESPECIAL;110,05;1.357,35;1.467,40;SECRETARIA MUNICIPAL DE EDUCAÇÃO;FUNDO DE MANUT. E DEC.DA EDUC.BASICA-FUNDEB;SME- DEPTOR ADM FUNDEB 30 % VI - COMISSIONADOS;COMISSIONADOS EDUCAÇÃO;805.XXX.XXX-10;227;40;;3;02/01/2025;;;;;;2 - Comissão;LIVRE PROVIMENTO ;;;Função de Confiança;;ASSESSOR ESPECIAL
;Folha Mensal - Janeiro;MARIA IRACI LEAL DE ARAÚJO;PROFESSOR SE 40H;2.213,01;5.830,99;8.044,00;SECRETARIA MUNICIPAL DE EDUCAÇÃO;SECRETARIA MUNICIPAL DE EDUCAÇÃO;SME- DEPTO ENSINO INFANTIL FUNDEB 70% - EFETIVOS;EFETIVO - PROFESSORES;805.XXX.XXX-91;197;40;CRECHE PRÉ-ESCOLAR MARGARIDA DE JESUS ALENCAR ( TIA GUIDA);1;02/02/1998;;;182/2020;;;1 - Efetivo;CONCURSO PUBLICO ;;;Efetivo;;PROFESSOR SE 40H
;Folha Mensal - Janeiro;MARIA JOAQUINA DE BARROS LEAL;PROFESSOR SL 20H;454,35;2.506,29;2.960,64;PREFEITURA MUNICIPAL DE PADRE MARCOS-PI;SECRETARIA MUNICIPAL  DE ADMINISTRAÇÃO;ADMINISTRAÇÃO APOSENTADA;EFETIVO - PROFESSORES;289.XXX.XXX-53;230;20;;1;10/09/1966;;;;;;1 - Efetivo;CONCURSO PUBLICO ;;;Efetivo;;PROFESSOR SL 20H
;Rescisão - Janeiro;MARIA JOSE DE MACEDO;PROFESSOR SELETISTA;;0,00;;SECRETARIA MUNICIPAL DE EDUCAÇÃO;SECRETARIA MUNICIPAL DE EDUCAÇÃO;SME- DEPTO  ENSINO INFANTIL FUNDEB 70% - SELETISTAS;CONTRATADOS  EDUCAÇÃO;079.XXX.XXX-64;397;40;;3;01/02/2024;01/01/2025;;01/2025;;;3 - Temporário;TEMPO DETERMINADO;;;Contrato Temporario;;PROFESSOR SL 40H - CELETISTA
;Rescisão - Janeiro;MARIA LAISIA DE ARAUJO;VISITADOR PCF;;0,00;;SECRETARIA MUNICIPAL DE ASSISTENCIA SOCIAL;SECRETARIA MUNICIPAL DE ASSISTENCIA SOCIAL; PROG.CRIANÇA FELIZ;CONTRATO TEMPORÁRIO;020.XXX.XXX-44;251;40;;5;02/03/2023;01/01/2025;;01/2025;;;3 - Temporário;TEMPO DETERMINADO;;;Contrato Temporario;;VISITADOR PCF
;Folha Mensal - Janeiro;MARIA LUCIA DA CONCEIÇÃO;AUX. DE SERV. GERAIS;250,47;1.419,33;1.669,80;SECRETARIA MUNICIPAL DE EDUCAÇÃO;FUNDO DE MANUT. E DEC.DA EDUC.BASICA-FUNDEB;SME- DEPTO. ADM -FUNDEB 30% II;EFETIVOS;838.XXX.XXX-00;85;40;CRECHE PRÉ-ESCOLAR MARGARIDA DE JESUS ALENCAR ( TIA GUIDA);1;02/03/1998;;;017/2023;;;1 - Efetivo;CONCURSO PUBLICO ;;;Efetivo;;AUX. DE SERV. GERAIS
;Adiantamento 13º Salário - Janeiro;MARIA LUCIA DA CONCEIÇÃO;AUX. DE SERV. GERAIS;;834,90;834,90;SECRETARIA MUNICIPAL DE EDUCAÇÃO;FUNDO DE MANUT. E DEC.DA EDUC.BASICA-FUNDEB;SME- DEPTO. ADM -FUNDEB 30% II;EFETIVOS;838.XXX.XXX-00;85;40;CRECHE PRÉ-ESCOLAR MARGARIDA DE JESUS ALENCAR ( TIA GUIDA);1;02/03/1998;;;017/2023;;;1 - Efetivo;CONCURSO PUBLICO ;;;Efetivo;;AUX. DE SERV. GERAIS
;Folha Mensal - Janeiro;MARIA LUCIA DA SILVA;TECNICO EM ENFERMAGEM;244,40;1.804,90;2.049,30;SECRETARIA MUNICIPAL DE SAUDE;SECRETARIA MUNICIPAL DE SAUDE;SMS.DEPTO.SAUDE.SECRETARIO(A) - FUS;EFETIVOS;245.XXX.XXX-00;129;40;;1;02/02/2015;;;;;;1 - Efetivo;CONCURSO PUBLICO ;;;Efetivo;;TECNICO EM ENFERMAGEM
;Folha Complementar c/ Encargos - Janeiro;MARIA LUCIA DA SILVA;TECNICO EM ENFERMAGEM;277,60;-277,60;;SECRETARIA MUNICIPAL DE SAUDE;SECRETARIA MUNICIPAL DE SAUDE;SMS.DEPTO.SAUDE.SECRETARIO(A) - FUS;EFETIVOS;245.XXX.XXX-00;129;40;;1;02/02/2015;;;;;;1 - Efetivo;CONCURSO PUBLICO ;;;Efetivo;;TECNICO EM ENFERMAGEM
;Rescisão - Janeiro;MARIA LUCIA DE CARVALHO;PROFESSOR SL 40H - CELETISTA;;0,00;;SECRETARIA MUNICIPAL DE EDUCAÇÃO;SECRETARIA MUNICIPAL DE EDUCAÇÃO;SME - DEPTOR. ENSINO FUNDEB 70% IV - CELETISTAS;CONTRATADOS  EDUCAÇÃO;063.XXX.XXX-19;271;40;PRÉ-ESCOLAR TIANA MACEDO;6;01/02/2024;01/01/2025;;01/2025;;;3 - Temporário;TEMPO DETERMINADO;;;Contrato Temporario;;PROFESSOR SL 40H - CELETISTA
;Rescisão - Janeiro;MARIA LUCIA DOS SANTOS SOUSA;DIRETOR DE DEPARTAMENTO;;0,00;;SECRETARIA MUNICIPAL DE EDUCAÇÃO;FUNDO DE MANUT. E DEC.DA EDUC.BASICA-FUNDEB;SME- DEPTOR ADM FUNDEB 30 % VI - COMISSIONADOS;COMISSIONADOS;790.XXX.XXX-04;560;40;SECRETARIA MUNICIPAL DE EDUCAÇÃO;1;01/04/2024;01/01/2025;;01/2025;;;2 - Comissão;LIVRE PROVIMENTO ;;;Função de Confiança;;DIRETOR DE DEPARTAMENTO
;Rescisão - Janeiro;MARIA LUCICLEIDE DA SILVA DIAS;SECR. DE ASSISTENCIA SOCIAL;;0,00;;SECRETARIA MUNICIPAL DE ASSISTENCIA SOCIAL;SECRETARIA MUNICIPAL DE ASSISTENCIA SOCIAL;SASC-SEC.ASSISTENCIA SOCIAL;COMISSIONADOS;015.XXX.XXX-01;222;40;;1;02/01/2017;01/01/2025;;01/2025;;;2 - Comissão;LIVRE PROVIMENTO ;;;Função de Confiança;;SECR. DE ASSISTENCIA SOCIAL
;Folha Mensal - Janeiro;MARIA LUCICLEIDE DA SILVA DIAS;SECR. DE ASSISTENCIA SOCIAL;173,46;2.006,95;2.180,41;SECRETARIA MUNICIPAL DE ASSISTENCIA SOCIAL;SECRETARIA MUNICIPAL DE ASSISTENCIA SOCIAL;SASC-SEC.ASSISTENCIA SOCIAL;COMISSIONADOS;015.XXX.XXX-01;222;40;;2;02/01/2025;;;;;;2 - Comissão;LIVRE PROVIMENTO ;;;Função de Confiança;;SECR. DE ASSISTENCIA SOCIAL
;Folha Mensal - Janeiro;MARIA LUCILENE DA SILVA DIAS;PROFESSOR SE 40H;2.516,14;6.591,47;9.107,61;SECRETARIA MUNICIPAL DE EDUCAÇÃO;SECRETARIA MUNICIPAL DE EDUCAÇÃO;SME- DEPTOR ENSINO FUNDEB 70% II;EFETIVO - PROFESSORES;553.XXX.XXX-72;198;40;SECRETARIA MUNICIPAL DE EDUCAÇÃO;1;02/02/1998;;;;;;1 - Efetivo;CONCURSO PUBLICO ;;;Efetivo;;PROFESSOR SE 40H
;Folha Mensal - Janeiro;MARIA LUCILENE DE MACEDO SILVA;AG. COMUNITARIO DE SAÚDE;667,79;3.730,81;4.398,60;SECRETARIA MUNICIPAL DE SAUDE;SECRETARIA MUNICIPAL DE SAUDE;SMS - SEC.DE SAUDE - ACS I - PAB;EFETIVOS;535.XXX.XXX-87;50;40;;1;18/03/2003;;;;;;1 - Efetivo;CONCURSO PUBLICO ;;;Efetivo;;AG. COMUNITARIO DE SAÚDE
;Rescisão - Janeiro;MARIA LUIZA DE SOUSA RODRIGUES;TECNICO DE ENFERMAGEM;;0,00;;SECRETARIA MUNICIPAL DE SAUDE;SECRETARIA MUNICIPAL DE SAUDE;SEC. MUN. SAÚDE- DEPTO. DE SAUDE II-CONTRATADOS - PAB;CONTRATO TEMPORÁRIO;068.XXX.XXX-77;375;40;;3;01/03/2023;01/01/2025;;01/2025;;;3 - Temporário;TEMPO DETERMINADO;;;Contrato Temporario;;TECNICO DE ENFERMAGEM
;Rescisão - Janeiro;MARIA NEUSA DE MACEDO MARQUES;ASSESSOR TÉCNICO (A) ADMINISTRATIVO;;0,00;;PREFEITURA MUNICIPAL DE PADRE MARCOS-PI;SECRETARIA MUNICIPAL  DE ADMINISTRAÇÃO;SEAD -  DEPTO. ADMINISTRAÇÃO V- COMISSIONADOS;COMISSIONADOS;454.XXX.XXX-20;523;40;PREDIO DA PREFEITURA;1;01/11/2023;01/01/2025;;01/2025;;;2 - Comissão;TEMPO DETERMINADO;;;Função de Confiança;;ASSESSOR TÉCNICO (A) ADMINISTRATIVO
;Folha Mensal - Janeiro;MARIA NILZA DA CONCEIÇÃO;AUX. DE SERV. GERAIS;261,86;1.483,84;1.745,70;SECRETARIA MUNICIPAL DE EDUCAÇÃO;FUNDO DE MANUT. E DEC.DA EDUC.BASICA-FUNDEB;SME- DEPTO. ADM -FUNDEB 30% II;EFETIVOS;988.XXX.XXX-68;96;40;U.E.M. JOSE DE MOURA LEAL;1;02/03/2015;;;;;;1 - Efetivo;CONCURSO PUBLICO ;;;Efetivo;;AUX. DE SERV. GERAIS
;Rescisão - Janeiro;MARIA ROSA DE CARVALHO;PROFESSOR SL 40H - CELETISTA;;0,00;;SECRETARIA MUNICIPAL DE EDUCAÇÃO;SECRETARIA MUNICIPAL DE EDUCAÇÃO;SME- DEPTO  ENSINO INFANTIL FUNDEB 70% - SELETISTAS;CONTRATADOS  EDUCAÇÃO;868.XXX.XXX-91;326;40;;4;01/02/2024;01/01/2025;;01/2025;;;3 - Temporário;TEMPO DETERMINADO;;;Contrato Temporario;;PROFESSOR SL 40H - CELETISTA
;Folha Mensal - Janeiro;MARIA SIMONE DA SILVA;GARI;267,93;2.084,97;2.352,90;PREFEITURA MUNICIPAL DE PADRE MARCOS-PI;SECRETARIA MUNICIPAL  DE ADMINISTRAÇÃO;SEAD - DEPTO.ADMINISTRAÇÃO II;EFETIVOS;031.XXX.XXX-01;12;40;;1;02/02/2015;;;;;;1 - Efetivo;CONCURSO PUBLICO ;;;Efetivo;;GARI
;Folha Mensal - Janeiro;MARIA VANDILENE DA SILVA;PROFESSOR SE 40H;1.860,05;5.344,26;7.204,31;SECRETARIA MUNICIPAL DE EDUCAÇÃO;SECRETARIA MUNICIPAL DE EDUCAÇÃO;SME- DEPTOR ENSINO FUNDEB 70% I;EFETIVO - PROFESSORES;005.XXX.XXX-65;152;40;UNIDADE ESCOLAR MUNICIPAL DAVI SEVERIANO DE CARVALHO;1;01/04/2015;;;;;;1 - Efetivo;CONCURSO PUBLICO ;;;;;PROFESSOR SL 40H
;Folha Mensal - Janeiro;MARIA ZULDETE DE SOUSA;AUX. DE SERV. GERAIS;227,92;1.400,08;1.628,00;SECRETARIA MUNICIPAL DE EDUCAÇÃO;FUNDO DE MANUT. E DEC.DA EDUC.BASICA-FUNDEB;SME- DEPTO. ADM -FUNDEB 30% II;TEMPO DE SERVIÇO;840.XXX.XXX-53;86;40;CRECHE PRÉ-ESCOLAR MARGARIDA DE JESUS ALENCAR ( TIA GUIDA);1;01/11/1983;;;;;;1 - Efetivo;CONCURSO PUBLICO ;;;Efetivo;;AUX. DE SERV. GERAIS
;Rescisão - Janeiro;MARIELLE PEREIRA DE MATOS;DIRETOR DE DEPARTAMENTO;;0,00;;SECRETARIA MUNICIPAL DE EDUCAÇÃO;FUNDO DE MANUT. E DEC.DA EDUC.BASICA-FUNDEB;SME- DEPTOR ADM FUNDEB 30 % VI - COMISSIONADOS;COMISSIONADOS EDUCAÇÃO;034.XXX.XXX-04;35;40;SECRETARIA MUNICIPAL DE EDUCAÇÃO;3;01/03/2024;01/01/2025;;01/2025;;;2 - Comissão;LIVRE PROVIMENTO ;;;Função de Confiança;;DIRETOR DE DEPARTAMENTO
;Rescisão - Janeiro;MARISA MAGNA DA SILVA LEAL;PROFESSOR SELETISTA;;0,00;;SECRETARIA MUNICIPAL DE EDUCAÇÃO;SECRETARIA MUNICIPAL DE EDUCAÇÃO;SME - DEPTOR. ENSINO FUNDEB 70% IV - CELETISTAS;CONTRATADOS  EDUCAÇÃO;612.XXX.XXX-48;494;40;;2;01/02/2024;01/01/2025;;01/2025;;;3 - Temporário;TEMPO DETERMINADO;;;Contrato Temporario;;PROFESSOR SELETISTA
;Folha Mensal - Janeiro;MARISLETTE DE SOUSA CARVALHO;AUX. DE SERV. GERAIS;717,47;1.028,23;1.745,70;SECRETARIA MUNICIPAL DE EDUCAÇÃO;FUNDO DE MANUT. E DEC.DA EDUC.BASICA-FUNDEB;SME- DEPTO. ADM -FUNDEB 30% II;EFETIVOS;790.XXX.XXX-00;97;40;UNIDADE ESCOLAR MUNICIPAL CÂNDIDA MACEDO;1;02/02/2015;;;;;;1 - Efetivo;CONCURSO PUBLICO ;;;Efetivo;;AUX. DE SERV. GERAIS
;Rescisão - Janeiro;MATHEUS COSTA FONTES;MEDICO(A) TEMPORARIO(A);;0,00;;SECRETARIA MUNICIPAL DE SAUDE;SECRETARIA MUNICIPAL DE SAUDE;SEC. MUN. SAÚDE- DEPTO. DE SAUDE II-CONTRATADOS - PAB;CONTRATO TEMPORÁRIO;972.XXX.XXX-49;584;40;SECRETARIA MUNICIPAL DE SAÚDE;1;01/07/2024;01/01/2025;;01/2025;;;3 - Temporário;TEMPO DETERMINADO;;;Contrato Temporario;;MEDICO(A) TEMPORARIO(A)
;Rescisão - Janeiro;MATHEUS COSTA FONTES;MEDICO(A) TEMPORARIO(A);;0,00;;SECRETARIA MUNICIPAL DE SAUDE;SECRETARIA MUNICIPAL DE SAUDE;SMS- DEPARTAMENTO DA SAÚDE- PLANTÃO - FUS;CONTRATO TEMPORÁRIO;972.XXX.XXX-49;584;40;SECRETARIA MUNICIPAL DE SAÚDE;2;01/11/2024;01/01/2025;;01/2025;;;3 - Temporário;TEMPO DETERMINADO;;;Contrato Temporario;;MEDICO(A) TEMPORARIO(A)
;Folha Mensal - Janeiro;MATHEUS COSTA FONTES;MEDICO(A) TEMPORARIO(A);13,47;3.060,53;3.074,00;SECRETARIA MUNICIPAL DE SAUDE;SECRETARIA MUNICIPAL DE SAUDE;SMS- DEPARTAMENTO DA SAÚDE- PLANTÃO - FUS;CONTRATO TEMPORÁRIO;972.XXX.XXX-49;584;40;SECRETARIA MUNICIPAL DE SAÚDE;3;02/01/2025;;;;;;3 - Temporário;TEMPO DETERMINADO;;;Contrato Temporario;;MEDICO(A) TEMPORARIO(A)
;Folha Mensal - Janeiro;MATHEUS COSTA FONTES;MEDICO(A) TEMPORARIO(A);2.289,05;6.554,02;8.843,07;SECRETARIA MUNICIPAL DE SAUDE;SECRETARIA MUNICIPAL DE SAUDE;SEC. MUN. SAÚDE- DEPTO. DE SAUDE II-CONTRATADOS - PAB;CONTRATO TEMPORÁRIO;972.XXX.XXX-49;584;40;SECRETARIA MUNICIPAL DE SAÚDE;4;02/01/2025;;;;;;3 - Temporário;TEMPO DETERMINADO;;;Contrato Temporario;;MEDICO(A) TEMPORARIO(A)
;Rescisão - Janeiro;MAURICELES MACEDO LOBO DE DEUS;FONOAUDIOLOGO;;0,00;;SECRETARIA MUNICIPAL DE SAUDE;SECRETARIA MUNICIPAL DE SAUDE;SEC. MUN. SAÚDE- DEPTO. DE SAUDE II-CONTRATADOS - PAB;CONTRATO TEMPORÁRIO;330.XXX.XXX-91;261;40;;4;01/03/2023;01/01/2025;;01/2025;;;3 - Temporário;TEMPO DETERMINADO;;;Contrato Temporario;;FONOAUDIOLOGO
;Folha Mensal - Janeiro;MAURICELES MACEDO LOBO DE DEUS;FONOAUDIOLOGO;162,12;2.292,24;2.454,36;SECRETARIA MUNICIPAL DE SAUDE;SECRETARIA MUNICIPAL DE SAUDE;SEC. MUN. SAÚDE- DEPTO. DE SAUDE II-CONTRATADOS - PAB;CONTRATO TEMPORÁRIO;330.XXX.XXX-91;261;40;;5;02/01/2025;;;;;;3 - Temporário;TEMPO DETERMINADO;;;Contrato Temporario;;FONOAUDIOLOGO
;Rescisão - Janeiro;MENILDA DOS SANTOS SILVA;ASSESSOR TÉCNICO (A) ADMINISTRATIVO;;0,00;;SECRETARIA MUNICIPAL DE EDUCAÇÃO;FUNDO DE MANUT. E DEC.DA EDUC.BASICA-FUNDEB;SME- DEPTOR ADM FUNDEB 30 % VI - COMISSIONADOS;COMISSIONADOS EDUCAÇÃO;080.XXX.XXX-11;456;40;;2;01/02/2024;01/01/2025;;01/2025;;;2 - Comissão;TEMPO DETERMINADO;;;Função de Confiança;;ASSESSOR TÉCNICO (A) ADMINISTRATIVO
;Rescisão - Janeiro;MOISEIS DIAS LEAL;SECRETARIO(A) UNIDADE ESCOLAR MUNICIPAL;;0,00;;SECRETARIA MUNICIPAL DE EDUCAÇÃO;FUNDO DE MANUT. E DEC.DA EDUC.BASICA-FUNDEB;SME- DEPTOR ADM FUNDEB 30 % VI - COMISSIONADOS;COMISSIONADOS;004.XXX.XXX-38;250;40;;2;01/03/2024;01/01/2025;;01/2025;;;2 - Comissão;LIVRE PROVIMENTO ;;;Contrato Temporario;;SECRETARIO(A) UNIDADE ESCOLAR MUNICIPAL
;Rescisão - Janeiro;MYCHELL UMBELINO RIBEIRO;DIRETOR DE DEPARTAMENTO;;0,00;;PREFEITURA MUNICIPAL DE PADRE MARCOS-PI;SECRETARIA MUNICIPAL  DE ADMINISTRAÇÃO;SEAD -  DEPTO. ADMINISTRAÇÃO V- COMISSIONADOS;COMISSIONADOS;045.XXX.XXX-85;220;40;;2;02/09/2023;01/01/2025;;01/2025;;;2 - Comissão;LIVRE PROVIMENTO ;;;Função de Confiança;;DIRETOR DE DEPARTAMENTO
;Folha Mensal - Janeiro;MYCHELL UMBELINO RIBEIRO;DIRETOR DE DEPARTAMENTO;188,53;2.159,31;2.347,84;PREFEITURA MUNICIPAL DE PADRE MARCOS-PI;SECRETARIA MUNICIPAL  DE ADMINISTRAÇÃO;SEAD -  DEPTO. ADMINISTRAÇÃO V- COMISSIONADOS;COMISSIONADOS;045.XXX.XXX-85;220;40;;3;02/01/2025;;;;;;2 - Comissão;LIVRE PROVIMENTO ;;;Função de Confiança;;DIRETOR DE DEPARTAMENTO
;Folha Mensal - Janeiro;NAGILA MERCES MENDES SANTANA;PROFESSOR SE 40H;2.289,55;6.146,30;8.435,85;SECRETARIA MUNICIPAL DE EDUCAÇÃO;SECRETARIA MUNICIPAL DE EDUCAÇÃO;SME- DEPTOR ENSINO FUNDEB 70% II;EFETIVO - PROFESSORES;805.XXX.XXX-87;202;40;UNIDADE ESCOLAR MUNICIPAL CÂNDIDA MACEDO;1;15/02/2000;;;;;;1 - Efetivo;CONCURSO PUBLICO ;;;Efetivo;;PROFESSOR SE 40H
;Adiantamento 13º Salário - Janeiro;NAGILA MERCES MENDES SANTANA;PROFESSOR SE 40H;;3.873,54;3.873,54;SECRETARIA MUNICIPAL DE EDUCAÇÃO;SECRETARIA MUNICIPAL DE EDUCAÇÃO;SME- DEPTOR ENSINO FUNDEB 70% II;EFETIVO - PROFESSORES;805.XXX.XXX-87;202;40;UNIDADE ESCOLAR MUNICIPAL CÂNDIDA MACEDO;1;15/02/2000;;;;;;1 - Efetivo;CONCURSO PUBLICO ;;;Efetivo;;PROFESSOR SE 40H
;Rescisão - Janeiro;NAHYLÊ STÉFANI REIS ALENCAR;DIRETOR DE DEPARTAMENTO;;0,00;;SECRETARIA MUNICIPAL DE EDUCAÇÃO;FUNDO DE MANUT. E DEC.DA EDUC.BASICA-FUNDEB;SME- DEPTOR ADM FUNDEB 30 % VI - COMISSIONADOS;COMISSIONADOS;057.XXX.XXX-81;571;40;SECRETARIA MUNICIPAL DE EDUCAÇÃO;1;01/04/2024;01/01/2025;;01/2025;;;2 - Comissão;LIVRE PROVIMENTO ;;;Função de Confiança;;DIRETOR DE DEPARTAMENTO
;Rescisão - Janeiro;NATILÂNIA DE SOUSA RIBEIRO;PROFESSOR SL 40H - CELETISTA;;0,00;;SECRETARIA MUNICIPAL DE EDUCAÇÃO;SECRETARIA MUNICIPAL DE EDUCAÇÃO;SME- DEPTO  ENSINO INFANTIL FUNDEB 70% - SELETISTAS;CONTRATADOS  EDUCAÇÃO;818.XXX.XXX-68;336;40;;4;01/02/2024;01/01/2025;;01/2025;;;3 - Temporário;TEMPO DETERMINADO;;;Contrato Temporario;;PROFESSOR SL 40H - CELETISTA
;Folha Mensal - Janeiro;NELI ROSENO DA SILVA;VIGILANTE;267,93;2.084,97;2.352,90;HOSPITAL MUNICIPAL DE PADRE MARCOS;SECRETARIA MUNICIPAL DE SAUDE;HOSPITAL - DEPTO. ADMINISTRATIVO I;EFETIVOS;603.XXX.XXX-08;24;40;HOSPITAL MUNICIPAL DE PADRE MARCOS;1;19/01/2015;;;;;;1 - Efetivo;CONCURSO PUBLICO ;;;Efetivo;;VIGILANTE
;Rescisão - Janeiro;NILDETE GORETE DE LIMA;PROFESSOR SL 40H - CELETISTA;;0,00;;SECRETARIA MUNICIPAL DE EDUCAÇÃO;SECRETARIA MUNICIPAL DE EDUCAÇÃO;SME- DEPTO  ENSINO INFANTIL FUNDEB 70% - SELETISTAS;CONTRATO TEMPORÁRIO;049.XXX.XXX-02;176;40;;4;01/02/2024;01/01/2025;;01/2025;;;3 - Temporário;TEMPO DETERMINADO;;;Contrato Temporario;;PROFESSOR SL 40H - CELETISTA
;Folha Mensal - Janeiro;OCIMARIA MARIA CARVALHO MACEDO;CONSELHEIRO TUTELAR;113,85;1.534,15;1.648,00;SECRETARIA MUNICIPAL DE ASSISTENCIA SOCIAL;SECRETARIA MUNICIPAL DE ASSISTENCIA SOCIAL;SASC-ASSISTENCIA SOCIAL - CONSELHO;ELETIVOS;030.XXX.XXX-50;36;40;SEC MUN. DE ASSISTENCIA SOCIAL;3;10/01/2024;;;;;;7 - Conselheiro;ELEICAO/INDICACAO;;;;;CONSELHEIRO TUTELAR
;Rescisão - Janeiro;ODAIR JOSÉ DA SILVA;CORDENADOR DE TRANSPORTE;;0,00;;SECRETARIA MUNICIPAL DE EDUCAÇÃO;FUNDO DE MANUT. E DEC.DA EDUC.BASICA-FUNDEB;SME- DEPTOR ADM FUNDEB 30 % VI - COMISSIONADOS;COMISSIONADOS EDUCAÇÃO;265.XXX.XXX-63;439;40;;1;01/10/2021;01/01/2025;;01/2025;;;2 - Comissão;LIVRE PROVIMENTO ;01/2021;;Função de Confiança;;CORDENADOR DE TRANSPORTE
;Folha Mensal - Janeiro;ODAIR JOSÉ DA SILVA;CORDENADOR DE TRANSPORTE;110,05;1.357,35;1.467,40;SECRETARIA MUNICIPAL DE EDUCAÇÃO;FUNDO DE MANUT. E DEC.DA EDUC.BASICA-FUNDEB;SME- DEPTOR ADM FUNDEB 30 % VI - COMISSIONADOS;COMISSIONADOS EDUCAÇÃO;265.XXX.XXX-63;439;40;;2;02/01/2025;;;;;;2 - Comissão;LIVRE PROVIMENTO ;01/2021;;Função de Confiança;;CORDENADOR DE TRANSPORTE
;Rescisão - Janeiro;ORLANDIO JOSE DE CARVALHO;SECRETARIO (A);;0,00;;PREFEITURA MUNICIPAL DE PADRE MARCOS-PI;SECRETARIA MUNICIPAL DE FINANÇAS;SMF - DEPARTAMENTO DE FINANÇA - I;COMISSIONADOS;025.XXX.XXX-22;212;40;PREDIO DA PREFEITURA;1;02/01/2017;01/01/2025;;01/2025;;;2 - Comissão;LIVRE PROVIMENTO ;;;Função de Confiança;;SECRETARIO DE FINANÇAS
;Folha Mensal - Janeiro;ORLANDIO JOSE DE CARVALHO;SECRETARIO (A);173,46;2.006,95;2.180,41;PREFEITURA MUNICIPAL DE PADRE MARCOS-PI;SECRETARIA MUNICIPAL DE FINANÇAS;SMF - DEPARTAMENTO DE FINANÇA - I;COMISSIONADOS;025.XXX.XXX-22;212;40;PREDIO DA PREFEITURA;2;02/01/2025;;;;;;2 - Comissão;LIVRE PROVIMENTO ;;;Função de Confiança;;SECRETARIO DE FINANÇAS
;Folha Mensal - Janeiro;OSIELDO MACEDO PINHEIRO;DIGITADOR(A);261,86;1.545,88;1.807,74;SECRETARIA MUNICIPAL DE ASSISTENCIA SOCIAL;SECRETARIA MUNICIPAL DE ASSISTENCIA SOCIAL;SASC - DEPTO. ASSISTENCIA SOCIAL IV;EFETIVOS;628.XXX.XXX-72;49;40;SEC MUN. DE ASSISTENCIA SOCIAL;1;02/02/2015;;;;;;1 - Efetivo;CONCURSO PUBLICO ;;;Efetivo;;DIGITADOR(A)
;Rescisão - Janeiro;OZEIAS DE ARAUJO SILVA;COORDENADOR DE SERVIÇOS;;0,00;;SECRETARIA MUNICIPAL DE ASSISTENCIA SOCIAL;FUNDO MUNICIPAL DE ASSISTENCIA SOCIAL-FMAS;CENTRO DE REFERENCIA. ASSISTENCIA SOCIAL-CRAS-PSB;COMISSIONADOS;612.XXX.XXX-70;259;40;SEC MUN. DE ASSISTENCIA SOCIAL;3;01/02/2019;01/01/2025;;01/2025;;;2 - Comissão;TEMPO DETERMINADO;;;Função de Confiança;;COORDENADOR DE SERVIÇOS
;Folha Mensal - Janeiro;OZEIAS DE ARAUJO SILVA;COORDENADOR DE SERVIÇOS;110,05;1.357,35;1.467,40;SECRETARIA MUNICIPAL DE ASSISTENCIA SOCIAL;FUNDO MUNICIPAL DE ASSISTENCIA SOCIAL-FMAS;CENTRO DE REFERENCIA. ASSISTENCIA SOCIAL-CRAS-PSB;COMISSIONADOS;612.XXX.XXX-70;259;40;SEC MUN. DE ASSISTENCIA SOCIAL;4;02/01/2025;;;02/2026;;;2 - Comissão;TEMPO DETERMINADO;;;Função de Confiança;;COORDENADOR DE SERVIÇOS
;Rescisão - Janeiro;OZIEL JOSÉ DE CARVALHO MACEDO;SECRETARIO MUNICIPAL DE OBRAS E SERVIÇOS URBANOS;;0,00;;PREFEITURA MUNICIPAL DE PADRE MARCOS-PI;SEC.MUN.DE OBRAS E SERVIÇOS URBANOS;SMO - SECRETARIA DE OBRAS;COMISSIONADOS;948.XXX.XXX-72;232;40;;2;02/01/2018;01/01/2025;;01/2025;;;2 - Comissão;LIVRE PROVIMENTO ;;;Função de Confiança;;SECRETARIO MUNICIPAL DE OBRAS E SERVIÇOS URBANOS
;Folha Mensal - Janeiro;OZIEL JOSÉ DE CARVALHO MACEDO;ASSESSOR TÉCNICO (A) ADMINISTRATIVO;124,61;1.513,01;1.637,62;PREFEITURA MUNICIPAL DE PADRE MARCOS-PI;SECRETARIA MUNICIPAL  DE ADMINISTRAÇÃO;SEAD -  DEPTO. ADMINISTRAÇÃO V- COMISSIONADOS;COMISSIONADOS;948.XXX.XXX-72;232;40;PREDIO DA PREFEITURA;3;02/01/2025;;;;;;2 - Comissão;TEMPO DETERMINADO;;;Função de Confiança;;COORDENADOR DE LAZER
;Rescisão - Janeiro;PATRICIA LEAL DE MACEDO;PROFESSOR SL 40H - CELETISTA;;0,00;;SECRETARIA MUNICIPAL DE EDUCAÇÃO;SECRETARIA MUNICIPAL DE EDUCAÇÃO;SME- DEPTO  ENSINO INFANTIL FUNDEB 70% - SELETISTAS;CONTRATADOS  EDUCAÇÃO;072.XXX.XXX-95;495;40;;1;01/03/2023;01/01/2025;;01/2025;;;3 - Temporário;TEMPO DETERMINADO;;;Contrato Temporario;;PROFESSOR SL 40H - CELETISTA
;Rescisão - Janeiro;PAULO LUIZ DE CARVALHO;PROFESSOR SL 40H - CELETISTA;;0,00;;SECRETARIA MUNICIPAL DE EDUCAÇÃO;SECRETARIA MUNICIPAL DE EDUCAÇÃO;SME- DEPTO  ENSINO INFANTIL FUNDEB 70% - SELETISTAS;CONTRATADOS  EDUCAÇÃO;071.XXX.XXX-24;477;40;;3;01/02/2024;01/01/2025;;01/2025;;;3 - Temporário;TEMPO DETERMINADO;;;Contrato Temporario;;PROFESSOR SL 40H - CELETISTA
;Folha Mensal - Janeiro;PEDRO BATISTA DA SILVA;MOTORISTA;264,89;1.784,41;2.049,30;SECRETARIA MUNICIPAL DE EDUCAÇÃO;FUNDO DE MANUT. E DEC.DA EDUC.BASICA-FUNDEB;SME- DEPTOR. ADM FUNDEB 30% V;EFETIVOS;353.XXX.XXX-15;110;40;SECRETARIA MUNICIPAL DE EDUCAÇÃO;1;02/03/2015;;;;;;1 - Efetivo;CONCURSO PUBLICO ;;;Efetivo;;MOTORISTA
;Rescisão - Janeiro;PEDRO EZRON PEREIRA LIMA;ASSESSOR TÉCNICO (A) ADMINISTRATIVO;;0,00;;SECRETARIA MUNICIPAL DE EDUCAÇÃO;FUNDO DE MANUT. E DEC.DA EDUC.BASICA-FUNDEB;SME- DEPTOR ADM FUNDEB 30 % VI - COMISSIONADOS;COMISSIONADOS;054.XXX.XXX-40;577;40;SECRETARIA MUNICIPAL DE EDUCAÇÃO;1;01/07/2024;01/01/2025;;01/2025;;;2 - Comissão;TEMPO DETERMINADO;;;Função de Confiança;;ASSESSOR TÉCNICO (A) ADMINISTRATIVO
;Folha Mensal - Janeiro;PEDRO EZRON PEREIRA LIMA;ASSESSOR TÉCNICO (A) ADMINISTRATIVO;110,05;1.357,35;1.467,40;SECRETARIA MUNICIPAL DE EDUCAÇÃO;FUNDO DE MANUT. E DEC.DA EDUC.BASICA-FUNDEB;SME- DEPTOR ADM FUNDEB 30 % VI - COMISSIONADOS;COMISSIONADOS;054.XXX.XXX-40;577;40;SECRETARIA MUNICIPAL DE EDUCAÇÃO;2;02/01/2025;;;;;;2 - Comissão;TEMPO DETERMINADO;;;Função de Confiança;;ASSESSOR TÉCNICO (A) ADMINISTRATIVO
;Rescisão - Janeiro;PERPETUA SOCORRO DA SILVA;COORDENADOR(A) PEDAGÓGICO;;0,00;;SECRETARIA MUNICIPAL DE EDUCAÇÃO;SECRETARIA MUNICIPAL DE EDUCAÇÃO;SME- DEPTOR. ENSINO FUNDEB 70% V - COMISSIONADOS;COMISSIONADOS EDUCAÇÃO;050.XXX.XXX-83;268;40;CRECHE PRÉ-ESCOLAR MARGARIDA DE JESUS ALENCAR ( TIA GUIDA);3;01/03/2019;01/01/2025;;01/2025;;;2 - Comissão;TEMPO DETERMINADO;;;Função de Confiança;;COORDENADOR(A) PEDAGÓGICO
;Folha Mensal - Janeiro;PERPETUA SOCORRO DA SILVA;COORDENADOR(A) PEDAGÓGICO;177,32;2.046,01;2.223,33;SECRETARIA MUNICIPAL DE EDUCAÇÃO;SECRETARIA MUNICIPAL DE EDUCAÇÃO;SME- DEPTOR. ENSINO FUNDEB 70% V - COMISSIONADOS;COMISSIONADOS EDUCAÇÃO;050.XXX.XXX-83;268;40;CRECHE PRÉ-ESCOLAR MARGARIDA DE JESUS ALENCAR ( TIA GUIDA);4;02/01/2025;;;;;;2 - Comissão;TEMPO DETERMINADO;;;Função de Confiança;;COORDENADOR(A) PEDAGÓGICO
;Rescisão - Janeiro;POLIANE MARIA DE CARVALHO;PROFESSOR SELETISTA;;0,00;;SECRETARIA MUNICIPAL DE EDUCAÇÃO;SECRETARIA MUNICIPAL DE EDUCAÇÃO;SME- DEPTO  ENSINO INFANTIL FUNDEB 70% - SELETISTAS;CONTRATADOS  EDUCAÇÃO;080.XXX.XXX-30;496;40;;2;01/02/2024;01/01/2025;;01/2025;;;3 - Temporário;TEMPO DETERMINADO;;;;;PROFESSOR SELETISTA
;Folha Mensal - Janeiro;PRESLEY ARAÚJO LEAL;PROFESSOR SE 40H;1.860,05;5.344,26;7.204,31;SECRETARIA MUNICIPAL DE EDUCAÇÃO;SECRETARIA MUNICIPAL DE EDUCAÇÃO;SME- DEPTOR ENSINO FUNDEB 70% I;EFETIVO - PROFESSORES;007.XXX.XXX-13;153;40;UNIDADE ESCOLAR MUNICIPAL CÂNDIDA MACEDO;1;02/03/2015;;;;;06/2018;1 - Efetivo;CONCURSO PUBLICO ;;;Efetivo;;PROFESSOR SL 20H
;Rescisão - Janeiro;RAFAEL BENIZ RAMOS;VISITADOR SANITARIO;;0,00;;SECRETARIA MUNICIPAL DE SAUDE;SECRETARIA MUNICIPAL DE SAUDE;SMS-DEPTO.SEC.SAUDE-CONTRATADOS - FUS;CONTRATO TEMPORÁRIO;048.XXX.XXX-04;509;40;;1;01/03/2023;01/01/2025;;01/2025;;;3 - Temporário;TEMPO DETERMINADO;;;Contrato Temporario;;VISITADOR SANITARIO
;Rescisão - Janeiro;RAFAEL VIEIRA DE ARAUJO;AUXI.DE SERV. GERAIS- SELETISTAS;;0,00;;SECRETARIA MUNICIPAL DE EDUCAÇÃO;FUNDO DE MANUT. E DEC.DA EDUC.BASICA-FUNDEB;SME-DEPTO.CONTRATO-ENSINO FUNDEB 30%;CONTRATADOS  EDUCAÇÃO;612.XXX.XXX-80;416;40;;2;01/03/2023;01/01/2025;;01/2025;;;3 - Temporário;ELEICAO/INDICACAO;;;Contrato Temporario;;AUXI.DE SERV. GERAIS- SELETISTAS
;Folha Mensal - Janeiro;RAFAEL VIEIRA DE ARAUJO;ASSESSOR TÉCNICO (A) ADMINISTRATIVO;110,05;1.357,35;1.467,40;SECRETARIA MUNICIPAL DE EDUCAÇÃO;FUNDO DE MANUT. E DEC.DA EDUC.BASICA-FUNDEB;SME- DEPTOR ADM FUNDEB 30 % VI - COMISSIONADOS;COMISSIONADOS EDUCAÇÃO;612.XXX.XXX-80;416;40;;3;02/01/2025;;;;;;2 - Comissão;TEMPO DETERMINADO;;;Função de Confiança;;ASSESSOR TÉCNICO (A) ADMINISTRATIVO
;Rescisão - Janeiro;RAFAELLA LEAL SILVA;DIRETOR DE DEPARTAMENTO;;0,00;;SECRETARIA MUNICIPAL DE EDUCAÇÃO;FUNDO DE MANUT. E DEC.DA EDUC.BASICA-FUNDEB;SME- DEPTOR ADM FUNDEB 30 % VI - COMISSIONADOS;COMISSIONADOS;079.XXX.XXX-82;583;40;SECRETARIA MUNICIPAL DE EDUCAÇÃO;1;01/07/2024;01/01/2025;;01/2025;;;2 - Comissão;LIVRE PROVIMENTO ;;;Função de Confiança;;DIRETOR DE DEPARTAMENTO
;Folha Mensal - Janeiro;RAIANA MARY DE MACEDO VIEIRA;PROFESSOR SE 40H;1.860,05;5.344,26;7.204,31;SECRETARIA MUNICIPAL DE EDUCAÇÃO;SECRETARIA MUNICIPAL DE EDUCAÇÃO;SME- DEPTOR ENSINO FUNDEB 70% I;EFETIVO - PROFESSORES;030.XXX.XXX-33;154;40;;1;02/03/2015;;;;;;1 - Efetivo;CONCURSO PUBLICO ;;;Efetivo;;PROFESSOR SL 20H
;Folha Mensal - Janeiro;RAIMUNDO DINIZ DE OLIVEIRA NETO;AG. COMUNITARIO DE SAÚDE;708,78;3.689,82;4.398,60;SECRETARIA MUNICIPAL DE SAUDE;SECRETARIA MUNICIPAL DE SAUDE;SMS - SEC.DE SAUDE - ACS I - PAB;EFETIVOS;553.XXX.XXX-87;59;40;;1;18/03/2003;;;;;;1 - Efetivo;CONCURSO PUBLICO ;;;Efetivo;;AG. COMUNITARIO DE SAÚDE
;Folha Mensal - Janeiro;RAIMUNDO NEIVA FILHO;MEDICO (A);1.219,69;9.234,76;10.454,45;SECRETARIA MUNICIPAL DE SAUDE;SECRETARIA MUNICIPAL DE SAUDE;SMS - DEPTOR .SEC. DE SAUDE - PAB;EFETIVOS;142.XXX.XXX-49;219;40;;1;01/04/2008;;;05/2023;;;1 - Efetivo;CONCURSO PUBLICO ;;;Efetivo;;MEDICO (A)
;Rescisão - Janeiro;RAIMUNDO NONATO DE SOUSA;ASSESSOR TÉCNICO (A) ADMINISTRATIVO;;0,00;;PREFEITURA MUNICIPAL DE PADRE MARCOS-PI;SECRETARIA MUNICIPAL  DE ADMINISTRAÇÃO;SEAD -  DEPTO. ADMINISTRAÇÃO V- COMISSIONADOS;COMISSIONADOS;125.XXX.XXX-27;538;40;PREDIO DA PREFEITURA;1;01/02/2024;01/01/2025;;01/2025;;;2 - Comissão;TEMPO DETERMINADO;;;Função de Confiança;;ASSESSOR TÉCNICO (A) ADMINISTRATIVO
;Folha Mensal - Janeiro;RAIMUNDO NONATO DE SOUSA;ASSESSOR TÉCNICO (A) ADMINISTRATIVO;110,05;1.357,35;1.467,40;PREFEITURA MUNICIPAL DE PADRE MARCOS-PI;SECRETARIA MUNICIPAL  DE ADMINISTRAÇÃO;SEAD -  DEPTO. ADMINISTRAÇÃO V- COMISSIONADOS;COMISSIONADOS;125.XXX.XXX-27;538;40;PREDIO DA PREFEITURA;2;02/01/2025;;;;;;2 - Comissão;TEMPO DETERMINADO;;;Função de Confiança;;ASSESSOR TÉCNICO (A) ADMINISTRATIVO
;Rescisão - Janeiro;RAMONYELLE HELKYS MACEDO CARVALHO;FISIOTERAPEUTA;;0,00;;SECRETARIA MUNICIPAL DE SAUDE;SECRETARIA MUNICIPAL DE SAUDE;SMS-DEPTO.SEC.SAUDE-CONTRATADOS - FUS;CONTRATO TEMPORÁRIO;039.XXX.XXX-83;459;40;;2;01/03/2023;01/01/2025;;01/2025;;;3 - Temporário;TEMPO DETERMINADO;03/2021;;Contrato Temporario;;FISIOTERAPEUTA
;Folha Mensal - Janeiro;RAMONYELLE HELKYS MACEDO CARVALHO;FISIOTERAPEUTA;200,64;2.281,76;2.482,40;SECRETARIA MUNICIPAL DE SAUDE;SECRETARIA MUNICIPAL DE SAUDE;SMS-DEPTO.SEC.SAUDE-CONTRATADOS - FUS;CONTRATO TEMPORÁRIO;039.XXX.XXX-83;459;40;;3;02/01/2025;;;;;;3 - Temporário;TEMPO DETERMINADO;03/2021;;Contrato Temporario;;FISIOTERAPEUTA
;Folha Mensal - Janeiro;REJANE MARIA LEAL DE MOURA LIMA;AG. COMUNITARIO DE SAÚDE;667,79;3.730,81;4.398,60;SECRETARIA MUNICIPAL DE SAUDE;SECRETARIA MUNICIPAL DE SAUDE;SMS - SEC.DE SAUDE - ACS I - PAB;EFETIVOS;454.XXX.XXX-53;52;40;;1;01/04/2008;;;;;;1 - Efetivo;CONCURSO PUBLICO ;;;Efetivo;;AG. COMUNITARIO DE SAÚDE
;Folha Mensal - Janeiro;RENATA DA SILVA;CONSELHEIRO TUTELAR;113,85;1.534,15;1.648,00;SECRETARIA MUNICIPAL DE ASSISTENCIA SOCIAL;SECRETARIA MUNICIPAL DE ASSISTENCIA SOCIAL;SASC-ASSISTENCIA SOCIAL - CONSELHO;ELETIVOS;062.XXX.XXX-67;531;40;SEC MUN. DE ASSISTENCIA SOCIAL;1;10/01/2024;;;;;;7 - Conselheiro;ELEICAO/INDICACAO;;;;;CONSELHEIRO TUTELAR
;Rescisão - Janeiro;RENATO ANTONIO DE OLIVEIRA;TECNICO EM PROTESI DENTARIA;;0,00;;SECRETARIA MUNICIPAL DE SAUDE;SECRETARIA MUNICIPAL DE SAUDE;SMS-SEC.DE SAÚDE-PROTETICO;CONTRATO TEMPORÁRIO;044.XXX.XXX-01;285;40;;5;01/02/2024;01/01/2025;;01/2025;;;3 - Temporário;TEMPO DETERMINADO;;;Contrato Temporario;;TECNICO PROTESE DENTARIA
;Folha Mensal - Janeiro;RENÊ ALESSANDRO BRITO DE SÁ;ENGENHEIRO(A) CIVIL;766,25;4.018,75;4.785,00;PREFEITURA MUNICIPAL DE PADRE MARCOS-PI;SECRETARIA MUNICIPAL  DE ADMINISTRAÇÃO;SECRETARIA MUNICIPAL DE ADMINISTRAÇÃO;CONTRATO TEMPORÁRIO;056.XXX.XXX-42;532;40;PREDIO DA PREFEITURA;2;02/01/2025;;;02/2026;;;3 - Temporário;TEMPO DETERMINADO;;;Contrato Temporario;;ENGENHEIRO(A) CIVIL
;Rescisão - Janeiro;RENÊ ALEXANDRO BRITO DE SÁ;ENGENHEIRO(A) CIVIL;;0,00;;PREFEITURA MUNICIPAL DE PADRE MARCOS-PI;SECRETARIA MUNICIPAL  DE ADMINISTRAÇÃO;SECRETARIA MUNICIPAL DE ADMINISTRAÇÃO;CONTRATO TEMPORÁRIO;056.XXX.XXX-42;532;40;PREDIO DA PREFEITURA;1;02/01/2024;01/01/2025;;01/2025;;;3 - Temporário;TEMPO DETERMINADO;;;Contrato Temporario;;ENGENHEIRO(A) CIVIL
;Folha Mensal - Janeiro;RIVALDO DE OLIVEIRA SANTOS;PROFESSOR SE 40H;3.382,45;4.085,24;7.467,69;SECRETARIA MUNICIPAL DE EDUCAÇÃO;SECRETARIA MUNICIPAL DE EDUCAÇÃO;SME- DEPTOR ENSINO FUNDEB 70% I;EFETIVO - PROFESSORES;025.XXX.XXX-20;155;40;U.E.M. JOSE DE MOURA LEAL;1;02/03/2015;;;;;;1 - Efetivo;CONCURSO PUBLICO ;;;Efetivo;;PROFESSOR SL 40H
;Rescisão - Janeiro;ROBERIO ROBERTO DA SILVA;DIRETOR DE DEPARTAMENTO;;0,00;;SECRETARIA MUNICIPAL DE EDUCAÇÃO;FUNDO DE MANUT. E DEC.DA EDUC.BASICA-FUNDEB;SME- DEPTOR ADM FUNDEB 30 % VI - COMISSIONADOS;COMISSIONADOS EDUCAÇÃO;065.XXX.XXX-07;476;40;SECRETARIA MUNICIPAL DE EDUCAÇÃO;3;01/02/2024;01/01/2025;;01/2025;;;2 - Comissão;LIVRE PROVIMENTO ;;;Função de Confiança;;DIRETOR DE DEPARTAMENTO
;Folha Mensal - Janeiro;ROBSON LUIS DE SOUSA;PROFESSOR SE 40H;2.184,59;5.859,41;8.044,00;SECRETARIA MUNICIPAL DE EDUCAÇÃO;SECRETARIA MUNICIPAL DE EDUCAÇÃO;SME- DEPTOR ENSINO FUNDEB 70% II;EFETIVO - PROFESSORES;643.XXX.XXX-53;204;40;UNIDADE ESCOLAR MUNICIPAL CÂNDIDA MACEDO;1;02/02/1998;;;;;;1 - Efetivo;CONCURSO PUBLICO ;;;;;PROFESSOR SE 40H
;Rescisão - Janeiro;ROGER MANOEL DA SILVA;ASSESSOR TÉCNICO (A) ADMINISTRATIVO;;0,00;;SECRETARIA MUNICIPAL DE EDUCAÇÃO;FUNDO DE MANUT. E DEC.DA EDUC.BASICA-FUNDEB;SME- DEPTOR ADM FUNDEB 30 % VI - COMISSIONADOS;COMISSIONADOS;078.XXX.XXX-52;533;40;SECRETARIA MUNICIPAL DE EDUCAÇÃO;1;01/02/2024;01/01/2025;;01/2025;;;2 - Comissão;TEMPO DETERMINADO;;;Função de Confiança;;ASSESSOR TÉCNICO (A) ADMINISTRATIVO
;Rescisão - Janeiro;ROMÂRIO SILVA;ASSESSOR TÉCNICO (A) ADMINISTRATIVO;;0,00;;SECRETARIA MUNICIPAL DE EDUCAÇÃO;FUNDO DE MANUT. E DEC.DA EDUC.BASICA-FUNDEB;SME- DEPTOR ADM FUNDEB 30 % VI - COMISSIONADOS;COMISSIONADOS EDUCAÇÃO;104.XXX.XXX-40;452;40;SECRETARIA MUNICIPAL DE EDUCAÇÃO;1;01/03/2022;01/01/2025;;01/2025;;;2 - Comissão;TEMPO DETERMINADO;;;Função de Confiança;;ASSESSOR TÉCNICO (A) ADMINISTRATIVO
;Folha Mensal - Janeiro;ROMÂRIO SILVA;ASSESSOR TÉCNICO (A) ADMINISTRATIVO;110,05;1.357,35;1.467,40;SECRETARIA MUNICIPAL DE EDUCAÇÃO;FUNDO DE MANUT. E DEC.DA EDUC.BASICA-FUNDEB;SME- DEPTOR ADM FUNDEB 30 % VI - COMISSIONADOS;COMISSIONADOS EDUCAÇÃO;104.XXX.XXX-40;452;40;SECRETARIA MUNICIPAL DE EDUCAÇÃO;2;02/01/2025;;;;;;2 - Comissão;TEMPO DETERMINADO;;;Função de Confiança;;ASSESSOR TÉCNICO (A) ADMINISTRATIVO
;Rescisão - Janeiro;RONIELLY DE CARVALHO COSTA;PROFESSOR SELETISTA;;0,00;;SECRETARIA MUNICIPAL DE EDUCAÇÃO;SECRETARIA MUNICIPAL DE EDUCAÇÃO;SME - DEPTOR. ENSINO FUNDEB 70% IV - CELETISTAS;CONTRATADOS  EDUCAÇÃO;050.XXX.XXX-14;497;40;;2;01/02/2024;01/01/2025;;01/2025;;;3 - Temporário;TEMPO DETERMINADO;;;Contrato Temporario;;PROFESSOR SELETISTA
;Rescisão - Janeiro;RONIMAURA SOCORRO DIAS SILVA;COORDENADOR(A) PEDAGÓGICO;;0,00;;SECRETARIA MUNICIPAL DE EDUCAÇÃO;SECRETARIA MUNICIPAL DE EDUCAÇÃO;SME- DEPTOR. ENSINO FUNDEB 70% V - COMISSIONADOS;COMISSIONADOS EDUCAÇÃO;050.XXX.XXX-70;297;40;U.E.M. JOSE DE MOURA LEAL;2;01/03/2019;01/01/2025;;01/2025;;;2 - Comissão;TEMPO DETERMINADO;;;Função de Confiança;;COORDENADOR(A) PEDAGÓGICO
;Folha Mensal - Janeiro;RONIMAURA SOCORRO DIAS SILVA;COORDENADOR(A) PEDAGÓGICO;177,32;2.046,01;2.223,33;SECRETARIA MUNICIPAL DE EDUCAÇÃO;SECRETARIA MUNICIPAL DE EDUCAÇÃO;SME- DEPTOR. ENSINO FUNDEB 70% V - COMISSIONADOS;COMISSIONADOS EDUCAÇÃO;050.XXX.XXX-70;297;40;U.E.M. JOSE DE MOURA LEAL;3;02/01/2025;;;;;;2 - Comissão;TEMPO DETERMINADO;;;Função de Confiança;;COORDENADOR(A) PEDAGÓGICO
;Rescisão - Janeiro;RONIVONN BIZERRA DA COSTA;ASSESSOR TÉCNICO (A) ADMINISTRATIVO;;0,00;;SECRETARIA MUNICIPAL DE ASSISTENCIA SOCIAL;SECRETARIA MUNICIPAL DE ASSISTENCIA SOCIAL;SASC-DEPTO. ASSISTENCIA SOCIAL I;COMISSIONADOS;440.XXX.XXX-91;384;40;;1;01/02/2021;01/01/2025;;01/2025;;;2 - Comissão;TEMPO DETERMINADO;;;Função de Confiança;;ASSESSOR TÉCNICO (A) ADMINISTRATIVO
;Folha Mensal - Janeiro;RONIVONN BIZERRA DA COSTA;ASSESSOR TÉCNICO (A) ADMINISTRATIVO;175,32;2.025,78;2.201,10;SECRETARIA MUNICIPAL DE ASSISTENCIA SOCIAL;SECRETARIA MUNICIPAL DE ASSISTENCIA SOCIAL;SASC-DEPTO. ASSISTENCIA SOCIAL I;COMISSIONADOS;440.XXX.XXX-91;384;40;;2;02/01/2025;;;;;;2 - Comissão;TEMPO DETERMINADO;;;Função de Confiança;;ASSESSOR TÉCNICO (A) ADMINISTRATIVO
;Rescisão - Janeiro;ROSIANA MARIA DA CONCEIÇÃO;AUX. DE SERVIÇOS GERAIS;;0,00;;SECRETARIA MUNICIPAL DE SAUDE;SECRETARIA MUNICIPAL DE SAUDE;SMS-DEPTO.SEC.SAUDE-CONTRATADOS - FUS;CONTRATO TEMPORÁRIO;037.XXX.XXX-07;393;40;;3;02/03/2023;01/01/2025;;01/2025;;;3 - Temporário;TEMPO DETERMINADO;;;Contrato Temporario;;AUX. DE SERVIÇOS GERAIS
;Folha Mensal - Janeiro;ROSIANA MARIA DA CONCEIÇÃO;AUX. DE SERVIÇOS GERAIS;110,05;1.357,35;1.467,40;SECRETARIA MUNICIPAL DE SAUDE;SECRETARIA MUNICIPAL DE SAUDE;SMS-DEPTO.SEC.SAUDE-CONTRATADOS - FUS;CONTRATO TEMPORÁRIO;037.XXX.XXX-07;393;40;;4;02/01/2025;;;08/2025;;;3 - Temporário;TEMPO DETERMINADO;;;Contrato Temporario;;AUX. DE SERVIÇOS GERAIS
;Rescisão - Janeiro;ROSILENE ROSARIO SILVA DIAS;COORDENADOR(A) PEDAGÓGICO;;0,00;;SECRETARIA MUNICIPAL DE EDUCAÇÃO;SECRETARIA MUNICIPAL DE EDUCAÇÃO;SME- DEPTOR. ENSINO FUNDEB 70% V - COMISSIONADOS;COMISSIONADOS;894.XXX.XXX-87;226;40;SECRETARIA MUNICIPAL DE EDUCAÇÃO;2;01/03/2023;01/01/2025;;01/2025;;;2 - Comissão;TEMPO DETERMINADO;;;;;COORDENADOR(A) PEDAGÓGICO
;Folha Mensal - Janeiro;ROSILENE ROSARIO SILVA DIAS;COORDENADOR(A) PEDAGÓGICO;177,32;2.046,01;2.223,33;SECRETARIA MUNICIPAL DE EDUCAÇÃO;SECRETARIA MUNICIPAL DE EDUCAÇÃO;SME- DEPTOR. ENSINO FUNDEB 70% V - COMISSIONADOS;COMISSIONADOS;894.XXX.XXX-87;226;40;SECRETARIA MUNICIPAL DE EDUCAÇÃO;3;02/01/2025;;;;;;2 - Comissão;TEMPO DETERMINADO;;;Função de Confiança;;COORDENADOR(A) PEDAGÓGICO
;Folha Mensal - Janeiro;ROZALICE ZITA DA CONCEIÇÃO;PROFESSOR SE 40H;4.232,58;4.091,32;8.323,90;SECRETARIA MUNICIPAL DE EDUCAÇÃO;SECRETARIA MUNICIPAL DE EDUCAÇÃO;SME- DEPTOR ENSINO FUNDEB 70% III;EFETIVO - PROFESSORES;788.XXX.XXX-34;205;40;U.E.M. JOSE DE MOURA LEAL;1;02/02/1998;;;;;;1 - Efetivo;CONCURSO PUBLICO ;;;Efetivo;;PROFESSOR SE 40H
;Folha Mensal - Janeiro;RUBENS BATISTA;MEDICO (A);2.863,25;7.591,20;10.454,45;SECRETARIA MUNICIPAL DE SAUDE;SECRETARIA MUNICIPAL DE SAUDE;SMS - DEPTOR .SEC. DE SAUDE - PAB;EFETIVOS;041.XXX.XXX-72;209;40;HOSPITAL MUNICIPAL DE PADRE MARCOS;1;01/04/2008;;;;;;1 - Efetivo;CONCURSO PUBLICO ;;;Efetivo;;MEDICO (A)
;Rescisão - Janeiro;RUBENS BATISTA;MEDICO (A) TEMPORARIO (A) PLANTÃO;;0,00;;SECRETARIA MUNICIPAL DE SAUDE;SECRETARIA MUNICIPAL DE SAUDE;SMS- DEPARTAMENTO DA SAÚDE- PLANTÃO - FUS;CONTRATO TEMPORÁRIO;041.XXX.XXX-72;209;40;HOSPITAL MUNICIPAL DE PADRE MARCOS;6;02/03/2023;01/01/2025;;01/2025;;;3 - Temporário;TEMPO DETERMINADO;;;Contrato Temporario;;MEDICO (A) TEMPORARIO (A) PLANTÃO
;Folha Mensal - Janeiro;RUBENS BATISTA;MEDICO (A) TEMPORARIO (A) PLANTÃO;1.860,03;3.446,97;5.307,00;SECRETARIA MUNICIPAL DE SAUDE;SECRETARIA MUNICIPAL DE SAUDE;SMS- DEPARTAMENTO DA SAÚDE- PLANTÃO - FUS;CONTRATO TEMPORÁRIO;041.XXX.XXX-72;209;40;HOSPITAL MUNICIPAL DE PADRE MARCOS;7;02/01/2025;;;;;;3 - Temporário;TEMPO DETERMINADO;;;Contrato Temporario;;MEDICO (A) TEMPORARIO (A) PLANTÃO
;Rescisão - Janeiro;RUTE IRACEMA DE OLIVEIRA;SECRETARIO(A) UNIDADE ESCOLAR MUNICIPAL;;0,00;;SECRETARIA MUNICIPAL DE EDUCAÇÃO;FUNDO DE MANUT. E DEC.DA EDUC.BASICA-FUNDEB;SME- DEPTOR ADM FUNDEB 30 % VI - COMISSIONADOS;COMISSIONADOS;080.XXX.XXX-44;543;40;SECRETARIA MUNICIPAL DE EDUCAÇÃO;1;01/03/2024;01/01/2025;;01/2025;;;2 - Comissão;LIVRE PROVIMENTO ;;;Função de Confiança;;SECRETARIO(A) UNIDADE ESCOLAR MUNICIPAL
;Rescisão - Janeiro;SABRINA DA SILVA ARAUJO LEAL;TECNICO DE ENFERMAGEM;;0,00;;SECRETARIA MUNICIPAL DE SAUDE;SECRETARIA MUNICIPAL DE SAUDE;SMS-DEPTO.SEC.SAUDE-CONTRATADOS - FUS;COMISSIONADOS;067.XXX.XXX-14;451;40;;3;02/09/2023;01/01/2025;;01/2025;;;3 - Temporário;TEMPO DETERMINADO;;;Contrato Temporario;;TECNICO DE ENFERMAGEM
;Folha Mensal - Janeiro;SABRINA DA SILVA ARAUJO LEAL;TECNICO DE ENFERMAGEM;110,05;1.357,35;1.467,40;SECRETARIA MUNICIPAL DE SAUDE;SECRETARIA MUNICIPAL DE SAUDE;SMS-DEPTO.SEC.SAUDE-CONTRATADOS - FUS;COMISSIONADOS;067.XXX.XXX-14;451;40;;4;02/01/2025;;;;;;3 - Temporário;TEMPO DETERMINADO;;;Contrato Temporario;;TECNICO DE ENFERMAGEM
;Folha Complementar c/ Encargos - Janeiro;SABRINA DA SILVA ARAUJO LEAL;TECNICO DE ENFERMAGEM;151,12;-151,12;;SECRETARIA MUNICIPAL DE SAUDE;SECRETARIA MUNICIPAL DE SAUDE;SMS-DEPTO.SEC.SAUDE-CONTRATADOS - FUS;COMISSIONADOS;067.XXX.XXX-14;451;40;;4;02/01/2025;;;;;;3 - Temporário;TEMPO DETERMINADO;;;Contrato Temporario;;TECNICO DE ENFERMAGEM
;Rescisão - Janeiro;SAMMYA SUELLEN GOMES MACEDO;MONITOR(A);;0,00;;SECRETARIA MUNICIPAL DE EDUCAÇÃO;FUNDO DE MANUT. E DEC.DA EDUC.BASICA-FUNDEB;SME-DEPTO.CONTRATO-ENSINO FUNDEB 30%;CONTRATADOS  EDUCAÇÃO;066.XXX.XXX-50;508;40;;2;01/02/2024;01/01/2025;;01/2025;;;3 - Temporário;TEMPO DETERMINADO;;;Contrato Temporario;;MONITOR(A)
;Folha Mensal - Janeiro;SANDRA HERCILIA DE MACEDO DIAS;AUX. DE SERV. GERAIS;250,47;1.419,33;1.669,80;SECRETARIA MUNICIPAL DE EDUCAÇÃO;FUNDO DE MANUT. E DEC.DA EDUC.BASICA-FUNDEB;SME- DEPTO. ADM -FUNDEB 30% II;EFETIVOS;880.XXX.XXX-63;89;40;U.E.M. JOSE DE MOURA LEAL;1;02/03/1998;;;008/2022;;;1 - Efetivo;CONCURSO PUBLICO ;;;Efetivo;;AUX. DE SERV. GERAIS
;Rescisão - Janeiro;SÁVIO RODRIGUES DA SILVA;DIRETOR DE DEPARTAMENTO;;0,00;;SECRETARIA MUNICIPAL DE EDUCAÇÃO;FUNDO DE MANUT. E DEC.DA EDUC.BASICA-FUNDEB;SME- DEPTOR ADM FUNDEB 30 % VI - COMISSIONADOS;COMISSIONADOS;076.XXX.XXX-58;567;40;SECRETARIA MUNICIPAL DE EDUCAÇÃO;1;01/04/2024;01/01/2025;;01/2025;;;2 - Comissão;LIVRE PROVIMENTO ;;;Função de Confiança;;DIRETOR DE DEPARTAMENTO
;Rescisão - Janeiro;SEBASTIANA MARIA DA SILVA;MONITOR(A);;0,00;;SECRETARIA MUNICIPAL DE EDUCAÇÃO;FUNDO DE MANUT. E DEC.DA EDUC.BASICA-FUNDEB;SME-DEPTO.CONTRATO-ENSINO FUNDEB 30%;CONTRATADOS  EDUCAÇÃO;051.XXX.XXX-13;254;40;;6;01/02/2024;01/01/2025;;01/2025;;;3 - Temporário;TEMPO DETERMINADO;;;Contrato Temporario;;MONITOR(A)
;Rescisão - Janeiro;SEBASTIÃO PEREIRA DA SILVA NETO;DIRETOR DE DEPARTAMENTO;;0,00;;PREFEITURA MUNICIPAL DE PADRE MARCOS-PI;SECRETARIA MUNICIPAL DE AGRICULTURA;SMA - SECRETARIA DE AGRICULTURA;COMISSIONADOS;042.XXX.XXX-86;236;40;;2;02/01/2018;01/01/2025;;01/2025;;;2 - Comissão;LIVRE PROVIMENTO ;;;Função de Confiança;;DIRETOR DE DEPARTAMENTO
;Folha Mensal - Janeiro;SEBASTIÃO PEREIRA DA SILVA NETO;DIRETOR DE DEPARTAMENTO;188,53;2.159,31;2.347,84;PREFEITURA MUNICIPAL DE PADRE MARCOS-PI;SECRETARIA MUNICIPAL DE AGRICULTURA;SMA - SECRETARIA DE AGRICULTURA;COMISSIONADOS;042.XXX.XXX-86;236;40;;3;02/01/2025;;;;;;2 - Comissão;LIVRE PROVIMENTO ;;;Função de Confiança;;DIRETOR ADMINISTRATIVO
;Rescisão - Janeiro;SHAIDY FRANC CARVALHO BESERRA;ASSESSOR TÉCNICO (A) ADMINISTRATIVO;;0,00;;SECRETARIA MUNICIPAL DE EDUCAÇÃO;FUNDO DE MANUT. E DEC.DA EDUC.BASICA-FUNDEB;SME- DEPTOR ADM FUNDEB 30 % VI - COMISSIONADOS;COMISSIONADOS EDUCAÇÃO;079.XXX.XXX-70;364;40;;1;02/03/2020;01/01/2025;;01/2025;;;2 - Comissão;TEMPO DETERMINADO;;;;;ASSESSOR TÉCNICO (A) ADMINISTRATIVO
;Folha Mensal - Janeiro;SHAIDY FRANC CARVALHO BESERRA;ASSESSOR TÉCNICO (A) ADMINISTRATIVO;110,05;1.357,35;1.467,40;SECRETARIA MUNICIPAL DE EDUCAÇÃO;FUNDO DE MANUT. E DEC.DA EDUC.BASICA-FUNDEB;SME- DEPTOR ADM FUNDEB 30 % VI - COMISSIONADOS;COMISSIONADOS EDUCAÇÃO;079.XXX.XXX-70;364;40;;2;02/01/2025;;;;;;2 - Comissão;TEMPO DETERMINADO;;;Função de Confiança;;ASSESSOR TÉCNICO (A) ADMINISTRATIVO
;Folha Mensal - Janeiro;SIBELLY DE MOURA SOUSA;AUX. DE SERV. GERAIS;261,86;1.545,88;1.807,74;SECRETARIA MUNICIPAL DE EDUCAÇÃO;FUNDO DE MANUT. E DEC.DA EDUC.BASICA-FUNDEB;SME- DEPTO. ADM -FUNDEB 30% II;EFETIVOS;009.XXX.XXX-46;99;40;CRECHE PRÉ-ESCOLAR MARGARIDA DE JESUS ALENCAR ( TIA GUIDA);1;02/03/2015;;;;;;1 - Efetivo;CONCURSO PUBLICO ;;;Efetivo;;AUX. DE SERV. GERAIS
;Rescisão - Janeiro;SOCORRO MOURA MACEDO;DIRETOR(A) DE ESCOLA;;0,00;;SECRETARIA MUNICIPAL DE EDUCAÇÃO;SECRETARIA MUNICIPAL DE EDUCAÇÃO;SME- DEPTOR. ENSINO FUNDEB 70% V - COMISSIONADOS;COMISSIONADOS EDUCAÇÃO;041.XXX.XXX-16;269;40;UNIDADE ESCOLAR JOSE JUBELINO DE MACEDO;3;01/03/2019;01/01/2025;;01/2025;;;2 - Comissão;LIVRE PROVIMENTO ;;;Função de Confiança;;DIRETOR(A) DE ESCOLA
;Folha Mensal - Janeiro;SOCORRO MOURA MACEDO;DIRETOR(A) DE ESCOLA;179,93;2.072,40;2.252,33;SECRETARIA MUNICIPAL DE EDUCAÇÃO;SECRETARIA MUNICIPAL DE EDUCAÇÃO;SME- DEPTOR. ENSINO FUNDEB 70% V - COMISSIONADOS;COMISSIONADOS EDUCAÇÃO;041.XXX.XXX-16;269;40;UNIDADE ESCOLAR JOSE JUBELINO DE MACEDO;4;02/01/2025;;;02/2025;;;2 - Comissão;LIVRE PROVIMENTO ;;;Função de Confiança;;DIRETOR(A) DE ESCOLA
;Rescisão - Janeiro;SOENIO JOSE RIBEIRO;SECRETARIO DE ESPORTE;;0,00;;PREFEITURA MUNICIPAL DE PADRE MARCOS-PI;SECRETARIA MUNICIPAL  DE ADMINISTRAÇÃO;ADM.SEC.MUNICIPAL DE JUVENTUDE ESPORTE E LAZER;COMISSIONADOS;440.XXX.XXX-91;281;40;;2;01/02/2018;01/01/2025;02/2018;01/2025;;;2 - Comissão;LIVRE PROVIMENTO ;;;Função de Confiança;;SECRETARIO DE ESPORTE
;Folha Mensal - Janeiro;SOENIO JOSE RIBEIRO;COORDENADOR DE SERVIÇOS;110,05;1.357,35;1.467,40;PREFEITURA MUNICIPAL DE PADRE MARCOS-PI;SECRETARIA MUNICIPAL  DE ADMINISTRAÇÃO;ADM.SEC.MUNICIPAL DE JUVENTUDE ESPORTE E LAZER;COMISSIONADOS;440.XXX.XXX-91;281;40;;3;02/01/2025;;02/2018;;;;2 - Comissão;TEMPO DETERMINADO;;;Função de Confiança;;COORDENADOR DE SERVIÇOS
;Rescisão - Janeiro;SÔNIA MARIA LEAL RIBEIRO;ASSESSOR TÉCNICO (A) ADMINISTRATIVO;;0,00;;SECRETARIA MUNICIPAL DE EDUCAÇÃO;FUNDO DE MANUT. E DEC.DA EDUC.BASICA-FUNDEB;SME- DEPTOR ADM FUNDEB 30 % VI - COMISSIONADOS;COMISSIONADOS;827.XXX.XXX-30;206;40;SECRETARIA MUNICIPAL DE EDUCAÇÃO;2;01/07/2024;01/01/2025;;01/2025;;;2 - Comissão;TEMPO DETERMINADO;;;Função de Confiança;;ASSESSOR TÉCNICO (A) ADMINISTRATIVO
;Folha Mensal - Janeiro;SORAYA SOLANGE RIBEIRO;TECNICO DE ENFERMAGEM;135,70;1.625,18;1.760,88;SECRETARIA MUNICIPAL DE SAUDE;SECRETARIA MUNICIPAL DE SAUDE;SMS-DEPTO.SEC.SAUDE-CONTRATADOS - FUS;CONTRATO TEMPORÁRIO;048.XXX.XXX-48;376;40;;4;02/01/2025;;;;;;3 - Temporário;TEMPO DETERMINADO;;;Contrato Temporario;;TECNICO DE ENFERMAGEM
;Folha Complementar c/ Encargos - Janeiro;SORAYA SOLANGE RIBEIRO;TECNICO DE ENFERMAGEM;182,56;-182,56;;SECRETARIA MUNICIPAL DE SAUDE;SECRETARIA MUNICIPAL DE SAUDE;SMS-DEPTO.SEC.SAUDE-CONTRATADOS - FUS;CONTRATO TEMPORÁRIO;048.XXX.XXX-48;376;40;;4;02/01/2025;;;;;;3 - Temporário;TEMPO DETERMINADO;;;Contrato Temporario;;TECNICO DE ENFERMAGEM
;Rescisão - Janeiro;SORAYA SOLANGE RIBEIRO MARQUES;TECNICO DE ENFERMAGEM;;0,00;;SECRETARIA MUNICIPAL DE SAUDE;SECRETARIA MUNICIPAL DE SAUDE;SMS-DEPTO.SEC.SAUDE-CONTRATADOS - FUS;CONTRATO TEMPORÁRIO;048.XXX.XXX-48;376;40;;3;01/03/2023;01/01/2025;;01/2025;;;3 - Temporário;TEMPO DETERMINADO;;;Contrato Temporario;;TECNICO DE ENFERMAGEM
;Rescisão - Janeiro;SUELI SOCORRO DIAS DA SILVA;AUXILIAR DE SAÚDE BUCAL;;0,00;;SECRETARIA MUNICIPAL DE SAUDE;SECRETARIA MUNICIPAL DE SAUDE;SEC. MUN. SAÚDE- DEPTO. DE SAUDE II-CONTRATADOS - PAB;CONTRATO TEMPORÁRIO;065.XXX.XXX-50;510;40;;1;01/03/2023;01/01/2025;;01/2025;;;3 - Temporário;TEMPO DETERMINADO;;;Contrato Temporario;;AUXILIAR DE SAÚDE BUCAL
;Folha Mensal - Janeiro;SUELI SOCORRO DIAS DA SILVA;AUXILIAR DE SAÚDE BUCAL;110,05;1.657,35;1.767,40;SECRETARIA MUNICIPAL DE SAUDE;SECRETARIA MUNICIPAL DE SAUDE;SEC. MUN. SAÚDE- DEPTO. DE SAUDE II-CONTRATADOS - PAB;CONTRATO TEMPORÁRIO;065.XXX.XXX-50;510;40;;2;02/01/2025;;;;;;3 - Temporário;TEMPO DETERMINADO;;;Contrato Temporario;;AUXILIAR DE SAÚDE BUCAL
;Folha Mensal - Janeiro;SUELY SILVA;AG. COMUNITARIO DE SAÚDE;667,79;3.730,81;4.398,60;SECRETARIA MUNICIPAL DE SAUDE;SECRETARIA MUNICIPAL DE SAUDE;SMS - SEC.DE SAUDE - ACS I - PAB;EFETIVOS;000.XXX.XXX-54;54;40;;1;18/03/2003;;;;;;1 - Efetivo;CONCURSO PUBLICO ;;;Efetivo;;AG. COMUNITARIO DE SAÚDE
;Rescisão - Janeiro;TAISE NOGUEIRA ROLIM;DIRETOR DE DEPARTAMENTO;;0,00;;SECRETARIA MUNICIPAL DE SAUDE;SECRETARIA MUNICIPAL DE SAUDE;SMS-DEPTO.SEC.SAUDE-CONTRATADOS - FUS;COMISSIONADOS;097.XXX.XXX-67;522;40;;1;01/09/2023;01/01/2025;;01/2025;;;2 - Comissão;LIVRE PROVIMENTO ;;;;;DIRETOR DE DEPARTAMENTO
;Folha Mensal - Janeiro;TAISE NOGUEIRA ROLIM;DIRETOR DE DEPARTAMENTO;124,61;1.513,01;1.637,62;SECRETARIA MUNICIPAL DE SAUDE;SECRETARIA MUNICIPAL DE SAUDE;SMS-DEPTO.SEC.SAUDE-CONTRATADOS - FUS;COMISSIONADOS;097.XXX.XXX-67;522;40;;2;02/01/2025;;;;;;2 - Comissão;LIVRE PROVIMENTO ;;;Função de Confiança;;DIRETOR DE DEPARTAMENTO
;Rescisão - Janeiro;TALITA LUANA PEREIRA DA SILVA;TECNICO DE ENFERMAGEM;;0,00;;SECRETARIA MUNICIPAL DE SAUDE;SECRETARIA MUNICIPAL DE SAUDE;SMS-DEPTO.SEC.SAUDE-CONTRATADOS - FUS;CONTRATO TEMPORÁRIO;612.XXX.XXX-86;315;40;;4;02/03/2023;01/01/2025;;01/2025;;;3 - Temporário;TEMPO DETERMINADO;;;Contrato Temporario;;TECNICO DE ENFERMAGEM
;Folha Mensal - Janeiro;TALITA LUANA PEREIRA DA SILVA;TECNICO DE ENFERMAGEM;134,82;1.616,28;1.751,10;SECRETARIA MUNICIPAL DE SAUDE;SECRETARIA MUNICIPAL DE SAUDE;SMS-DEPTO.SEC.SAUDE-CONTRATADOS - FUS;CONTRATO TEMPORÁRIO;612.XXX.XXX-86;315;40;;5;02/01/2025;;;;;;3 - Temporário;TEMPO DETERMINADO;;;Contrato Temporario;;TECNICO DE ENFERMAGEM
;Folha Complementar c/ Encargos - Janeiro;TALITA LUANA PEREIRA DA SILVA;TECNICO DE ENFERMAGEM;181,67;-181,67;;SECRETARIA MUNICIPAL DE SAUDE;SECRETARIA MUNICIPAL DE SAUDE;SMS-DEPTO.SEC.SAUDE-CONTRATADOS - FUS;CONTRATO TEMPORÁRIO;612.XXX.XXX-86;315;40;;5;02/01/2025;;;;;;3 - Temporário;TEMPO DETERMINADO;;;Contrato Temporario;;TECNICO DE ENFERMAGEM
;Rescisão - Janeiro;TAMIRES EURIDES DA CONCEIÇAO SILVA;DIRETOR(A) DE ESCOLA;;0,00;;SECRETARIA MUNICIPAL DE EDUCAÇÃO;FUNDO DE MANUT. E DEC.DA EDUC.BASICA-FUNDEB;SME- DEPTOR ADM FUNDEB 30 % VI - COMISSIONADOS;COMISSIONADOS EDUCAÇÃO;433.XXX.XXX-93;555;40;SECRETARIA MUNICIPAL DE EDUCAÇÃO;1;01/03/2024;01/01/2025;;01/2025;;;2 - Comissão;LIVRE PROVIMENTO ;;;Função de Confiança;;DIRETOR(A) DE ESCOLA
;Rescisão - Janeiro;TATHIANA FRANCISCA DE MACEDO LEITE;AUX. DE SERVIÇOS GERAIS;;0,00;;SECRETARIA MUNICIPAL DE EDUCAÇÃO;FUNDO DE MANUT. E DEC.DA EDUC.BASICA-FUNDEB;SME-DEPTO.CONTRATO-ENSINO FUNDEB 30%;CONTRATO TEMPORÁRIO;062.XXX.XXX-24;410;40;;3;02/03/2023;01/01/2025;01/2023;01/2025;;;3 - Temporário;TEMPO DETERMINADO;;;Contrato Temporario;;AUX. DE SERVIÇOS GERAIS
;Folha Mensal - Janeiro;TERESA MARIA DE SOUSA MACEDO;AG. COMUNITARIO DE SAÚDE;540,64;3.554,36;4.095,00;SECRETARIA MUNICIPAL DE SAUDE;SECRETARIA MUNICIPAL DE SAUDE;SMS - SEC.DE SAUDE - ACS I - PAB;EFETIVOS;011.XXX.XXX-99;55;40;;1;01/04/2008;;;;;;1 - Efetivo;CONCURSO PUBLICO ;;;Efetivo;;AG. COMUNITARIO DE SAÚDE
;Rescisão - Janeiro;THALES MANOEL DA SILVA;ASSESSOR TÉCNICO (A) ADMINISTRATIVO;;0,00;;SECRETARIA MUNICIPAL DE EDUCAÇÃO;FUNDO DE MANUT. E DEC.DA EDUC.BASICA-FUNDEB;SME- DEPTOR ADM FUNDEB 30 % VI - COMISSIONADOS;COMISSIONADOS;025.XXX.XXX-42;561;40;SECRETARIA MUNICIPAL DE EDUCAÇÃO;1;01/04/2024;01/01/2025;;01/2025;;;2 - Comissão;TEMPO DETERMINADO;;;Função de Confiança;;ASSESSOR TÉCNICO (A) ADMINISTRATIVO
;Rescisão - Janeiro;THATIANA ARAUJO SOUSA LEAL;ASSESSOR ESPECIAL;;0,00;;PREFEITURA MUNICIPAL DE PADRE MARCOS-PI;SECRETARIA MUNICIPAL  DE ADMINISTRAÇÃO;SEAD -  DEPTO. ADMINISTRAÇÃO V- COMISSIONADOS;COMISSIONADOS;868.XXX.XXX-34;278;40;;1;01/03/2017;01/01/2025;;01/2025;;;2 - Comissão;LIVRE PROVIMENTO ;;;Função de Confiança;;ASSESSOR TÉCNICO (A) ADMINISTRATIVO
;Folha Mensal - Janeiro;THATIANA ARAUJO SOUSA LEAL;ASSESSOR ESPECIAL;124,61;1.513,01;1.637,62;PREFEITURA MUNICIPAL DE PADRE MARCOS-PI;SECRETARIA MUNICIPAL  DE ADMINISTRAÇÃO;SECRETARIA DE EMPREENDEDORISMO;COMISSIONADOS;868.XXX.XXX-34;278;40;;2;02/01/2025;;;;;;2 - Comissão;LIVRE PROVIMENTO ;;;Função de Confiança;;ASSESSOR ESPECIAL
;Rescisão - Janeiro;THAYNA MÁROLLE DA CONCEIÇÃO SILVA;COORDENADORA DE FOMENTO DO TURISMO;;0,00;;PREFEITURA MUNICIPAL DE PADRE MARCOS-PI;SECRETARIA MUNICIPAL DE MEIO AMBIENTE;SEMA -  SECRETARIA DO MEIO AMBIENTE;COMISSIONADOS;037.XXX.XXX-28;235;40;;4;03/05/2021;01/01/2025;;01/2025;;;3 - Temporário;ELEICAO/INDICACAO;114/2021;;Função de Confiança;;COORDENADORA DE FOMENTO DO TURISMO
;Folha Mensal - Janeiro;THAYNA MÁROLLE DA CONCEIÇÃO SILVA;AUX. DE OUVIDORIA MUNICIPAL;203,77;2.313,43;2.517,20;PREFEITURA MUNICIPAL DE PADRE MARCOS-PI;GABINETE DO PREFEITO;GABINETE DO PREFEITO;COMISSIONADOS;037.XXX.XXX-28;235;40;PREDIO DA PREFEITURA;5;02/01/2025;;;;;;2 - Comissão;LIVRE PROVIMENTO ;;;Função de Confiança;;AUX. DE OUVIDORIA MUNICIPAL
;Rescisão - Janeiro;THERLLY KELLY DA CONCEIÇÃO MACEDO;ASSESSOR TÉCNICO (A) ADMINISTRATIVO;;0,00;;SECRETARIA MUNICIPAL DE EDUCAÇÃO;FUNDO DE MANUT. E DEC.DA EDUC.BASICA-FUNDEB;SME- DEPTOR ADM FUNDEB 30 % VI - COMISSIONADOS;COMISSIONADOS EDUCAÇÃO;625.XXX.XXX-10;461;40;;2;01/02/2024;01/01/2025;;01/2025;;;2 - Comissão;TEMPO DETERMINADO;;;Função de Confiança;;ASSESSOR TÉCNICO (A) ADMINISTRATIVO
;Folha Mensal - Janeiro;THUANNY MIKAELLA CONCEIÇÃO SILVA;PSICOLOGO;1.571,88;4.982,93;6.554,81;SECRETARIA MUNICIPAL DE SAUDE;SECRETARIA MUNICIPAL DE SAUDE;SMS-DEPTOR.SEC. DE SAUDE II - FUS;EFETIVOS;037.XXX.XXX-40;41;40;PREDIO DA PREFEITURA;1;02/02/2015;;;;;;1 - Efetivo;CONCURSO PUBLICO ;;;;;PSICOLOGO
;Rescisão - Janeiro;TIAGO RAFAEL DE SOUSA;INSPETOR ESCOLAR;;0,00;;SECRETARIA MUNICIPAL DE EDUCAÇÃO;FUNDO DE MANUT. E DEC.DA EDUC.BASICA-FUNDEB;SME- DEPTOR ADM FUNDEB 30 % VI - COMISSIONADOS;COMISSIONADOS;070.XXX.XXX-64;566;40;SECRETARIA MUNICIPAL DE EDUCAÇÃO;1;01/04/2024;01/01/2025;;01/2025;;;2 - Comissão;TEMPO DETERMINADO;;;Função de Confiança;;INSPETOR ESCOLAR
;Rescisão - Janeiro;VALDINETE DE ARAÚJO SILVA;PROFESSORA DE EJA - CELETISTA;;0,00;;SECRETARIA MUNICIPAL DE EDUCAÇÃO;SECRETARIA MUNICIPAL DE EDUCAÇÃO;SME- DEPTO  ENSINO INFANTIL FUNDEB 70% - SELETISTAS;CONTRATADOS  EDUCAÇÃO;953.XXX.XXX-49;405;40;;3;01/02/2024;01/01/2025;;01/2025;;;3 - Temporário;TEMPO DETERMINADO;;;Contrato Temporario;;PROFESSOR SL 40H - CELETISTA
;Rescisão - Janeiro;VALQUIRIA DA CONCEIÇÃO SILVA;PROFESSOR SL 40H - CELETISTA;;0,00;;SECRETARIA MUNICIPAL DE EDUCAÇÃO;SECRETARIA MUNICIPAL DE EDUCAÇÃO;SME - DEPTOR. ENSINO FUNDEB 70% IV - CELETISTAS;CONTRATADOS  EDUCAÇÃO;891.XXX.XXX-15;329;40;;4;01/02/2024;01/01/2025;;01/2025;;;3 - Temporário;TEMPO DETERMINADO;;;Contrato Temporario;;PROFESSOR SL 40H - CELETISTA
;Rescisão - Janeiro;VANESSA DE MACEDO MARQUES;DIRETOR DE DEPARTAMENTO;;0,00;;SECRETARIA MUNICIPAL DE ASSISTENCIA SOCIAL;FUNDO MUNICIPAL DE ASSISTENCIA SOCIAL-FMAS;CENTRO DE REFERENCIA. ASSISTENCIA SOCIAL-CRAS-PSB;CONTRATO TEMPORÁRIO;038.XXX.XXX-94;296;40;;4;01/01/2023;01/01/2025;;01/2025;;;2 - Comissão;LIVRE PROVIMENTO ;;;Contrato Temporario;;DIRETOR DE DEPARTAMENTO
;Folha Mensal - Janeiro;VANESSA DE MACEDO MARQUES;DIRETOR DE DEPARTAMENTO;133,06;1.598,47;1.731,53;SECRETARIA MUNICIPAL DE ASSISTENCIA SOCIAL;FUNDO MUNICIPAL DE ASSISTENCIA SOCIAL-FMAS;CENTRO DE REFERENCIA. ASSISTENCIA SOCIAL-CRAS-PSB;CONTRATO TEMPORÁRIO;038.XXX.XXX-94;296;40;;5;02/01/2025;;;;;;2 - Comissão;LIVRE PROVIMENTO ;;;Contrato Temporario;;ASSESSOR TÉCNICO
;Rescisão - Janeiro;VANESSA KELLY MACEDO;PROFESSOR SL 40H - CELETISTA;;0,00;;SECRETARIA MUNICIPAL DE EDUCAÇÃO;SECRETARIA MUNICIPAL DE EDUCAÇÃO;SME - DEPTOR. ENSINO FUNDEB 70% IV - CELETISTAS;CONTRATADOS  EDUCAÇÃO;062.XXX.XXX-84;328;40;;4;01/02/2024;01/01/2025;;01/2025;;;3 - Temporário;TEMPO DETERMINADO;;;Contrato Temporario;;PROFESSOR SL 40H - CELETISTA
;Folha Mensal - Janeiro;VANESSA THYARA DOS ANJOS BEZERRA;PROFESSOR SE 20H;594,89;3.007,26;3.602,15;SECRETARIA MUNICIPAL DE EDUCAÇÃO;SECRETARIA MUNICIPAL DE EDUCAÇÃO;SME- DEPTOR ENSINO FUNDEB 70% I;EFETIVO - PROFESSORES;015.XXX.XXX-80;156;40;UNIDADE ESCOLAR MUNICIPAL CÂNDIDA MACEDO;1;02/03/2015;;;;;;1 - Efetivo;CONCURSO PUBLICO ;;;Efetivo;;PROFESSOR SE 20H
;Folha Mensal - Janeiro;VIRLANDIA MARIA DE SOUSA;AG. COMUNITARIO DE SAÚDE;711,81;3.838,59;4.550,40;SECRETARIA MUNICIPAL DE SAUDE;SECRETARIA MUNICIPAL DE SAUDE;SMS - SEC.DE SAUDE - ACS I - PAB;EFETIVOS;217.XXX.XXX-87;57;40;;1;18/03/2003;;;;;;1 - Efetivo;CONCURSO PUBLICO ;;;Efetivo;;AG. COMUNITARIO DE SAÚDE
;Rescisão - Janeiro;VITOR JEAN DE MACEDO DIAS;DIRETOR DE DEPARTAMENTO;;0,00;;SECRETARIA MUNICIPAL DE EDUCAÇÃO;FUNDO DE MANUT. E DEC.DA EDUC.BASICA-FUNDEB;SME- DEPTOR ADM FUNDEB 30 % VI - COMISSIONADOS;COMISSIONADOS;081.XXX.XXX-01;563;40;SECRETARIA MUNICIPAL DE EDUCAÇÃO;1;01/04/2024;01/01/2025;;01/2025;;;2 - Comissão;LIVRE PROVIMENTO ;;;Função de Confiança;;DIRETOR DE DEPARTAMENTO
;Folha Mensal - Janeiro;VITOR JEAN DE MACEDO DIAS;ASSESSOR TÉCNICO (A) ADMINISTRATIVO;110,05;1.357,35;1.467,40;SECRETARIA MUNICIPAL DE EDUCAÇÃO;FUNDO DE MANUT. E DEC.DA EDUC.BASICA-FUNDEB;SME- DEPTOR ADM FUNDEB 30 % VI - COMISSIONADOS;COMISSIONADOS;081.XXX.XXX-01;563;40;SECRETARIA MUNICIPAL DE EDUCAÇÃO;2;02/01/2025;;;12/2025;;;2 - Comissão;TEMPO DETERMINADO;;;Função de Confiança;;ASSESSOR TÉCNICO (A) ADMINISTRATIVO
;Rescisão - Janeiro;VITORIA DA SILVA CARVALHO;ORIENTADORA(O) EDUCACIONAL;;0,00;;SECRETARIA MUNICIPAL DE EDUCAÇÃO;FUNDO DE MANUT. E DEC.DA EDUC.BASICA-FUNDEB;SME- DEPTOR ADM FUNDEB 30 % VI - COMISSIONADOS;COMISSIONADOS EDUCAÇÃO;080.XXX.XXX-03;502;40;;1;01/03/2023;01/01/2025;;01/2025;;;2 - Comissão;TEMPO DETERMINADO;;;;;ORIENTADORA(O) EDUCACIONAL
;Rescisão - Janeiro;VITÓRIA DE CARVALHO SILVA;AUXILIAR DE SAÚDE BUCAL;;0,00;;SECRETARIA MUNICIPAL DE SAUDE;SECRETARIA MUNICIPAL DE SAUDE;SEC. MUN. SAÚDE- DEPTO. DE SAUDE II-CONTRATADOS - PAB;CONTRATO TEMPORÁRIO;080.XXX.XXX-67;441;40;;3;02/03/2023;01/01/2025;;01/2025;;;3 - Temporário;TEMPO DETERMINADO;;;Contrato Temporario;;AUXILIAR DE SAÚDE BUCAL
;Folha Mensal - Janeiro;VITÓRIA DE CARVALHO SILVA;AUXILIAR DE SAÚDE BUCAL;110,05;1.657,35;1.767,40;SECRETARIA MUNICIPAL DE SAUDE;SECRETARIA MUNICIPAL DE SAUDE;SEC. MUN. SAÚDE- DEPTO. DE SAUDE II-CONTRATADOS - PAB;CONTRATO TEMPORÁRIO;080.XXX.XXX-67;441;40;;4;02/01/2025;;;241/2025;;;3 - Temporário;TEMPO DETERMINADO;;;Contrato Temporario;;AUXILIAR DE SAÚDE BUCAL
;Folha Mensal - Janeiro;WANESSA DA SILVA LIMA SÁ;DIRETOR DE DEPARTAMENTO;142,31;1.691,94;1.834,25;SECRETARIA MUNICIPAL DE SAUDE;SECRETARIA MUNICIPAL DE SAUDE;SMS-DEPTO.SEC.SAUDE-CONTRATADOS - FUS;COMISSIONADOS;035.XXX.XXX-20;601;40;SECRETARIA MUNICIPAL DE SAÚDE;1;02/01/2025;;;;;;2 - Comissão;LIVRE PROVIMENTO ;;;Função de Confiança;;DIRETOR DE DEPARTAMENTO
;Rescisão - Janeiro;WESLEY FRANCISCO DE CARVALHO;ENFERMEIRO (A)  CONTRATADO (A);;0,00;;SECRETARIA MUNICIPAL DE SAUDE;SECRETARIA MUNICIPAL DE SAUDE;SEC. MUN. SAÚDE- DEPTO. DE SAUDE II-CONTRATADOS - PAB;CONTRATO TEMPORÁRIO;612.XXX.XXX-50;462;40;;2;02/09/2023;01/01/2025;;01/2025;;;3 - Temporário;TEMPO DETERMINADO;08/2020;;Contrato Temporario;;ENFERMEIRO (A)  CONTRATADO (A)
;Folha Mensal - Janeiro;WESLEY FRANCISCO DE CARVALHO;ENFERMEIRO (A)  CONTRATADO (A);188,53;3.159,31;3.347,84;SECRETARIA MUNICIPAL DE SAUDE;SECRETARIA MUNICIPAL DE SAUDE;SEC. MUN. SAÚDE- DEPTO. DE SAUDE II-CONTRATADOS - PAB;CONTRATO TEMPORÁRIO;612.XXX.XXX-50;462;40;;3;02/01/2025;;;12/2025;;;3 - Temporário;TEMPO DETERMINADO;08/2020;;Contrato Temporario;;ENFERMEIRO (A)  CONTRATADO (A)
;Folha Complementar c/ Encargos - Janeiro;WESLEY FRANCISCO DE CARVALHO;ENFERMEIRO (A)  CONTRATADO (A);710,22;-710,22;;SECRETARIA MUNICIPAL DE SAUDE;SECRETARIA MUNICIPAL DE SAUDE;SEC. MUN. SAÚDE- DEPTO. DE SAUDE II-CONTRATADOS - PAB;CONTRATO TEMPORÁRIO;612.XXX.XXX-50;462;40;;3;02/01/2025;;;12/2025;;;3 - Temporário;TEMPO DETERMINADO;08/2020;;Contrato Temporario;;ENFERMEIRO (A)  CONTRATADO (A)
;Rescisão - Janeiro;WESLEY SOUSA MARQUES;ORIENTADORA(O) EDUCACIONAL;;0,00;;SECRETARIA MUNICIPAL DE EDUCAÇÃO;FUNDO DE MANUT. E DEC.DA EDUC.BASICA-FUNDEB;SME- DEPTOR ADM FUNDEB 30 % VI - COMISSIONADOS;COMISSIONADOS EDUCAÇÃO;053.XXX.XXX-99;435;40;;3;01/02/2024;01/01/2025;;01/2025;;;2 - Comissão;TEMPO DETERMINADO;;;Função de Confiança;;ORIENTADORA(O) EDUCACIONAL
;Rescisão - Janeiro;WILDEMAR MOURA MACEDO;ASSESSOR TÉCNICO (A) ADMINISTRATIVO;;0,00;;SECRETARIA MUNICIPAL DE EDUCAÇÃO;FUNDO DE MANUT. E DEC.DA EDUC.BASICA-FUNDEB;SME- DEPTOR ADM FUNDEB 30 % VI - COMISSIONADOS;COMISSIONADOS EDUCAÇÃO;056.XXX.XXX-32;464;40;;1;01/05/2022;01/01/2025;;01/2025;;;2 - Comissão;TEMPO DETERMINADO;;;Função de Confiança;;ASSESSOR TÉCNICO (A) ADMINISTRATIVO
;Folha Mensal - Janeiro;WILDEMAR MOURA MACEDO;ASSESSOR TÉCNICO (A) ADMINISTRATIVO;110,05;1.357,35;1.467,40;SECRETARIA MUNICIPAL DE EDUCAÇÃO;FUNDO DE MANUT. E DEC.DA EDUC.BASICA-FUNDEB;SME- DEPTOR ADM FUNDEB 30 % VI - COMISSIONADOS;COMISSIONADOS EDUCAÇÃO;056.XXX.XXX-32;464;40;;2;02/01/2025;;;;;;2 - Comissão;TEMPO DETERMINADO;;;Função de Confiança;;ASSESSOR TÉCNICO (A) ADMINISTRATIVO
;Folha Mensal - Janeiro;WILIANE KELLY DA SILVA;PREFEITO;3.506,42;9.993,58;13.500,00;PREFEITURA MUNICIPAL DE PADRE MARCOS-PI;GABINETE DO PREFEITO;GABINETE DO PREFEITO;ELETIVOS;367.XXX.XXX-35;303;40;PREDIO DA PREFEITURA;4;01/01/2025;;;;;;9 - Outros;ELEICAO/INDICACAO;;;Contrato Temporario;;PREFEITO
;Folha Mensal - Janeiro;WILLIAMS MACEDO;PROFESSOR SE 40H;1.860,05;5.344,26;7.204,31;SECRETARIA MUNICIPAL DE EDUCAÇÃO;SECRETARIA MUNICIPAL DE EDUCAÇÃO;SME- DEPTOR ENSINO FUNDEB 70% I;EFETIVO - PROFESSORES;504.XXX.XXX-68;157;40;UNIDADE ESCOLAR MUNICIPAL DAVI SEVERIANO DE CARVALHO;1;02/03/2015;;;;;;1 - Efetivo;CONCURSO PUBLICO ;;;Efetivo;;PROFESSOR SL 40H
;Adiantamento 13º Salário - Janeiro;WILLIAMS MACEDO;PROFESSOR SE 40H;;3.383,10;3.383,10;SECRETARIA MUNICIPAL DE EDUCAÇÃO;SECRETARIA MUNICIPAL DE EDUCAÇÃO;SME- DEPTOR ENSINO FUNDEB 70% I;EFETIVO - PROFESSORES;504.XXX.XXX-68;157;40;UNIDADE ESCOLAR MUNICIPAL DAVI SEVERIANO DE CARVALHO;1;02/03/2015;;;;;;1 - Efetivo;CONCURSO PUBLICO ;;;Efetivo;;PROFESSOR SL 40H
;Folha Mensal - Janeiro;WOLNEY BARROS LEAL;PROFESSOR SE 40H;1.605,66;5.038,85;6.644,51;SECRETARIA MUNICIPAL DE EDUCAÇÃO;SECRETARIA MUNICIPAL DE EDUCAÇÃO;SME-DEPTOR. ENSINO FUNDEB 70%  VI EJA;EFETIVO - PROFESSORES;899.XXX.XXX-72;158;40;UNIDADE ESCOLAR MUNICIPAL CÂNDIDA MACEDO;1;02/03/2015;;;;;;1 - Efetivo;CONCURSO PUBLICO ;;;Efetivo;;PROFESSOR SL 40H
;Rescisão - Janeiro;YAGO JANDER MACEDO SOUSA;ASSESSOR TÉCNICO (A) ADMINISTRATIVO;;0,00;;SECRETARIA MUNICIPAL DE EDUCAÇÃO;FUNDO DE MANUT. E DEC.DA EDUC.BASICA-FUNDEB;SME- DEPTOR ADM FUNDEB 30 % VI - COMISSIONADOS;COMISSIONADOS EDUCAÇÃO;064.XXX.XXX-92;466;40;;1;01/05/2022;01/01/2025;;01/2025;;;2 - Comissão;TEMPO DETERMINADO;;;Função de Confiança;;ASSESSOR TÉCNICO (A) ADMINISTRATIVO
;Folha Mensal - Janeiro;YAGO JANDER MACEDO SOUSA;ASSESSOR TÉCNICO (A) ADMINISTRATIVO;150,23;1.772,06;1.922,29;SECRETARIA MUNICIPAL DE EDUCAÇÃO;FUNDO DE MANUT. E DEC.DA EDUC.BASICA-FUNDEB;SME- DEPTOR ADM FUNDEB 30 % VI - COMISSIONADOS;COMISSIONADOS EDUCAÇÃO;064.XXX.XXX-92;466;40;;2;02/01/2025;;;;;;2 - Comissão;TEMPO DETERMINADO;;;Função de Confiança;;ASSESSOR TÉCNICO (A) ADMINISTRATIVO
;Rescisão - Janeiro;YEDDA DAFNY CARVALHO MACEDO;ODONTOLOGO;;0,00;;SECRETARIA MUNICIPAL DE SAUDE;SECRETARIA MUNICIPAL DE SAUDE;SEC. MUN. SAÚDE- DEPTO. DE SAUDE II-CONTRATADOS - PAB;CONTRATO TEMPORÁRIO;057.XXX.XXX-80;320;40;;4;03/04/2023;01/01/2025;;01/2025;;;3 - Temporário;TEMPO DETERMINADO;;;Contrato Temporario;;ODONTOLOGO
;Folha Mensal - Janeiro;YEDDA DAFNY CARVALHO MACEDO;ODONTOLOGO;462,10;4.070,73;4.532,83;SECRETARIA MUNICIPAL DE SAUDE;SECRETARIA MUNICIPAL DE SAUDE;SEC. MUN. SAÚDE- DEPTO. DE SAUDE II-CONTRATADOS - PAB;CONTRATO TEMPORÁRIO;057.XXX.XXX-80;320;40;;5;02/01/2025;;;;;;3 - Temporário;TEMPO DETERMINADO;;;Contrato Temporario;;ODONTOLOGO
;Rescisão - Janeiro;YURE JARDEL MACEDO SOUSA;ASSESSOR TÉCNICO (A) ADMINISTRATIVO;;0,00;;SECRETARIA MUNICIPAL DE EDUCAÇÃO;FUNDO DE MANUT. E DEC.DA EDUC.BASICA-FUNDEB;SME- DEPTOR ADM FUNDEB 30 % VI - COMISSIONADOS;COMISSIONADOS;037.XXX.XXX-66;524;40;SECRETARIA MUNICIPAL DE EDUCAÇÃO;1;01/11/2023;01/01/2025;;01/2025;;;2 - Comissão;TEMPO DETERMINADO;;;Função de Confiança;;ASSESSOR TÉCNICO (A) ADMINISTRATIVO
;Folha Mensal - Janeiro;YURE JARDEL MACEDO SOUSA;ASSESSOR TÉCNICO (A) ADMINISTRATIVO;188,53;2.159,31;2.347,84;SECRETARIA MUNICIPAL DE EDUCAÇÃO;FUNDO DE MANUT. E DEC.DA EDUC.BASICA-FUNDEB;SME- DEPTOR ADM FUNDEB 30 % VI - COMISSIONADOS;COMISSIONADOS;037.XXX.XXX-66;524;40;SECRETARIA MUNICIPAL DE EDUCAÇÃO;2;02/01/2025;;;02/2025;;;2 - Comissão;TEMPO DETERMINADO;;;Função de Confiança;;ASSESSOR TÉCNICO (A) ADMINISTRATIVO
;;;;231.766,04;940.355,78;1.172.121,82;;;;;;;;;;;;;;;;;;;;;;
