Detalhe;Referência;Nome;Cargo;Descontos;Líquido;Proventos;Divisão;Subdivisão;Unidade;Vínculo;CPF;Matrícula;Carga Horária (Sem.);Local de Trabalho;Contrato;Data Admissão;Data Desligamento;Ato Admissão;Ato Demissão;Data Adm. Comissão;Ato Adm. Comissão;Natureza Cargo;Forma de Provimento Cargo;Ato Criação Cargo;Categoria Funcional;Tipo de Contrato;Data Prevista Termino Contrato;Cargo Inicial
;Folha Mensal - Dezembro;ACILIANA JOSEFA DE OLIVEIRA;PROFESSORA DE EJA - CELETISTA;267,85;2.618,29;2.886,14;SECRETARIA MUNICIPAL DE EDUCAÇÃO;SECRETARIA MUNICIPAL DE EDUCAÇÃO;SME - DEPTOR. ENSINO FUNDEB 70% IV - CELETISTAS;CONTRATADOS  EDUCAÇÃO;042.XXX.XXX-96;399;40;;2;01/03/2023;;;01/2024;;;3 - Temporário;TEMPO DETERMINADO;;;Contrato Temporario;;PROFESSORA DE EJA - CELETISTA
;Folha Mensal - Dezembro;ADAILTON JOSÉ DE MACEDO;ASSESSOR TÉCNICO (A) ADMINISTRATIVO;141,76;1.653,44;1.795,20;PREFEITURA MUNICIPAL DE PADRE MARCOS-PI;SECRETARIA MUNICIPAL  DE ADMINISTRAÇÃO;SEAD -  DEPTO. ADMINISTRAÇÃO V- COMISSIONADOS;COMISSIONADOS;014.XXX.XXX-13;357;40;;1;02/01/2020;;01/2020;01/2025;;;2 - Comissão;TEMPO DETERMINADO;;;Função de Confiança;;ASSESSOR TÉCNICO (A) ADMINISTRATIVO
;Folha Mensal - Dezembro;ADEILSON ABDIAS DE CARVALHO;ASSESSOR TÉCNICO (A) ADMINISTRATIVO;158,40;1.821,60;1.980,00;SECRETARIA MUNICIPAL DE EDUCAÇÃO;FUNDO DE MANUT. E DEC.DA EDUC.BASICA-FUNDEB;SME- DEPTOR ADM FUNDEB 30 % VI - COMISSIONADOS;COMISSIONADOS EDUCAÇÃO;053.XXX.XXX-44;388;40;;2;01/02/2022;;;01/2025;;;2 - Comissão;TEMPO DETERMINADO;;;Função de Confiança;;ASSESSOR TÉCNICO (A) ADMINISTRATIVO
;Fechamento 13º Salário - Dezembro;ADELINA JULIANA LEAL;COZINHEIRO (A);1.091,37;690,63;1.782,00;HOSPITAL MUNICIPAL DE PADRE MARCOS;SECRETARIA MUNICIPAL DE SAUDE;HOSPITAL - DEPTO. ADMINISTRATIVO I;EFETIVOS;037.XXX.XXX-23;14;40;HOSPITAL MUNICIPAL DE PADRE MARCOS;1;19/01/2015;;;007/2020;;;1 - Efetivo;CONCURSO PUBLICO ;;;Efetivo;;COZINHEIRO (A)
;Folha Mensal - Dezembro;ADELINA JULIANA LEAL;COZINHEIRO (A);230,34;2.145,66;2.376,00;HOSPITAL MUNICIPAL DE PADRE MARCOS;SECRETARIA MUNICIPAL DE SAUDE;HOSPITAL - DEPTO. ADMINISTRATIVO I;EFETIVOS;037.XXX.XXX-23;14;40;HOSPITAL MUNICIPAL DE PADRE MARCOS;1;19/01/2015;;;007/2020;;;1 - Efetivo;CONCURSO PUBLICO ;;;Efetivo;;COZINHEIRO (A)
;Folha Mensal - Dezembro;ADENILDA ALDEILDE BENTO;ASSESSOR ESPECIAL;131,07;1.545,33;1.676,40;SECRETARIA MUNICIPAL DE SAUDE;SECRETARIA MUNICIPAL DE SAUDE;SMS-DEPTO.SEC.SAUDE-CONTRATADOS.;COMISSIONADOS EDUCAÇÃO;842.XXX.XXX-20;422;40;;1;01/04/2021;;;01/2025;;;2 - Comissão;LIVRE PROVIMENTO ;;;Função de Confiança;;ASSESSOR ESPECIAL
;Folha Mensal - Dezembro;ADENILDA ORINEUSA DA SILVA;ASSESSOR TÉCNICO (A) ADMINISTRATIVO;99,00;1.221,00;1.320,00;SECRETARIA MUNICIPAL DE EDUCAÇÃO;FUNDO DE MANUT. E DEC.DA EDUC.BASICA-FUNDEB;SME- DEPTOR ADM FUNDEB 30 % VI - COMISSIONADOS;COMISSIONADOS EDUCAÇÃO;066.XXX.XXX-29;521;40;SECRETARIA MUNICIPAL DE EDUCAÇÃO;1;01/08/2023;;;01/2025;;;2 - Comissão;TEMPO DETERMINADO;;;;;ASSESSOR TÉCNICO (A) ADMINISTRATIVO
;Folha Mensal - Dezembro;ADENILDA TEREZINHA DE CARVALHO;PROFESSOR SL 40H - CELETISTA;267,85;2.618,29;2.886,14;SECRETARIA MUNICIPAL DE EDUCAÇÃO;SECRETARIA MUNICIPAL DE EDUCAÇÃO;SME - DEPTOR. ENSINO FUNDEB 70% IV - CELETISTAS;CONTRATADOS  EDUCAÇÃO;065.XXX.XXX-58;298;40;;4;01/03/2023;;;01/2024;;;3 - Temporário;TEMPO DETERMINADO;;;Contrato Temporario;;PROFESSOR SL 40H - CELETISTA
;Folha Mensal - Dezembro;ADJANO FRANCISCO BENTO;SECRETARIO DE AGRICULTURA;138,20;1.617,40;1.755,60;PREFEITURA MUNICIPAL DE PADRE MARCOS-PI;SECRETARIA MUNICIPAL DE AGRICULTURA;SMA - SECRETARIA DE AGRICULTURA;COMISSIONADOS;842.XXX.XXX-04;373;40;;1;01/07/2020;;;01/2025;;;2 - Comissão;LIVRE PROVIMENTO ;;;Função de Confiança;;SECRETARIO DE AGRICULTURA
;Fechamento 13º Salário - Dezembro;ADJEANE DA SILVA SOUSA;PROFESSOR SE 40H;5.208,66;2.353,20;7.561,86;SECRETARIA MUNICIPAL DE EDUCAÇÃO;SECRETARIA MUNICIPAL DE EDUCAÇÃO;SME- DEPTOR ENSINO FUNDEB 70% II;EFETIVO - PROFESSORES;757.XXX.XXX-20;160;40;U.E.M. JOSE DE MOURA LEAL;1;02/02/1998;;;;;;1 - Efetivo;CONCURSO PUBLICO ;;;Efetivo;;PROFESSOR SE 40H
;Folha Mensal - Dezembro;ADJEANE DA SILVA SOUSA;PROFESSOR SE 40H;3.051,65;8.291,14;11.342,79;SECRETARIA MUNICIPAL DE EDUCAÇÃO;SECRETARIA MUNICIPAL DE EDUCAÇÃO;SME- DEPTOR ENSINO FUNDEB 70% II;EFETIVO - PROFESSORES;757.XXX.XXX-20;160;40;U.E.M. JOSE DE MOURA LEAL;1;02/02/1998;;;;;;1 - Efetivo;CONCURSO PUBLICO ;;;Efetivo;;PROFESSOR SE 40H
;Folha Mensal - Dezembro;ADRIANA ESPEDITA DA CONCEIÇÃO SILVA;ASSESSOR TÉCNICO (A) ADMINISTRATIVO;99,00;1.221,00;1.320,00;SECRETARIA MUNICIPAL DE EDUCAÇÃO;FUNDO DE MANUT. E DEC.DA EDUC.BASICA-FUNDEB;SME- DEPTOR ADM FUNDEB 30 % VI - COMISSIONADOS;COMISSIONADOS EDUCAÇÃO;991.XXX.XXX-49;344;40;;2;01/03/2023;;;01/2025;;;2 - Comissão;TEMPO DETERMINADO;;;Função de Confiança;;ASSESSOR TÉCNICO (A) ADMINISTRATIVO
;Folha Mensal - Dezembro;ADRIANO SILVA SANTOS;DIRETOR DE DEPARTAMENTO;135,82;1.593,38;1.729,20;SECRETARIA MUNICIPAL DE EDUCAÇÃO;FUNDO DE MANUT. E DEC.DA EDUC.BASICA-FUNDEB;SME- DEPTOR ADM FUNDEB 30 % VI - COMISSIONADOS;COMISSIONADOS EDUCAÇÃO;002.XXX.XXX-27;504;40;;1;01/03/2023;;;08/2024;;;2 - Comissão;LIVRE PROVIMENTO ;;;Função de Confiança;;DIRETOR DE DEPARTAMENTO
;Folha Mensal - Dezembro;AGDA ÉRICA DA SILVA;FARMACÊUTICA ( O );196,20;2.203,80;2.400,00;SECRETARIA MUNICIPAL DE SAUDE;SECRETARIA MUNICIPAL DE SAUDE;SEC. MUN. SAÚDE- DEPTO. DE SAUDE II-CONTRATADOS;CONTRATO TEMPORÁRIO;038.XXX.XXX-70;284;40;;7;02/03/2023;;;01/2025;;;3 - Temporário;TEMPO DETERMINADO;;;Contrato Temporario;;FARMACÊUTICA ( O )
;Folha Mensal - Dezembro;AILANE MARIA DE MACEDO;PROFESSOR SL 40H - CELETISTA;267,85;2.618,29;2.886,14;SECRETARIA MUNICIPAL DE EDUCAÇÃO;SECRETARIA MUNICIPAL DE EDUCAÇÃO;SME - DEPTOR. ENSINO FUNDEB 70% IV - CELETISTAS;CONTRATADOS  EDUCAÇÃO;057.XXX.XXX-89;264;40;;4;01/03/2023;;;01/2024;;;3 - Temporário;TEMPO DETERMINADO;;;Contrato Temporario;;PROFESSOR SL 40H - CELETISTA
;Folha Mensal - Dezembro;ALDEVAN SOUSA MACEDO;DIRETOR DE DEPARTAMENTO;99,00;1.221,00;1.320,00;SECRETARIA MUNICIPAL DE EDUCAÇÃO;SECRETARIA MUNICIPAL DE EDUCAÇÃO;SME- DEPTOR ADM FUNDEB 30 % VI - COMISSIONADOS;COMISSIONADOS;960.XXX.XXX-87;528;40;SECRETARIA MUNICIPAL DE EDUCAÇÃO;1;01/12/2023;;;01/2025;;;2 - Comissão;LIVRE PROVIMENTO ;;;;;DIRETOR DE DEPARTAMENTO
;Fechamento 13º Salário - Dezembro;ALESSIO DE SOUSA MODESTO;MOTORISTA;1.521,37;1.156,63;2.678,00;PREFEITURA MUNICIPAL DE PADRE MARCOS-PI;SECRETARIA MUNICIPAL  DE ADMINISTRAÇÃO;SEAD - DEPTO. ADMINISTRAÇÃO III;EFETIVOS;965.XXX.XXX-87;105;40;;1;02/03/2015;;;;;;1 - Efetivo;CONCURSO PUBLICO ;;;Efetivo;;MOTORISTA
;Folha Mensal - Dezembro;ALESSIO DE SOUSA MODESTO;MOTORISTA;323,98;3.246,69;3.570,67;PREFEITURA MUNICIPAL DE PADRE MARCOS-PI;SECRETARIA MUNICIPAL  DE ADMINISTRAÇÃO;SEAD - DEPTO. ADMINISTRAÇÃO III;EFETIVOS;965.XXX.XXX-87;105;40;;1;02/03/2015;;;;;;1 - Efetivo;CONCURSO PUBLICO ;;;Efetivo;;MOTORISTA
;Fechamento 13º Salário - Dezembro;ALEXSANDRA DE SOUSA MODESTO;ASSISTENTE SOCIAL;2.394,40;1.205,60;3.600,00;SECRETARIA MUNICIPAL DE SAUDE;SECRETARIA MUNICIPAL DE SAUDE;SMS - SEC. SAUDE NASF II;EFETIVOS;745.XXX.XXX-20;128;40;;1;02/02/2015;;;;;;1 - Efetivo;CONCURSO PUBLICO ;;;Efetivo;;ASSISTENTE SOCIAL
;Folha Mensal - Dezembro;ALEXSANDRA DE SOUSA MODESTO;ASSISTENTE SOCIAL;849,47;3.950,53;4.800,00;SECRETARIA MUNICIPAL DE SAUDE;SECRETARIA MUNICIPAL DE SAUDE;SMS - SEC. SAUDE NASF II;EFETIVOS;745.XXX.XXX-20;128;40;;1;02/02/2015;;;;;;1 - Efetivo;CONCURSO PUBLICO ;;;Efetivo;;ASSISTENTE SOCIAL
;Folha Mensal - Dezembro;ALEXSANDRA DE SOUSA MODESTO;COORD. PROG. CRIANÇA FELIZ;406,01;1.177,99;1.584,00;SECRETARIA MUNICIPAL DE ASSISTENCIA SOCIAL;SECRETARIA MUNICIPAL DE ASSISTENCIA SOCIAL; PROG.CRIANÇA FELIZ;COMISSIONADOS;745.XXX.XXX-20;128;20;;3;01/03/2019;;;01/2025;;;3 - Temporário;TEMPO DETERMINADO;;;Função de Confiança;;COORD. PROG. CRIANÇA FELIZ
;Fechamento 13º Salário - Dezembro;ALEXSANDRO LOPES DE CARVALHO;VIGILANTE;1.156,47;889,53;2.046,00;HOSPITAL MUNICIPAL DE PADRE MARCOS;SECRETARIA MUNICIPAL DE SAUDE;HOSPITAL - DEPTO. ADMINISTRATIVO I;EFETIVOS;020.XXX.XXX-71;15;40;HOSPITAL MUNICIPAL DE PADRE MARCOS;1;19/01/2015;;;;;;1 - Efetivo;CONCURSO PUBLICO ;;;Efetivo;;VIGILANTE
;Folha Mensal - Dezembro;ALEXSANDRO LOPES DE CARVALHO;VIGILANTE;219,12;2.508,88;2.728,00;HOSPITAL MUNICIPAL DE PADRE MARCOS;SECRETARIA MUNICIPAL DE SAUDE;HOSPITAL - DEPTO. ADMINISTRATIVO I;EFETIVOS;020.XXX.XXX-71;15;40;HOSPITAL MUNICIPAL DE PADRE MARCOS;1;19/01/2015;;;;;;1 - Efetivo;CONCURSO PUBLICO ;;;Efetivo;;VIGILANTE
;Folha Mensal - Dezembro;ALEXSON JOSE DE CARVALHO;AUX. DE SERVIÇOS GERAIS;99,00;1.221,00;1.320,00;SECRETARIA MUNICIPAL DE EDUCAÇÃO;FUNDO DE MANUT. E DEC.DA EDUC.BASICA-FUNDEB;SME-DEPTO.CONTRATO-ENSINO FUNDEB 30%;CONTRATADOS  EDUCAÇÃO;053.XXX.XXX-66;252;40;;5;02/03/2023;;01/2023;01/2025;;;3 - Temporário;TEMPO DETERMINADO;;;Contrato Temporario;;AUX. DE SERVIÇOS GERAIS
;Folha Mensal - Dezembro;ALINE JOSEFA DE SOUSA BEZERRA;TECNICO DE ENFERMAGEM;99,00;1.317,75;1.416,75;SECRETARIA MUNICIPAL DE SAUDE;SECRETARIA MUNICIPAL DE SAUDE;SMS-DEPTO.SEC.SAUDE-CONTRATADOS.;CONTRATO TEMPORÁRIO;072.XXX.XXX-27;314;40;;3;01/03/2023;;;01/2025;;;3 - Temporário;TEMPO DETERMINADO;;;Contrato Temporario;;TECNICO DE ENFERMAGEM
;Folha Complementar c/ Encargos - Dezembro;ALINE JOSEFA DE SOUSA BEZERRA;TECNICO DE ENFERMAGEM;195,48;-195,48;;SECRETARIA MUNICIPAL DE SAUDE;SECRETARIA MUNICIPAL DE SAUDE;SMS-DEPTO.SEC.SAUDE-CONTRATADOS.;CONTRATO TEMPORÁRIO;072.XXX.XXX-27;314;40;;3;01/03/2023;;;01/2025;;;3 - Temporário;TEMPO DETERMINADO;;;Contrato Temporario;;TECNICO DE ENFERMAGEM
;Folha Mensal - Dezembro;ALINE MARIA MACEDO;DIRETOR DE DEPARTAMENTO;99,00;1.221,00;1.320,00;SECRETARIA MUNICIPAL DE EDUCAÇÃO;FUNDO DE MANUT. E DEC.DA EDUC.BASICA-FUNDEB;SME- DEPTOR ADM FUNDEB 30 % VI - COMISSIONADOS;COMISSIONADOS;080.XXX.XXX-47;513;40;;1;01/04/2023;;;08/2024;;;2 - Comissão;LIVRE PROVIMENTO ;;;Função de Confiança;;DIRETOR DE DEPARTAMENTO
;Folha Mensal - Dezembro;AMABILLY MACEDO SOUSA;SECRETARIO DE DESENV. DE EMPREENDEDORISMO;138,20;1.617,40;1.755,60;PREFEITURA MUNICIPAL DE PADRE MARCOS-PI;SECRETARIA MUNICIPAL  DE ADMINISTRAÇÃO;SECRETARIA DE EMPREENDEDORISMO;COMISSIONADOS;064.XXX.XXX-58;518;40;;1;02/05/2023;;;04/2024;;;2 - Comissão;LIVRE PROVIMENTO ;;;Função de Confiança;;SECRETARIO DE DESENV. DE EMPREENDEDORISMO
;Folha Mensal - Dezembro;AMANDA KALINE OLIVEIRA GUIMARÃES;FISIOTERAPEUTA;190,35;2.144,65;2.335,00;SECRETARIA MUNICIPAL DE SAUDE;SECRETARIA MUNICIPAL DE SAUDE;SEC. MUN. SAÚDE- DEPTO. DE SAUDE II-CONTRATADOS;CONTRATO TEMPORÁRIO;037.XXX.XXX-84;369;40;;4;02/03/2023;;01/2023;01/2025;;;3 - Temporário;TEMPO DETERMINADO;03/2021;;Contrato Temporario;;FISIOTERAPEUTA
;Folha Mensal - Dezembro;ANA CLAUDIA ALVES;COORDENADOR(A) PEDAGÓGICO;187,20;2.112,80;2.300,00;SECRETARIA MUNICIPAL DE EDUCAÇÃO;SECRETARIA MUNICIPAL DE EDUCAÇÃO;SME- DEPTOR. ENSINO FUNDEB 70% V - COMISSIONADOS;COMISSIONADOS EDUCAÇÃO;104.XXX.XXX-00;266;40;UNIDADE ESCOLAR MUNICIPAL DAVI SEVERIANO DE CARVALHO;3;01/03/2019;;;01/2025;;;2 - Comissão;TEMPO DETERMINADO;;;Função de Confiança;;COORDENADOR(A) PEDAGÓGICO
;Folha Mensal - Dezembro;ANA CRISTINA DE CARVALHO;PROFESSOR SL 40H - CELETISTA;267,85;2.618,29;2.886,14;SECRETARIA MUNICIPAL DE EDUCAÇÃO;SECRETARIA MUNICIPAL DE EDUCAÇÃO;SME- DEPTO  ENSINO INFANTIL FUNDEB 70% - SELETISTAS;CONTRATADOS  EDUCAÇÃO;044.XXX.XXX-46;337;40;;3;01/03/2023;;;01/2024;;;3 - Temporário;TEMPO DETERMINADO;;;Contrato Temporario;;PROFESSOR SL 40H - CELETISTA
;Folha Mensal - Dezembro;ANA FLAVIA CONCEIÇÃO SOUSA MACEDO;PROFESSOR SL 40H - CELETISTA;267,85;2.618,29;2.886,14;SECRETARIA MUNICIPAL DE EDUCAÇÃO;SECRETARIA MUNICIPAL DE EDUCAÇÃO;SME - DEPTOR. ENSINO FUNDEB 70% IV - CELETISTAS;CONTRATADOS  EDUCAÇÃO;061.XXX.XXX-39;330;40;;3;01/03/2023;;;01/2024;;;3 - Temporário;TEMPO DETERMINADO;;;Contrato Temporario;;PROFESSOR SL 40H - CELETISTA
;Fechamento 13º Salário - Dezembro;ANA MARCIA DE ARAUJO MOURA RIBEIRO;ASSISTENTE ADMINISTRATIVO;1.628,93;916,27;2.545,20;PREFEITURA MUNICIPAL DE PADRE MARCOS-PI;SECRETARIA MUNICIPAL  DE ADMINISTRAÇÃO;SEAD - DEPTO. ADMINISTRAÇÃO III;EFETIVOS;322.XXX.XXX-49;100;40;;1;01/06/2015;;;;;;1 - Efetivo;CONCURSO PUBLICO ;;;Efetivo;;ASSISTENTE ADMINISTRATIVO
;Folha Mensal - Dezembro;ANA MARCIA DE ARAUJO MOURA RIBEIRO;ASSISTENTE ADMINISTRATIVO;415,77;2.977,83;3.393,60;PREFEITURA MUNICIPAL DE PADRE MARCOS-PI;SECRETARIA MUNICIPAL  DE ADMINISTRAÇÃO;SEAD - DEPTO. ADMINISTRAÇÃO III;EFETIVOS;322.XXX.XXX-49;100;40;;1;01/06/2015;;;;;;1 - Efetivo;CONCURSO PUBLICO ;;;Efetivo;;ASSISTENTE ADMINISTRATIVO
;Folha Mensal - Dezembro;ANA MÁRCIA DE CARVALHO;MONITOR(A);99,00;1.221,00;1.320,00;SECRETARIA MUNICIPAL DE EDUCAÇÃO;FUNDO DE MANUT. E DEC.DA EDUC.BASICA-FUNDEB;SME-DEPTO.CONTRATO-ENSINO FUNDEB 30%;CONTRATADOS  EDUCAÇÃO;081.XXX.XXX-52;411;40;;2;02/03/2023;;;08/2024;;;3 - Temporário;TEMPO DETERMINADO;;;Contrato Temporario;;MONITOR(A)
;Folha Mensal - Dezembro;ANA MEIRE MARIA DE MACEDO;ORIENTADORA(O) EDUCACIONAL;99,00;1.221,00;1.320,00;SECRETARIA MUNICIPAL DE EDUCAÇÃO;FUNDO DE MANUT. E DEC.DA EDUC.BASICA-FUNDEB;SME- DEPTOR ADM FUNDEB 30 % VI - COMISSIONADOS;COMISSIONADOS EDUCAÇÃO;226.XXX.XXX-78;161;40;;2;04/01/2021;;;03/2024;;;2 - Comissão;TEMPO DETERMINADO;;;Função de Confiança;;ORIENTADORA(O) EDUCACIONAL
;Fechamento 13º Salário - Dezembro;ANA PAULA DE CARVALHO MACEDO;PROFESSOR SE 40H;4.626,73;1.918,03;6.544,76;SECRETARIA MUNICIPAL DE EDUCAÇÃO;SECRETARIA MUNICIPAL DE EDUCAÇÃO;SME- DEPTOR ENSINO FUNDEB 70% I;EFETIVO - PROFESSORES;052.XXX.XXX-07;2;40;U.E.M. JOSE DE MOURA LEAL;1;01/03/2016;;;;;;1 - Efetivo;CONCURSO PUBLICO ;;;Efetivo;;PROFESSOR SL 20H
;Folha Mensal - Dezembro;ANA PAULA DE CARVALHO MACEDO;PROFESSOR SE 40H;2.518,69;7.298,45;9.817,14;SECRETARIA MUNICIPAL DE EDUCAÇÃO;SECRETARIA MUNICIPAL DE EDUCAÇÃO;SME- DEPTOR ENSINO FUNDEB 70% I;EFETIVO - PROFESSORES;052.XXX.XXX-07;2;40;U.E.M. JOSE DE MOURA LEAL;1;01/03/2016;;;;;;1 - Efetivo;CONCURSO PUBLICO ;;;Efetivo;;PROFESSOR SL 20H
;Folha Mensal - Dezembro;ANA YARA DA CONCEIÇÃO SOUSA;SECRETARIO(A) UNIDADE ESCOLAR MUNICIPAL;99,00;1.221,00;1.320,00;SECRETARIA MUNICIPAL DE EDUCAÇÃO;FUNDO DE MANUT. E DEC.DA EDUC.BASICA-FUNDEB;SME- DEPTOR ADM FUNDEB 30 % VI - COMISSIONADOS;COMISSIONADOS;037.XXX.XXX-71;487;40;;1;01/02/2023;;;10/2024;;;2 - Comissão;LIVRE PROVIMENTO ;;;;;SECRETARIO(A) UNIDADE ESCOLAR MUNICIPAL
;Folha Mensal - Dezembro;ANASTACIA JULIANA LEAL;PROFESSOR SL 40H - CELETISTA;267,85;2.618,29;2.886,14;SECRETARIA MUNICIPAL DE EDUCAÇÃO;SECRETARIA MUNICIPAL DE EDUCAÇÃO;SME- DEPTO  ENSINO INFANTIL FUNDEB 70% - SELETISTAS;CONTRATADOS  EDUCAÇÃO;933.XXX.XXX-34;247;40;U.E.M. JOSE DE MOURA LEAL;5;01/03/2023;;;01/2024;;;3 - Temporário;TEMPO DETERMINADO;;;Contrato Temporario;;PROFESSOR SL 40H - CELETISTA
;Fechamento 13º Salário - Dezembro;ANATALIO ANTONIO DA SILVA;AUX. DE SERV. GERAIS;212,52;1.305,48;1.518,00;SECRETARIA MUNICIPAL DE ASSISTENCIA SOCIAL;FUNDO MUNICIPAL DE ASSISTENCIA SOCIAL-FMAS;SASC-SEC.ASSISTENCIA SOCIAL;EFETIVOS;444.XXX.XXX-04;26;40;SEC MUN. DE ASSISTENCIA SOCIAL;1;01/03/1998;;;;;;1 - Efetivo;CONCURSO PUBLICO ;;;Efetivo;;AUX. DE SERV. GERAIS
;Folha Mensal - Dezembro;ANATALIO ANTONIO DA SILVA;AUX. DE SERV. GERAIS;227,70;1.796,30;2.024,00;SECRETARIA MUNICIPAL DE ASSISTENCIA SOCIAL;FUNDO MUNICIPAL DE ASSISTENCIA SOCIAL-FMAS;SASC-SEC.ASSISTENCIA SOCIAL;EFETIVOS;444.XXX.XXX-04;26;40;SEC MUN. DE ASSISTENCIA SOCIAL;1;01/03/1998;;;;;;1 - Efetivo;CONCURSO PUBLICO ;;;Efetivo;;AUX. DE SERV. GERAIS
;Fechamento 13º Salário - Dezembro;ANDECLEIA ADALVINA DE LIMA;PROFESSOR SL 40H;4.174,63;1.607,31;5.781,94;SECRETARIA MUNICIPAL DE EDUCAÇÃO;SECRETARIA MUNICIPAL DE EDUCAÇÃO;SME- DEPTOR ENSINO FUNDEB 70% I;EFETIVO - PROFESSORES;923.XXX.XXX-72;132;40;UNIDADE ESCOLAR MUNICIPAL CÂNDIDA MACEDO;1;01/11/2016;;;;;;1 - Efetivo;CONCURSO PUBLICO ;;;Efetivo;;PROFESSOR SL 20H
;Folha Mensal - Dezembro;ANDECLEIA ADALVINA DE LIMA;PROFESSOR SL 40H;2.144,78;6.528,13;8.672,91;SECRETARIA MUNICIPAL DE EDUCAÇÃO;SECRETARIA MUNICIPAL DE EDUCAÇÃO;SME- DEPTOR ENSINO FUNDEB 70% I;EFETIVO - PROFESSORES;923.XXX.XXX-72;132;40;UNIDADE ESCOLAR MUNICIPAL CÂNDIDA MACEDO;1;01/11/2016;;;;;;1 - Efetivo;CONCURSO PUBLICO ;;;Efetivo;;PROFESSOR SL 20H
;Fechamento 13º Salário - Dezembro;ANDERSON CLEYTON RAMOS NERY;ODONTÓLOGO;529,60;4.378,56;4.908,16;SECRETARIA MUNICIPAL DE SAUDE;SECRETARIA MUNICIPAL DE SAUDE;SMS - DEPTOR.SEC.SAUDE PSB II;EFETIVOS;819.XXX.XXX-87;122;40;;1;01/04/2008;;;;;;1 - Efetivo;CONCURSO PUBLICO ;;;Efetivo;;ODONTÓLOGO
;Folha Mensal - Dezembro;ANDERSON CLEYTON RAMOS NERY;ODONTÓLOGO;533,90;4.427,95;4.961,85;SECRETARIA MUNICIPAL DE SAUDE;SECRETARIA MUNICIPAL DE SAUDE;SMS - DEPTOR.SEC.SAUDE PSB II;EFETIVOS;819.XXX.XXX-87;122;40;;1;01/04/2008;;;;;;1 - Efetivo;CONCURSO PUBLICO ;;;Efetivo;;ODONTÓLOGO
;Folha Mensal - Dezembro;ANDRÉ MACEDO DANTAS;ODONTOLOGO;318,91;2.829,09;3.148,00;SECRETARIA MUNICIPAL DE SAUDE;SECRETARIA MUNICIPAL DE SAUDE;SMS-SEC.DE SAÚDE-PROTETICO;CONTRATO TEMPORÁRIO;033.XXX.XXX-97;394;40;;2;01/03/2023;;;09/2023;;;3 - Temporário;TEMPO DETERMINADO;;;Contrato Temporario;;ODONTOLOGO
;Fechamento 13º Salário - Dezembro;ANGELA MARIA DA CONCEIÇÃO SOUSA;GARI;212,52;1.833,48;2.046,00;HOSPITAL MUNICIPAL DE PADRE MARCOS;SECRETARIA MUNICIPAL DE SAUDE;HOSPITAL - DEPTO. ADMINISTRATIVO I;EFETIVOS;759.XXX.XXX-04;4;40;;1;25/11/2016;;;;;;1 - Efetivo;CONCURSO PUBLICO ;;;Efetivo;;GARI
;Folha Mensal - Dezembro;ANGELA MARIA DA CONCEIÇÃO SOUSA;GARI;239,58;2.488,42;2.728,00;HOSPITAL MUNICIPAL DE PADRE MARCOS;SECRETARIA MUNICIPAL DE SAUDE;HOSPITAL - DEPTO. ADMINISTRATIVO I;EFETIVOS;759.XXX.XXX-04;4;40;;1;25/11/2016;;;;;;1 - Efetivo;CONCURSO PUBLICO ;;;Efetivo;;GARI
;Fechamento 13º Salário - Dezembro;ANTONIA EDENIA DE LIMA SILVA;AUX. DE SERV. GERAIS;919,38;532,62;1.452,00;SECRETARIA MUNICIPAL DE EDUCAÇÃO;FUNDO DE MANUT. E DEC.DA EDUC.BASICA-FUNDEB;SME- DEPTO. ADM -FUNDEB 30% II;EFETIVOS;082.XXX.XXX-96;216;40;;1;02/03/1998;;;012/2022;;;1 - Efetivo;CONCURSO PUBLICO ;;;Efetivo;;AUX. DE SERV. GERAIS
;Folha Mensal - Dezembro;ANTONIA EDENIA DE LIMA SILVA;AUX. DE SERV. GERAIS;217,80;1.718,20;1.936,00;SECRETARIA MUNICIPAL DE EDUCAÇÃO;FUNDO DE MANUT. E DEC.DA EDUC.BASICA-FUNDEB;SME- DEPTO. ADM -FUNDEB 30% II;EFETIVOS;082.XXX.XXX-96;216;40;;1;02/03/1998;;;012/2022;;;1 - Efetivo;CONCURSO PUBLICO ;;;Efetivo;;AUX. DE SERV. GERAIS
;Folha Mensal - Dezembro;ANTONIA SALVELINA DE ARAUJO;ASSESSOR TÉCNICO (A) ADMINISTRATIVO;99,00;1.221,00;1.320,00;SECRETARIA MUNICIPAL DE SAUDE;SECRETARIA MUNICIPAL DE SAUDE;SMS-DEPTO.SEC.SAUDE-CONTRATADOS.;COMISSIONADOS;767.XXX.XXX-53;233;40;;2;02/01/2018;;;01/2025;;;2 - Comissão;TEMPO DETERMINADO;;;Função de Confiança;;ASSESSOR TÉCNICO (A) ADMINISTRATIVO
;Folha Mensal - Dezembro;ANTONIA ZENAIDE DA SILVA CARVALHO;DIRETOR DE DEPARTAMENTO;99,00;1.221,00;1.320,00;SECRETARIA MUNICIPAL DE EDUCAÇÃO;FUNDO DE MANUT. E DEC.DA EDUC.BASICA-FUNDEB;SME- DEPTOR ADM FUNDEB 30 % VI - COMISSIONADOS;COMISSIONADOS;451.XXX.XXX-20;282;40;;5;01/01/2023;;;01/2025;;;2 - Comissão;LIVRE PROVIMENTO ;;;Função de Confiança;;DIRETOR DE DEPARTAMENTO
;Folha Mensal - Dezembro;ANTONIO DE CARVALHO MOURA;DIRETOR DE DEPARTAMENTO;146,52;1.701,48;1.848,00;PREFEITURA MUNICIPAL DE PADRE MARCOS-PI;SECRETARIA MUNICIPAL  DE ADMINISTRAÇÃO;SEAD -  DEPTO. ADMINISTRAÇÃO V- COMISSIONADOS;COMISSIONADOS;003.XXX.XXX-02;361;40;;2;01/10/2023;;;01/2025;;;2 - Comissão;LIVRE PROVIMENTO ;;;Função de Confiança;;DIRETOR DE DEPARTAMENTO
;Fechamento 13º Salário - Dezembro;ANTONIO JOAQUIM DE MACEDO NETO;AUX. ADMINISTRATIVO;1.670,58;1.101,42;2.772,00;SECRETARIA MUNICIPAL DE SAUDE;SECRETARIA MUNICIPAL DE SAUDE;SMS-DEPTOR.SEC. DE SAUDE II;EFETIVOS;350.XXX.XXX-72;130;40;;1;02/02/2015;;;;;;1 - Efetivo;CONCURSO PUBLICO ;;;Efetivo;;AUX. ADMINISTRATIVO
;Folha Mensal - Dezembro;ANTONIO JOAQUIM DE MACEDO NETO;AUX. ADMINISTRATIVO;492,88;3.203,12;3.696,00;SECRETARIA MUNICIPAL DE SAUDE;SECRETARIA MUNICIPAL DE SAUDE;SMS-DEPTOR.SEC. DE SAUDE II;EFETIVOS;350.XXX.XXX-72;130;40;;1;02/02/2015;;;;;;1 - Efetivo;CONCURSO PUBLICO ;;;Efetivo;;AUX. ADMINISTRATIVO
;Folha Mensal - Dezembro;ANTONIO JOSE DE CARVALHO;DIRETOR DE DEPARTAMENTO;99,00;1.221,00;1.320,00;PREFEITURA MUNICIPAL DE PADRE MARCOS-PI;SECRETARIA MUNICIPAL  DE ADMINISTRAÇÃO;SEAD -  DEPTO. ADMINISTRAÇÃO V- COMISSIONADOS;COMISSIONADOS;025.XXX.XXX-50;387;40;;1;01/02/2021;;;01/2025;;;2 - Comissão;LIVRE PROVIMENTO ;;;Função de Confiança;;DIRETOR DE DEPARTAMENTO
;Fechamento 13º Salário - Dezembro;ANTONIO LISBOA DA SILVA;PROFESSOR SE 20H;2.256,31;1.270,35;3.526,66;SECRETARIA MUNICIPAL DE EDUCAÇÃO;SECRETARIA MUNICIPAL DE EDUCAÇÃO;SME-DEPTOR. ENSINO FUNDEB 70%  VI EJA;EFETIVO - PROFESSORES;231.XXX.XXX-00;162;20;SECRETARIA MUNICIPAL DE EDUCAÇÃO;1;02/02/1998;;;;;;1 - Efetivo;CONCURSO PUBLICO ;;;Efetivo;;PROFESSOR SL 20H
;Folha Mensal - Dezembro;ANTONIO LISBOA DA SILVA;PROFESSOR SE 20H;953,59;4.336,40;5.289,99;SECRETARIA MUNICIPAL DE EDUCAÇÃO;SECRETARIA MUNICIPAL DE EDUCAÇÃO;SME-DEPTOR. ENSINO FUNDEB 70%  VI EJA;EFETIVO - PROFESSORES;231.XXX.XXX-00;162;20;SECRETARIA MUNICIPAL DE EDUCAÇÃO;1;02/02/1998;;;;;;1 - Efetivo;CONCURSO PUBLICO ;;;Efetivo;;PROFESSOR SL 20H
;Folha Mensal - Dezembro;ANTONIO MACEDO CARVALHO;ASSESSOR TÉCNICO (A) ADMINISTRATIVO;99,00;1.221,00;1.320,00;SECRETARIA MUNICIPAL DE EDUCAÇÃO;FUNDO DE MANUT. E DEC.DA EDUC.BASICA-FUNDEB;SME- DEPTOR ADM FUNDEB 30 % VI - COMISSIONADOS;COMISSIONADOS EDUCAÇÃO;011.XXX.XXX-51;371;40;;1;01/04/2020;;;01/2025;;;2 - Comissão;TEMPO DETERMINADO;;;Função de Confiança;;ASSESSOR TÉCNICO (A) ADMINISTRATIVO
;Fechamento 13º Salário - Dezembro;ANTONIO SERGIO SILVA;PROFESSOR SE 40H;4.626,73;1.918,03;6.544,76;SECRETARIA MUNICIPAL DE EDUCAÇÃO;SECRETARIA MUNICIPAL DE EDUCAÇÃO;SME- DEPTOR ENSINO FUNDEB 70% I;EFETIVO - PROFESSORES;001.XXX.XXX-00;133;40;UNIDADE ESCOLAR MUNICIPAL DAVI SEVERIANO DE CARVALHO;1;02/03/2015;;;;;;1 - Efetivo;CONCURSO PUBLICO ;;;Efetivo;;PROFESSOR SL 20H
;Folha Mensal - Dezembro;ANTONIO SERGIO SILVA;PROFESSOR SE 40H;3.726,50;6.090,64;9.817,14;SECRETARIA MUNICIPAL DE EDUCAÇÃO;SECRETARIA MUNICIPAL DE EDUCAÇÃO;SME- DEPTOR ENSINO FUNDEB 70% I;EFETIVO - PROFESSORES;001.XXX.XXX-00;133;40;UNIDADE ESCOLAR MUNICIPAL DAVI SEVERIANO DE CARVALHO;1;02/03/2015;;;;;;1 - Efetivo;CONCURSO PUBLICO ;;;Efetivo;;PROFESSOR SL 20H
;Fechamento 13º Salário - Dezembro;ARLETE MACEDO DE CARVALHO;PROFESSOR SE 40H;5.075,17;2.232,42;7.307,59;SECRETARIA MUNICIPAL DE EDUCAÇÃO;SECRETARIA MUNICIPAL DE EDUCAÇÃO;SME- DEPTO ENSINO INFANTIL FUNDEB 70% - EFETIVOS;EFETIVO - PROFESSORES;504.XXX.XXX-49;163;40;UNIDADE ESCOLAR MUNICIPAL DAVI SEVERIANO DE CARVALHO;1;02/02/1998;04/12/2023;;008/2023;;;1 - Efetivo;CONCURSO PUBLICO ;;;Efetivo;;PROFESSOR SE 40H
;Rescisão - Dezembro;ARLETE MACEDO DE CARVALHO;PROFESSOR SE 40H;162,82;3.917,24;4.080,06;SECRETARIA MUNICIPAL DE EDUCAÇÃO;SECRETARIA MUNICIPAL DE EDUCAÇÃO;SME- DEPTO ENSINO INFANTIL FUNDEB 70% - EFETIVOS;EFETIVO - PROFESSORES;504.XXX.XXX-49;163;40;UNIDADE ESCOLAR MUNICIPAL DAVI SEVERIANO DE CARVALHO;1;02/02/1998;04/12/2023;;008/2023;;;1 - Efetivo;CONCURSO PUBLICO ;;;Efetivo;;PROFESSOR SE 40H
;Fechamento 13º Salário - Dezembro;ARLETE MARIA DA SILVA;PROFESSOR SL 40H;4.756,56;2.042,48;6.799,04;SECRETARIA MUNICIPAL DE EDUCAÇÃO;SECRETARIA MUNICIPAL DE EDUCAÇÃO;SME- DEPTO ENSINO INFANTIL FUNDEB 70% - EFETIVOS;EFETIVO - PROFESSORES;852.XXX.XXX-63;164;40;CRECHE PRÉ-ESCOLAR MARGARIDA DE JESUS ALENCAR ( TIA GUIDA);1;02/02/1998;;;;;;1 - Efetivo;CONCURSO PUBLICO ;;;Efetivo;;PROFESSOR SL 40H
;Folha Mensal - Dezembro;ARLETE MARIA DA SILVA;PROFESSOR SL 40H;2.677,74;7.520,82;10.198,56;SECRETARIA MUNICIPAL DE EDUCAÇÃO;SECRETARIA MUNICIPAL DE EDUCAÇÃO;SME- DEPTO ENSINO INFANTIL FUNDEB 70% - EFETIVOS;EFETIVO - PROFESSORES;852.XXX.XXX-63;164;40;CRECHE PRÉ-ESCOLAR MARGARIDA DE JESUS ALENCAR ( TIA GUIDA);1;02/02/1998;;;;;;1 - Efetivo;CONCURSO PUBLICO ;;;Efetivo;;PROFESSOR SL 40H
;Folha Mensal - Dezembro;ARLEY JOHANES MOREIRA DE CARVALHO;PROFESSOR SL 40H - CELETISTA;267,85;2.618,29;2.886,14;SECRETARIA MUNICIPAL DE EDUCAÇÃO;SECRETARIA MUNICIPAL DE EDUCAÇÃO;SME - DEPTOR. ENSINO FUNDEB 70% IV - CELETISTAS;CONTRATADOS  EDUCAÇÃO;058.XXX.XXX-40;248;40;;5;06/03/2023;;;01/2024;;;3 - Temporário;TEMPO DETERMINADO;;;Contrato Temporario;;PROFESSOR SL 40H - CELETISTA
;Fechamento 13º Salário - Dezembro;ARLICIO ALEXANDRE BENIZ;AUX. ADMINISTRATIVO;448,24;2.587,76;3.036,00;SECRETARIA MUNICIPAL DE SAUDE;SECRETARIA MUNICIPAL DE SAUDE;SMS-DEPTOR.SEC. DE SAUDE II;EFETIVOS;031.XXX.XXX-11;62;40;SECRETARIA MUNICIPAL DE SAÚDE;1;02/02/2015;;;;;;1 - Efetivo;CONCURSO PUBLICO ;;;Efetivo;;AUX. ADMINISTRATIVO
;Folha Mensal - Dezembro;ARLICIO ALEXANDRE BENIZ;AUX. ADMINISTRATIVO;600,01;3.647,99;4.248,00;SECRETARIA MUNICIPAL DE SAUDE;SECRETARIA MUNICIPAL DE SAUDE;SMS-DEPTOR.SEC. DE SAUDE II;EFETIVOS;031.XXX.XXX-11;62;40;SECRETARIA MUNICIPAL DE SAÚDE;1;02/02/2015;;;;;;1 - Efetivo;CONCURSO PUBLICO ;;;Efetivo;;AUX. ADMINISTRATIVO
;Folha Mensal - Dezembro;ARRIGO JHORDAM DE CARVALHO GOMES;DIRETOR DE DEPARTAMENTO;128,70;1.521,30;1.650,00;SECRETARIA MUNICIPAL DE EDUCAÇÃO;FUNDO DE MANUT. E DEC.DA EDUC.BASICA-FUNDEB;SME- DEPTOR ADM FUNDEB 30 % VI - COMISSIONADOS;COMISSIONADOS;063.XXX.XXX-80;407;40;;3;02/04/2023;;01/2023;01/2025;;;2 - Comissão;LIVRE PROVIMENTO ;;;Função de Confiança;;DIRETOR DE DEPARTAMENTO
;Fechamento 13º Salário - Dezembro;AUCILENE MODESTO DE CARVALHO;AUX. DE SERV. GERAIS;1.002,96;581,04;1.584,00;SECRETARIA MUNICIPAL DE EDUCAÇÃO;FUNDO DE MANUT. E DEC.DA EDUC.BASICA-FUNDEB;SME- DEPTO. ADM -FUNDEB 30% II;EFETIVO - PROFESSORES;628.XXX.XXX-49;72;40;UNIDADE ESCOLAR MUNICIPAL DAVI SEVERIANO DE CARVALHO;1;02/03/1998;;;04/2022;;;1 - Efetivo;CONCURSO PUBLICO ;;;Efetivo;;AUX. DE SERV. GERAIS
;Folha Mensal - Dezembro;AUCILENE MODESTO DE CARVALHO;AUX. DE SERV. GERAIS;600,64;1.775,36;2.376,00;SECRETARIA MUNICIPAL DE EDUCAÇÃO;FUNDO DE MANUT. E DEC.DA EDUC.BASICA-FUNDEB;SME- DEPTO. ADM -FUNDEB 30% II;EFETIVO - PROFESSORES;628.XXX.XXX-49;72;40;UNIDADE ESCOLAR MUNICIPAL DAVI SEVERIANO DE CARVALHO;1;02/03/1998;;;04/2022;;;1 - Efetivo;CONCURSO PUBLICO ;;;Efetivo;;AUX. DE SERV. GERAIS
;Folha Mensal - Dezembro;AURICELIA IRENE DE CARVALHO;PROFESSOR SL 40H - CELETISTA;267,85;2.618,29;2.886,14;SECRETARIA MUNICIPAL DE EDUCAÇÃO;SECRETARIA MUNICIPAL DE EDUCAÇÃO;SME - DEPTOR. ENSINO FUNDEB 70% IV - CELETISTAS;CONTRATADOS  EDUCAÇÃO;033.XXX.XXX-02;279;40;U.E.M. JOSE DE MOURA LEAL;5;01/03/2023;;;01/2024;;;3 - Temporário;TEMPO DETERMINADO;;;Contrato Temporario;;PROFESSOR SL 40H - CELETISTA
;Folha Mensal - Dezembro;AURISLENE LEAL RIBEIRO;PROFESSOR SELETISTA;267,85;2.618,29;2.886,14;SECRETARIA MUNICIPAL DE EDUCAÇÃO;SECRETARIA MUNICIPAL DE EDUCAÇÃO;SME- DEPTO  ENSINO INFANTIL FUNDEB 70% - SELETISTAS;CONTRATADOS  EDUCAÇÃO;043.XXX.XXX-45;396;40;;2;01/03/2023;;;01/2024;;;3 - Temporário;TEMPO DETERMINADO;;;Contrato Temporario;;PROFESSOR SL 40H - CELETISTA
;Folha Mensal - Dezembro;CAIO EDUARDO SILVA;COORDENADOR DE SERVIÇOS;135,82;1.593,38;1.729,20;SECRETARIA MUNICIPAL DE SAUDE;SECRETARIA MUNICIPAL DE SAUDE;SMS-DEPTO.SEC.SAUDE-CONTRATADOS.;COMISSIONADOS;061.XXX.XXX-32;450;40;;1;01/02/2022;;;10/2024;;;2 - Comissão;TEMPO DETERMINADO;;;Função de Confiança;;DIRETOR DE DEPARTAMENTO
;Folha Mensal - Dezembro;CAMILLY HELEN DE SOUSA DIAS;ASSESSOR TÉCNICO (A) ADMINISTRATIVO;99,00;1.221,00;1.320,00;SECRETARIA MUNICIPAL DE EDUCAÇÃO;FUNDO DE MANUT. E DEC.DA EDUC.BASICA-FUNDEB;SME- DEPTOR ADM FUNDEB 30 % VI - COMISSIONADOS;COMISSIONADOS EDUCAÇÃO;623.XXX.XXX-43;463;40;;2;01/03/2023;;;08/2024;;;2 - Comissão;TEMPO DETERMINADO;;;Função de Confiança;;ASSESSOR TÉCNICO (A) ADMINISTRATIVO
;Folha Mensal - Dezembro;CARLA LARIZA RIBEIRO CARVALHO;DIRETOR DE DEPARTAMENTO;146,52;1.701,48;1.848,00;SECRETARIA MUNICIPAL DE EDUCAÇÃO;FUNDO DE MANUT. E DEC.DA EDUC.BASICA-FUNDEB;SME- DEPTOR ADM FUNDEB 30 % VI - COMISSIONADOS;COMISSIONADOS EDUCAÇÃO;025.XXX.XXX-09;443;40;;1;03/01/2022;;;01/2025;;;2 - Comissão;LIVRE PROVIMENTO ;;;Função de Confiança;;DIRETOR DE DEPARTAMENTO
;Folha Mensal - Dezembro;CARLOS EDUARDO DE SOUSA LEAL;MONITOR(A);99,00;1.221,00;1.320,00;SECRETARIA MUNICIPAL DE EDUCAÇÃO;FUNDO DE MANUT. E DEC.DA EDUC.BASICA-FUNDEB;SME-DEPTO.CONTRATO-ENSINO FUNDEB 30%;CONTRATADOS  EDUCAÇÃO;066.XXX.XXX-13;341;40;;3;01/03/2023;;;01/2025;;;3 - Temporário;TEMPO DETERMINADO;;;Contrato Temporario;;MONITOR(A)
;Fechamento 13º Salário - Dezembro;CASSIANO JOSE DA SILVA;GARI;1.221,57;824,43;2.046,00;PREFEITURA MUNICIPAL DE PADRE MARCOS-PI;SECRETARIA MUNICIPAL  DE ADMINISTRAÇÃO;SEAD - DEPTO.ADMINISTRAÇÃO II;EFETIVOS;029.XXX.XXX-18;3;40;;1;19/01/2015;;;;;;1 - Efetivo;CONCURSO PUBLICO ;;;Efetivo;;GARI
;Folha Mensal - Dezembro;CASSIANO JOSE DA SILVA;GARI;239,58;2.488,42;2.728,00;PREFEITURA MUNICIPAL DE PADRE MARCOS-PI;SECRETARIA MUNICIPAL  DE ADMINISTRAÇÃO;SEAD - DEPTO.ADMINISTRAÇÃO II;EFETIVOS;029.XXX.XXX-18;3;40;;1;19/01/2015;;;;;;1 - Efetivo;CONCURSO PUBLICO ;;;Efetivo;;GARI
;Fechamento 13º Salário - Dezembro;CHESMA MARIA CASTRO SILVA LIMA;PROFESSOR SE 40H;5.366,20;2.195,66;7.561,86;SECRETARIA MUNICIPAL DE EDUCAÇÃO;SECRETARIA MUNICIPAL DE EDUCAÇÃO;SME- DEPTOR ENSINO FUNDEB 70% III;EFETIVO - PROFESSORES;628.XXX.XXX-68;208;40;UNIDADE ESCOLAR MUNICIPAL CÂNDIDA MACEDO;1;02/02/1998;;;;;;1 - Efetivo;CONCURSO PUBLICO ;;;Efetivo;;PROFESSOR SE 40H
;Folha Mensal - Dezembro;CHESMA MARIA CASTRO SILVA LIMA;PROFESSOR SE 40H;3.051,65;8.291,14;11.342,79;SECRETARIA MUNICIPAL DE EDUCAÇÃO;SECRETARIA MUNICIPAL DE EDUCAÇÃO;SME- DEPTOR ENSINO FUNDEB 70% III;EFETIVO - PROFESSORES;628.XXX.XXX-68;208;40;UNIDADE ESCOLAR MUNICIPAL CÂNDIDA MACEDO;1;02/02/1998;;;;;;1 - Efetivo;CONCURSO PUBLICO ;;;Efetivo;;PROFESSOR SE 40H
;Folha Mensal - Dezembro;CLAUDÉCIO DIAS GRANJA;ASSESSOR TÉCNICO (A) ADMINISTRATIVO;99,00;1.221,00;1.320,00;PREFEITURA MUNICIPAL DE PADRE MARCOS-PI;SECRETARIA MUNICIPAL  DE ADMINISTRAÇÃO;SEAD -  DEPTO. ADMINISTRAÇÃO V- COMISSIONADOS;COMISSIONADOS;041.XXX.XXX-04;458;40;;1;01/04/2022;;;01/2025;;;2 - Comissão;TEMPO DETERMINADO;;;Função de Confiança;;ASSESSOR TÉCNICO (A) ADMINISTRATIVO
;Folha Mensal - Dezembro;CLAUDINEIA MARIA DE MACEDO;DIRETOR(A) DE ESCOLA;189,90;2.140,10;2.330,00;SECRETARIA MUNICIPAL DE EDUCAÇÃO;SECRETARIA MUNICIPAL DE EDUCAÇÃO;SME- DEPTOR. ENSINO FUNDEB 70% V - COMISSIONADOS;COMISSIONADOS EDUCAÇÃO;859.XXX.XXX-91;360;40;;2;01/02/2021;;;01/2025;;;2 - Comissão;LIVRE PROVIMENTO ;;;Função de Confiança;;DIRETOR(A) DE ESCOLA
;Folha Mensal - Dezembro;CLEBSON ELISON DE ARAUJO;CONSELHEIRO TUTELAR;99,00;1.221,00;1.320,00;SECRETARIA MUNICIPAL DE ASSISTENCIA SOCIAL;SECRETARIA MUNICIPAL DE ASSISTENCIA SOCIAL;SASC-ASSISTENCIA SOCIAL - CONSELHO;ELETIVOS;051.XXX.XXX-76;32;40;SEC MUN. DE ASSISTENCIA SOCIAL;2;10/01/2020;;;02/2024;;;7 - Conselheiro;ELEICAO/INDICACAO;;;Contrato Temporario;;CONSELHEIRO TUTELAR
;Folha Mensal - Dezembro;CLEIDIANO HENRIQUE DA SILVA;DIRETOR DE DEPARTAMENTO;99,00;1.221,00;1.320,00;PREFEITURA MUNICIPAL DE PADRE MARCOS-PI;SECRETARIA MUNICIPAL  DE ADMINISTRAÇÃO;SEAD -  DEPTO. ADMINISTRAÇÃO V- COMISSIONADOS;COMISSIONADOS;013.XXX.XXX-70;290;40;PREDIO DA PREFEITURA;1;02/01/2018;;;01/2025;;;2 - Comissão;LIVRE PROVIMENTO ;;;Função de Confiança;;DIRETOR DE DEPARTAMENTO
;Fechamento 13º Salário - Dezembro;CLEIVIMAR MARIA DE SOUSA;GARI;1.221,57;824,43;2.046,00;PREFEITURA MUNICIPAL DE PADRE MARCOS-PI;SECRETARIA MUNICIPAL  DE ADMINISTRAÇÃO;SEAD - DEPTO.ADMINISTRAÇÃO II;EFETIVOS;026.XXX.XXX-02;5;40;;1;19/01/2015;;;;;;1 - Efetivo;CONCURSO PUBLICO ;;;Efetivo;;GARI
;Folha Mensal - Dezembro;CLEIVIMAR MARIA DE SOUSA;GARI;239,58;2.488,42;2.728,00;PREFEITURA MUNICIPAL DE PADRE MARCOS-PI;SECRETARIA MUNICIPAL  DE ADMINISTRAÇÃO;SEAD - DEPTO.ADMINISTRAÇÃO II;EFETIVOS;026.XXX.XXX-02;5;40;;1;19/01/2015;;;;;;1 - Efetivo;CONCURSO PUBLICO ;;;Efetivo;;GARI
;Folha Mensal - Dezembro;CLENILDA JOSINA DE JESUS;DIRETOR DE DEPARTAMENTO;99,00;1.221,00;1.320,00;SECRETARIA MUNICIPAL DE EDUCAÇÃO;FUNDO DE MANUT. E DEC.DA EDUC.BASICA-FUNDEB;SME- DEPTOR ADM FUNDEB 30 % VI - COMISSIONADOS;COMISSIONADOS;001.XXX.XXX-59;512;40;;1;01/04/2023;;;01/2025;;;2 - Comissão;LIVRE PROVIMENTO ;;;Função de Confiança;;DIRETOR DE DEPARTAMENTO
;Folha Mensal - Dezembro;CLENILSA JOSEFA LEAL;DIRETOR DE DEPARTAMENTO;120,38;1.437,22;1.557,60;SECRETARIA MUNICIPAL DE EDUCAÇÃO;FUNDO DE MANUT. E DEC.DA EDUC.BASICA-FUNDEB;SME- DEPTOR ADM FUNDEB 30 % VI - COMISSIONADOS;COMISSIONADOS;044.XXX.XXX-08;483;40;;1;01/01/2023;;;01/2025;;;2 - Comissão;LIVRE PROVIMENTO ;;;Contrato Temporario;;DIRETOR DE DEPARTAMENTO
;Folha Mensal - Dezembro;CLOVIS FRANCISCO DE MORAIS;MONITOR(A);99,00;1.221,00;1.320,00;SECRETARIA MUNICIPAL DE EDUCAÇÃO;FUNDO DE MANUT. E DEC.DA EDUC.BASICA-FUNDEB;SME-DEPTO.CONTRATO-ENSINO FUNDEB 30%;CONTRATO TEMPORÁRIO;065.XXX.XXX-11;409;40;;3;02/03/2023;;01/2023;01/2025;;;3 - Temporário;TEMPO DETERMINADO;;;Contrato Temporario;;MONITOR(A)
;Fechamento 13º Salário - Dezembro;CONCEIÇÃO DE MARIA DE ARAUJO BEZERRA;FISIOTERAPEUTA;2.579,46;1.256,51;3.835,97;SECRETARIA MUNICIPAL DE SAUDE;SECRETARIA MUNICIPAL DE SAUDE;SMS - SEC. SAUDE NASF II;EFETIVOS;030.XXX.XXX-41;126;40;;1;02/02/2015;;;01/2022;;;1 - Efetivo;CONCURSO PUBLICO ;;;Efetivo;;FISIOTERAPEUTA
;Folha Mensal - Dezembro;CONCEIÇÃO DE MARIA DE ARAUJO BEZERRA;FISIOTERAPEUTA;953,63;4.161,00;5.114,63;SECRETARIA MUNICIPAL DE SAUDE;SECRETARIA MUNICIPAL DE SAUDE;SMS - SEC. SAUDE NASF II;EFETIVOS;030.XXX.XXX-41;126;40;;1;02/02/2015;;;01/2022;;;1 - Efetivo;CONCURSO PUBLICO ;;;Efetivo;;FISIOTERAPEUTA
;Folha Mensal - Dezembro;CRISTINA MARIA LEAL;MONITOR(A);99,00;1.221,00;1.320,00;SECRETARIA MUNICIPAL DE EDUCAÇÃO;FUNDO DE MANUT. E DEC.DA EDUC.BASICA-FUNDEB;SME-DEPTO.CONTRATO-ENSINO FUNDEB 30%;CONTRATADOS  EDUCAÇÃO;908.XXX.XXX-68;311;40;;3;01/03/2023;;;08/2024;;;3 - Temporário;TEMPO DETERMINADO;;;Contrato Temporario;;MONITOR(A)
;Folha Mensal - Dezembro;DAIANA KELLY DA SILVA;DIRETOR DE DEPARTAMENTO;99,00;1.221,00;1.320,00;SECRETARIA MUNICIPAL DE EDUCAÇÃO;FUNDO DE MANUT. E DEC.DA EDUC.BASICA-FUNDEB;SME- DEPTOR ADM FUNDEB 30 % VI - COMISSIONADOS;COMISSIONADOS;037.XXX.XXX-75;530;40;SECRETARIA MUNICIPAL DE EDUCAÇÃO;1;01/12/2023;;;01/2025;;;2 - Comissão;LIVRE PROVIMENTO ;;;Função de Confiança;;DIRETOR DE DEPARTAMENTO
;Folha Mensal - Dezembro;DALILA ANTONIA LEAL;AG.COMUNITÁRIO DE SAÚDE;322,81;2.997,95;3.320,76;SECRETARIA MUNICIPAL DE SAUDE;SECRETARIA MUNICIPAL DE SAUDE;SMS - SEC.DE SAUDE - ACS I;CONTRATO TEMPORÁRIO;002.XXX.XXX-08;243;40;SECRETARIA MUNICIPAL DE SAÚDE;6;02/03/2023;;;01/2025;;;3 - Temporário;TEMPO DETERMINADO;;;Contrato Temporario;;AG.COMUNITÁRIO DE SAÚDE
;Folha Complementar c/ Encargos - Dezembro;DALILA ANTONIA LEAL;AG.COMUNITÁRIO DE SAÚDE;240,17;-240,17;;SECRETARIA MUNICIPAL DE SAUDE;SECRETARIA MUNICIPAL DE SAUDE;SMS - SEC.DE SAUDE - ACS I;CONTRATO TEMPORÁRIO;002.XXX.XXX-08;243;40;SECRETARIA MUNICIPAL DE SAÚDE;6;02/03/2023;;;01/2025;;;3 - Temporário;TEMPO DETERMINADO;;;Contrato Temporario;;AG.COMUNITÁRIO DE SAÚDE
;Folha Mensal - Dezembro;DALVA MARIA DA SILVA;CONTROLADOR GERAL;138,20;1.617,40;1.755,60;PREFEITURA MUNICIPAL DE PADRE MARCOS-PI;GABINETE DO PREFEITO;GABINETE DO PREFEITO;COMISSIONADOS;322.XXX.XXX-15;113;40;;2;01/10/2023;;;01/2025;;;3 - Temporário;TEMPO DETERMINADO;;;Contrato Temporario;;CONTROLADOR GERAL
;Fechamento 13º Salário - Dezembro;DARCILENE MOURA ARAÚJO SOUSA;PROFESSOR SE 40H;4.332,32;2.400,39;6.732,71;SECRETARIA MUNICIPAL DE EDUCAÇÃO;SECRETARIA MUNICIPAL DE EDUCAÇÃO;SME- DEPTO ENSINO INFANTIL FUNDEB 70% - EFETIVOS;EFETIVO - PROFESSORES;330.XXX.XXX-68;168;40;CRECHE PRÉ-ESCOLAR MARGARIDA DE JESUS ALENCAR ( TIA GUIDA);1;15/02/2000;;;019/2023;;;1 - Efetivo;CONCURSO PUBLICO ;;;Efetivo;;PROFESSOR SE 40H
;Folha Mensal - Dezembro;DARCILENE MOURA ARAÚJO SOUSA;PROFESSOR SE 40H;2.810,97;7.769,00;10.579,97;SECRETARIA MUNICIPAL DE EDUCAÇÃO;SECRETARIA MUNICIPAL DE EDUCAÇÃO;SME- DEPTO ENSINO INFANTIL FUNDEB 70% - EFETIVOS;EFETIVO - PROFESSORES;330.XXX.XXX-68;168;40;CRECHE PRÉ-ESCOLAR MARGARIDA DE JESUS ALENCAR ( TIA GUIDA);1;15/02/2000;;;019/2023;;;1 - Efetivo;CONCURSO PUBLICO ;;;Efetivo;;PROFESSOR SE 40H
;Folha Mensal - Dezembro;DAUAN DANIEL DE SOUSA;PROFESSOR SL 40H - CELETISTA;267,85;2.618,29;2.886,14;SECRETARIA MUNICIPAL DE EDUCAÇÃO;SECRETARIA MUNICIPAL DE EDUCAÇÃO;SME - DEPTOR. ENSINO FUNDEB 70% IV - CELETISTAS;CONTRATADOS  EDUCAÇÃO;050.XXX.XXX-97;489;40;;1;06/03/2023;;;01/2024;;;3 - Temporário;TEMPO DETERMINADO;;;Contrato Temporario;;PROFESSOR SL 40H - CELETISTA
;Folha Mensal - Dezembro;DEBORA LIMA BARROS;PSICOLOGO;106,20;1.293,80;1.400,00;SECRETARIA MUNICIPAL DE ASSISTENCIA SOCIAL;FUNDO MUNICIPAL DE ASSISTENCIA SOCIAL-FMAS;CENTRO DE REFERENCIA. ASSISTENCIA SOCIAL-CRAS-PSB;CONTRATO TEMPORÁRIO;046.XXX.XXX-07;498;40;;1;01/03/2023;;;01/2024;;;3 - Temporário;TEMPO DETERMINADO;;;Contrato Temporario;;PSICOLOGO
;Folha Mensal - Dezembro;DEBORA RIBEIRO LEAL DIAS;VISITADOR PCF;99,00;1.221,00;1.320,00;SECRETARIA MUNICIPAL DE ASSISTENCIA SOCIAL;SECRETARIA MUNICIPAL DE ASSISTENCIA SOCIAL; PROG.CRIANÇA FELIZ;CONTRATADOS  EDUCAÇÃO;068.XXX.XXX-92;265;40;;3;01/03/2023;;;01/2025;;;3 - Temporário;TEMPO DETERMINADO;;;Contrato Temporario;;VISITADOR PCF
;Fechamento 13º Salário - Dezembro;DEUSDARIA DE SOUSA MACEDO CARVALHO;PROFESSOR SE 40H;1.936,27;5.625,59;7.561,86;SECRETARIA MUNICIPAL DE EDUCAÇÃO;SECRETARIA MUNICIPAL DE EDUCAÇÃO;SME- DEPTOR ENSINO FUNDEB 70% II;EFETIVO - PROFESSORES;839.XXX.XXX-34;169;40;U.E.M. JOSE DE MOURA LEAL;1;02/02/1998;;;;;;1 - Efetivo;CONCURSO PUBLICO ;;;Efetivo;;PROFESSOR SE 40H
;Folha Mensal - Dezembro;DEUSDARIA DE SOUSA MACEDO CARVALHO;PROFESSOR SE 40H;3.051,65;8.291,14;11.342,79;SECRETARIA MUNICIPAL DE EDUCAÇÃO;SECRETARIA MUNICIPAL DE EDUCAÇÃO;SME- DEPTOR ENSINO FUNDEB 70% II;EFETIVO - PROFESSORES;839.XXX.XXX-34;169;40;U.E.M. JOSE DE MOURA LEAL;1;02/02/1998;;;;;;1 - Efetivo;CONCURSO PUBLICO ;;;Efetivo;;PROFESSOR SE 40H
;Folha Mensal - Dezembro;DIEGO ARTHUR GOMES SILVA;ASSESSOR ESPECIAL;99,00;1.221,00;1.320,00;SECRETARIA MUNICIPAL DE EDUCAÇÃO;FUNDO DE MANUT. E DEC.DA EDUC.BASICA-FUNDEB;SME- DEPTOR ADM FUNDEB 30 % VI - COMISSIONADOS;COMISSIONADOS;118.XXX.XXX-80;486;40;;1;01/02/2023;;;;;;2 - Comissão;LIVRE PROVIMENTO ;;;;;ASSESSOR ESPECIAL
;Fechamento 13º Salário - Dezembro;DOMINGOS ALFREDO DA SILVA;AG. COMUNITARIO DE SAÚDE;2.292,04;1.271,96;3.564,00;SECRETARIA MUNICIPAL DE SAUDE;SECRETARIA MUNICIPAL DE SAUDE;SMS - SEC.DE SAUDE - ACS I;EFETIVOS;014.XXX.XXX-33;46;40;SECRETARIA MUNICIPAL DE SAÚDE;1;01/04/2008;;;;;;1 - Efetivo;CONCURSO PUBLICO ;;;Efetivo;;AG. COMUNITARIO DE SAÚDE
;Folha Mensal - Dezembro;DOMINGOS ALFREDO DA SILVA;AG. COMUNITARIO DE SAÚDE;1.599,55;3.305,21;4.904,76;SECRETARIA MUNICIPAL DE SAUDE;SECRETARIA MUNICIPAL DE SAUDE;SMS - SEC.DE SAUDE - ACS I;EFETIVOS;014.XXX.XXX-33;46;40;SECRETARIA MUNICIPAL DE SAÚDE;1;01/04/2008;;;;;;1 - Efetivo;CONCURSO PUBLICO ;;;Efetivo;;AG. COMUNITARIO DE SAÚDE
;Folha Complementar c/ Encargos - Dezembro;DOMINGOS ALFREDO DA SILVA;AG. COMUNITARIO DE SAÚDE;205,33;-205,33;;SECRETARIA MUNICIPAL DE SAUDE;SECRETARIA MUNICIPAL DE SAUDE;SMS - SEC.DE SAUDE - ACS I;EFETIVOS;014.XXX.XXX-33;46;40;SECRETARIA MUNICIPAL DE SAÚDE;1;01/04/2008;;;;;;1 - Efetivo;CONCURSO PUBLICO ;;;Efetivo;;AG. COMUNITARIO DE SAÚDE
;Folha Mensal - Dezembro;DOMINGOS ALFREDO DA SILVA;DIRETOR ADJUNTO;632,53;1.697,47;2.330,00;SECRETARIA MUNICIPAL DE EDUCAÇÃO;SECRETARIA MUNICIPAL DE EDUCAÇÃO;SME- DEPTOR. ENSINO FUNDEB 70% V - COMISSIONADOS;COMISSIONADOS EDUCAÇÃO;014.XXX.XXX-33;46;40;UNIDADE ESCOLAR MUNICIPAL DAVI SEVERIANO DE CARVALHO;4;01/03/2019;;;01/2025;;;3 - Temporário;TEMPO DETERMINADO;;;Função de Confiança;;DIRETOR ADJUNTO
;Folha Mensal - Dezembro;EDELSON EDIMILSON DA SILVA;COORDENADOR(A) PEDAGÓGICO;187,20;2.112,80;2.300,00;SECRETARIA MUNICIPAL DE EDUCAÇÃO;SECRETARIA MUNICIPAL DE EDUCAÇÃO;SME- DEPTOR. ENSINO FUNDEB 70% V - COMISSIONADOS;COMISSIONADOS EDUCAÇÃO;066.XXX.XXX-48;244;40;;4;01/02/2021;;;01/2025;;;2 - Comissão;TEMPO DETERMINADO;;;Função de Confiança;;COORDENADOR(A) PEDAGÓGICO
;Fechamento 13º Salário - Dezembro;EDENA MARIA DE SOUSA;TECNICO EM ENFERMAGEM;1.235,52;810,48;2.046,00;HOSPITAL MUNICIPAL DE PADRE MARCOS;SECRETARIA MUNICIPAL DE SAUDE;HOSPITAL - DEPTO. ADMINISTRATIVO I;EFETIVOS;397.XXX.XXX-34;16;40;HOSPITAL MUNICIPAL DE PADRE MARCOS;1;02/02/2015;;;20/2022;;;1 - Efetivo;CONCURSO PUBLICO ;;;Efetivo;;TECNICO EM ENFERMAGEM
;Folha Mensal - Dezembro;EDENA MARIA DE SOUSA;TECNICO EM ENFERMAGEM;219,12;2.508,88;2.728,00;HOSPITAL MUNICIPAL DE PADRE MARCOS;SECRETARIA MUNICIPAL DE SAUDE;HOSPITAL - DEPTO. ADMINISTRATIVO I;EFETIVOS;397.XXX.XXX-34;16;40;HOSPITAL MUNICIPAL DE PADRE MARCOS;1;02/02/2015;;;20/2022;;;1 - Efetivo;CONCURSO PUBLICO ;;;Efetivo;;TECNICO EM ENFERMAGEM
;Folha Complementar c/ Encargos - Dezembro;EDENA MARIA DE SOUSA;TECNICO EM ENFERMAGEM;458,16;-458,16;;HOSPITAL MUNICIPAL DE PADRE MARCOS;SECRETARIA MUNICIPAL DE SAUDE;HOSPITAL - DEPTO. ADMINISTRATIVO I;EFETIVOS;397.XXX.XXX-34;16;40;HOSPITAL MUNICIPAL DE PADRE MARCOS;1;02/02/2015;;;20/2022;;;1 - Efetivo;CONCURSO PUBLICO ;;;Efetivo;;TECNICO EM ENFERMAGEM
;Fechamento 13º Salário - Dezembro;EDILENE MACEDO SILVA;PROFESSOR SE 40H;4.626,73;1.918,03;6.544,76;SECRETARIA MUNICIPAL DE EDUCAÇÃO;SECRETARIA MUNICIPAL DE EDUCAÇÃO;SME- DEPTO ENSINO INFANTIL FUNDEB 70% - EFETIVOS;EFETIVO - PROFESSORES;035.XXX.XXX-75;134;40;CRECHE PRÉ-ESCOLAR MARGARIDA DE JESUS ALENCAR ( TIA GUIDA);1;02/03/2015;;;;;;1 - Efetivo;CONCURSO PUBLICO ;;;Efetivo;;PROFESSOR SE 40H
;Folha Mensal - Dezembro;EDILENE MACEDO SILVA;PROFESSOR SE 40H;2.518,69;7.298,45;9.817,14;SECRETARIA MUNICIPAL DE EDUCAÇÃO;SECRETARIA MUNICIPAL DE EDUCAÇÃO;SME- DEPTO ENSINO INFANTIL FUNDEB 70% - EFETIVOS;EFETIVO - PROFESSORES;035.XXX.XXX-75;134;40;CRECHE PRÉ-ESCOLAR MARGARIDA DE JESUS ALENCAR ( TIA GUIDA);1;02/03/2015;;;;;;1 - Efetivo;CONCURSO PUBLICO ;;;Efetivo;;PROFESSOR SE 40H
;Fechamento 13º Salário - Dezembro;EDILSON ANTONIO DA SILVA;VIGILANTE;971,52;546,48;1.518,00;SECRETARIA MUNICIPAL DE EDUCAÇÃO;FUNDO DE MANUT. E DEC.DA EDUC.BASICA-FUNDEB;SME- DEPTO ADM. FUNDEB 30% IV;EFETIVOS;319.XXX.XXX-40;102;40;U.E.M. JOSE DE MOURA LEAL;1;02/03/2015;;;;;;1 - Efetivo;CONCURSO PUBLICO ;;;Efetivo;;VIGILANTE
;Folha Mensal - Dezembro;EDILSON ANTONIO DA SILVA;VIGILANTE;227,70;1.856,12;2.083,82;SECRETARIA MUNICIPAL DE EDUCAÇÃO;FUNDO DE MANUT. E DEC.DA EDUC.BASICA-FUNDEB;SME- DEPTO ADM. FUNDEB 30% IV;EFETIVOS;319.XXX.XXX-40;102;40;U.E.M. JOSE DE MOURA LEAL;1;02/03/2015;;;;;;1 - Efetivo;CONCURSO PUBLICO ;;;Efetivo;;VIGILANTE
;Fechamento 13º Salário - Dezembro;EDIMAR BENEDITO DA SILVA;AUX.JUNTA SERV. MILITAR;1.338,05;752,65;2.090,70;PREFEITURA MUNICIPAL DE PADRE MARCOS-PI;SECRETARIA MUNICIPAL  DE ADMINISTRAÇÃO;SEAD - DEPTO. ADMINISTRAÇÃO III;TEMPO DE SERVIÇO;159.XXX.XXX-34;114;40;;1;01/06/1984;;;10/2025;;;1 - Efetivo;CONCURSO PUBLICO ;;;Efetivo;;AUX.JUNTA SERV. MILITAR
;Folha Mensal - Dezembro;EDIMAR BENEDITO DA SILVA;AUX.JUNTA SERV. MILITAR;303,77;2.483,83;2.787,60;PREFEITURA MUNICIPAL DE PADRE MARCOS-PI;SECRETARIA MUNICIPAL  DE ADMINISTRAÇÃO;SEAD - DEPTO. ADMINISTRAÇÃO III;TEMPO DE SERVIÇO;159.XXX.XXX-34;114;40;;1;01/06/1984;;;10/2025;;;1 - Efetivo;CONCURSO PUBLICO ;;;Efetivo;;AUX.JUNTA SERV. MILITAR
;Folha Mensal - Dezembro;EDINALDA DE ARAUJO SILVA;PROFESSORA DE EJA - CELETISTA;267,85;2.618,29;2.886,14;SECRETARIA MUNICIPAL DE EDUCAÇÃO;SECRETARIA MUNICIPAL DE EDUCAÇÃO;SME-DEPTOR. ENSINO FUNDEB 70%  VI EJA;CONTRATADOS  EDUCAÇÃO;877.XXX.XXX-53;300;40;UNIDADE ESCOLAR MUNICIPAL DAVI SEVERIANO DE CARVALHO;4;01/03/2023;;;01/2024;;;3 - Temporário;TEMPO DETERMINADO;;;Contrato Temporario;;PROFESSOR SL 40H - CELETISTA
;Folha Mensal - Dezembro;EDJENANE MACEDO MOURA;DIRETOR(A) DE ESCOLA;189,90;2.140,10;2.330,00;SECRETARIA MUNICIPAL DE EDUCAÇÃO;SECRETARIA MUNICIPAL DE EDUCAÇÃO;SME- DEPTOR. ENSINO FUNDEB 70% V - COMISSIONADOS;COMISSIONADOS EDUCAÇÃO;953.XXX.XXX-20;302;40;CRECHE PRÉ-ESCOLAR MARGARIDA DE JESUS ALENCAR ( TIA GUIDA);2;01/03/2019;;;01/2025;;;2 - Comissão;LIVRE PROVIMENTO ;;;Função de Confiança;;DIRETOR(A) DE ESCOLA
;Folha Mensal - Dezembro;EDSON LOPES DA SILVA;ASSESSOR TÉCNICO (A) ADMINISTRATIVO;99,00;1.221,00;1.320,00;PREFEITURA MUNICIPAL DE PADRE MARCOS-PI;SECRETARIA MUNICIPAL  DE ADMINISTRAÇÃO;SEAD -  DEPTO. ADMINISTRAÇÃO V- COMISSIONADOS;COMISSIONADOS;023.XXX.XXX-65;511;40;;1;01/04/2023;;;08/2024;;;2 - Comissão;TEMPO DETERMINADO;;;Função de Confiança;;ASSESSOR TÉCNICO (A) ADMINISTRATIVO
;Fechamento 13º Salário - Dezembro;EDSON MACEDO CARVALHO;PROFESSOR SE 40H;4.587,43;2.593,02;7.180,45;SECRETARIA MUNICIPAL DE EDUCAÇÃO;SECRETARIA MUNICIPAL DE EDUCAÇÃO;SME- DEPTOR ENSINO FUNDEB 70% II;EFETIVO - PROFESSORES;553.XXX.XXX-15;172;40;UNIDADE ESCOLAR MUNICIPAL CÂNDIDA MACEDO;1;02/02/1998;;;016/2023;;;1 - Efetivo;CONCURSO PUBLICO ;;;Efetivo;;PROFESSOR SE 40H
;Folha Mensal - Dezembro;EDSON MACEDO CARVALHO;PROFESSOR SE 40H;3.051,65;8.291,14;11.342,79;SECRETARIA MUNICIPAL DE EDUCAÇÃO;SECRETARIA MUNICIPAL DE EDUCAÇÃO;SME- DEPTOR ENSINO FUNDEB 70% II;EFETIVO - PROFESSORES;553.XXX.XXX-15;172;40;UNIDADE ESCOLAR MUNICIPAL CÂNDIDA MACEDO;1;02/02/1998;;;016/2023;;;1 - Efetivo;CONCURSO PUBLICO ;;;Efetivo;;PROFESSOR SE 40H
;Fechamento 13º Salário - Dezembro;EDVAR JOSE DE ARAUJO;AG. COMUNITARIO DE SAÚDE;2.292,04;1.271,96;3.564,00;SECRETARIA MUNICIPAL DE SAUDE;SECRETARIA MUNICIPAL DE SAUDE;SMS - SEC.DE SAUDE - ACS I;EFETIVOS;819.XXX.XXX-15;47;40;;1;18/03/2003;;;;;;1 - Efetivo;CONCURSO PUBLICO ;;;Efetivo;;AG. COMUNITARIO DE SAÚDE
;Folha Mensal - Dezembro;EDVAR JOSE DE ARAUJO;AG. COMUNITARIO DE SAÚDE;785,75;4.119,01;4.904,76;SECRETARIA MUNICIPAL DE SAUDE;SECRETARIA MUNICIPAL DE SAUDE;SMS - SEC.DE SAUDE - ACS I;EFETIVOS;819.XXX.XXX-15;47;40;;1;18/03/2003;;;;;;1 - Efetivo;CONCURSO PUBLICO ;;;Efetivo;;AG. COMUNITARIO DE SAÚDE
;Folha Complementar c/ Encargos - Dezembro;EDVAR JOSE DE ARAUJO;AG. COMUNITARIO DE SAÚDE;390,47;-390,47;;SECRETARIA MUNICIPAL DE SAUDE;SECRETARIA MUNICIPAL DE SAUDE;SMS - SEC.DE SAUDE - ACS I;EFETIVOS;819.XXX.XXX-15;47;40;;1;18/03/2003;;;;;;1 - Efetivo;CONCURSO PUBLICO ;;;Efetivo;;AG. COMUNITARIO DE SAÚDE
;Fechamento 13º Salário - Dezembro;EIDE JOSE RIBEIRO;VIGILANTE;1.019,04;630,96;1.650,00;PREFEITURA MUNICIPAL DE PADRE MARCOS-PI;SECRETARIA MUNICIPAL  DE ADMINISTRAÇÃO;SEAD - DEPTO. ADMINISTRAÇÃO III;EFETIVOS;818.XXX.XXX-87;115;40;;1;02/03/1999;;;;;;1 - Efetivo;CONCURSO PUBLICO ;;;Efetivo;;VIGILANTE
;Folha Mensal - Dezembro;EIDE JOSE RIBEIRO;VIGILANTE;194,04;2.065,78;2.259,82;PREFEITURA MUNICIPAL DE PADRE MARCOS-PI;SECRETARIA MUNICIPAL  DE ADMINISTRAÇÃO;SEAD - DEPTO. ADMINISTRAÇÃO III;EFETIVOS;818.XXX.XXX-87;115;40;;1;02/03/1999;;;;;;1 - Efetivo;CONCURSO PUBLICO ;;;Efetivo;;VIGILANTE
;Fechamento 13º Salário - Dezembro;ELAINE DE SOUSA CARVALHO;NUTRICIONISTA;2.413,36;1.210,64;3.624,00;SECRETARIA MUNICIPAL DE SAUDE;SECRETARIA MUNICIPAL DE SAUDE;SMS - SEC. SAUDE NASF II;EFETIVOS;024.XXX.XXX-27;127;40;;1;02/02/2015;;;;;;1 - Efetivo;CONCURSO PUBLICO ;;;Efetivo;;NUTRICIONISTA
;Folha Mensal - Dezembro;ELAINE DE SOUSA CARVALHO;NUTRICIONISTA;824,03;4.007,97;4.832,00;SECRETARIA MUNICIPAL DE SAUDE;SECRETARIA MUNICIPAL DE SAUDE;SMS - SEC. SAUDE NASF II;EFETIVOS;024.XXX.XXX-27;127;40;;1;02/02/2015;;;;;;1 - Efetivo;CONCURSO PUBLICO ;;;Efetivo;;NUTRICIONISTA
;Folha Mensal - Dezembro;ELIALDO ELISVALDO DE MACEDO;DIRETOR DE DEPARTAMENTO;146,52;1.701,48;1.848,00;SECRETARIA MUNICIPAL DE EDUCAÇÃO;FUNDO DE MANUT. E DEC.DA EDUC.BASICA-FUNDEB;SME- DEPTOR ADM FUNDEB 30 % VI - COMISSIONADOS;COMISSIONADOS EDUCAÇÃO;036.XXX.XXX-32;381;40;;1;04/01/2021;;;01/2025;;;2 - Comissão;LIVRE PROVIMENTO ;;;Função de Confiança;;DIRETOR DE DEPARTAMENTO
;Fechamento 13º Salário - Dezembro;ELIANA RODRIGUES DE SOUSA;PROFESSOR SE 40H;1.936,27;5.625,59;7.561,86;SECRETARIA MUNICIPAL DE EDUCAÇÃO;SECRETARIA MUNICIPAL DE EDUCAÇÃO;SME- DEPTOR ENSINO FUNDEB 70% II;EFETIVO - PROFESSORES;628.XXX.XXX-34;174;40;CRECHE PRÉ-ESCOLAR MARGARIDA DE JESUS ALENCAR ( TIA GUIDA);1;02/02/1998;;;;;;1 - Efetivo;CONCURSO PUBLICO ;;;Efetivo;;PROFESSOR SE 40H
;Folha Mensal - Dezembro;ELIANA RODRIGUES DE SOUSA;PROFESSOR SE 40H;4.281,65;7.061,14;11.342,79;SECRETARIA MUNICIPAL DE EDUCAÇÃO;SECRETARIA MUNICIPAL DE EDUCAÇÃO;SME- DEPTOR ENSINO FUNDEB 70% II;EFETIVO - PROFESSORES;628.XXX.XXX-34;174;40;CRECHE PRÉ-ESCOLAR MARGARIDA DE JESUS ALENCAR ( TIA GUIDA);1;02/02/1998;;;;;;1 - Efetivo;CONCURSO PUBLICO ;;;Efetivo;;PROFESSOR SE 40H
;Folha Mensal - Dezembro;ELIANE FRANCISCA DE SOUSA SILVA;PROFESSOR SL 40H - CELETISTA;267,85;2.618,29;2.886,14;SECRETARIA MUNICIPAL DE EDUCAÇÃO;SECRETARIA MUNICIPAL DE EDUCAÇÃO;SME - DEPTOR. ENSINO FUNDEB 70% IV - CELETISTAS;CONTRATADOS  EDUCAÇÃO;012.XXX.XXX-06;253;40;;5;01/03/2023;;;01/2024;;;3 - Temporário;TEMPO DETERMINADO;;;Contrato Temporario;;PROFESSOR SL 40H - CELETISTA
;Folha Mensal - Dezembro;ELIELMA DE SOUSA SILVA;VISITADOR PCF;99,00;1.221,00;1.320,00;SECRETARIA MUNICIPAL DE ASSISTENCIA SOCIAL;SECRETARIA MUNICIPAL DE ASSISTENCIA SOCIAL; PROG.CRIANÇA FELIZ;CONTRATO TEMPORÁRIO;052.XXX.XXX-81;408;40;;3;02/03/2023;;;05/2024;;;3 - Temporário;TEMPO DETERMINADO;;;Contrato Temporario;;VISITADOR PCF
;Fechamento 13º Salário - Dezembro;ELINEIDE MARIA DA SILVA ARAÚJO ALMEIDA;COZINHEIRO (A);961,17;556,83;1.518,00;SECRETARIA MUNICIPAL DE EDUCAÇÃO;FUNDO DE MANUT. E DEC.DA EDUC.BASICA-FUNDEB;SME- DEPTO. ADM.FUNDEB 30% I;EFETIVOS;024.XXX.XXX-77;68;40;U.E.M. JOSE DE MOURA LEAL;1;01/04/2015;;;;;;1 - Efetivo;CONCURSO PUBLICO ;;;Efetivo;;COZINHEIRO (A)
;Folha Mensal - Dezembro;ELINEIDE MARIA DA SILVA ARAÚJO ALMEIDA;COZINHEIRO (A);212,52;1.871,30;2.083,82;SECRETARIA MUNICIPAL DE EDUCAÇÃO;FUNDO DE MANUT. E DEC.DA EDUC.BASICA-FUNDEB;SME- DEPTO. ADM.FUNDEB 30% I;EFETIVOS;024.XXX.XXX-77;68;40;U.E.M. JOSE DE MOURA LEAL;1;01/04/2015;;;;;;1 - Efetivo;CONCURSO PUBLICO ;;;Efetivo;;COZINHEIRO (A)
;Folha Mensal - Dezembro;ELIO ZACARIAS DA SILVA JUNIOR;AUX. DE SERVIÇOS GERAIS;99,00;1.221,00;1.320,00;SECRETARIA MUNICIPAL DE EDUCAÇÃO;FUNDO DE MANUT. E DEC.DA EDUC.BASICA-FUNDEB;SME-DEPTO.CONTRATO-ENSINO FUNDEB 30%;CONTRATADOS  EDUCAÇÃO;006.XXX.XXX-05;412;40;;2;01/03/2023;;;01/2025;;;3 - Temporário;TEMPO DETERMINADO;;;Contrato Temporario;;AUX. DE SERVIÇOS GERAIS
;Folha Mensal - Dezembro;ELISVAN JACINTO GOMES CARVALHO;ASSESSOR TÉCNICO (A) ADMINISTRATIVO;99,00;1.221,00;1.320,00;SECRETARIA MUNICIPAL DE EDUCAÇÃO;FUNDO DE MANUT. E DEC.DA EDUC.BASICA-FUNDEB;SME- DEPTOR ADM FUNDEB 30 % VI - COMISSIONADOS;COMISSIONADOS EDUCAÇÃO;835.XXX.XXX-10;430;40;;1;01/08/2021;;;01/2025;;;2 - Comissão;TEMPO DETERMINADO;;;Função de Confiança;;ASSESSOR TÉCNICO (A) ADMINISTRATIVO
;Folha Mensal - Dezembro;ELITÂNIA JOSEFA DE CARVALHO MACEDO;VISITADOR PCF;99,00;1.221,00;1.320,00;SECRETARIA MUNICIPAL DE ASSISTENCIA SOCIAL;SECRETARIA MUNICIPAL DE ASSISTENCIA SOCIAL; PROG.CRIANÇA FELIZ;COMISSIONADOS;080.XXX.XXX-03;500;40;;1;01/03/2023;;;01/2025;;;3 - Temporário;TEMPO DETERMINADO;;;Contrato Temporario;;VISITADOR PCF
;Folha Mensal - Dezembro;ELITANIA MARIA CONCEIÇÃO;PROFESSOR SL 40H - CELETISTA;267,85;2.618,29;2.886,14;SECRETARIA MUNICIPAL DE EDUCAÇÃO;SECRETARIA MUNICIPAL DE EDUCAÇÃO;SME - DEPTOR. ENSINO FUNDEB 70% IV - CELETISTAS;CONTRATADOS  EDUCAÇÃO;966.XXX.XXX-87;249;40;UNIDADE ESCOLAR MUNICIPAL CÂNDIDA MACEDO;5;01/03/2023;;;01/2024;;;3 - Temporário;TEMPO DETERMINADO;;;Contrato Temporario;;PROFESSOR SL 40H - CELETISTA
;Fechamento 13º Salário - Dezembro;EMANOELA CONRADO SOUSA LIMA;PROFESSOR SE 40H;4.493,24;1.797,25;6.290,49;SECRETARIA MUNICIPAL DE EDUCAÇÃO;SECRETARIA MUNICIPAL DE EDUCAÇÃO;SME- DEPTO ENSINO INFANTIL FUNDEB 70% - EFETIVOS;EFETIVO - PROFESSORES;790.XXX.XXX-49;135;40;CRECHE PRÉ-ESCOLAR MARGARIDA DE JESUS ALENCAR ( TIA GUIDA);1;02/03/2015;;;;;;1 - Efetivo;CONCURSO PUBLICO ;;;Efetivo;;PROFESSOR SE 40H
;Folha Mensal - Dezembro;EMANOELA CONRADO SOUSA LIMA;PROFESSOR SE 40H;4.070,25;5.365,49;9.435,74;SECRETARIA MUNICIPAL DE EDUCAÇÃO;SECRETARIA MUNICIPAL DE EDUCAÇÃO;SME- DEPTO ENSINO INFANTIL FUNDEB 70% - EFETIVOS;EFETIVO - PROFESSORES;790.XXX.XXX-49;135;40;CRECHE PRÉ-ESCOLAR MARGARIDA DE JESUS ALENCAR ( TIA GUIDA);1;02/03/2015;;;;;;1 - Efetivo;CONCURSO PUBLICO ;;;Efetivo;;PROFESSOR SE 40H
;Folha Mensal - Dezembro;EMANUELA PAIVA SILVA;DIRETOR DE DEPARTAMENTO;99,00;1.221,00;1.320,00;SECRETARIA MUNICIPAL DE EDUCAÇÃO;FUNDO DE MANUT. E DEC.DA EDUC.BASICA-FUNDEB;SME- DEPTOR ADM FUNDEB 30 % VI - COMISSIONADOS;COMISSIONADOS EDUCAÇÃO;068.XXX.XXX-10;448;40;;1;01/02/2022;;;01/2025;;;2 - Comissão;LIVRE PROVIMENTO ;;;Função de Confiança;;DIRETOR DE DEPARTAMENTO
;Folha Mensal - Dezembro;EMERSON ROBERTO DA SILVA;COORDENADOR DE SERVIÇOS;99,00;1.221,00;1.320,00;SECRETARIA MUNICIPAL DE ASSISTENCIA SOCIAL;SECRETARIA MUNICIPAL DE ASSISTENCIA SOCIAL;SASC-DEPTO. ASSISTENCIA SOCIAL I;COMISSIONADOS;068.XXX.XXX-30;453;40;;2;01/04/2023;;;08/2024;;;2 - Comissão;TEMPO DETERMINADO;;;Função de Confiança;;COORDENADOR DE SERVIÇOS
;Folha Mensal - Dezembro;ENOQUE HERMINO LEAL;DIRETOR DE DEPARTAMENTO;99,00;1.221,00;1.320,00;PREFEITURA MUNICIPAL DE PADRE MARCOS-PI;SECRETARIA MUNICIPAL  DE ADMINISTRAÇÃO;SEAD -  DEPTO. ADMINISTRAÇÃO V- COMISSIONADOS;COMISSIONADOS EDUCAÇÃO;869.XXX.XXX-20;469;40;;1;01/06/2022;;;01/2025;;;2 - Comissão;LIVRE PROVIMENTO ;;;Função de Confiança;;DIRETOR DE DEPARTAMENTO
;Fechamento 13º Salário - Dezembro;ERALDO CARVALHO GOMES;AUX. DE SERV. GERAIS;971,52;546,48;1.518,00;SECRETARIA MUNICIPAL DE EDUCAÇÃO;FUNDO DE MANUT. E DEC.DA EDUC.BASICA-FUNDEB;SME- DEPTO. ADM -FUNDEB 30% II;EFETIVOS;010.XXX.XXX-27;214;40;;1;02/03/2015;;;;;;1 - Efetivo;CONCURSO PUBLICO ;;;Efetivo em Comissão;;AUX. DE SERV. GERAIS
;Folha Mensal - Dezembro;ERALDO CARVALHO GOMES;AUX. DE SERV. GERAIS;227,70;1.796,30;2.024,00;SECRETARIA MUNICIPAL DE EDUCAÇÃO;FUNDO DE MANUT. E DEC.DA EDUC.BASICA-FUNDEB;SME- DEPTO. ADM -FUNDEB 30% II;EFETIVOS;010.XXX.XXX-27;214;40;;1;02/03/2015;;;;;;1 - Efetivo;CONCURSO PUBLICO ;;;Efetivo em Comissão;;AUX. DE SERV. GERAIS
;Fechamento 13º Salário - Dezembro;ERIK RAMON MACEDO;VIGILANTE;971,52;546,48;1.518,00;SECRETARIA MUNICIPAL DE EDUCAÇÃO;FUNDO DE MANUT. E DEC.DA EDUC.BASICA-FUNDEB;SME- DEPTO ADM. FUNDEB 30% IV;EFETIVOS;007.XXX.XXX-03;103;40;UNIDADE ESCOLAR MUNICIPAL DAVI SEVERIANO DE CARVALHO;1;27/02/2015;;;;;;1 - Efetivo;CONCURSO PUBLICO ;;;Efetivo;;VIGILANTE
;Folha Mensal - Dezembro;ERIK RAMON MACEDO;VIGILANTE;227,70;1.915,94;2.143,64;SECRETARIA MUNICIPAL DE EDUCAÇÃO;FUNDO DE MANUT. E DEC.DA EDUC.BASICA-FUNDEB;SME- DEPTO ADM. FUNDEB 30% IV;EFETIVOS;007.XXX.XXX-03;103;40;UNIDADE ESCOLAR MUNICIPAL DAVI SEVERIANO DE CARVALHO;1;27/02/2015;;;;;;1 - Efetivo;CONCURSO PUBLICO ;;;Efetivo;;VIGILANTE
;Folha Mensal - Dezembro;ERIMAR DE CARVALHO GOMES;SECRETARIO MUNICIPAL DE TRANSPORTE;138,20;1.617,40;1.755,60;PREFEITURA MUNICIPAL DE PADRE MARCOS-PI;SECRETARIA MUNICIPAL  DE ADMINISTRAÇÃO;ADM.SEC.MUNICIPAL DE TRANSPORTES;COMISSIONADOS;001.XXX.XXX-32;258;40;;2;01/02/2018;;;01/2025;;;2 - Comissão;LIVRE PROVIMENTO ;;;Função de Confiança;;SECRETARIO MUNICIPAL DE TRANSPORTE
;Folha Mensal - Dezembro;ERISVALDO FRANCISCO DA SILVA;AUX. DE SERVIÇOS GERAIS;99,00;1.221,00;1.320,00;SECRETARIA MUNICIPAL DE SAUDE;SECRETARIA MUNICIPAL DE SAUDE;SMS-DEPTO.SEC.SAUDE-CONTRATADOS.;CONTRATO TEMPORÁRIO;022.XXX.XXX-70;256;40;;4;01/03/2023;;;01/2025;;;3 - Temporário;TEMPO DETERMINADO;;;Contrato Temporario;;AUX. DE SERVIÇOS GERAIS
;Fechamento 13º Salário - Dezembro;ESEQUIEL JOAQUIM SILVA DIAS;ENFERMEIRO;5.288,73;1.111,27;6.400,00;SECRETARIA MUNICIPAL DE SAUDE;SECRETARIA MUNICIPAL DE SAUDE;SMS - DEPTOR .SEC. DE SAUDE;EFETIVOS;823.XXX.XXX-15;118;40;UNIDADE PSF;1;01/04/2008;;;;;;1 - Efetivo;CONCURSO PUBLICO ;;;Efetivo;;ENFERMEIRO
;Folha Mensal - Dezembro;ESEQUIEL JOAQUIM SILVA DIAS;ENFERMEIRO;2.894,80;6.219,03;9.113,83;SECRETARIA MUNICIPAL DE SAUDE;SECRETARIA MUNICIPAL DE SAUDE;SMS - DEPTOR .SEC. DE SAUDE;EFETIVOS;823.XXX.XXX-15;118;40;UNIDADE PSF;1;01/04/2008;;;;;;1 - Efetivo;CONCURSO PUBLICO ;;;Efetivo;;ENFERMEIRO
;Folha Mensal - Dezembro;ESEQUIEL JOAQUIM SILVA DIAS;PROFESSOR SL 20H;1.754,78;3.153,81;4.908,59;SECRETARIA MUNICIPAL DE EDUCAÇÃO;SECRETARIA MUNICIPAL DE EDUCAÇÃO;SME-DEPTOR. ENSINO FUNDEB 70%  VI EJA;EFETIVO - PROFESSORES;823.XXX.XXX-15;118;20;UNIDADE ESCOLAR MUNICIPAL DAVI SEVERIANO DE CARVALHO;2;15/02/2000;;;;;;1 - Efetivo;CONCURSO PUBLICO ;;;Efetivo;;PROFESSOR SL 20H
;Fechamento 13º Salário - Dezembro;ESEQUIEL JOAQUIM SILVA DIAS;PROFESSOR SL 20H;2.125,17;1.147,22;3.272,39;SECRETARIA MUNICIPAL DE EDUCAÇÃO;SECRETARIA MUNICIPAL DE EDUCAÇÃO;SME-DEPTOR. ENSINO FUNDEB 70%  VI EJA;EFETIVO - PROFESSORES;823.XXX.XXX-15;118;20;UNIDADE ESCOLAR MUNICIPAL DAVI SEVERIANO DE CARVALHO;2;15/02/2000;;;;;;1 - Efetivo;CONCURSO PUBLICO ;;;Efetivo;;PROFESSOR SL 20H
;Folha Mensal - Dezembro;EUDE DA SILVA OLIVEIRA;AUX. DE SERV. GERAIS;230,34;2.145,66;2.376,00;HOSPITAL MUNICIPAL DE PADRE MARCOS;SECRETARIA MUNICIPAL DE SAUDE;HOSPITAL - DEPTO. ADMINISTRATIVO I;EFETIVOS;925.XXX.XXX-34;17;40;HOSPITAL MUNICIPAL DE PADRE MARCOS;1;02/03/2015;;;;;;1 - Efetivo;CONCURSO PUBLICO ;;;Efetivo;;AUX. DE SERV. GERAIS
;Fechamento 13º Salário - Dezembro;EUDE DA SILVA OLIVEIRA;AUX. DE SERV. GERAIS;1.037,52;744,48;1.782,00;HOSPITAL MUNICIPAL DE PADRE MARCOS;SECRETARIA MUNICIPAL DE SAUDE;HOSPITAL - DEPTO. ADMINISTRATIVO I;EFETIVOS;925.XXX.XXX-34;17;40;HOSPITAL MUNICIPAL DE PADRE MARCOS;1;02/03/2015;;;;;;1 - Efetivo;CONCURSO PUBLICO ;;;Efetivo;;AUX. DE SERV. GERAIS
;Fechamento 13º Salário - Dezembro;EUNICE DA SILVA OLIVEIRA;PROFESSOR SE 40H;5.136,97;1.916,34;7.053,31;SECRETARIA MUNICIPAL DE EDUCAÇÃO;SECRETARIA MUNICIPAL DE EDUCAÇÃO;SME- DEPTO ENSINO INFANTIL FUNDEB 70% - EFETIVOS;EFETIVO - PROFESSORES;837.XXX.XXX-72;177;40;CRECHE PRÉ-ESCOLAR MARGARIDA DE JESUS ALENCAR ( TIA GUIDA);1;03/02/1995;;;;;;1 - Efetivo;CONCURSO PUBLICO ;;;Efetivo;;PROFESSOR SE 40H
;Folha Mensal - Dezembro;EUNICE DA SILVA OLIVEIRA;PROFESSOR SE 40H;2.810,97;7.769,00;10.579,97;SECRETARIA MUNICIPAL DE EDUCAÇÃO;SECRETARIA MUNICIPAL DE EDUCAÇÃO;SME- DEPTO ENSINO INFANTIL FUNDEB 70% - EFETIVOS;EFETIVO - PROFESSORES;837.XXX.XXX-72;177;40;CRECHE PRÉ-ESCOLAR MARGARIDA DE JESUS ALENCAR ( TIA GUIDA);1;03/02/1995;;;;;;1 - Efetivo;CONCURSO PUBLICO ;;;Efetivo;;PROFESSOR SE 40H
;Fechamento 13º Salário - Dezembro;EUZELITE ALVES DE OLIVEIRA;SECRETARIO(A) ESCOLAR II;971,52;546,48;1.518,00;SECRETARIA MUNICIPAL DE EDUCAÇÃO;FUNDO DE MANUT. E DEC.DA EDUC.BASICA-FUNDEB;SME- DEPTO. ADM.FUNDEB 30% I;EFETIVOS;648.XXX.XXX-00;71;40;U.E.M. JOSE DE MOURA LEAL;1;03/02/2015;;;;01/09/2021;09/2021;1 - Efetivo;CONCURSO PUBLICO ;;;Efetivo;;SECRETARIO(A) ESCOLAR II
;Folha Mensal - Dezembro;EUZELITE ALVES DE OLIVEIRA;SECRETARIO(A) ESCOLAR II;227,70;1.796,30;2.024,00;SECRETARIA MUNICIPAL DE EDUCAÇÃO;FUNDO DE MANUT. E DEC.DA EDUC.BASICA-FUNDEB;SME- DEPTO. ADM.FUNDEB 30% I;EFETIVOS;648.XXX.XXX-00;71;40;U.E.M. JOSE DE MOURA LEAL;1;03/02/2015;;;;01/09/2021;09/2021;1 - Efetivo;CONCURSO PUBLICO ;;;Efetivo;;SECRETARIO(A) ESCOLAR II
;Folha Mensal - Dezembro;EVA LEONICE DA COSTA SOUSA;PROFESSOR SELETISTA;267,85;2.618,29;2.886,14;SECRETARIA MUNICIPAL DE EDUCAÇÃO;SECRETARIA MUNICIPAL DE EDUCAÇÃO;SME- DEPTO  ENSINO INFANTIL FUNDEB 70% - SELETISTAS;CONTRATADOS  EDUCAÇÃO;050.XXX.XXX-51;398;40;;2;01/03/2023;;;01/2024;;;3 - Temporário;TEMPO DETERMINADO;;;Contrato Temporario;;PROFESSOR SL 40H - CELETISTA
;Fechamento 13º Salário - Dezembro;EVANA SÁ BRITO;PROFESSOR SE 40H;4.626,73;1.918,03;6.544,76;SECRETARIA MUNICIPAL DE EDUCAÇÃO;SECRETARIA MUNICIPAL DE EDUCAÇÃO;SME- DEPTO ENSINO INFANTIL FUNDEB 70% - EFETIVOS;EFETIVO - PROFESSORES;035.XXX.XXX-93;136;40;CRECHE PRÉ-ESCOLAR MARGARIDA DE JESUS ALENCAR ( TIA GUIDA);1;03/08/2015;;;04/2021;;;1 - Efetivo;CONCURSO PUBLICO ;;;Efetivo;;PROFESSOR SE 40H
;Folha Mensal - Dezembro;EVANA SÁ BRITO;PROFESSOR SE 40H;2.518,69;7.298,45;9.817,14;SECRETARIA MUNICIPAL DE EDUCAÇÃO;SECRETARIA MUNICIPAL DE EDUCAÇÃO;SME- DEPTO ENSINO INFANTIL FUNDEB 70% - EFETIVOS;EFETIVO - PROFESSORES;035.XXX.XXX-93;136;40;CRECHE PRÉ-ESCOLAR MARGARIDA DE JESUS ALENCAR ( TIA GUIDA);1;03/08/2015;;;04/2021;;;1 - Efetivo;CONCURSO PUBLICO ;;;Efetivo;;PROFESSOR SE 40H
;Folha Mensal - Dezembro;EVANDO EDVALDO DE MACEDO FILHO;DIRETOR DE DEPARTAMENTO;158,40;1.821,60;1.980,00;SECRETARIA MUNICIPAL DE EDUCAÇÃO;FUNDO DE MANUT. E DEC.DA EDUC.BASICA-FUNDEB;SME- DEPTOR ADM FUNDEB 30 % VI - COMISSIONADOS;COMISSIONADOS EDUCAÇÃO;080.XXX.XXX-39;478;40;SECRETARIA MUNICIPAL DE EDUCAÇÃO;1;01/09/2022;;;01/2025;;;2 - Comissão;LIVRE PROVIMENTO ;;;Função de Confiança;;DIRETOR DE DEPARTAMENTO
;Folha Mensal - Dezembro;EWELYNN OLIVEIRA ALVES;MEDICO (A) TEMPORARIO (A) PLANTÃO;394,40;3.090,60;3.485,00;SECRETARIA MUNICIPAL DE SAUDE;SECRETARIA MUNICIPAL DE SAUDE;SMS- DEPARTAMENTO DA SAÚDE- PLANTÃO;CONTRATO TEMPORÁRIO;078.XXX.XXX-60;484;40;;2;02/03/2023;;;07/2024;;;3 - Temporário;TEMPO DETERMINADO;;;Contrato Temporario;;MEDICO (A) TEMPORARIO (A) PLANTÃO
;Fechamento 13º Salário - Dezembro;EXPEDITO ANTONIO DE CARVALHO;FISCAL DE OBRA;229,35;2.546,23;2.775,58;PREFEITURA MUNICIPAL DE PADRE MARCOS-PI;SECRETARIA MUNICIPAL  DE ADMINISTRAÇÃO;SEAD - DEPTO. ADMINISTRAÇÃO III;TEMPO DE SERVIÇO;112.XXX.XXX-53;111;40;;1;01/03/1983;;;;;;1 - Efetivo;CONCURSO PUBLICO ;;;Efetivo;;FISCAL DE TRIBUTOS
;Folha Mensal - Dezembro;EXPEDITO ANTONIO DE CARVALHO;FISCAL DE OBRA;324,70;3.376,07;3.700,77;PREFEITURA MUNICIPAL DE PADRE MARCOS-PI;SECRETARIA MUNICIPAL  DE ADMINISTRAÇÃO;SEAD - DEPTO. ADMINISTRAÇÃO III;TEMPO DE SERVIÇO;112.XXX.XXX-53;111;40;;1;01/03/1983;;;;;;1 - Efetivo;CONCURSO PUBLICO ;;;Efetivo;;FISCAL DE TRIBUTOS
;Fechamento 13º Salário - Dezembro;FÁBIA LOANE DE MACEDO;PROFESSOR SE 40H;4.626,73;1.918,03;6.544,76;SECRETARIA MUNICIPAL DE EDUCAÇÃO;SECRETARIA MUNICIPAL DE EDUCAÇÃO;SME- DEPTOR ENSINO FUNDEB 70% I;EFETIVO - PROFESSORES;807.XXX.XXX-04;137;40;U.E.M. JOSE DE MOURA LEAL;1;02/03/2015;;;;;;1 - Efetivo;CONCURSO PUBLICO ;;;Efetivo;;PROFESSOR SE 40H
;Folha Mensal - Dezembro;FÁBIA LOANE DE MACEDO;PROFESSOR SE 40H;2.518,69;7.298,45;9.817,14;SECRETARIA MUNICIPAL DE EDUCAÇÃO;SECRETARIA MUNICIPAL DE EDUCAÇÃO;SME- DEPTOR ENSINO FUNDEB 70% I;EFETIVO - PROFESSORES;807.XXX.XXX-04;137;40;U.E.M. JOSE DE MOURA LEAL;1;02/03/2015;;;;;;1 - Efetivo;CONCURSO PUBLICO ;;;Efetivo;;PROFESSOR SE 40H
;Folha Mensal - Dezembro;FABIANO FRANCISCO DA SILVA;ASSESSOR TÉCNICO (A) ADMINISTRATIVO;99,00;1.221,00;1.320,00;SECRETARIA MUNICIPAL DE EDUCAÇÃO;FUNDO DE MANUT. E DEC.DA EDUC.BASICA-FUNDEB;SME- DEPTOR ADM FUNDEB 30 % VI - COMISSIONADOS;COMISSIONADOS;900.XXX.XXX-49;482;40;;1;01/12/2022;;;01/2025;;;2 - Comissão;TEMPO DETERMINADO;;;Função de Confiança;;ASSESSOR TÉCNICO (A) ADMINISTRATIVO
;Fechamento 13º Salário - Dezembro;FABIO JUNIOR DE CARVALHO NASCIMENTO;AUX. DE SERV. GERAIS;1.156,47;889,53;2.046,00;HOSPITAL MUNICIPAL DE PADRE MARCOS;SECRETARIA MUNICIPAL DE SAUDE;HOSPITAL - DEPTO. ADMINISTRATIVO I;EFETIVOS;007.XXX.XXX-09;18;40;HOSPITAL MUNICIPAL DE PADRE MARCOS;1;19/01/2015;;;;;;1 - Efetivo;CONCURSO PUBLICO ;;;Efetivo;;AUX. DE SERV. GERAIS
;Folha Mensal - Dezembro;FABIO JUNIOR DE CARVALHO NASCIMENTO;AUX. DE SERV. GERAIS;219,12;2.508,88;2.728,00;HOSPITAL MUNICIPAL DE PADRE MARCOS;SECRETARIA MUNICIPAL DE SAUDE;HOSPITAL - DEPTO. ADMINISTRATIVO I;EFETIVOS;007.XXX.XXX-09;18;40;HOSPITAL MUNICIPAL DE PADRE MARCOS;1;19/01/2015;;;;;;1 - Efetivo;CONCURSO PUBLICO ;;;Efetivo;;AUX. DE SERV. GERAIS
;Folha Mensal - Dezembro;FABIO MANOEL DE CARVALHO;MONITOR(A);99,00;1.221,00;1.320,00;SECRETARIA MUNICIPAL DE EDUCAÇÃO;FUNDO DE MANUT. E DEC.DA EDUC.BASICA-FUNDEB;SME-DEPTO.CONTRATO-ENSINO FUNDEB 30%;CONTRATO TEMPORÁRIO;067.XXX.XXX-51;262;40;;3;02/03/2023;;;08/2024;;;3 - Temporário;TEMPO DETERMINADO;;;Contrato Temporario;;MONITOR(A)
;Fechamento 13º Salário - Dezembro;FABIO MOURA DE ARAÚJO;COZINHEIRO (A);971,52;546,48;1.518,00;SECRETARIA MUNICIPAL DE EDUCAÇÃO;FUNDO DE MANUT. E DEC.DA EDUC.BASICA-FUNDEB;SME- DEPTO. ADM.FUNDEB 30% I;EFETIVOS;944.XXX.XXX-04;69;40;U.E.M. JOSE DE MOURA LEAL;1;02/02/2015;;;;;;1 - Efetivo;CONCURSO PUBLICO ;;;Efetivo;;COZINHEIRO (A)
;Folha Mensal - Dezembro;FABIO MOURA DE ARAÚJO;COZINHEIRO (A);212,52;1.871,30;2.083,82;SECRETARIA MUNICIPAL DE EDUCAÇÃO;FUNDO DE MANUT. E DEC.DA EDUC.BASICA-FUNDEB;SME- DEPTO. ADM.FUNDEB 30% I;EFETIVOS;944.XXX.XXX-04;69;40;U.E.M. JOSE DE MOURA LEAL;1;02/02/2015;;;;;;1 - Efetivo;CONCURSO PUBLICO ;;;Efetivo;;COZINHEIRO (A)
;Fechamento 13º Salário - Dezembro;FABRICIO FRANCISCO DE CARVALHO LEITE;TECNICO DE CONTROLE INTERNO DE NIVEL I;960,00;540,00;1.500,00;PREFEITURA MUNICIPAL DE PADRE MARCOS-PI;SECRETARIA MUNICIPAL  DE ADMINISTRAÇÃO;SEAD - DEPTO. ADMINISTRAÇÃO III;EFETIVOS;052.XXX.XXX-85;307;40;PREDIO DA PREFEITURA;1;09/11/2018;;;;;;1 - Efetivo;CONCURSO PUBLICO ;01/2018;;Efetivo;;TECNICO DE CONTROLE INTERNO DE NIVEL I
;Folha Mensal - Dezembro;FABRICIO FRANCISCO DE CARVALHO LEITE;TECNICO DE CONTROLE INTERNO DE NIVEL I;210,00;1.790,00;2.000,00;PREFEITURA MUNICIPAL DE PADRE MARCOS-PI;SECRETARIA MUNICIPAL  DE ADMINISTRAÇÃO;SEAD - DEPTO. ADMINISTRAÇÃO III;EFETIVOS;052.XXX.XXX-85;307;40;PREDIO DA PREFEITURA;1;09/11/2018;;;;;;1 - Efetivo;CONCURSO PUBLICO ;01/2018;;Efetivo;;TECNICO DE CONTROLE INTERNO DE NIVEL I
;Folha Mensal - Dezembro;FABRICIO LEAL DE FRANÇA;ASSESSOR TÉCNICO (A) ADMINISTRATIVO;99,00;1.221,00;1.320,00;SECRETARIA MUNICIPAL DE EDUCAÇÃO;FUNDO DE MANUT. E DEC.DA EDUC.BASICA-FUNDEB;SME- DEPTOR ADM FUNDEB 30 % VI - COMISSIONADOS;COMISSIONADOS EDUCAÇÃO;069.XXX.XXX-43;425;40;;1;01/06/2021;;;01/2025;;;2 - Comissão;TEMPO DETERMINADO;;;Função de Confiança;;ASSESSOR TÉCNICO (A) ADMINISTRATIVO
;Folha Mensal - Dezembro;FELICIANO FRANCISCO DE CARVALHO;PROFESSOR SL 40H - CELETISTA;267,85;2.618,29;2.886,14;SECRETARIA MUNICIPAL DE EDUCAÇÃO;SECRETARIA MUNICIPAL DE EDUCAÇÃO;SME - DEPTOR. ENSINO FUNDEB 70% IV - CELETISTAS;CONTRATADOS  EDUCAÇÃO;067.XXX.XXX-40;245;40;;5;01/03/2023;;;01/2024;;;3 - Temporário;TEMPO DETERMINADO;;;Contrato Temporario;;PROFESSOR SL 40H - CELETISTA
;Folha Mensal - Dezembro;FERNANDO FRANCISCO DE CARVALHO;DIRETOR DE DEPARTAMENTO;99,00;1.221,00;1.320,00;SECRETARIA MUNICIPAL DE EDUCAÇÃO;FUNDO DE MANUT. E DEC.DA EDUC.BASICA-FUNDEB;SME- DEPTOR ADM FUNDEB 30 % VI - COMISSIONADOS;COMISSIONADOS EDUCAÇÃO;043.XXX.XXX-35;454;40;;1;01/03/2022;;;01/2025;;;2 - Comissão;LIVRE PROVIMENTO ;;;Função de Confiança;;DIRETOR DE DEPARTAMENTO
;Fechamento 13º Salário - Dezembro;FLAVIA MARIA CARVALHO;VIGILANTE;212,52;1.305,48;1.518,00;SECRETARIA MUNICIPAL DE EDUCAÇÃO;FUNDO DE MANUT. E DEC.DA EDUC.BASICA-FUNDEB;SME- DEPTO ADM. FUNDEB 30% IV;EFETIVOS;002.XXX.XXX-40;104;40;CRECHE PRÉ-ESCOLAR MARGARIDA DE JESUS ALENCAR ( TIA GUIDA);1;01/12/2016;;;;;;1 - Efetivo;CONCURSO PUBLICO ;;;Efetivo;;VIGILANTE
;Folha Mensal - Dezembro;FLAVIA MARIA CARVALHO;VIGILANTE;621,28;1.402,72;2.024,00;SECRETARIA MUNICIPAL DE EDUCAÇÃO;FUNDO DE MANUT. E DEC.DA EDUC.BASICA-FUNDEB;SME- DEPTO ADM. FUNDEB 30% IV;EFETIVOS;002.XXX.XXX-40;104;40;CRECHE PRÉ-ESCOLAR MARGARIDA DE JESUS ALENCAR ( TIA GUIDA);1;01/12/2016;;;;;;1 - Efetivo;CONCURSO PUBLICO ;;;Efetivo;;VIGILANTE
;Folha Mensal - Dezembro;FLAVIO HENRIQUE DE CARVALHO OLIVEIRA;SECRETARIO(A) UNIDADE ESCOLAR MUNICIPAL;99,00;1.221,00;1.320,00;SECRETARIA MUNICIPAL DE EDUCAÇÃO;FUNDO DE MANUT. E DEC.DA EDUC.BASICA-FUNDEB;SME- DEPTOR ADM FUNDEB 30 % VI - COMISSIONADOS;COMISSIONADOS;622.XXX.XXX-61;514;40;;1;01/04/2023;;;01/2025;;;2 - Comissão;LIVRE PROVIMENTO ;;;;;SECRETARIO(A) UNIDADE ESCOLAR MUNICIPAL
;Folha Mensal - Dezembro;FRANCIEL LUIZ DE CARVALHO;AUX. DE SERVIÇOS GERAIS;99,00;1.221,00;1.320,00;SECRETARIA MUNICIPAL DE EDUCAÇÃO;FUNDO DE MANUT. E DEC.DA EDUC.BASICA-FUNDEB;SME-DEPTO.CONTRATO-ENSINO FUNDEB 30%;CONTRATADOS  EDUCAÇÃO;603.XXX.XXX-04;286;40;;4;01/03/2023;;;08/2024;;;3 - Temporário;TEMPO DETERMINADO;;;Contrato Temporario;;AUX. DE SERVIÇOS GERAIS
;Folha Mensal - Dezembro;FRANCIELE CONCEIÇÃO SILVA;DIRETOR(A) DE ESCOLA;189,90;2.140,10;2.330,00;SECRETARIA MUNICIPAL DE EDUCAÇÃO;SECRETARIA MUNICIPAL DE EDUCAÇÃO;SME- DEPTO  ENSINO INFANTIL FUNDEB 70% - SELETISTAS;COMISSIONADOS EDUCAÇÃO;037.XXX.XXX-44;346;40;;1;02/08/2019;;;01/2025;;;2 - Comissão;LIVRE PROVIMENTO ;;;Função de Confiança;;DIRETOR(A) DE ESCOLA
;Folha Mensal - Dezembro;FRANCILANA MARIA DE CARVALHO;DIRETOR(A) DE ESCOLA;189,90;2.140,10;2.330,00;SECRETARIA MUNICIPAL DE EDUCAÇÃO;SECRETARIA MUNICIPAL DE EDUCAÇÃO;SME- DEPTOR. ENSINO FUNDEB 70% V - COMISSIONADOS;COMISSIONADOS EDUCAÇÃO;026.XXX.XXX-79;255;40;;3;01/03/2019;;;01/2025;;;2 - Comissão;LIVRE PROVIMENTO ;;;Contrato/Temporário;;DIRETOR(A) DE ESCOLA
;Fechamento 13º Salário - Dezembro;FRANCILENE DA CONCEIÇÃO SILVA;PROFESSOR SL 40H;3.960,05;1.567,62;5.527,67;SECRETARIA MUNICIPAL DE EDUCAÇÃO;SECRETARIA MUNICIPAL DE EDUCAÇÃO;SME- DEPTOR ENSINO FUNDEB 70% I;EFETIVO - PROFESSORES;078.XXX.XXX-06;138;40;UNIDADE ESCOLAR JOSE JUBELINO DE MACEDO;1;03/08/2015;;;;;;1 - Efetivo;CONCURSO PUBLICO ;;;Efetivo;;PROFESSOR SL 40H
;Folha Mensal - Dezembro;FRANCILENE DA CONCEIÇÃO SILVA;PROFESSOR SL 40H;2.011,54;6.279,96;8.291,50;SECRETARIA MUNICIPAL DE EDUCAÇÃO;SECRETARIA MUNICIPAL DE EDUCAÇÃO;SME- DEPTOR ENSINO FUNDEB 70% I;EFETIVO - PROFESSORES;078.XXX.XXX-06;138;40;UNIDADE ESCOLAR JOSE JUBELINO DE MACEDO;1;03/08/2015;;;;;;1 - Efetivo;CONCURSO PUBLICO ;;;Efetivo;;PROFESSOR SL 40H
;Fechamento 13º Salário - Dezembro;FRANCILENE GOMES DA SILVA;TECNICO EM ENFERMAGEM;1.217,07;828,93;2.046,00;HOSPITAL MUNICIPAL DE PADRE MARCOS;SECRETARIA MUNICIPAL DE SAUDE;HOSPITAL - DEPTO. ADMINISTRATIVO I;EFETIVOS;897.XXX.XXX-72;19;40;HOSPITAL MUNICIPAL DE PADRE MARCOS;1;19/01/2015;;;;;;1 - Efetivo;CONCURSO PUBLICO ;;;Efetivo;;TECNICO EM ENFERMAGEM
;Folha Mensal - Dezembro;FRANCILENE GOMES DA SILVA;TECNICO EM ENFERMAGEM;239,58;2.488,42;2.728,00;HOSPITAL MUNICIPAL DE PADRE MARCOS;SECRETARIA MUNICIPAL DE SAUDE;HOSPITAL - DEPTO. ADMINISTRATIVO I;EFETIVOS;897.XXX.XXX-72;19;40;HOSPITAL MUNICIPAL DE PADRE MARCOS;1;19/01/2015;;;;;;1 - Efetivo;CONCURSO PUBLICO ;;;Efetivo;;TECNICO EM ENFERMAGEM
;Folha Complementar c/ Encargos - Dezembro;FRANCILENE GOMES DA SILVA;TECNICO EM ENFERMAGEM;432,85;-432,85;;HOSPITAL MUNICIPAL DE PADRE MARCOS;SECRETARIA MUNICIPAL DE SAUDE;HOSPITAL - DEPTO. ADMINISTRATIVO I;EFETIVOS;897.XXX.XXX-72;19;40;HOSPITAL MUNICIPAL DE PADRE MARCOS;1;19/01/2015;;;;;;1 - Efetivo;CONCURSO PUBLICO ;;;Efetivo;;TECNICO EM ENFERMAGEM
;Folha Mensal - Dezembro;FRANCIMARY PERPETUA DE CARVALHO;AUX. DE SERVIÇOS GERAIS;99,00;1.221,00;1.320,00;SECRETARIA MUNICIPAL DE EDUCAÇÃO;FUNDO DE MANUT. E DEC.DA EDUC.BASICA-FUNDEB;SME-DEPTO.CONTRATO-ENSINO FUNDEB 30%;CONTRATADOS  EDUCAÇÃO;061.XXX.XXX-62;316;40;;3;01/03/2023;;;08/2024;;;3 - Temporário;TEMPO DETERMINADO;;;Contrato Temporario;;AUX. DE SERVIÇOS GERAIS
;Fechamento 13º Salário - Dezembro;FRANCIMEIRY JULIETA DE CARVALHO;AG. COMUNITARIO DE SAÚDE;2.292,04;1.271,96;3.564,00;SECRETARIA MUNICIPAL DE SAUDE;SECRETARIA MUNICIPAL DE SAUDE;SMS - SEC.DE SAUDE - ACS I;EFETIVOS;028.XXX.XXX-27;48;40;;1;05/10/2016;;;;;;1 - Efetivo;CONCURSO PUBLICO ;;;Efetivo;;AG. COMUNITARIO DE SAÚDE
;Folha Mensal - Dezembro;FRANCIMEIRY JULIETA DE CARVALHO;AG. COMUNITARIO DE SAÚDE;785,75;4.119,01;4.904,76;SECRETARIA MUNICIPAL DE SAUDE;SECRETARIA MUNICIPAL DE SAUDE;SMS - SEC.DE SAUDE - ACS I;EFETIVOS;028.XXX.XXX-27;48;40;;1;05/10/2016;;;;;;1 - Efetivo;CONCURSO PUBLICO ;;;Efetivo;;AG. COMUNITARIO DE SAÚDE
;Folha Complementar c/ Encargos - Dezembro;FRANCIMEIRY JULIETA DE CARVALHO;AG. COMUNITARIO DE SAÚDE;390,47;-390,47;;SECRETARIA MUNICIPAL DE SAUDE;SECRETARIA MUNICIPAL DE SAUDE;SMS - SEC.DE SAUDE - ACS I;EFETIVOS;028.XXX.XXX-27;48;40;;1;05/10/2016;;;;;;1 - Efetivo;CONCURSO PUBLICO ;;;Efetivo;;AG. COMUNITARIO DE SAÚDE
;Folha Mensal - Dezembro;FRANCINALDO SILVA LIMA;DIRETOR DE DEPARTAMENTO;158,40;1.821,60;1.980,00;SECRETARIA MUNICIPAL DE EDUCAÇÃO;FUNDO DE MANUT. E DEC.DA EDUC.BASICA-FUNDEB;SME- DEPTOR ADM FUNDEB 30 % VI - COMISSIONADOS;COMISSIONADOS EDUCAÇÃO;038.XXX.XXX-06;445;40;;1;01/02/2022;;;01/2025;;;2 - Comissão;LIVRE PROVIMENTO ;;;Função de Confiança;;DIRETOR DE DEPARTAMENTO
;Fechamento 13º Salário - Dezembro;FRANCISCA CRISTINA DE SOUSA SILVA;AUX. DE SERV. GERAIS;221,76;1.362,24;1.584,00;SECRETARIA MUNICIPAL DE EDUCAÇÃO;FUNDO DE MANUT. E DEC.DA EDUC.BASICA-FUNDEB;SME- DEPTO. ADM -FUNDEB 30% II;EFETIVO - PROFESSORES;839.XXX.XXX-00;73;40;UNIDADE ESCOLAR MUNICIPAL CÂNDIDA MACEDO;1;02/03/1998;;;;;;1 - Efetivo;CONCURSO PUBLICO ;;;Efetivo;;AUX. DE SERV. GERAIS
;Folha Mensal - Dezembro;FRANCISCA CRISTINA DE SOUSA SILVA;AUX. DE SERV. GERAIS;237,60;2.138,40;2.376,00;SECRETARIA MUNICIPAL DE EDUCAÇÃO;FUNDO DE MANUT. E DEC.DA EDUC.BASICA-FUNDEB;SME- DEPTO. ADM -FUNDEB 30% II;EFETIVO - PROFESSORES;839.XXX.XXX-00;73;40;UNIDADE ESCOLAR MUNICIPAL CÂNDIDA MACEDO;1;02/03/1998;;;;;;1 - Efetivo;CONCURSO PUBLICO ;;;Efetivo;;AUX. DE SERV. GERAIS
;Folha Mensal - Dezembro;FRANCISCA DOS SANTOS CAMPINA;AG. COMUNITARIO DE SAÚDE;785,75;4.119,01;4.904,76;SECRETARIA MUNICIPAL DE SAUDE;SECRETARIA MUNICIPAL DE SAUDE;SMS - SEC.DE SAUDE - ACS I;EFETIVOS;000.XXX.XXX-92;45;40;;1;18/03/2003;;;;;;1 - Efetivo;CONCURSO PUBLICO ;;;Efetivo;;AG. COMUNITARIO DE SAÚDE
;Fechamento 13º Salário - Dezembro;FRANCISCA DOS SANTOS CAMPINA;AG. COMUNITARIO DE SAÚDE;2.292,04;1.271,96;3.564,00;SECRETARIA MUNICIPAL DE SAUDE;SECRETARIA MUNICIPAL DE SAUDE;SMS - SEC.DE SAUDE - ACS I;EFETIVOS;000.XXX.XXX-92;45;40;;1;18/03/2003;;;;;;1 - Efetivo;CONCURSO PUBLICO ;;;Efetivo;;AG. COMUNITARIO DE SAÚDE
;Folha Complementar c/ Encargos - Dezembro;FRANCISCA DOS SANTOS CAMPINA;AG. COMUNITARIO DE SAÚDE;390,47;-390,47;;SECRETARIA MUNICIPAL DE SAUDE;SECRETARIA MUNICIPAL DE SAUDE;SMS - SEC.DE SAUDE - ACS I;EFETIVOS;000.XXX.XXX-92;45;40;;1;18/03/2003;;;;;;1 - Efetivo;CONCURSO PUBLICO ;;;Efetivo;;AG. COMUNITARIO DE SAÚDE
;Folha Mensal - Dezembro;FRANCISCA MARIA DE ARAUJO BEZERRA;ASSESSOR TÉCNICO (A) ADMINISTRATIVO;99,00;1.221,00;1.320,00;PREFEITURA MUNICIPAL DE PADRE MARCOS-PI;SECRETARIA MUNICIPAL  DE ADMINISTRAÇÃO;SEAD -  DEPTO. ADMINISTRAÇÃO V- COMISSIONADOS;COMISSIONADOS;854.XXX.XXX-00;527;40;PREDIO DA PREFEITURA;1;01/11/2023;;;01/2025;;;2 - Comissão;TEMPO DETERMINADO;;;;;ASSESSOR TÉCNICO (A) ADMINISTRATIVO
;Folha Mensal - Dezembro;FRANCISCA QUEROBINA DE JESUS CARVALHO;ASSESSOR TÉCNICO (A) ADMINISTRATIVO;170,28;1.941,72;2.112,00;SECRETARIA MUNICIPAL DE EDUCAÇÃO;FUNDO DE MANUT. E DEC.DA EDUC.BASICA-FUNDEB;SME- DEPTOR ADM FUNDEB 30 % VI - COMISSIONADOS;COMISSIONADOS EDUCAÇÃO;988.XXX.XXX-49;460;40;;1;01/04/2022;;;01/2025;;;2 - Comissão;TEMPO DETERMINADO;;;Função de Confiança;;ASSESSOR TÉCNICO (A) ADMINISTRATIVO
;Fechamento 13º Salário - Dezembro;FRANCISCA VERIDIANA DE CARVALHO;PROFESSOR SE 40H;5.317,44;1.990,14;7.307,58;SECRETARIA MUNICIPAL DE EDUCAÇÃO;SECRETARIA MUNICIPAL DE EDUCAÇÃO;SME- DEPTOR ENSINO FUNDEB 70% II;EFETIVO - PROFESSORES;396.XXX.XXX-53;178;40;;1;01/02/1999;;;003/2024;;;1 - Efetivo;CONCURSO PUBLICO ;;;Efetivo;;PROFESSOR SE 40H
;Folha Mensal - Dezembro;FRANCISCA VERIDIANA DE CARVALHO;PROFESSOR SE 40H;2.918,41;8.042,96;10.961,37;SECRETARIA MUNICIPAL DE EDUCAÇÃO;SECRETARIA MUNICIPAL DE EDUCAÇÃO;SME- DEPTOR ENSINO FUNDEB 70% II;EFETIVO - PROFESSORES;396.XXX.XXX-53;178;40;;1;01/02/1999;;;003/2024;;;1 - Efetivo;CONCURSO PUBLICO ;;;Efetivo;;PROFESSOR SE 40H
;Fechamento 13º Salário - Dezembro;FRANCISCO ANTONIO DA SILVA;PROFESSOR SE 40H;4.626,73;1.918,03;6.544,76;SECRETARIA MUNICIPAL DE EDUCAÇÃO;SECRETARIA MUNICIPAL DE EDUCAÇÃO;SME- DEPTOR ENSINO FUNDEB 70% I;EFETIVO - PROFESSORES;017.XXX.XXX-06;139;40;U.E.M. JOSE DE MOURA LEAL;1;02/03/2015;;;;;;1 - Efetivo;CONCURSO PUBLICO ;;;Efetivo;;PROFESSOR SE 40H
;Folha Mensal - Dezembro;FRANCISCO ANTONIO DA SILVA;PROFESSOR SE 40H;3.687,48;6.129,66;9.817,14;SECRETARIA MUNICIPAL DE EDUCAÇÃO;SECRETARIA MUNICIPAL DE EDUCAÇÃO;SME- DEPTOR ENSINO FUNDEB 70% I;EFETIVO - PROFESSORES;017.XXX.XXX-06;139;40;U.E.M. JOSE DE MOURA LEAL;1;02/03/2015;;;;;;1 - Efetivo;CONCURSO PUBLICO ;;;Efetivo;;PROFESSOR SE 40H
;Fechamento 13º Salário - Dezembro;FRANCISCO ANTONIO DE CARVALHO;PROFESSOR SE 40H;5.075,17;2.232,42;7.307,59;SECRETARIA MUNICIPAL DE EDUCAÇÃO;SECRETARIA MUNICIPAL DE EDUCAÇÃO;SME- DEPTOR ENSINO FUNDEB 70% II;EFETIVO - PROFESSORES;833.XXX.XXX-15;179;40;UNIDADE ESCOLAR MUNICIPAL DAVI SEVERIANO DE CARVALHO;1;02/02/1998;;;;;;1 - Efetivo;CONCURSO PUBLICO ;;;Efetivo;;PROFESSOR SL 20H
;Folha Mensal - Dezembro;FRANCISCO ANTONIO DE CARVALHO;PROFESSOR SE 40H;2.871,14;8.090,25;10.961,39;SECRETARIA MUNICIPAL DE EDUCAÇÃO;SECRETARIA MUNICIPAL DE EDUCAÇÃO;SME- DEPTOR ENSINO FUNDEB 70% II;EFETIVO - PROFESSORES;833.XXX.XXX-15;179;40;UNIDADE ESCOLAR MUNICIPAL DAVI SEVERIANO DE CARVALHO;1;02/02/1998;;;;;;1 - Efetivo;CONCURSO PUBLICO ;;;Efetivo;;PROFESSOR SL 20H
;Folha Mensal - Dezembro;FRANCISCO DE ASSIS DE CARVALHO;DIRETOR DE DEPARTAMENTO;99,00;1.221,00;1.320,00;SECRETARIA MUNICIPAL DE EDUCAÇÃO;FUNDO DE MANUT. E DEC.DA EDUC.BASICA-FUNDEB;SME- DEPTOR ADM FUNDEB 30 % VI - COMISSIONADOS;COMISSIONADOS EDUCAÇÃO;012.XXX.XXX-23;432;40;;1;01/08/2021;;;01/2025;;;2 - Comissão;LIVRE PROVIMENTO ;;;;;DIRETOR DE DEPARTAMENTO
;Folha Mensal - Dezembro;FRANCISCO DE ASSIS SILVA;DIRETOR DE DEPARTAMENTO;99,00;1.221,00;1.320,00;PREFEITURA MUNICIPAL DE PADRE MARCOS-PI;SECRETARIA MUNICIPAL  DE ADMINISTRAÇÃO;SEAD -  DEPTO. ADMINISTRAÇÃO V- COMISSIONADOS;COMISSIONADOS;003.XXX.XXX-13;517;40;;1;01/05/2023;;;01/2025;;;2 - Comissão;LIVRE PROVIMENTO ;;;Função de Confiança;;DIRETOR DE DEPARTAMENTO
;Folha Mensal - Dezembro;FRANCISCO EVERALDO DOS REIS JUNIOR;ASSESSOR TÉCNICO (A) ADMINISTRATIVO;99,00;1.221,00;1.320,00;SECRETARIA MUNICIPAL DE EDUCAÇÃO;FUNDO DE MANUT. E DEC.DA EDUC.BASICA-FUNDEB;SME- DEPTOR ADM FUNDEB 30 % VI - COMISSIONADOS;COMISSIONADOS EDUCAÇÃO;066.XXX.XXX-55;366;40;;1;02/03/2020;;;01/2025;;;2 - Comissão;TEMPO DETERMINADO;;;Função de Confiança;;ASSESSOR TÉCNICO (A) ADMINISTRATIVO
;Fechamento 13º Salário - Dezembro;FRANCISCO FILHO DOS REIS GOMES;TECNICO EM ENFERMAGEM;1.235,52;810,48;2.046,00;HOSPITAL MUNICIPAL DE PADRE MARCOS;SECRETARIA MUNICIPAL DE SAUDE;HOSPITAL - DEPTO. ADMINISTRATIVO I;EFETIVOS;007.XXX.XXX-00;20;40;HOSPITAL MUNICIPAL DE PADRE MARCOS;1;19/01/2015;;;;;;1 - Efetivo;CONCURSO PUBLICO ;;;Efetivo;;TECNICO EM ENFERMAGEM
;Folha Mensal - Dezembro;FRANCISCO FILHO DOS REIS GOMES;TECNICO EM ENFERMAGEM;873,39;1.854,61;2.728,00;HOSPITAL MUNICIPAL DE PADRE MARCOS;SECRETARIA MUNICIPAL DE SAUDE;HOSPITAL - DEPTO. ADMINISTRATIVO I;EFETIVOS;007.XXX.XXX-00;20;40;HOSPITAL MUNICIPAL DE PADRE MARCOS;1;19/01/2015;;;;;;1 - Efetivo;CONCURSO PUBLICO ;;;Efetivo;;TECNICO EM ENFERMAGEM
;Folha Complementar c/ Encargos - Dezembro;FRANCISCO FILHO DOS REIS GOMES;TECNICO EM ENFERMAGEM;458,16;-458,16;;HOSPITAL MUNICIPAL DE PADRE MARCOS;SECRETARIA MUNICIPAL DE SAUDE;HOSPITAL - DEPTO. ADMINISTRATIVO I;EFETIVOS;007.XXX.XXX-00;20;40;HOSPITAL MUNICIPAL DE PADRE MARCOS;1;19/01/2015;;;;;;1 - Efetivo;CONCURSO PUBLICO ;;;Efetivo;;TECNICO EM ENFERMAGEM
;Fechamento 13º Salário - Dezembro;FRANCISCO FLORENTINO DE CARVALHO FILHO;GARI;1.221,57;824,43;2.046,00;PREFEITURA MUNICIPAL DE PADRE MARCOS-PI;SECRETARIA MUNICIPAL  DE ADMINISTRAÇÃO;SEAD - DEPTO.ADMINISTRAÇÃO II;EFETIVOS;015.XXX.XXX-55;7;40;;1;19/01/2015;;;;;;1 - Efetivo;CONCURSO PUBLICO ;;;Efetivo;;GARI
;Folha Mensal - Dezembro;FRANCISCO FLORENTINO DE CARVALHO FILHO;GARI;239,58;2.488,42;2.728,00;PREFEITURA MUNICIPAL DE PADRE MARCOS-PI;SECRETARIA MUNICIPAL  DE ADMINISTRAÇÃO;SEAD - DEPTO.ADMINISTRAÇÃO II;EFETIVOS;015.XXX.XXX-55;7;40;;1;19/01/2015;;;;;;1 - Efetivo;CONCURSO PUBLICO ;;;Efetivo;;GARI
;Fechamento 13º Salário - Dezembro;FRANCISCO JOSE DA SILVA;PROFESSOR SL 40H;4.499,59;2.045,17;6.544,76;SECRETARIA MUNICIPAL DE EDUCAÇÃO;SECRETARIA MUNICIPAL DE EDUCAÇÃO;SME- DEPTOR ENSINO FUNDEB 70% I;EFETIVO - PROFESSORES;031.XXX.XXX-12;140;40;UNIDADE ESCOLAR MUNICIPAL DAVI SEVERIANO DE CARVALHO;1;01/03/2016;;;;;;1 - Efetivo;CONCURSO PUBLICO ;;;Efetivo;;PROFESSOR SL 40H
;Folha Mensal - Dezembro;FRANCISCO JOSE DA SILVA;PROFESSOR SL 40H;2.518,69;7.298,45;9.817,14;SECRETARIA MUNICIPAL DE EDUCAÇÃO;SECRETARIA MUNICIPAL DE EDUCAÇÃO;SME- DEPTOR ENSINO FUNDEB 70% I;EFETIVO - PROFESSORES;031.XXX.XXX-12;140;40;UNIDADE ESCOLAR MUNICIPAL DAVI SEVERIANO DE CARVALHO;1;01/03/2016;;;;;;1 - Efetivo;CONCURSO PUBLICO ;;;Efetivo;;PROFESSOR SL 40H
;Fechamento 13º Salário - Dezembro;FRANCISCO JOSÉ DE CARVALHO;AG. COMUNITARIO DE SAÚDE;2.087,58;1.212,42;3.300,00;SECRETARIA MUNICIPAL DE SAUDE;SECRETARIA MUNICIPAL DE SAUDE;SMS - SEC.DE SAUDE - ACS I;EFETIVOS;800.XXX.XXX-20;34;40;;1;18/03/2003;;;;;;1 - Efetivo;CONCURSO PUBLICO ;;;Efetivo;;AG. COMUNITARIO DE SAÚDE
;Folha Mensal - Dezembro;FRANCISCO JOSÉ DE CARVALHO;AG. COMUNITARIO DE SAÚDE;988,21;3.966,55;4.954,76;SECRETARIA MUNICIPAL DE SAUDE;SECRETARIA MUNICIPAL DE SAUDE;SMS - SEC.DE SAUDE - ACS I;EFETIVOS;800.XXX.XXX-20;34;40;;1;18/03/2003;;;;;;1 - Efetivo;CONCURSO PUBLICO ;;;Efetivo;;AG. COMUNITARIO DE SAÚDE
;Folha Complementar c/ Encargos - Dezembro;FRANCISCO JOSÉ DE CARVALHO;AG. COMUNITARIO DE SAÚDE;420,03;-420,03;;SECRETARIA MUNICIPAL DE SAUDE;SECRETARIA MUNICIPAL DE SAUDE;SMS - SEC.DE SAUDE - ACS I;EFETIVOS;800.XXX.XXX-20;34;40;;1;18/03/2003;;;;;;1 - Efetivo;CONCURSO PUBLICO ;;;Efetivo;;AG. COMUNITARIO DE SAÚDE
;Fechamento 13º Salário - Dezembro;FRANCISCO JOSE DE CARVALHO MACEDO;PROFESSOR SE 40H;4.626,73;1.918,03;6.544,76;SECRETARIA MUNICIPAL DE EDUCAÇÃO;SECRETARIA MUNICIPAL DE EDUCAÇÃO;SME- DEPTOR ENSINO FUNDEB 70% I;EFETIVO - PROFESSORES;034.XXX.XXX-57;141;40;UNIDADE ESCOLAR MUNICIPAL CÂNDIDA MACEDO;1;01/03/2016;;;;;;1 - Efetivo;CONCURSO PUBLICO ;;;Efetivo;;PROFESSOR SE 40H
;Folha Mensal - Dezembro;FRANCISCO JOSE DE CARVALHO MACEDO;PROFESSOR SE 40H;2.518,69;7.298,45;9.817,14;SECRETARIA MUNICIPAL DE EDUCAÇÃO;SECRETARIA MUNICIPAL DE EDUCAÇÃO;SME- DEPTOR ENSINO FUNDEB 70% I;EFETIVO - PROFESSORES;034.XXX.XXX-57;141;40;UNIDADE ESCOLAR MUNICIPAL CÂNDIDA MACEDO;1;01/03/2016;;;;;;1 - Efetivo;CONCURSO PUBLICO ;;;Efetivo;;PROFESSOR SE 40H
;Folha Mensal - Dezembro;FRANCISCO MIZAEL DE CARVALHO;DIRETOR(A) DE ESCOLA;189,90;2.140,10;2.330,00;SECRETARIA MUNICIPAL DE EDUCAÇÃO;SECRETARIA MUNICIPAL DE EDUCAÇÃO;SME- DEPTOR. ENSINO FUNDEB 70% V - COMISSIONADOS;COMISSIONADOS EDUCAÇÃO;044.XXX.XXX-88;324;40;;1;01/03/2019;;;01/2025;;;2 - Comissão;LIVRE PROVIMENTO ;;;Contrato Temporario;;DIRETOR(A) DE ESCOLA
;Folha Mensal - Dezembro;FRANCISCO NASCIMENTO DA SILVA;ASSESSOR ESPECIAL;99,00;1.221,00;1.320,00;SECRETARIA MUNICIPAL DE EDUCAÇÃO;FUNDO DE MANUT. E DEC.DA EDUC.BASICA-FUNDEB;SME- DEPTOR ADM FUNDEB 30 % VI - COMISSIONADOS;COMISSIONADOS EDUCAÇÃO;944.XXX.XXX-00;321;40;;3;02/09/2021;;;06/2024;;;2 - Comissão;LIVRE PROVIMENTO ;;;Função de Confiança;;ASSESSOR ESPECIAL
;Folha Mensal - Dezembro;FRANCISCO VITALINO DA SILVA;GARI;239,58;2.488,42;2.728,00;PREFEITURA MUNICIPAL DE PADRE MARCOS-PI;SECRETARIA MUNICIPAL  DE ADMINISTRAÇÃO;SEAD - DEPTO.ADMINISTRAÇÃO II;EFETIVOS;926.XXX.XXX-72;6;40;;1;25/11/2016;;;;;;1 - Efetivo;CONCURSO PUBLICO ;;;Efetivo;;GARI
;Fechamento 13º Salário - Dezembro;FRANCISCO VITALINO DA SILVA;GARI;1.235,52;810,48;2.046,00;PREFEITURA MUNICIPAL DE PADRE MARCOS-PI;SECRETARIA MUNICIPAL  DE ADMINISTRAÇÃO;SEAD - DEPTO.ADMINISTRAÇÃO II;EFETIVOS;926.XXX.XXX-72;6;40;;1;25/11/2016;;;;;;1 - Efetivo;CONCURSO PUBLICO ;;;Efetivo;;GARI
;Fechamento 13º Salário - Dezembro;FRANCISCO WESLEY DIAS DA SILVA;AUX. DE SERV. GERAIS;1.156,47;889,53;2.046,00;HOSPITAL MUNICIPAL DE PADRE MARCOS;SECRETARIA MUNICIPAL DE SAUDE;HOSPITAL - DEPTO. ADMINISTRATIVO I;EFETIVOS;010.XXX.XXX-14;21;40;HOSPITAL MUNICIPAL DE PADRE MARCOS;1;19/01/2015;;;;;;1 - Efetivo;CONCURSO PUBLICO ;;;Efetivo;;AUX. DE SERV. GERAIS
;Folha Mensal - Dezembro;FRANCISCO WESLEY DIAS DA SILVA;AUX. DE SERV. GERAIS;234,80;2.493,20;2.728,00;HOSPITAL MUNICIPAL DE PADRE MARCOS;SECRETARIA MUNICIPAL DE SAUDE;HOSPITAL - DEPTO. ADMINISTRATIVO I;EFETIVOS;010.XXX.XXX-14;21;40;HOSPITAL MUNICIPAL DE PADRE MARCOS;1;19/01/2015;;;;;;1 - Efetivo;CONCURSO PUBLICO ;;;Efetivo;;AUX. DE SERV. GERAIS
;Fechamento 13º Salário - Dezembro;FRANCISCO ZACARIAS RIBEIRO;PROFESSOR SE 40H;5.075,17;2.232,42;7.307,59;SECRETARIA MUNICIPAL DE EDUCAÇÃO;SECRETARIA MUNICIPAL DE EDUCAÇÃO;SME- DEPTOR ENSINO FUNDEB 70% II;EFETIVO - PROFESSORES;713.XXX.XXX-15;180;40;UNIDADE ESCOLAR MUNICIPAL DAVI SEVERIANO DE CARVALHO;1;02/02/1998;;;015/2022;;;1 - Efetivo;CONCURSO PUBLICO ;;;Efetivo;;PROFESSOR SE 40H
;Folha Mensal - Dezembro;FRANCISCO ZACARIAS RIBEIRO;PROFESSOR SE 40H;4.822,22;6.139,17;10.961,39;SECRETARIA MUNICIPAL DE EDUCAÇÃO;SECRETARIA MUNICIPAL DE EDUCAÇÃO;SME- DEPTOR ENSINO FUNDEB 70% II;EFETIVO - PROFESSORES;713.XXX.XXX-15;180;40;UNIDADE ESCOLAR MUNICIPAL DAVI SEVERIANO DE CARVALHO;1;02/02/1998;;;015/2022;;;1 - Efetivo;CONCURSO PUBLICO ;;;Efetivo;;PROFESSOR SE 40H
;Folha Mensal - Dezembro;FRANSWILKER FRANCISCO DE SOUSA;PROFESSOR SELETISTA;267,85;2.618,29;2.886,14;SECRETARIA MUNICIPAL DE EDUCAÇÃO;SECRETARIA MUNICIPAL DE EDUCAÇÃO;SME - DEPTOR. ENSINO FUNDEB 70% IV - CELETISTAS;CONTRATADOS  EDUCAÇÃO;055.XXX.XXX-32;401;40;;2;01/03/2023;;;01/2024;;;3 - Temporário;TEMPO DETERMINADO;;;Contrato Temporario;;PROFESSOR SL 40H - CELETISTA
;Folha Mensal - Dezembro;GEDEONES LOPES DE BRITO;ENGENHEIRO FLORESTAL;398,45;3.101,55;3.500,00;PREFEITURA MUNICIPAL DE PADRE MARCOS-PI;SECRETARIA MUNICIPAL DE MEIO AMBIENTE;SEMA -  SECRETARIA DO MEIO AMBIENTE;CONTRATO TEMPORÁRIO;028.XXX.XXX-02;379;40;;4;02/03/2023;;01/2023;01/2025;;;3 - Temporário;TEMPO DETERMINADO;;;Contrato Temporario;;ENGENHEIRO FLORESTAL
;Folha Mensal - Dezembro;GENILDO RIVALDO DE OLIVEIRA;DIRETOR DE DEPARTAMENTO;170,28;1.941,72;2.112,00;SECRETARIA MUNICIPAL DE EDUCAÇÃO;SECRETARIA MUNICIPAL DE EDUCAÇÃO;SME- DEPTOR ADM FUNDEB 30 % VI - COMISSIONADOS;COMISSIONADOS;952.XXX.XXX-34;529;40;SECRETARIA MUNICIPAL DE EDUCAÇÃO;1;01/12/2023;;;044/2024;;;2 - Comissão;LIVRE PROVIMENTO ;;;Função de Confiança;;DIRETOR DE DEPARTAMENTO
;Fechamento 13º Salário - Dezembro;GEORCISA ARAÚJO LEAL;PROFESSOR SE 20H;1.983,14;1.162,11;3.145,25;SECRETARIA MUNICIPAL DE EDUCAÇÃO;SECRETARIA MUNICIPAL DE EDUCAÇÃO;SME- DEPTOR ENSINO FUNDEB 70% I;EFETIVO - PROFESSORES;454.XXX.XXX-78;142;20;UNIDADE ESCOLAR MUNICIPAL CÂNDIDA MACEDO;1;02/03/2015;;;;;;1 - Efetivo;CONCURSO PUBLICO ;;;Efetivo;;PROFESSOR SL 20H
;Folha Mensal - Dezembro;GEORCISA ARAÚJO LEAL;PROFESSOR SE 20H;762,78;3.955,10;4.717,88;SECRETARIA MUNICIPAL DE EDUCAÇÃO;SECRETARIA MUNICIPAL DE EDUCAÇÃO;SME- DEPTOR ENSINO FUNDEB 70% I;EFETIVO - PROFESSORES;454.XXX.XXX-78;142;20;UNIDADE ESCOLAR MUNICIPAL CÂNDIDA MACEDO;1;02/03/2015;;;;;;1 - Efetivo;CONCURSO PUBLICO ;;;Efetivo;;PROFESSOR SL 20H
;Fechamento 13º Salário - Dezembro;GERUZA DIAS DE SOUSA;AUX. DE SERV. GERAIS;1.002,96;581,04;1.584,00;SECRETARIA MUNICIPAL DE EDUCAÇÃO;FUNDO DE MANUT. E DEC.DA EDUC.BASICA-FUNDEB;SME- DEPTO. ADM -FUNDEB 30% II;EFETIVO - PROFESSORES;628.XXX.XXX-04;74;40;CRECHE PRÉ-ESCOLAR MARGARIDA DE JESUS ALENCAR ( TIA GUIDA);1;02/03/1998;;;018/2023;;;1 - Efetivo;CONCURSO PUBLICO ;;;Efetivo;;AUX. DE SERV. GERAIS
;Folha Mensal - Dezembro;GERUZA DIAS DE SOUSA;AUX. DE SERV. GERAIS;583,91;1.792,09;2.376,00;SECRETARIA MUNICIPAL DE EDUCAÇÃO;FUNDO DE MANUT. E DEC.DA EDUC.BASICA-FUNDEB;SME- DEPTO. ADM -FUNDEB 30% II;EFETIVO - PROFESSORES;628.XXX.XXX-04;74;40;CRECHE PRÉ-ESCOLAR MARGARIDA DE JESUS ALENCAR ( TIA GUIDA);1;02/03/1998;;;018/2023;;;1 - Efetivo;CONCURSO PUBLICO ;;;Efetivo;;AUX. DE SERV. GERAIS
;Folha Mensal - Dezembro;GILDO PAULO DE ARAUJO;PROFESSOR SL 40H - CELETISTA;267,85;2.618,29;2.886,14;SECRETARIA MUNICIPAL DE EDUCAÇÃO;SECRETARIA MUNICIPAL DE EDUCAÇÃO;SME - DEPTOR. ENSINO FUNDEB 70% IV - CELETISTAS;CONTRATADOS  EDUCAÇÃO;965.XXX.XXX-15;332;40;;3;01/03/2023;;;01/2024;;;3 - Temporário;TEMPO DETERMINADO;;;Contrato Temporario;;PROFESSOR SL 40H - CELETISTA
;Fechamento 13º Salário - Dezembro;GILSON DE CARVALHO DANTAS FILHO;PROFESSOR SL 20H;1.955,50;1.189,75;3.145,25;SECRETARIA MUNICIPAL DE EDUCAÇÃO;SECRETARIA MUNICIPAL DE EDUCAÇÃO;SME-DEPTOR. ENSINO FUNDEB 70%  VI EJA;EFETIVO - PROFESSORES;227.XXX.XXX-04;181;20;UNIDADE ESCOLAR MUNICIPAL DAVI SEVERIANO DE CARVALHO;1;20/12/1998;;;;;;1 - Efetivo;CONCURSO PUBLICO ;;;Efetivo;;PROFESSOR SL 20H
;Folha Mensal - Dezembro;GILSON DE CARVALHO DANTAS FILHO;PROFESSOR SL 20H;731,33;3.986,55;4.717,88;SECRETARIA MUNICIPAL DE EDUCAÇÃO;SECRETARIA MUNICIPAL DE EDUCAÇÃO;SME-DEPTOR. ENSINO FUNDEB 70%  VI EJA;EFETIVO - PROFESSORES;227.XXX.XXX-04;181;20;UNIDADE ESCOLAR MUNICIPAL DAVI SEVERIANO DE CARVALHO;1;20/12/1998;;;;;;1 - Efetivo;CONCURSO PUBLICO ;;;Efetivo;;PROFESSOR SL 20H
;Folha Mensal - Dezembro;GILSON JOÃO DE CARVALHO;ASSESSOR TÉCNICO (A) ADMINISTRATIVO;99,00;1.221,00;1.320,00;PREFEITURA MUNICIPAL DE PADRE MARCOS-PI;SECRETARIA MUNICIPAL DE AGRICULTURA;SMA - SECRETARIA DE AGRICULTURA;COMISSIONADOS;988.XXX.XXX-04;348;40;SECRETARIA DE CULTURA;1;01/09/2019;;;01/2025;;;2 - Comissão;TEMPO DETERMINADO;;;Função de Confiança;;ASSESSOR TÉCNICO (A) ADMINISTRATIVO
;Folha Mensal - Dezembro;GILVAN JOSE DE CARVALHO MACEDO;DIRETOR DE DEPARTAMENTO;99,00;1.221,00;1.320,00;SECRETARIA MUNICIPAL DE EDUCAÇÃO;FUNDO DE MANUT. E DEC.DA EDUC.BASICA-FUNDEB;SME- DEPTOR ADM FUNDEB 30 % VI - COMISSIONADOS;COMISSIONADOS EDUCAÇÃO;795.XXX.XXX-34;423;40;;1;01/04/2021;;;01/2025;;;2 - Comissão;LIVRE PROVIMENTO ;;;Função de Confiança;;DIRETOR DE DEPARTAMENTO
;Fechamento 13º Salário - Dezembro;GISLENE BRIGIDA DE MORAES;AUXILIAR DE ENFERMAGEM;1.091,37;690,63;1.782,00;SECRETARIA MUNICIPAL DE SAUDE;SECRETARIA MUNICIPAL DE SAUDE;SMS - DEPTOR .SEC. DE SAUDE;EFETIVOS;396.XXX.XXX-49;58;40;SECRETARIA MUNICIPAL DE SAÚDE;1;01/02/2000;;;;;;1 - Efetivo;CONCURSO PUBLICO ;;;Efetivo;;AUXILIAR DE ENFERMAGEM
;Folha Mensal - Dezembro;GISLENE BRIGIDA DE MORAES;AUXILIAR DE ENFERMAGEM;212,52;2.260,23;2.472,75;SECRETARIA MUNICIPAL DE SAUDE;SECRETARIA MUNICIPAL DE SAUDE;SMS - DEPTOR .SEC. DE SAUDE;EFETIVOS;396.XXX.XXX-49;58;40;SECRETARIA MUNICIPAL DE SAÚDE;1;01/02/2000;;;;;;1 - Efetivo;CONCURSO PUBLICO ;;;Efetivo;;AUXILIAR DE ENFERMAGEM
;Folha Complementar c/ Encargos - Dezembro;GISLENE BRIGIDA DE MORAES;AUXILIAR DE ENFERMAGEM;400,59;-400,59;;SECRETARIA MUNICIPAL DE SAUDE;SECRETARIA MUNICIPAL DE SAUDE;SMS - DEPTOR .SEC. DE SAUDE;EFETIVOS;396.XXX.XXX-49;58;40;SECRETARIA MUNICIPAL DE SAÚDE;1;01/02/2000;;;;;;1 - Efetivo;CONCURSO PUBLICO ;;;Efetivo;;AUXILIAR DE ENFERMAGEM
;Folha Mensal - Dezembro;GIZELIA MARIA DO NASCIMENTO;PROFESSOR SL 40H - CELETISTA;267,85;2.618,29;2.886,14;SECRETARIA MUNICIPAL DE EDUCAÇÃO;SECRETARIA MUNICIPAL DE EDUCAÇÃO;SME - DEPTOR. ENSINO FUNDEB 70% IV - CELETISTAS;CONTRATADOS  EDUCAÇÃO;806.XXX.XXX-68;185;40;;3;01/03/2023;;;01/2024;;;3 - Temporário;TEMPO DETERMINADO;;;Contrato Temporario;;PROFESSOR SL 40H - CELETISTA
;Folha Mensal - Dezembro;GRAZIELIA NILTA GRANJA;DIRETOR(A) DE ESCOLA;189,90;2.140,10;2.330,00;SECRETARIA MUNICIPAL DE EDUCAÇÃO;SECRETARIA MUNICIPAL DE EDUCAÇÃO;SME- DEPTOR. ENSINO FUNDEB 70% V - COMISSIONADOS;COMISSIONADOS EDUCAÇÃO;054.XXX.XXX-02;241;40;;4;01/02/2021;;;01/2025;;;2 - Comissão;LIVRE PROVIMENTO ;;;Contrato/Temporário;;DIRETOR(A) DE ESCOLA
;Folha Mensal - Dezembro;HENRIQUETA MARIA ARAUJO MACÊDO;PROFESSOR SL 40H - CELETISTA;267,85;2.618,29;2.886,14;SECRETARIA MUNICIPAL DE EDUCAÇÃO;SECRETARIA MUNICIPAL DE EDUCAÇÃO;SME - DEPTOR. ENSINO FUNDEB 70% IV - CELETISTAS;CONTRATADOS  EDUCAÇÃO;041.XXX.XXX-84;490;40;;1;06/03/2023;;;01/2024;;;3 - Temporário;TEMPO DETERMINADO;;;Contrato Temporario;;PROFESSOR SL 40H - CELETISTA
;Fechamento 13º Salário - Dezembro;HERCULANO PEDRO DE MACEDO;AUX. DE SERV. GERAIS;971,52;546,48;1.518,00;SECRETARIA MUNICIPAL DE EDUCAÇÃO;FUNDO DE MANUT. E DEC.DA EDUC.BASICA-FUNDEB;SME- DEPTO. ADM -FUNDEB 30% II;EFETIVOS;045.XXX.XXX-06;90;40;UNIDADE ESCOLAR MUNICIPAL CÂNDIDA MACEDO;1;02/03/2015;;;;;;1 - Efetivo;CONCURSO PUBLICO ;;;Efetivo;;AUX. DE SERV. GERAIS
;Folha Mensal - Dezembro;HERCULANO PEDRO DE MACEDO;AUX. DE SERV. GERAIS;227,70;1.796,30;2.024,00;SECRETARIA MUNICIPAL DE EDUCAÇÃO;FUNDO DE MANUT. E DEC.DA EDUC.BASICA-FUNDEB;SME- DEPTO. ADM -FUNDEB 30% II;EFETIVOS;045.XXX.XXX-06;90;40;UNIDADE ESCOLAR MUNICIPAL CÂNDIDA MACEDO;1;02/03/2015;;;;;;1 - Efetivo;CONCURSO PUBLICO ;;;Efetivo;;AUX. DE SERV. GERAIS
;Fechamento 13º Salário - Dezembro;HERIKA MARIA DA SILVA;PROFESSOR SE 40H;4.626,73;1.918,03;6.544,76;SECRETARIA MUNICIPAL DE EDUCAÇÃO;SECRETARIA MUNICIPAL DE EDUCAÇÃO;SME- DEPTO ENSINO INFANTIL FUNDEB 70% - EFETIVOS;EFETIVO - PROFESSORES;003.XXX.XXX-39;144;40;CRECHE PRÉ-ESCOLAR MARGARIDA DE JESUS ALENCAR ( TIA GUIDA);1;02/03/2015;;;;;;1 - Efetivo;CONCURSO PUBLICO ;;;Efetivo;;PROFESSOR SE 40H
;Folha Mensal - Dezembro;HERIKA MARIA DA SILVA;PROFESSOR SE 40H;2.518,69;7.298,45;9.817,14;SECRETARIA MUNICIPAL DE EDUCAÇÃO;SECRETARIA MUNICIPAL DE EDUCAÇÃO;SME- DEPTO ENSINO INFANTIL FUNDEB 70% - EFETIVOS;EFETIVO - PROFESSORES;003.XXX.XXX-39;144;40;CRECHE PRÉ-ESCOLAR MARGARIDA DE JESUS ALENCAR ( TIA GUIDA);1;02/03/2015;;;;;;1 - Efetivo;CONCURSO PUBLICO ;;;Efetivo;;PROFESSOR SE 40H
;Fechamento 13º Salário - Dezembro;HUGO CHARLES MACEDO;OPERADOR DE MAQUINAS PESADAS;938,52;711,48;1.650,00;PREFEITURA MUNICIPAL DE PADRE MARCOS-PI;SECRETARIA MUNICIPAL  DE ADMINISTRAÇÃO;SEAD - DEPTO. ADMINISTRAÇÃO III;EFETIVOS;899.XXX.XXX-34;106;40;;1;03/11/2015;;;;;;1 - Efetivo;CONCURSO PUBLICO ;;;Efetivo;;OPERADOR DE MAQUINAS PESADAS
;Folha Mensal - Dezembro;HUGO CHARLES MACEDO;OPERADOR DE MAQUINAS PESADAS;212,52;2.047,30;2.259,82;PREFEITURA MUNICIPAL DE PADRE MARCOS-PI;SECRETARIA MUNICIPAL  DE ADMINISTRAÇÃO;SEAD - DEPTO. ADMINISTRAÇÃO III;EFETIVOS;899.XXX.XXX-34;106;40;;1;03/11/2015;;;;;;1 - Efetivo;CONCURSO PUBLICO ;;;Efetivo;;OPERADOR DE MAQUINAS PESADAS
;Fechamento 13º Salário - Dezembro;HUMBERTA SILVA VITAL;PROFESSOR SE 40H;4.626,73;1.918,03;6.544,76;SECRETARIA MUNICIPAL DE EDUCAÇÃO;SECRETARIA MUNICIPAL DE EDUCAÇÃO;SME- DEPTO ENSINO INFANTIL FUNDEB 70% - EFETIVOS;EFETIVO - PROFESSORES;988.XXX.XXX-34;145;40;CRECHE PRÉ-ESCOLAR MARGARIDA DE JESUS ALENCAR ( TIA GUIDA);1;02/03/2015;;;;;;1 - Efetivo;CONCURSO PUBLICO ;;;Efetivo;;PROFESSOR SE 40H
;Folha Mensal - Dezembro;HUMBERTA SILVA VITAL;PROFESSOR SE 40H;2.518,69;7.298,45;9.817,14;SECRETARIA MUNICIPAL DE EDUCAÇÃO;SECRETARIA MUNICIPAL DE EDUCAÇÃO;SME- DEPTO ENSINO INFANTIL FUNDEB 70% - EFETIVOS;EFETIVO - PROFESSORES;988.XXX.XXX-34;145;40;CRECHE PRÉ-ESCOLAR MARGARIDA DE JESUS ALENCAR ( TIA GUIDA);1;02/03/2015;;;;;;1 - Efetivo;CONCURSO PUBLICO ;;;Efetivo;;PROFESSOR SE 40H
;Fechamento 13º Salário - Dezembro;HYTALO JADER MACEDO;AG. DE HIGIENE E SEGURANÇA;1.952,58;1.347,42;3.300,00;SECRETARIA MUNICIPAL DE SAUDE;SECRETARIA MUNICIPAL DE SAUDE;SMS- SEC SAUDE - AGENTE DE ENDEMIAS;EFETIVOS;023.XXX.XXX-80;63;40;;1;02/02/2015;;;;;;1 - Efetivo;CONCURSO PUBLICO ;;;Efetivo;;AG. DE HIGIENE E SEGURANÇA
;Folha Mensal - Dezembro;HYTALO JADER MACEDO;AG. DE HIGIENE E SEGURANÇA;1.224,93;3.275,07;4.500,00;SECRETARIA MUNICIPAL DE SAUDE;SECRETARIA MUNICIPAL DE SAUDE;SMS- SEC SAUDE - AGENTE DE ENDEMIAS;EFETIVOS;023.XXX.XXX-80;63;40;;1;02/02/2015;;;;;;1 - Efetivo;CONCURSO PUBLICO ;;;Efetivo;;AG. DE HIGIENE E SEGURANÇA
;Folha Complementar c/ Encargos - Dezembro;HYTALO JADER MACEDO;AG. DE HIGIENE E SEGURANÇA;372,87;-372,87;;SECRETARIA MUNICIPAL DE SAUDE;SECRETARIA MUNICIPAL DE SAUDE;SMS- SEC SAUDE - AGENTE DE ENDEMIAS;EFETIVOS;023.XXX.XXX-80;63;40;;1;02/02/2015;;;;;;1 - Efetivo;CONCURSO PUBLICO ;;;Efetivo;;AG. DE HIGIENE E SEGURANÇA
;Folha Mensal - Dezembro;IANA MÉCIA SILVA RIBEIRO;NUTRICIONISTA;215,05;2.384,95;2.600,00;SECRETARIA MUNICIPAL DE EDUCAÇÃO;FUNDO DE MANUT. E DEC.DA EDUC.BASICA-FUNDEB;SME-DEPTO.CONTRATO-ENSINO FUNDEB 30%;CONTRATO TEMPORÁRIO;433.XXX.XXX-00;446;40;;2;02/03/2023;;;01/2025;;;3 - Temporário;TEMPO DETERMINADO;;;Contrato Temporario;;NUTRICIONISTA
;Folha Mensal - Dezembro;IDALVA RITA DE LIMA SILVA;AUX. DE SERV. GERAIS;578,60;2.149,40;2.728,00;HOSPITAL MUNICIPAL DE PADRE MARCOS;SECRETARIA MUNICIPAL DE SAUDE;HOSPITAL - DEPTO. ADMINISTRATIVO I;EFETIVOS;888.XXX.XXX-34;91;40;;1;02/03/2015;;;;;;1 - Efetivo;CONCURSO PUBLICO ;;;Efetivo;;AUX. DE SERV. GERAIS
;Fechamento 13º Salário - Dezembro;IDALVA RITA DE LIMA SILVA;AUX. DE SERV. GERAIS;1.156,47;889,53;2.046,00;HOSPITAL MUNICIPAL DE PADRE MARCOS;SECRETARIA MUNICIPAL DE SAUDE;HOSPITAL - DEPTO. ADMINISTRATIVO I;EFETIVOS;888.XXX.XXX-34;91;40;;1;02/03/2015;;;;;;1 - Efetivo;CONCURSO PUBLICO ;;;Efetivo;;AUX. DE SERV. GERAIS
;Folha Mensal - Dezembro;IRACI HELENA DA CONCEIÇÃO;ORIENTADORA(O) EDUCACIONAL;170,28;1.941,72;2.112,00;SECRETARIA MUNICIPAL DE EDUCAÇÃO;FUNDO DE MANUT. E DEC.DA EDUC.BASICA-FUNDEB;SME- DEPTOR ADM FUNDEB 30 % VI - COMISSIONADOS;COMISSIONADOS EDUCAÇÃO;352.XXX.XXX-15;263;40;;2;01/02/2022;;;01/2025;;;2 - Comissão;TEMPO DETERMINADO;;;Função de Confiança;;ORIENTADORA(O) EDUCACIONAL
;Fechamento 13º Salário - Dezembro;IRACILDE IRENE DE SOUSA;AUX. DE SERV. GERAIS;1.013,76;570,24;1.584,00;SECRETARIA MUNICIPAL DE EDUCAÇÃO;FUNDO DE MANUT. E DEC.DA EDUC.BASICA-FUNDEB;SME- DEPTO. ADM -FUNDEB 30% II;EFETIVOS;830.XXX.XXX-53;75;40;UNIDADE ESCOLAR MUNICIPAL DAVI SEVERIANO DE CARVALHO;1;02/02/1998;;;;;;1 - Efetivo;CONCURSO PUBLICO ;;;Efetivo;;AUX. DE SERV. GERAIS
;Folha Mensal - Dezembro;IRACILDE IRENE DE SOUSA;AUX. DE SERV. GERAIS;237,60;1.874,40;2.112,00;SECRETARIA MUNICIPAL DE EDUCAÇÃO;FUNDO DE MANUT. E DEC.DA EDUC.BASICA-FUNDEB;SME- DEPTO. ADM -FUNDEB 30% II;EFETIVOS;830.XXX.XXX-53;75;40;UNIDADE ESCOLAR MUNICIPAL DAVI SEVERIANO DE CARVALHO;1;02/02/1998;;;;;;1 - Efetivo;CONCURSO PUBLICO ;;;Efetivo;;AUX. DE SERV. GERAIS
;Fechamento 13º Salário - Dezembro;IRANEIDE DE ARAUJO LEAL;PROFESSOR SL 40H;4.818,36;1.726,40;6.544,76;SECRETARIA MUNICIPAL DE EDUCAÇÃO;SECRETARIA MUNICIPAL DE EDUCAÇÃO;SME- DEPTOR ENSINO FUNDEB 70% II;EFETIVO - PROFESSORES;882.XXX.XXX-91;182;40;U.E.M. JOSE DE MOURA LEAL;1;01/02/1999;;;;;;1 - Efetivo;CONCURSO PUBLICO ;;;Efetivo;;PROFESSOR SL 40H
;Folha Mensal - Dezembro;IRANEIDE DE ARAUJO LEAL;PROFESSOR SL 40H;3.165,76;6.651,38;9.817,14;SECRETARIA MUNICIPAL DE EDUCAÇÃO;SECRETARIA MUNICIPAL DE EDUCAÇÃO;SME- DEPTOR ENSINO FUNDEB 70% II;EFETIVO - PROFESSORES;882.XXX.XXX-91;182;40;U.E.M. JOSE DE MOURA LEAL;1;01/02/1999;;;;;;1 - Efetivo;CONCURSO PUBLICO ;;;Efetivo;;PROFESSOR SL 40H
;Fechamento 13º Salário - Dezembro;IRANILDA ARAUJO LEAL;AUX. DE SERV. GERAIS;1.013,76;570,24;1.584,00;SECRETARIA MUNICIPAL DE EDUCAÇÃO;FUNDO DE MANUT. E DEC.DA EDUC.BASICA-FUNDEB;SME- DEPTO. ADM -FUNDEB 30% II;EFETIVOS;846.XXX.XXX-72;76;40;;1;02/03/1998;;;;;;1 - Efetivo;CONCURSO PUBLICO ;;;Efetivo;;AUX. DE SERV. GERAIS
;Folha Mensal - Dezembro;IRANILDA ARAUJO LEAL;AUX. DE SERV. GERAIS;237,60;1.934,22;2.171,82;SECRETARIA MUNICIPAL DE EDUCAÇÃO;FUNDO DE MANUT. E DEC.DA EDUC.BASICA-FUNDEB;SME- DEPTO. ADM -FUNDEB 30% II;EFETIVOS;846.XXX.XXX-72;76;40;;1;02/03/1998;;;;;;1 - Efetivo;CONCURSO PUBLICO ;;;Efetivo;;AUX. DE SERV. GERAIS
;Fechamento 13º Salário - Dezembro;IRLA LAYANY CARVALHO BATISTA;TECNICO EM ENFERMAGEM;1.235,52;810,48;2.046,00;HOSPITAL MUNICIPAL DE PADRE MARCOS;SECRETARIA MUNICIPAL DE SAUDE;HOSPITAL - DEPTO. ADMINISTRATIVO I;EFETIVOS;044.XXX.XXX-06;22;40;HOSPITAL MUNICIPAL DE PADRE MARCOS;1;01/03/2016;;;;;;1 - Efetivo;CONCURSO PUBLICO ;;;Efetivo;;TECNICO EM ENFERMAGEM
;Folha Mensal - Dezembro;IRLA LAYANY CARVALHO BATISTA;TECNICO EM ENFERMAGEM;594,06;2.133,94;2.728,00;HOSPITAL MUNICIPAL DE PADRE MARCOS;SECRETARIA MUNICIPAL DE SAUDE;HOSPITAL - DEPTO. ADMINISTRATIVO I;EFETIVOS;044.XXX.XXX-06;22;40;HOSPITAL MUNICIPAL DE PADRE MARCOS;1;01/03/2016;;;;;;1 - Efetivo;CONCURSO PUBLICO ;;;Efetivo;;TECNICO EM ENFERMAGEM
;Folha Complementar c/ Encargos - Dezembro;IRLA LAYANY CARVALHO BATISTA;TECNICO EM ENFERMAGEM;432,85;-432,85;;HOSPITAL MUNICIPAL DE PADRE MARCOS;SECRETARIA MUNICIPAL DE SAUDE;HOSPITAL - DEPTO. ADMINISTRATIVO I;EFETIVOS;044.XXX.XXX-06;22;40;HOSPITAL MUNICIPAL DE PADRE MARCOS;1;01/03/2016;;;;;;1 - Efetivo;CONCURSO PUBLICO ;;;Efetivo;;TECNICO EM ENFERMAGEM
;Fechamento 13º Salário - Dezembro;ISABEL FRANCISCA DE CARVALHO;GARI;1.235,52;810,48;2.046,00;PREFEITURA MUNICIPAL DE PADRE MARCOS-PI;SECRETARIA MUNICIPAL  DE ADMINISTRAÇÃO;SEAD - DEPTO.ADMINISTRAÇÃO II;EFETIVOS;045.XXX.XXX-59;8;40;;1;19/01/2015;;;;;;1 - Efetivo;CONCURSO PUBLICO ;;;Efetivo;;GARI
;Folha Mensal - Dezembro;ISABEL FRANCISCA DE CARVALHO;GARI;239,58;2.488,42;2.728,00;PREFEITURA MUNICIPAL DE PADRE MARCOS-PI;SECRETARIA MUNICIPAL  DE ADMINISTRAÇÃO;SEAD - DEPTO.ADMINISTRAÇÃO II;EFETIVOS;045.XXX.XXX-59;8;40;;1;19/01/2015;;;;;;1 - Efetivo;CONCURSO PUBLICO ;;;Efetivo;;GARI
;Fechamento 13º Salário - Dezembro;ISABEL ISMÊNIA DE CARVALHO MACEDO;PROFESSOR SE 20H;1.937,70;1.207,55;3.145,25;SECRETARIA MUNICIPAL DE EDUCAÇÃO;SECRETARIA MUNICIPAL DE EDUCAÇÃO;SME- DEPTOR ENSINO FUNDEB 70% I;EFETIVO - PROFESSORES;962.XXX.XXX-53;292;20;UNIDADE ESCOLAR MUNICIPAL DAVI SEVERIANO DE CARVALHO;1;01/02/2018;;;;;;1 - Efetivo;CONCURSO PUBLICO ;;;Efetivo;;PROFESSOR SE 20H
;Folha Mensal - Dezembro;ISABEL ISMÊNIA DE CARVALHO MACEDO;PROFESSOR SE 20H;491,88;2.653,37;3.145,25;SECRETARIA MUNICIPAL DE EDUCAÇÃO;SECRETARIA MUNICIPAL DE EDUCAÇÃO;SME- DEPTOR ENSINO FUNDEB 70% I;EFETIVO - PROFESSORES;962.XXX.XXX-53;292;20;UNIDADE ESCOLAR MUNICIPAL DAVI SEVERIANO DE CARVALHO;1;01/02/2018;;;;;;1 - Efetivo;CONCURSO PUBLICO ;;;Efetivo;;PROFESSOR SE 20H
;Folha Mensal - Dezembro;ISABEL MARIA DA SILVA CARVALHO;ASSESSOR TÉCNICO (A) ADMINISTRATIVO;129,88;1.533,32;1.663,20;PREFEITURA MUNICIPAL DE PADRE MARCOS-PI;SECRETARIA MUNICIPAL  DE ADMINISTRAÇÃO;SEAD -  DEPTO. ADMINISTRAÇÃO V- COMISSIONADOS;COMISSIONADOS;490.XXX.XXX-20;354;40;;1;02/01/2020;;01/2020;01/2025;;;2 - Comissão;TEMPO DETERMINADO;;;Função de Confiança;;ASSESSOR TÉCNICO (A) ADMINISTRATIVO
;Folha Mensal - Dezembro;ISMAEL BBENEDITO DA SILVA;PROFESSORA DE EJA - CELETISTA;267,85;2.618,29;2.886,14;SECRETARIA MUNICIPAL DE EDUCAÇÃO;SECRETARIA MUNICIPAL DE EDUCAÇÃO;SME-DEPTOR. ENSINO FUNDEB 70%  VI EJA;CONTRATADOS  EDUCAÇÃO;053.XXX.XXX-96;491;40;;1;01/03/2023;;;01/2024;;;3 - Temporário;TEMPO DETERMINADO;;;Contrato Temporario;;PROFESSORA DE EJA - CELETISTA
;Folha Mensal - Dezembro;ITAMARA DANTAS SILVA;ENFERMEIRO (A)  CONTRATADO (A);362,54;3.004,46;3.367,00;SECRETARIA MUNICIPAL DE SAUDE;SECRETARIA MUNICIPAL DE SAUDE;SMS-DEPTO.SEC.SAUDE-CONTRATADOS.;COMISSIONADOS;023.XXX.XXX-35;228;40;;6;02/03/2023;;;01/2025;;;3 - Temporário;TEMPO DETERMINADO;08/2020;;Função de Confiança;;ENFERMEIRO (A)  CONTRATADO (A)
;Folha Complementar c/ Encargos - Dezembro;ITAMARA DANTAS SILVA;ENFERMEIRO (A)  CONTRATADO (A);1.022,77;-1.022,77;;SECRETARIA MUNICIPAL DE SAUDE;SECRETARIA MUNICIPAL DE SAUDE;SMS-DEPTO.SEC.SAUDE-CONTRATADOS.;COMISSIONADOS;023.XXX.XXX-35;228;40;;6;02/03/2023;;;01/2025;;;3 - Temporário;TEMPO DETERMINADO;08/2020;;Função de Confiança;;ENFERMEIRO (A)  CONTRATADO (A)
;Folha Mensal - Dezembro;IVONE DE MORAIS CARVALHO;PROFESSOR SELETISTA;267,85;2.618,29;2.886,14;SECRETARIA MUNICIPAL DE EDUCAÇÃO;SECRETARIA MUNICIPAL DE EDUCAÇÃO;SME- DEPTO  ENSINO INFANTIL FUNDEB 70% - SELETISTAS;CONTRATADOS  EDUCAÇÃO;612.XXX.XXX-50;395;40;;2;01/03/2023;;;01/2024;;;3 - Temporário;TEMPO DETERMINADO;;;Contrato Temporario;;PROFESSOR SL 40H - CELETISTA
;Fechamento 13º Salário - Dezembro;IVONETE FRANCISCA DO NASCIMENTO CARDEAL;AUX. DE SERV. GERAIS;1.013,76;570,24;1.584,00;SECRETARIA MUNICIPAL DE EDUCAÇÃO;FUNDO DE MANUT. E DEC.DA EDUC.BASICA-FUNDEB;SME- DEPTO. ADM -FUNDEB 30% II;EFETIVOS;628.XXX.XXX-72;77;40;CRECHE PRÉ-ESCOLAR MARGARIDA DE JESUS ALENCAR ( TIA GUIDA);1;02/03/1998;;;;;;1 - Efetivo;CONCURSO PUBLICO ;;;Efetivo;;AUX. DE SERV. GERAIS
;Folha Mensal - Dezembro;IVONETE FRANCISCA DO NASCIMENTO CARDEAL;AUX. DE SERV. GERAIS;237,60;1.874,40;2.112,00;SECRETARIA MUNICIPAL DE EDUCAÇÃO;FUNDO DE MANUT. E DEC.DA EDUC.BASICA-FUNDEB;SME- DEPTO. ADM -FUNDEB 30% II;EFETIVOS;628.XXX.XXX-72;77;40;CRECHE PRÉ-ESCOLAR MARGARIDA DE JESUS ALENCAR ( TIA GUIDA);1;02/03/1998;;;;;;1 - Efetivo;CONCURSO PUBLICO ;;;Efetivo;;AUX. DE SERV. GERAIS
;Fechamento 13º Salário - Dezembro;IVONIERKY DE SOUSA CARDEAL;GARI;1.235,52;810,48;2.046,00;PREFEITURA MUNICIPAL DE PADRE MARCOS-PI;SECRETARIA MUNICIPAL  DE ADMINISTRAÇÃO;SEAD - DEPTO.ADMINISTRAÇÃO II;EFETIVOS;965.XXX.XXX-00;9;40;;1;19/01/2015;;;01/2022;;;1 - Efetivo;CONCURSO PUBLICO ;;;Efetivo;;GARI
;Folha Mensal - Dezembro;IVONIERKY DE SOUSA CARDEAL;GARI;239,58;2.488,42;2.728,00;PREFEITURA MUNICIPAL DE PADRE MARCOS-PI;SECRETARIA MUNICIPAL  DE ADMINISTRAÇÃO;SEAD - DEPTO.ADMINISTRAÇÃO II;EFETIVOS;965.XXX.XXX-00;9;40;;1;19/01/2015;;;01/2022;;;1 - Efetivo;CONCURSO PUBLICO ;;;Efetivo;;GARI
;Fechamento 13º Salário - Dezembro;IVONILDA DE SOUSA CARDEAL;GARI;212,52;1.833,48;2.046,00;PREFEITURA MUNICIPAL DE PADRE MARCOS-PI;SECRETARIA MUNICIPAL  DE ADMINISTRAÇÃO;SEAD - DEPTO.ADMINISTRAÇÃO II;EFETIVOS;273.XXX.XXX-35;10;40;;1;02/02/2015;;;;;;1 - Efetivo;CONCURSO PUBLICO ;;;Efetivo;;GARI
;Folha Mensal - Dezembro;IVONILDA DE SOUSA CARDEAL;GARI;239,58;2.488,42;2.728,00;PREFEITURA MUNICIPAL DE PADRE MARCOS-PI;SECRETARIA MUNICIPAL  DE ADMINISTRAÇÃO;SEAD - DEPTO.ADMINISTRAÇÃO II;EFETIVOS;273.XXX.XXX-35;10;40;;1;02/02/2015;;;;;;1 - Efetivo;CONCURSO PUBLICO ;;;Efetivo;;GARI
;Folha Mensal - Dezembro;JACINTO MARTINIANO DE CARVALHO;SECRETARIO MUNICICIPAL DE GOVERNO;138,20;1.617,40;1.755,60;PREFEITURA MUNICIPAL DE PADRE MARCOS-PI;GABINETE DO PREFEITO;GABINETE DO PREFEITO;COMISSIONADOS;392.XXX.XXX-68;385;40;;1;01/02/2021;;;03/2024;;;2 - Comissão;LIVRE PROVIMENTO ;;;;;SECRETARIO MUNICICIPAL DE GOVERNO
;Fechamento 13º Salário - Dezembro;JAELSON JOSÉ DA SILVA;GARI;1.156,47;889,53;2.046,00;HOSPITAL MUNICIPAL DE PADRE MARCOS;SECRETARIA MUNICIPAL DE SAUDE;HOSPITAL - DEPTO. ADMINISTRATIVO I;EFETIVOS;046.XXX.XXX-09;30;40;HOSPITAL MUNICIPAL DE PADRE MARCOS;1;02/02/2015;;;;;;1 - Efetivo;CONCURSO PUBLICO ;;;Efetivo;;GARI
;Folha Mensal - Dezembro;JAELSON JOSÉ DA SILVA;GARI;239,58;2.488,42;2.728,00;HOSPITAL MUNICIPAL DE PADRE MARCOS;SECRETARIA MUNICIPAL DE SAUDE;HOSPITAL - DEPTO. ADMINISTRATIVO I;EFETIVOS;046.XXX.XXX-09;30;40;HOSPITAL MUNICIPAL DE PADRE MARCOS;1;02/02/2015;;;;;;1 - Efetivo;CONCURSO PUBLICO ;;;Efetivo;;GARI
;Fechamento 13º Salário - Dezembro;JANAIRA ELVIRA DA CONCEIÇÃO;GARI;1.169,52;876,48;2.046,00;HOSPITAL MUNICIPAL DE PADRE MARCOS;SECRETARIA MUNICIPAL DE SAUDE;HOSPITAL - DEPTO. ADMINISTRATIVO I;EFETIVOS;335.XXX.XXX-06;29;40;HOSPITAL MUNICIPAL DE PADRE MARCOS;1;02/02/2015;;;;;;1 - Efetivo;CONCURSO PUBLICO ;;;Efetivo;;GARI
;Folha Mensal - Dezembro;JANAIRA ELVIRA DA CONCEIÇÃO;GARI;239,58;2.488,42;2.728,00;HOSPITAL MUNICIPAL DE PADRE MARCOS;SECRETARIA MUNICIPAL DE SAUDE;HOSPITAL - DEPTO. ADMINISTRATIVO I;EFETIVOS;335.XXX.XXX-06;29;40;HOSPITAL MUNICIPAL DE PADRE MARCOS;1;02/02/2015;;;;;;1 - Efetivo;CONCURSO PUBLICO ;;;Efetivo;;GARI
;Folha Mensal - Dezembro;JANETE MATILDES DA SILVA;ASSESSOR TÉCNICO (A) ADMINISTRATIVO;99,00;1.221,00;1.320,00;PREFEITURA MUNICIPAL DE PADRE MARCOS-PI;SECRETARIA MUNICIPAL  DE ADMINISTRAÇÃO;SEAD - DEPTO. ADMINISTRAÇÃO IV;COMISSIONADOS;034.XXX.XXX-21;308;40;PREDIO DA PREFEITURA;1;01/11/2018;;;01/2025;;;2 - Comissão;TEMPO DETERMINADO;;;;;ASSESSOR TÉCNICO (A) ADMINISTRATIVO
;Folha Mensal - Dezembro;JÂNIA KALINE DIAS;ASSESSOR TÉCNICO (A) ADMINISTRATIVO;99,00;1.221,00;1.320,00;SECRETARIA MUNICIPAL DE EDUCAÇÃO;FUNDO DE MANUT. E DEC.DA EDUC.BASICA-FUNDEB;SME- DEPTOR ADM FUNDEB 30 % VI - COMISSIONADOS;COMISSIONADOS EDUCAÇÃO;065.XXX.XXX-27;267;40;SECRETARIA MUNICIPAL DE EDUCAÇÃO;3;02/01/2019;;;01/2025;;;2 - Comissão;TEMPO DETERMINADO;;;Função de Confiança;;ASSESSOR TÉCNICO (A) ADMINISTRATIVO
;Folha Mensal - Dezembro;JANNAÍNA ANTONIA DE ALENCAR CASTRO;COORDENADOR DE SERVIÇOS;398,45;3.101,55;3.500,00;SECRETARIA MUNICIPAL DE SAUDE;SECRETARIA MUNICIPAL DE SAUDE;SMS-DEPTO.SEC.SAUDE-CONTRATADOS.;COMISSIONADOS;011.XXX.XXX-40;442;40;;1;03/01/2022;;;01/2025;;;2 - Comissão;TEMPO DETERMINADO;;;Função de Confiança;;COORDENADOR DE SERVIÇOS
;Folha Mensal - Dezembro;JARBAS DA SILVA SOUSA;VISITADOR PCF;99,00;1.221,00;1.320,00;SECRETARIA MUNICIPAL DE ASSISTENCIA SOCIAL;SECRETARIA MUNICIPAL DE ASSISTENCIA SOCIAL; PROG.CRIANÇA FELIZ;CONTRATO TEMPORÁRIO;080.XXX.XXX-16;406;40;;2;01/03/2023;;;01/2025;;;3 - Temporário;TEMPO DETERMINADO;;;Contrato Temporario;;VISITADOR PCF
;Folha Mensal - Dezembro;JEREMIAS ELIAS DA SILVA;DIRETOR DE DEPARTAMENTO;99,00;1.221,00;1.320,00;SECRETARIA MUNICIPAL DE EDUCAÇÃO;FUNDO DE MANUT. E DEC.DA EDUC.BASICA-FUNDEB;SME- DEPTOR ADM FUNDEB 30 % VI - COMISSIONADOS;COMISSIONADOS EDUCAÇÃO;788.XXX.XXX-49;392;40;;2;01/12/2023;;;01/2025;;;2 - Comissão;LIVRE PROVIMENTO ;;;Função de Confiança;;DIRETOR DE DEPARTAMENTO
;Folha Mensal - Dezembro;JOÃO BATISTA RIBEIRO;ASSESSOR TÉCNICO (A) ADMINISTRATIVO;99,00;1.221,00;1.320,00;SECRETARIA MUNICIPAL DE EDUCAÇÃO;FUNDO DE MANUT. E DEC.DA EDUC.BASICA-FUNDEB;SME- DEPTOR ADM FUNDEB 30 % VI - COMISSIONADOS;COMISSIONADOS EDUCAÇÃO;900.XXX.XXX-04;426;40;;1;01/07/2021;;;01/2025;;;2 - Comissão;TEMPO DETERMINADO;;;Função de Confiança;;ASSESSOR TÉCNICO (A) ADMINISTRATIVO
;Folha Mensal - Dezembro;JOÃO HEIDER DA SILVA;ORIENTADORA(O) EDUCACIONAL;99,00;1.221,00;1.320,00;SECRETARIA MUNICIPAL DE EDUCAÇÃO;FUNDO DE MANUT. E DEC.DA EDUC.BASICA-FUNDEB;SME- DEPTOR ADM FUNDEB 30 % VI - COMISSIONADOS;COMISSIONADOS EDUCAÇÃO;065.XXX.XXX-66;501;40;;1;01/03/2023;;;08/2024;;;2 - Comissão;TEMPO DETERMINADO;;;Contrato Temporario;;ORIENTADORA(O) EDUCACIONAL
;Folha Mensal - Dezembro;JOÃO ISAAC ARAÚJO MODESTO;ASSESSOR ESPECIAL;99,00;1.221,00;1.320,00;SECRETARIA MUNICIPAL DE EDUCAÇÃO;FUNDO DE MANUT. E DEC.DA EDUC.BASICA-FUNDEB;SME- DEPTOR ADM FUNDEB 30 % VI - COMISSIONADOS;COMISSIONADOS EDUCAÇÃO;069.XXX.XXX-12;470;40;SECRETARIA MUNICIPAL DE EDUCAÇÃO;1;01/08/2022;;;01/2025;;;2 - Comissão;LIVRE PROVIMENTO ;;;Função de Confiança;;ASSESSOR ESPECIAL
;Folha Mensal - Dezembro;JOÃO ISIDRO DE CARVALHO;DIRETOR DE DEPARTAMENTO;135,82;1.593,38;1.729,20;PREFEITURA MUNICIPAL DE PADRE MARCOS-PI;SECRETARIA MUNICIPAL DE AGRICULTURA;SMA - SECRETARIA DE AGRICULTURA;COMISSIONADOS;517.XXX.XXX-15;370;40;;2;01/03/2021;;;01/2025;;;2 - Comissão;LIVRE PROVIMENTO ;;;Função de Confiança;;DIRETOR DE DEPARTAMENTO
;Fechamento 13º Salário - Dezembro;JOÃO JUNIOR DE ALENCAR MACEDO;MOTORISTA;1.171,85;757,13;1.928,98;SECRETARIA MUNICIPAL DE EDUCAÇÃO;FUNDO DE MANUT. E DEC.DA EDUC.BASICA-FUNDEB;SME- DEPTOR. ADM FUNDEB 30% V;TEMPO DE SERVIÇO;454.XXX.XXX-53;107;40;SECRETARIA MUNICIPAL DE EDUCAÇÃO;1;01/08/1984;;;11/2025;;;1 - Efetivo;CONCURSO PUBLICO ;;;Efetivo;;MOTORISTA
;Folha Mensal - Dezembro;JOÃO JUNIOR DE ALENCAR MACEDO;MOTORISTA;601,05;1.970,92;2.571,97;SECRETARIA MUNICIPAL DE EDUCAÇÃO;FUNDO DE MANUT. E DEC.DA EDUC.BASICA-FUNDEB;SME- DEPTOR. ADM FUNDEB 30% V;TEMPO DE SERVIÇO;454.XXX.XXX-53;107;40;SECRETARIA MUNICIPAL DE EDUCAÇÃO;1;01/08/1984;;;11/2025;;;1 - Efetivo;CONCURSO PUBLICO ;;;Efetivo;;MOTORISTA
;Folha Mensal - Dezembro;JOÃO MARCUS CARVALHO MACEDO;PROFESSOR SL 40H - CELETISTA;267,85;2.618,29;2.886,14;SECRETARIA MUNICIPAL DE EDUCAÇÃO;SECRETARIA MUNICIPAL DE EDUCAÇÃO;SME - DEPTOR. ENSINO FUNDEB 70% IV - CELETISTAS;CONTRATADOS  EDUCAÇÃO;057.XXX.XXX-52;472;40;;2;06/03/2023;;;01/2024;;;3 - Temporário;TEMPO DETERMINADO;;;Contrato Temporario;;PROFESSOR SL 40H - CELETISTA
;Folha Mensal - Dezembro;JOELMA FRANCISCA DE SOUSA;PROFESSOR SL 40H - CELETISTA;267,85;2.618,29;2.886,14;SECRETARIA MUNICIPAL DE EDUCAÇÃO;SECRETARIA MUNICIPAL DE EDUCAÇÃO;SME - DEPTOR. ENSINO FUNDEB 70% IV - CELETISTAS;CONTRATADOS  EDUCAÇÃO;022.XXX.XXX-97;325;40;;3;01/03/2023;;;01/2024;;;3 - Temporário;TEMPO DETERMINADO;;;Contrato Temporario;;PROFESSOR SL 40H - CELETISTA
;Fechamento 13º Salário - Dezembro;JOSE AFONSO DE ARAUJO MACEDO;ODONTÓLOGO;2.301,06;1.275,20;3.576,26;SECRETARIA MUNICIPAL DE SAUDE;SECRETARIA MUNICIPAL DE SAUDE;SMS - DEPTOR.SEC.SAUDE PSB II;EFETIVOS;160.XXX.XXX-04;123;40;;1;01/04/2008;;;;;;1 - Efetivo;CONCURSO PUBLICO ;;;Efetivo;;ODONTÓLOGO
;Folha Mensal - Dezembro;JOSE AFONSO DE ARAUJO MACEDO;ODONTÓLOGO;498,14;4.463,71;4.961,85;SECRETARIA MUNICIPAL DE SAUDE;SECRETARIA MUNICIPAL DE SAUDE;SMS - DEPTOR.SEC.SAUDE PSB II;EFETIVOS;160.XXX.XXX-04;123;40;;1;01/04/2008;;;;;;1 - Efetivo;CONCURSO PUBLICO ;;;Efetivo;;ODONTÓLOGO
;Folha Mensal - Dezembro;JOSE ALAILSON DA SILVA;SECRETARIO(A) UNIDADE ESCOLAR MUNICIPAL;99,00;1.221,00;1.320,00;SECRETARIA MUNICIPAL DE EDUCAÇÃO;FUNDO DE MANUT. E DEC.DA EDUC.BASICA-FUNDEB;SME- DEPTOR ADM FUNDEB 30 % VI - COMISSIONADOS;COMISSIONADOS EDUCAÇÃO;069.XXX.XXX-61;280;40;U.E.M LUIZ LINO DA SILVA;3;01/03/2019;;;01/2025;;;2 - Comissão;LIVRE PROVIMENTO ;;;Função de Confiança;;DIRETOR(A) DE ESCOLA
;Fechamento 13º Salário - Dezembro;JOSE AQUILES DA SILVA;PROFESSOR SE 40H;1.866,35;5.441,24;7.307,59;SECRETARIA MUNICIPAL DE EDUCAÇÃO;SECRETARIA MUNICIPAL DE EDUCAÇÃO;SME- DEPTOR ENSINO FUNDEB 70% II;EFETIVO - PROFESSORES;451.XXX.XXX-91;184;40;SECRETARIA MUNICIPAL DE EDUCAÇÃO;1;02/02/1998;;;;;;1 - Efetivo;CONCURSO PUBLICO ;;;Efetivo;;PROFESSOR SE 40H
;Folha Mensal - Dezembro;JOSE AQUILES DA SILVA;PROFESSOR SE 40H;2.944,22;8.017,17;10.961,39;SECRETARIA MUNICIPAL DE EDUCAÇÃO;SECRETARIA MUNICIPAL DE EDUCAÇÃO;SME- DEPTOR ENSINO FUNDEB 70% II;EFETIVO - PROFESSORES;451.XXX.XXX-91;184;40;SECRETARIA MUNICIPAL DE EDUCAÇÃO;1;02/02/1998;;;;;;1 - Efetivo;CONCURSO PUBLICO ;;;Efetivo;;PROFESSOR SE 40H
;Fechamento 13º Salário - Dezembro;JOSÉ AUGUSTO DE SOUSA MACEDO;AUX. DE SERV. GERAIS;961,17;556,83;1.518,00;SECRETARIA MUNICIPAL DE EDUCAÇÃO;FUNDO DE MANUT. E DEC.DA EDUC.BASICA-FUNDEB;SME- DEPTO. ADM -FUNDEB 30% II;EFETIVOS;001.XXX.XXX-07;93;40;;1;02/03/2015;;;;;;1 - Efetivo;CONCURSO PUBLICO ;;;Efetivo;;AUX. DE SERV. GERAIS
;Folha Mensal - Dezembro;JOSÉ AUGUSTO DE SOUSA MACEDO;AUX. DE SERV. GERAIS;566,70;1.457,30;2.024,00;SECRETARIA MUNICIPAL DE EDUCAÇÃO;FUNDO DE MANUT. E DEC.DA EDUC.BASICA-FUNDEB;SME- DEPTO. ADM -FUNDEB 30% II;EFETIVOS;001.XXX.XXX-07;93;40;;1;02/03/2015;;;;;;1 - Efetivo;CONCURSO PUBLICO ;;;Efetivo;;AUX. DE SERV. GERAIS
;Fechamento 13º Salário - Dezembro;JOSÉ BONIFÁCIO DA SILVA DIAS;PROFESSOR SE 40H;5.208,66;2.353,20;7.561,86;SECRETARIA MUNICIPAL DE EDUCAÇÃO;SECRETARIA MUNICIPAL DE EDUCAÇÃO;SME- DEPTOR ENSINO FUNDEB 70% III;EFETIVO - PROFESSORES;782.XXX.XXX-15;186;40;UNIDADE ESCOLAR MUNICIPAL CÂNDIDA MACEDO;1;02/02/1998;;;;;;1 - Efetivo;CONCURSO PUBLICO ;;;Efetivo;;PROFESSOR SE 40H
;Folha Mensal - Dezembro;JOSÉ BONIFÁCIO DA SILVA DIAS;PROFESSOR SE 40H;3.660,06;7.682,73;11.342,79;SECRETARIA MUNICIPAL DE EDUCAÇÃO;SECRETARIA MUNICIPAL DE EDUCAÇÃO;SME- DEPTOR ENSINO FUNDEB 70% III;EFETIVO - PROFESSORES;782.XXX.XXX-15;186;40;UNIDADE ESCOLAR MUNICIPAL CÂNDIDA MACEDO;1;02/02/1998;;;;;;1 - Efetivo;CONCURSO PUBLICO ;;;Efetivo;;PROFESSOR SE 40H
;Fechamento 13º Salário - Dezembro;JOSÉ ELIAS DA SILVA;AG. COMUNITARIO DE SAÚDE;2.292,04;1.271,96;3.564,00;SECRETARIA MUNICIPAL DE SAUDE;SECRETARIA MUNICIPAL DE SAUDE;SMS - SEC.DE SAUDE - ACS I;EFETIVOS;809.XXX.XXX-49;38;40;;1;12/09/1995;;;;;;1 - Efetivo;CONCURSO PUBLICO ;;;Efetivo;;AG. COMUNITARIO DE SAÚDE
;Folha Complementar c/ Encargos - Dezembro;JOSÉ ELIAS DA SILVA;AG. COMUNITARIO DE SAÚDE;390,47;-390,47;;SECRETARIA MUNICIPAL DE SAUDE;SECRETARIA MUNICIPAL DE SAUDE;SMS - SEC.DE SAUDE - ACS I;EFETIVOS;809.XXX.XXX-49;38;40;;1;12/09/1995;;;;;;1 - Efetivo;CONCURSO PUBLICO ;;;Efetivo;;AG. COMUNITARIO DE SAÚDE
;Folha Mensal - Dezembro;JOSÉ ELIAS DA SILVA;AG. COMUNITARIO DE SAÚDE;785,75;4.119,01;4.904,76;SECRETARIA MUNICIPAL DE SAUDE;SECRETARIA MUNICIPAL DE SAUDE;SMS - SEC.DE SAUDE - ACS I;EFETIVOS;809.XXX.XXX-49;38;40;;1;12/09/1995;;;;;;1 - Efetivo;CONCURSO PUBLICO ;;;Efetivo;;AG. COMUNITARIO DE SAÚDE
;Folha Mensal - Dezembro;JOSE EVALDO DA SILVA;ASSESSOR TÉCNICO (A) ADMINISTRATIVO;158,40;1.821,60;1.980,00;PREFEITURA MUNICIPAL DE PADRE MARCOS-PI;SECRETARIA MUNICIPAL  DE ADMINISTRAÇÃO;SEAD - DEPTO. ADMINISTRAÇÃO IV;COMISSIONADOS;872.XXX.XXX-91;309;40;;1;02/01/2019;;;01/2025;;;2 - Comissão;TEMPO DETERMINADO;;;;;ASSESSOR TÉCNICO (A) ADMINISTRATIVO
;Folha Mensal - Dezembro;JOSÉ FRANCISCO CARVALHO;AUX. DE SERVIÇOS GERAIS;99,00;1.221,00;1.320,00;SECRETARIA MUNICIPAL DE EDUCAÇÃO;FUNDO DE MANUT. E DEC.DA EDUC.BASICA-FUNDEB;SME-DEPTO.CONTRATO-ENSINO FUNDEB 30%;CONTRATADOS  EDUCAÇÃO;081.XXX.XXX-21;503;40;;1;01/03/2023;;;01/2025;;;3 - Temporário;TEMPO DETERMINADO;;;;;AUX. DE SERVIÇOS GERAIS
;Fechamento 13º Salário - Dezembro;JOSE FRANCISCO DE SOUSA;AUX. ADMINISTRATIVO;1.783,98;988,02;2.772,00;SECRETARIA MUNICIPAL DE EDUCAÇÃO;FUNDO DE MANUT. E DEC.DA EDUC.BASICA-FUNDEB;SME- DEPTO. ADM -FUNDEB 30% II;TEMPO DE SERVIÇO;022.XXX.XXX-24;116;40;U.E.M. JOSE DE MOURA LEAL;1;01/09/1986;;;;;;1 - Efetivo;CONCURSO PUBLICO ;;;Efetivo;;AUX. ADMINISTRATIVO
;Folha Mensal - Dezembro;JOSE FRANCISCO DE SOUSA;AUX. ADMINISTRATIVO;1.070,95;2.625,05;3.696,00;SECRETARIA MUNICIPAL DE EDUCAÇÃO;FUNDO DE MANUT. E DEC.DA EDUC.BASICA-FUNDEB;SME- DEPTO. ADM -FUNDEB 30% II;TEMPO DE SERVIÇO;022.XXX.XXX-24;116;40;U.E.M. JOSE DE MOURA LEAL;1;01/09/1986;;;;;;1 - Efetivo;CONCURSO PUBLICO ;;;Efetivo;;AUX. ADMINISTRATIVO
;Fechamento 13º Salário - Dezembro;JOSE GILDEMAR SOUSA SILVA;PROFESSOR SE 40H;4.626,73;1.918,03;6.544,76;SECRETARIA MUNICIPAL DE EDUCAÇÃO;SECRETARIA MUNICIPAL DE EDUCAÇÃO;SME- DEPTOR ENSINO FUNDEB 70% I;EFETIVO - PROFESSORES;041.XXX.XXX-10;146;40;U.E.M LUIZ LINO DA SILVA;1;02/03/2015;;;030/2022;;;1 - Efetivo;CONCURSO PUBLICO ;;;Efetivo;;PROFESSOR SL 40H
;Folha Mensal - Dezembro;JOSE GILDEMAR SOUSA SILVA;PROFESSOR SE 40H;2.521,23;7.550,18;10.071,41;SECRETARIA MUNICIPAL DE EDUCAÇÃO;SECRETARIA MUNICIPAL DE EDUCAÇÃO;SME- DEPTOR ENSINO FUNDEB 70% I;EFETIVO - PROFESSORES;041.XXX.XXX-10;146;40;U.E.M LUIZ LINO DA SILVA;1;02/03/2015;;;030/2022;;;1 - Efetivo;CONCURSO PUBLICO ;;;Efetivo;;PROFESSOR SL 40H
;Folha Mensal - Dezembro;JOSÉ LEAL DE MACEDO;ASSESSOR TÉCNICO (A) ADMINISTRATIVO;99,00;1.221,00;1.320,00;PREFEITURA MUNICIPAL DE PADRE MARCOS-PI;SEC.MUN.DE OBRAS E SERVIÇOS URBANOS;SMO - SECRETARIA DE OBRAS;COMISSIONADOS;895.XXX.XXX-49;240;40;;2;02/01/2018;;;01/2025;;;2 - Comissão;TEMPO DETERMINADO;;;Função de Confiança;;ASSESSOR TÉCNICO (A) ADMINISTRATIVO
;Folha Mensal - Dezembro;JOSÉ RIBAMAR DE SOUSA;ASSESSOR TÉCNICO (A) ADMINISTRATIVO;99,00;1.221,00;1.320,00;PREFEITURA MUNICIPAL DE PADRE MARCOS-PI;SECRETARIA MUNICIPAL  DE ADMINISTRAÇÃO;SEAD -  DEPTO. ADMINISTRAÇÃO V- COMISSIONADOS;COMISSIONADOS;993.XXX.XXX-87;499;40;;1;01/03/2023;;;01/2025;;;2 - Comissão;TEMPO DETERMINADO;;;Função de Confiança;;ASSESSOR TÉCNICO (A) ADMINISTRATIVO
;Folha Mensal - Dezembro;JOSE VALDINAR DA SILVA;PREFEITO;3.050,83;8.949,17;12.000,00;PREFEITURA MUNICIPAL DE PADRE MARCOS-PI;GABINETE DO PREFEITO;GABINETE DO PREFEITO;ELETIVOS;864.XXX.XXX-20;223;40;;1;01/01/2017;;;01/2025;;;9 - Outros;ELEICAO/INDICACAO;;;Função de Confiança;;PREFEITO
;Folha Mensal - Dezembro;JOSÉ VALDINAR FRANCISCO DA SILVA;ASSESSOR TÉCNICO (A) ADMINISTRATIVO;99,00;1.221,00;1.320,00;SECRETARIA MUNICIPAL DE EDUCAÇÃO;FUNDO DE MANUT. E DEC.DA EDUC.BASICA-FUNDEB;SME- DEPTOR ADM FUNDEB 30 % VI - COMISSIONADOS;COMISSIONADOS;005.XXX.XXX-78;526;40;SECRETARIA MUNICIPAL DE EDUCAÇÃO;1;01/11/2023;;;01/2025;;;2 - Comissão;TEMPO DETERMINADO;;;;;ASSESSOR TÉCNICO (A) ADMINISTRATIVO
;Fechamento 13º Salário - Dezembro;JOSEAN SANTOS ALMEIDA;PROFESSOR SE 40H;5.564,15;2.302,83;7.866,98;SECRETARIA MUNICIPAL DE EDUCAÇÃO;SECRETARIA MUNICIPAL DE EDUCAÇÃO;SME- DEPTOR ENSINO FUNDEB 70% II;EFETIVO - PROFESSORES;718.XXX.XXX-49;183;40;UNIDADE ESCOLAR JOSE JUBELINO DE MACEDO;1;02/03/1998;;;;;;1 - Efetivo;CONCURSO PUBLICO ;;;Efetivo;;PROFESSOR SE 40H
;Folha Mensal - Dezembro;JOSEAN SANTOS ALMEIDA;PROFESSOR SE 40H;3.076,08;8.724,39;11.800,47;SECRETARIA MUNICIPAL DE EDUCAÇÃO;SECRETARIA MUNICIPAL DE EDUCAÇÃO;SME- DEPTOR ENSINO FUNDEB 70% II;EFETIVO - PROFESSORES;718.XXX.XXX-49;183;40;UNIDADE ESCOLAR JOSE JUBELINO DE MACEDO;1;02/03/1998;;;;;;1 - Efetivo;CONCURSO PUBLICO ;;;Efetivo;;PROFESSOR SE 40H
;Folha Mensal - Dezembro;JOSEANO VALDECI DE LIMA;DIRETOR DE DEPARTAMENTO;99,00;1.221,00;1.320,00;PREFEITURA MUNICIPAL DE PADRE MARCOS-PI;SECRETARIA MUNICIPAL  DE ADMINISTRAÇÃO;SEAD -  DEPTO. ADMINISTRAÇÃO V- COMISSIONADOS;COMISSIONADOS;010.XXX.XXX-56;390;40;;1;01/02/2021;;;01/2025;;;2 - Comissão;LIVRE PROVIMENTO ;;;Função de Confiança;;DIRETOR DE DEPARTAMENTO
;Fechamento 13º Salário - Dezembro;JOSEFA BENEDITA DA SILVA;TECNICO EM ENFERMAGEM;1.091,37;690,63;1.782,00;SECRETARIA MUNICIPAL DE SAUDE;SECRETARIA MUNICIPAL DE SAUDE;SMS-DEPTOR.SEC. DE SAUDE II;EFETIVOS;241.XXX.XXX-53;56;40;SECRETARIA MUNICIPAL DE SAÚDE;1;02/02/2015;;;;;;1 - Efetivo;CONCURSO PUBLICO ;;;Efetivo;;TECNICO EM ENFERMAGEM
;Folha Mensal - Dezembro;JOSEFA BENEDITA DA SILVA;TECNICO EM ENFERMAGEM;230,34;2.242,41;2.472,75;SECRETARIA MUNICIPAL DE SAUDE;SECRETARIA MUNICIPAL DE SAUDE;SMS-DEPTOR.SEC. DE SAUDE II;EFETIVOS;241.XXX.XXX-53;56;40;SECRETARIA MUNICIPAL DE SAÚDE;1;02/02/2015;;;;;;1 - Efetivo;CONCURSO PUBLICO ;;;Efetivo;;TECNICO EM ENFERMAGEM
;Folha Complementar c/ Encargos - Dezembro;JOSEFA BENEDITA DA SILVA;TECNICO EM ENFERMAGEM;400,59;-400,59;;SECRETARIA MUNICIPAL DE SAUDE;SECRETARIA MUNICIPAL DE SAUDE;SMS-DEPTOR.SEC. DE SAUDE II;EFETIVOS;241.XXX.XXX-53;56;40;SECRETARIA MUNICIPAL DE SAÚDE;1;02/02/2015;;;;;;1 - Efetivo;CONCURSO PUBLICO ;;;Efetivo;;TECNICO EM ENFERMAGEM
;Fechamento 13º Salário - Dezembro;JOSEFA MACEDO DA SILVA;AUX. DE SERV. GERAIS;1.013,76;570,24;1.584,00;SECRETARIA MUNICIPAL DE EDUCAÇÃO;FUNDO DE MANUT. E DEC.DA EDUC.BASICA-FUNDEB;SME- DEPTO. ADM -FUNDEB 30% II;EFETIVOS;628.XXX.XXX-49;92;40;U.E.M.BERLAMINO FLORENTINO DE CARVALHO;1;02/03/1998;;;;;;1 - Efetivo;CONCURSO PUBLICO ;;;Efetivo;;AUX. DE SERV. GERAIS
;Folha Mensal - Dezembro;JOSEFA MACEDO DA SILVA;AUX. DE SERV. GERAIS;237,60;1.934,22;2.171,82;SECRETARIA MUNICIPAL DE EDUCAÇÃO;FUNDO DE MANUT. E DEC.DA EDUC.BASICA-FUNDEB;SME- DEPTO. ADM -FUNDEB 30% II;EFETIVOS;628.XXX.XXX-49;92;40;U.E.M.BERLAMINO FLORENTINO DE CARVALHO;1;02/03/1998;;;;;;1 - Efetivo;CONCURSO PUBLICO ;;;Efetivo;;AUX. DE SERV. GERAIS
;Folha Mensal - Dezembro;JOSEFA MÁRCIA DE CARVALHO;DIRETOR(A) DE ESCOLA;189,90;2.140,10;2.330,00;SECRETARIA MUNICIPAL DE EDUCAÇÃO;SECRETARIA MUNICIPAL DE EDUCAÇÃO;SME- DEPTOR. ENSINO FUNDEB 70% V - COMISSIONADOS;COMISSIONADOS EDUCAÇÃO;010.XXX.XXX-42;449;40;U.E.M LUIZ LINO DA SILVA;1;01/02/2022;;;01/2025;;;2 - Comissão;LIVRE PROVIMENTO ;;;Contrato Temporario;;DIRETOR(A) DE ESCOLA
;Fechamento 13º Salário - Dezembro;JOSEFA PEDRINA DA CONCEIÇÃO SILVA;AG. COMUNITARIO DE SAÚDE;2.292,04;1.271,96;3.564,00;SECRETARIA MUNICIPAL DE SAUDE;SECRETARIA MUNICIPAL DE SAUDE;SMS - SEC.DE SAUDE - ACS I;EFETIVOS;689.XXX.XXX-63;44;40;;1;18/03/2003;;;;;;1 - Efetivo;CONCURSO PUBLICO ;;;Efetivo;;AG. COMUNITARIO DE SAÚDE
;Folha Complementar c/ Encargos - Dezembro;JOSEFA PEDRINA DA CONCEIÇÃO SILVA;AG. COMUNITARIO DE SAÚDE;390,47;-390,47;;SECRETARIA MUNICIPAL DE SAUDE;SECRETARIA MUNICIPAL DE SAUDE;SMS - SEC.DE SAUDE - ACS I;EFETIVOS;689.XXX.XXX-63;44;40;;1;18/03/2003;;;;;;1 - Efetivo;CONCURSO PUBLICO ;;;Efetivo;;AG. COMUNITARIO DE SAÚDE
;Folha Mensal - Dezembro;JOSEFA PEDRINA DA CONCEIÇÃO SILVA;AG. COMUNITARIO DE SAÚDE;785,75;4.119,01;4.904,76;SECRETARIA MUNICIPAL DE SAUDE;SECRETARIA MUNICIPAL DE SAUDE;SMS - SEC.DE SAUDE - ACS I;EFETIVOS;689.XXX.XXX-63;44;40;;1;18/03/2003;;;;;;1 - Efetivo;CONCURSO PUBLICO ;;;Efetivo;;AG. COMUNITARIO DE SAÚDE
;Folha Mensal - Dezembro;JOSELIA LUISA DE CARVALHO;ASSESSOR ESPECIAL;99,00;1.221,00;1.320,00;SECRETARIA MUNICIPAL DE EDUCAÇÃO;FUNDO DE MANUT. E DEC.DA EDUC.BASICA-FUNDEB;SME- DEPTOR ADM FUNDEB 30 % VI - COMISSIONADOS;COMISSIONADOS EDUCAÇÃO;068.XXX.XXX-50;339;40;;1;01/05/2019;;;01/2025;;;2 - Comissão;LIVRE PROVIMENTO ;;;;;ASSESSOR ESPECIAL
;Fechamento 13º Salário - Dezembro;JOSIVALDO GERALDO CARVALHO MACEDO;MOTORISTA;928,62;721,38;1.650,00;SECRETARIA MUNICIPAL DE EDUCAÇÃO;FUNDO DE MANUT. E DEC.DA EDUC.BASICA-FUNDEB;SME- DEPTOR. ADM FUNDEB 30% V;EFETIVOS;004.XXX.XXX-03;108;40;SECRETARIA MUNICIPAL DE EDUCAÇÃO;1;02/03/2015;;;;;;1 - Efetivo;CONCURSO PUBLICO ;;;Efetivo;;MOTORISTA
;Folha Mensal - Dezembro;JOSIVALDO GERALDO CARVALHO MACEDO;MOTORISTA;227,70;2.032,12;2.259,82;SECRETARIA MUNICIPAL DE EDUCAÇÃO;FUNDO DE MANUT. E DEC.DA EDUC.BASICA-FUNDEB;SME- DEPTOR. ADM FUNDEB 30% V;EFETIVOS;004.XXX.XXX-03;108;40;SECRETARIA MUNICIPAL DE EDUCAÇÃO;1;02/03/2015;;;;;;1 - Efetivo;CONCURSO PUBLICO ;;;Efetivo;;MOTORISTA
;Folha Mensal - Dezembro;JOSIVANHA DE MORAIS CARVALHO;VISITADOR PCF;99,00;1.221,00;1.320,00;SECRETARIA MUNICIPAL DE ASSISTENCIA SOCIAL;SECRETARIA MUNICIPAL DE ASSISTENCIA SOCIAL; PROG.CRIANÇA FELIZ;CONTRATO TEMPORÁRIO;062.XXX.XXX-78;242;40;;5;01/03/2023;;;01/2025;;;3 - Temporário;TEMPO DETERMINADO;;;Contrato Temporario;;VISITADOR PCF
;Folha Mensal - Dezembro;JOSIVANIA ELVIRA DE MACEDO;COORDENADOR DE SERVIÇOS;99,00;1.221,00;1.320,00;PREFEITURA MUNICIPAL DE PADRE MARCOS-PI;SECRETARIA MUNICIPAL  DE ADMINISTRAÇÃO;SEAD- DPTO.ADM. ALMOXARIFADO;COMISSIONADOS;009.XXX.XXX-29;237;40;;1;01/02/2017;;;01/2025;;;2 - Comissão;TEMPO DETERMINADO;;;Função de Confiança;;COORDENADOR DE SERVIÇOS
;Folha Mensal - Dezembro;JOSUE JOÃO DA SILVA GOMES;ASSESSOR TÉCNICO (A) ADMINISTRATIVO;158,40;1.821,60;1.980,00;SECRETARIA MUNICIPAL DE EDUCAÇÃO;FUNDO DE MANUT. E DEC.DA EDUC.BASICA-FUNDEB;SME- DEPTOR ADM FUNDEB 30 % VI - COMISSIONADOS;COMISSIONADOS EDUCAÇÃO;006.XXX.XXX-81;342;40;;1;01/08/2019;;;01/2025;;;2 - Comissão;TEMPO DETERMINADO;;;Função de Confiança;;ASSESSOR TÉCNICO (A) ADMINISTRATIVO
;Fechamento 13º Salário - Dezembro;JOVELANDO JOSE DE CARVALHO;PROFESSOR SE 40H;4.626,73;1.918,03;6.544,76;SECRETARIA MUNICIPAL DE EDUCAÇÃO;SECRETARIA MUNICIPAL DE EDUCAÇÃO;SME- DEPTOR ENSINO FUNDEB 70% I;EFETIVO - PROFESSORES;015.XXX.XXX-86;147;40;UNIDADE ESCOLAR MUNICIPAL DAVI SEVERIANO DE CARVALHO;1;02/03/2015;;;;;;1 - Efetivo;CONCURSO PUBLICO ;;;Efetivo;;PROFESSOR SE 40H
;Folha Mensal - Dezembro;JOVELANDO JOSE DE CARVALHO;PROFESSOR SE 40H;2.518,69;7.298,45;9.817,14;SECRETARIA MUNICIPAL DE EDUCAÇÃO;SECRETARIA MUNICIPAL DE EDUCAÇÃO;SME- DEPTOR ENSINO FUNDEB 70% I;EFETIVO - PROFESSORES;015.XXX.XXX-86;147;40;UNIDADE ESCOLAR MUNICIPAL DAVI SEVERIANO DE CARVALHO;1;02/03/2015;;;;;;1 - Efetivo;CONCURSO PUBLICO ;;;Efetivo;;PROFESSOR SE 40H
;Folha Mensal - Dezembro;JOYCE FLÁVIA DA SILVA LEAL;MEDICO (A) TEMPORARIO (A) PLANTÃO;188,10;2.121,90;2.310,00;SECRETARIA MUNICIPAL DE SAUDE;SECRETARIA MUNICIPAL DE SAUDE;SMS- DEPARTAMENTO DA SAÚDE- PLANTÃO;COMISSIONADOS;031.XXX.XXX-39;516;40;;1;01/04/2023;;;03/2024;;;3 - Temporário;TEMPO DETERMINADO;;;Função de Confiança;;MEDICO (A) TEMPORARIO (A) PLANTÃO
;Fechamento 13º Salário - Dezembro;JOYCE MAIANNE DA SILVA SOUZA;AG. COMUNITARIO DE SAÚDE;2.292,04;1.271,96;3.564,00;SECRETARIA MUNICIPAL DE SAUDE;SECRETARIA MUNICIPAL DE SAUDE;SMS - SEC.DE SAUDE - ACS I;EFETIVOS;037.XXX.XXX-56;43;40;;1;02/02/2015;;;02/2021;;;1 - Efetivo;CONCURSO PUBLICO ;;;Efetivo;;AG. COMUNITARIO DE SAÚDE
;Folha Complementar c/ Encargos - Dezembro;JOYCE MAIANNE DA SILVA SOUZA;AG. COMUNITARIO DE SAÚDE;390,47;-390,47;;SECRETARIA MUNICIPAL DE SAUDE;SECRETARIA MUNICIPAL DE SAUDE;SMS - SEC.DE SAUDE - ACS I;EFETIVOS;037.XXX.XXX-56;43;40;;1;02/02/2015;;;02/2021;;;1 - Efetivo;CONCURSO PUBLICO ;;;Efetivo;;AG. COMUNITARIO DE SAÚDE
;Folha Mensal - Dezembro;JOYCE MAIANNE DA SILVA SOUZA;AG. COMUNITARIO DE SAÚDE;785,75;4.119,01;4.904,76;SECRETARIA MUNICIPAL DE SAUDE;SECRETARIA MUNICIPAL DE SAUDE;SMS - SEC.DE SAUDE - ACS I;EFETIVOS;037.XXX.XXX-56;43;40;;1;02/02/2015;;;02/2021;;;1 - Efetivo;CONCURSO PUBLICO ;;;Efetivo;;AG. COMUNITARIO DE SAÚDE
;Folha Mensal - Dezembro;JOZELIA MAURICIA MACEDO CARVALHO;PROFESSOR SL 40H - CELETISTA;267,85;2.618,29;2.886,14;SECRETARIA MUNICIPAL DE EDUCAÇÃO;SECRETARIA MUNICIPAL DE EDUCAÇÃO;SME- DEPTO  ENSINO INFANTIL FUNDEB 70% - SELETISTAS;CONTRATADOS  EDUCAÇÃO;010.XXX.XXX-30;327;40;;3;01/03/2023;;;01/2024;;;3 - Temporário;TEMPO DETERMINADO;;;Contrato Temporario;;PROFESSOR SL 40H - CELETISTA
;Fechamento 13º Salário - Dezembro;JUCENAIDE DE CARVALHO BOEIRO;PROFESSOR SE 40H;4.626,73;1.918,03;6.544,76;SECRETARIA MUNICIPAL DE EDUCAÇÃO;SECRETARIA MUNICIPAL DE EDUCAÇÃO;SME- DEPTOR ENSINO FUNDEB 70% I;EFETIVO - PROFESSORES;004.XXX.XXX-20;148;40;UNIDADE ESCOLAR MUNICIPAL CÂNDIDA MACEDO;1;02/03/2015;;;;;;1 - Efetivo;CONCURSO PUBLICO ;;;Efetivo;;PROFESSOR SL 20H
;Folha Mensal - Dezembro;JUCENAIDE DE CARVALHO BOEIRO;PROFESSOR SE 40H;2.518,69;7.298,45;9.817,14;SECRETARIA MUNICIPAL DE EDUCAÇÃO;SECRETARIA MUNICIPAL DE EDUCAÇÃO;SME- DEPTOR ENSINO FUNDEB 70% I;EFETIVO - PROFESSORES;004.XXX.XXX-20;148;40;UNIDADE ESCOLAR MUNICIPAL CÂNDIDA MACEDO;1;02/03/2015;;;;;;1 - Efetivo;CONCURSO PUBLICO ;;;Efetivo;;PROFESSOR SL 20H
;Fechamento 13º Salário - Dezembro;JUCILIA ANAILDA DE SOUSA LEAL;PROFESSOR SE 40H;4.690,30;1.854,46;6.544,76;SECRETARIA MUNICIPAL DE EDUCAÇÃO;SECRETARIA MUNICIPAL DE EDUCAÇÃO;SME- DEPTOR ENSINO FUNDEB 70% I;EFETIVO - PROFESSORES;014.XXX.XXX-08;291;40;UNIDADE ESCOLAR MUNICIPAL DAVI SEVERIANO DE CARVALHO;1;01/02/2018;;;;;;1 - Efetivo;CONCURSO PUBLICO ;;;Efetivo;;PROFESSOR SL 20H
;Folha Mensal - Dezembro;JUCILIA ANAILDA DE SOUSA LEAL;PROFESSOR SE 40H;1.618,78;4.925,98;6.544,76;SECRETARIA MUNICIPAL DE EDUCAÇÃO;SECRETARIA MUNICIPAL DE EDUCAÇÃO;SME- DEPTOR ENSINO FUNDEB 70% I;EFETIVO - PROFESSORES;014.XXX.XXX-08;291;40;UNIDADE ESCOLAR MUNICIPAL DAVI SEVERIANO DE CARVALHO;1;01/02/2018;;;;;;1 - Efetivo;CONCURSO PUBLICO ;;;Efetivo;;PROFESSOR SL 20H
;Folha Mensal - Dezembro;JUED CLEITON DA SILVA;DIRETOR HOSPITAL;138,20;1.617,40;1.755,60;HOSPITAL MUNICIPAL DE PADRE MARCOS;SECRETARIA MUNICIPAL DE SAUDE;HOSPITAL-DEPTO. ADMINISTRATIVO III;COMISSIONADOS;029.XXX.XXX-30;234;40;;2;01/03/2019;;;01/2025;;;2 - Comissão;LIVRE PROVIMENTO ;;;Função de Confiança;;DIRETOR HOSPITAL
;Fechamento 13º Salário - Dezembro;JULIA MARIA DE JESUS DIAS;PROFESSOR SE 40H;5.208,66;2.353,20;7.561,86;SECRETARIA MUNICIPAL DE EDUCAÇÃO;SECRETARIA MUNICIPAL DE EDUCAÇÃO;SME- DEPTO ENSINO INFANTIL FUNDEB 70% - EFETIVOS;EFETIVO - PROFESSORES;514.XXX.XXX-49;187;40;CRECHE PRÉ-ESCOLAR MARGARIDA DE JESUS ALENCAR ( TIA GUIDA);1;02/02/1998;;;;;;1 - Efetivo;CONCURSO PUBLICO ;;;Efetivo;;PROFESSOR SE 40H
;Folha Mensal - Dezembro;JULIA MARIA DE JESUS DIAS;PROFESSOR SE 40H;3.493,15;7.849,64;11.342,79;SECRETARIA MUNICIPAL DE EDUCAÇÃO;SECRETARIA MUNICIPAL DE EDUCAÇÃO;SME- DEPTO ENSINO INFANTIL FUNDEB 70% - EFETIVOS;EFETIVO - PROFESSORES;514.XXX.XXX-49;187;40;CRECHE PRÉ-ESCOLAR MARGARIDA DE JESUS ALENCAR ( TIA GUIDA);1;02/02/1998;;;;;;1 - Efetivo;CONCURSO PUBLICO ;;;Efetivo;;PROFESSOR SE 40H
;Folha Mensal - Dezembro;JULIANA CRISTINA DIAS BRITO;COORDENADOR(A) PEDAGÓGICO;187,20;2.112,80;2.300,00;SECRETARIA MUNICIPAL DE EDUCAÇÃO;SECRETARIA MUNICIPAL DE EDUCAÇÃO;SME- DEPTOR. ENSINO FUNDEB 70% V - COMISSIONADOS;COMISSIONADOS EDUCAÇÃO;062.XXX.XXX-06;273;40;UNIDADE ESCOLAR MUNICIPAL CÂNDIDA MACEDO;4;02/05/2023;;;01/2025;;;2 - Comissão;TEMPO DETERMINADO;;;Função de Confiança;;COORDENADOR(A) PEDAGÓGICO
;Fechamento 13º Salário - Dezembro;JULIÊTA TEREZA DE CARVALHO NETA;AG. COMUNITARIO DE SAÚDE;2.292,04;1.271,96;3.564,00;SECRETARIA MUNICIPAL DE SAUDE;SECRETARIA MUNICIPAL DE SAUDE;SMS - SEC.DE SAUDE - ACS I;EFETIVOS;877.XXX.XXX-68;42;40;;1;01/08/1999;;;;;;1 - Efetivo;CONCURSO PUBLICO ;;;Efetivo;;AG. COMUNITARIO DE SAÚDE
;Folha Mensal - Dezembro;JULIÊTA TEREZA DE CARVALHO NETA;AG. COMUNITARIO DE SAÚDE;785,75;4.169,01;4.954,76;SECRETARIA MUNICIPAL DE SAUDE;SECRETARIA MUNICIPAL DE SAUDE;SMS - SEC.DE SAUDE - ACS I;EFETIVOS;877.XXX.XXX-68;42;40;;1;01/08/1999;;;;;;1 - Efetivo;CONCURSO PUBLICO ;;;Efetivo;;AG. COMUNITARIO DE SAÚDE
;Folha Complementar c/ Encargos - Dezembro;JULIÊTA TEREZA DE CARVALHO NETA;AG. COMUNITARIO DE SAÚDE;390,47;-390,47;;SECRETARIA MUNICIPAL DE SAUDE;SECRETARIA MUNICIPAL DE SAUDE;SMS - SEC.DE SAUDE - ACS I;EFETIVOS;877.XXX.XXX-68;42;40;;1;01/08/1999;;;;;;1 - Efetivo;CONCURSO PUBLICO ;;;Efetivo;;AG. COMUNITARIO DE SAÚDE
;Folha Mensal - Dezembro;JURACI RODRIGO DA SILVA;COORDENADOR DE SERVIÇOS;170,28;1.941,72;2.112,00;SECRETARIA MUNICIPAL DE EDUCAÇÃO;FUNDO DE MANUT. E DEC.DA EDUC.BASICA-FUNDEB;SME- DEPTOR ADM FUNDEB 30 % VI - COMISSIONADOS;COMISSIONADOS;535.XXX.XXX-04;485;40;;1;01/02/2023;;;01/2025;;;2 - Comissão;TEMPO DETERMINADO;;;Função de Confiança;;COORDENADOR DE SERVIÇOS
;Fechamento 13º Salário - Dezembro;JUSSANDRA JUDITE DE MACEDO;AUX. DE SERV. GERAIS;1.013,76;570,24;1.584,00;SECRETARIA MUNICIPAL DE EDUCAÇÃO;FUNDO DE MANUT. E DEC.DA EDUC.BASICA-FUNDEB;SME- DEPTO. ADM -FUNDEB 30% II;EFETIVOS;454.XXX.XXX-72;80;40;UNIDADE ESCOLAR MUNICIPAL DAVI SEVERIANO DE CARVALHO;1;01/03/1988;;;;;;1 - Efetivo;CONCURSO PUBLICO ;;;Efetivo;;AUX. DE SERV. GERAIS
;Folha Mensal - Dezembro;JUSSANDRA JUDITE DE MACEDO;AUX. DE SERV. GERAIS;237,60;1.874,40;2.112,00;SECRETARIA MUNICIPAL DE EDUCAÇÃO;FUNDO DE MANUT. E DEC.DA EDUC.BASICA-FUNDEB;SME- DEPTO. ADM -FUNDEB 30% II;EFETIVOS;454.XXX.XXX-72;80;40;UNIDADE ESCOLAR MUNICIPAL DAVI SEVERIANO DE CARVALHO;1;01/03/1988;;;;;;1 - Efetivo;CONCURSO PUBLICO ;;;Efetivo;;AUX. DE SERV. GERAIS
;Fechamento 13º Salário - Dezembro;JUVANIR ANTONIO DE MACEDO;AG. DE HIGIENE E SEGURANÇA;2.109,82;1.454,18;3.564,00;SECRETARIA MUNICIPAL DE SAUDE;SECRETARIA MUNICIPAL DE SAUDE;SMS- SEC SAUDE - AGENTE DE ENDEMIAS;EFETIVOS;008.XXX.XXX-66;66;40;;1;02/02/2015;;;;;;1 - Efetivo;CONCURSO PUBLICO ;;;Efetivo;;AG. DE HIGIENE E SEGURANÇA
;Folha Complementar c/ Encargos - Dezembro;JUVANIR ANTONIO DE MACEDO;AG. DE HIGIENE E SEGURANÇA;376,66;-376,66;;SECRETARIA MUNICIPAL DE SAUDE;SECRETARIA MUNICIPAL DE SAUDE;SMS- SEC SAUDE - AGENTE DE ENDEMIAS;EFETIVOS;008.XXX.XXX-66;66;40;;1;02/02/2015;;;;;;1 - Efetivo;CONCURSO PUBLICO ;;;Efetivo;;AG. DE HIGIENE E SEGURANÇA
;Folha Mensal - Dezembro;JUVANIR ANTONIO DE MACEDO;AG. DE HIGIENE E SEGURANÇA;959,15;4.092,85;5.052,00;SECRETARIA MUNICIPAL DE SAUDE;SECRETARIA MUNICIPAL DE SAUDE;SMS- SEC SAUDE - AGENTE DE ENDEMIAS;EFETIVOS;008.XXX.XXX-66;66;40;;1;02/02/2015;;;;;;1 - Efetivo;CONCURSO PUBLICO ;;;Efetivo;;AG. DE HIGIENE E SEGURANÇA
;Fechamento 13º Salário - Dezembro;JUVENAL BORGES DE CARVALHO;MOTORISTA;1.156,47;889,53;2.046,00;HOSPITAL MUNICIPAL DE PADRE MARCOS;SECRETARIA MUNICIPAL DE SAUDE;HOSPITAL-DEPTO.ADMINISTRATIVO II;EFETIVOS;004.XXX.XXX-29;25;40;HOSPITAL MUNICIPAL DE PADRE MARCOS;1;04/05/2015;;;02/2026;;;1 - Efetivo;CONCURSO PUBLICO ;;;Efetivo;;MOTORISTA
;Folha Mensal - Dezembro;JUVENAL BORGES DE CARVALHO;MOTORISTA;214,34;2.513,66;2.728,00;HOSPITAL MUNICIPAL DE PADRE MARCOS;SECRETARIA MUNICIPAL DE SAUDE;HOSPITAL-DEPTO.ADMINISTRATIVO II;EFETIVOS;004.XXX.XXX-29;25;40;HOSPITAL MUNICIPAL DE PADRE MARCOS;1;04/05/2015;;;02/2026;;;1 - Efetivo;CONCURSO PUBLICO ;;;Efetivo;;MOTORISTA
;Fechamento 13º Salário - Dezembro;KALINE BARBOSA CAVALCANTE ARRAES;ENFERMEIRO;4.562,24;1.837,76;6.400,00;SECRETARIA MUNICIPAL DE SAUDE;SECRETARIA MUNICIPAL DE SAUDE;SMS - DEPTOR .SEC. DE SAUDE;EFETIVOS;936.XXX.XXX-20;119;40;;1;02/05/2008;;;085/2024;;;1 - Efetivo;CONCURSO PUBLICO ;;;Efetivo;;ENFERMEIRO
;Folha Mensal - Dezembro;KALINE BARBOSA CAVALCANTE ARRAES;ENFERMEIRO;1.948,91;6.584,42;8.533,33;SECRETARIA MUNICIPAL DE SAUDE;SECRETARIA MUNICIPAL DE SAUDE;SMS - DEPTOR .SEC. DE SAUDE;EFETIVOS;936.XXX.XXX-20;119;40;;1;02/05/2008;;;085/2024;;;1 - Efetivo;CONCURSO PUBLICO ;;;Efetivo;;ENFERMEIRO
;Folha Complementar c/ Encargos - Dezembro;KALINE BARBOSA CAVALCANTE ARRAES;ENFERMEIRO;119,79;-119,79;;SECRETARIA MUNICIPAL DE SAUDE;SECRETARIA MUNICIPAL DE SAUDE;SMS - DEPTOR .SEC. DE SAUDE;EFETIVOS;936.XXX.XXX-20;119;40;;1;02/05/2008;;;085/2024;;;1 - Efetivo;CONCURSO PUBLICO ;;;Efetivo;;ENFERMEIRO
;Fechamento 13º Salário - Dezembro;kAROLINY VIANA DE SOUSA;PROFESSOR SE 40H;4.626,73;1.918,03;6.544,76;SECRETARIA MUNICIPAL DE EDUCAÇÃO;SECRETARIA MUNICIPAL DE EDUCAÇÃO;SME- DEPTOR ENSINO FUNDEB 70% I;EFETIVO - PROFESSORES;035.XXX.XXX-03;149;40;UNIDADE ESCOLAR MUNICIPAL DAVI SEVERIANO DE CARVALHO;1;02/03/2015;;;195/2021;;;1 - Efetivo;CONCURSO PUBLICO ;;;Efetivo;;PROFESSOR SL 40H
;Folha Mensal - Dezembro;kAROLINY VIANA DE SOUSA;PROFESSOR SE 40H;2.518,69;7.298,45;9.817,14;SECRETARIA MUNICIPAL DE EDUCAÇÃO;SECRETARIA MUNICIPAL DE EDUCAÇÃO;SME- DEPTOR ENSINO FUNDEB 70% I;EFETIVO - PROFESSORES;035.XXX.XXX-03;149;40;UNIDADE ESCOLAR MUNICIPAL DAVI SEVERIANO DE CARVALHO;1;02/03/2015;;;195/2021;;;1 - Efetivo;CONCURSO PUBLICO ;;;Efetivo;;PROFESSOR SL 40H
;Folha Mensal - Dezembro;KATHYANNE LEAL SOUSA;DIRETOR DE DEPARTAMENTO;99,00;1.221,00;1.320,00;SECRETARIA MUNICIPAL DE EDUCAÇÃO;FUNDO DE MANUT. E DEC.DA EDUC.BASICA-FUNDEB;SME- DEPTOR ADM FUNDEB 30 % VI - COMISSIONADOS;COMISSIONADOS EDUCAÇÃO;046.XXX.XXX-55;347;40;;2;01/05/2021;;;01/2025;;;2 - Comissão;LIVRE PROVIMENTO ;;;Função de Confiança;;DIRETOR DE DEPARTAMENTO
;Folha Mensal - Dezembro;KATHYUSSE LEAL SOUSA BENIZ;PROFESSOR SL 40H - CELETISTA;267,85;2.618,29;2.886,14;SECRETARIA MUNICIPAL DE EDUCAÇÃO;SECRETARIA MUNICIPAL DE EDUCAÇÃO;SME- DEPTO  ENSINO INFANTIL FUNDEB 70% - SELETISTAS;CONTRATADOS  EDUCAÇÃO;043.XXX.XXX-79;276;40;CRECHE PRÉ-ESCOLAR MARGARIDA DE JESUS ALENCAR ( TIA GUIDA);4;01/03/2023;;;01/2024;;;3 - Temporário;TEMPO DETERMINADO;;;Contrato Temporario;;PROFESSOR SL 40H - CELETISTA
;Fechamento 13º Salário - Dezembro;KEDNA RAIMUNDA DA SILVA;PROFESSOR SE 40H;4.626,73;1.918,03;6.544,76;SECRETARIA MUNICIPAL DE EDUCAÇÃO;SECRETARIA MUNICIPAL DE EDUCAÇÃO;SME- DEPTOR ENSINO FUNDEB 70% I;EFETIVO - PROFESSORES;015.XXX.XXX-10;150;40;U.E.M LUIZ LINO DA SILVA;1;02/03/2015;;;;;;1 - Efetivo;CONCURSO PUBLICO ;;;Efetivo;;PROFESSOR SL 40H
;Folha Mensal - Dezembro;KEDNA RAIMUNDA DA SILVA;PROFESSOR SE 40H;2.518,69;7.298,45;9.817,14;SECRETARIA MUNICIPAL DE EDUCAÇÃO;SECRETARIA MUNICIPAL DE EDUCAÇÃO;SME- DEPTOR ENSINO FUNDEB 70% I;EFETIVO - PROFESSORES;015.XXX.XXX-10;150;40;U.E.M LUIZ LINO DA SILVA;1;02/03/2015;;;;;;1 - Efetivo;CONCURSO PUBLICO ;;;Efetivo;;PROFESSOR SL 40H
;Fechamento 13º Salário - Dezembro;LAERCIO SILVA SANTOS;GARI;1.221,57;824,43;2.046,00;PREFEITURA MUNICIPAL DE PADRE MARCOS-PI;SECRETARIA MUNICIPAL  DE ADMINISTRAÇÃO;SEAD - DEPTO.ADMINISTRAÇÃO II;EFETIVOS;065.XXX.XXX-60;224;40;;1;25/11/2016;;;;;;1 - Efetivo;CONCURSO PUBLICO ;;;Efetivo;;GARI
;Folha Mensal - Dezembro;LAERCIO SILVA SANTOS;GARI;232,98;1.813,02;2.046,00;PREFEITURA MUNICIPAL DE PADRE MARCOS-PI;SECRETARIA MUNICIPAL  DE ADMINISTRAÇÃO;SEAD - DEPTO.ADMINISTRAÇÃO II;EFETIVOS;065.XXX.XXX-60;224;40;;1;25/11/2016;;;;;;1 - Efetivo;CONCURSO PUBLICO ;;;Efetivo;;GARI
;Fechamento 13º Salário - Dezembro;LAESIO JOSE DE MACEDO SILVA;AG. DE HIGIENE E SEGURANÇA;1.952,58;1.347,42;3.300,00;SECRETARIA MUNICIPAL DE SAUDE;SECRETARIA MUNICIPAL DE SAUDE;SMS- SEC SAUDE - AGENTE DE ENDEMIAS;EFETIVOS;008.XXX.XXX-93;64;40;;1;02/02/2015;;;;;;1 - Efetivo;CONCURSO PUBLICO ;;;Efetivo em Comissão;;AG. DE HIGIENE E SEGURANÇA
;Folha Complementar c/ Encargos - Dezembro;LAESIO JOSE DE MACEDO SILVA;AG. DE HIGIENE E SEGURANÇA;390,47;-390,47;;SECRETARIA MUNICIPAL DE SAUDE;SECRETARIA MUNICIPAL DE SAUDE;SMS- SEC SAUDE - AGENTE DE ENDEMIAS;EFETIVOS;008.XXX.XXX-93;64;40;;1;02/02/2015;;;;;;1 - Efetivo;CONCURSO PUBLICO ;;;Efetivo em Comissão;;AG. DE HIGIENE E SEGURANÇA
;Folha Mensal - Dezembro;LAESIO JOSE DE MACEDO SILVA;AG. DE HIGIENE E SEGURANÇA;1.253,11;3.598,89;4.852,00;SECRETARIA MUNICIPAL DE SAUDE;SECRETARIA MUNICIPAL DE SAUDE;SMS- SEC SAUDE - AGENTE DE ENDEMIAS;EFETIVOS;008.XXX.XXX-93;64;40;;1;02/02/2015;;;;;;1 - Efetivo;CONCURSO PUBLICO ;;;Efetivo em Comissão;;AG. DE HIGIENE E SEGURANÇA
;Folha Mensal - Dezembro;LANNA RAFAELA DO NASCIMENTO MACEDO;FISIOTERAPEUTA;125,82;1.492,18;1.618,00;SECRETARIA MUNICIPAL DE SAUDE;SECRETARIA MUNICIPAL DE SAUDE;SEC. MUN. SAÚDE- DEPTO. DE SAUDE II-CONTRATADOS;CONTRATO TEMPORÁRIO;049.XXX.XXX-10;420;40;;2;06/03/2023;;;01/2025;;;3 - Temporário;TEMPO DETERMINADO;03/2021;;Contrato Temporario;;FISIOTERAPEUTA
;Folha Mensal - Dezembro;LARIEL MACEDO CARDEAL;COORDENADOR DE SERVIÇOS;146,52;1.701,48;1.848,00;SECRETARIA MUNICIPAL DE SAUDE;SECRETARIA MUNICIPAL DE SAUDE;SMS-DEPTO.SEC.SAUDE-CONTRATADOS.;COMISSIONADOS;078.XXX.XXX-70;383;40;;1;04/01/2021;;;01/2025;;;2 - Comissão;TEMPO DETERMINADO;;;;;COORDENADOR DE SERVIÇOS
;Fechamento 13º Salário - Dezembro;LÊDA VANIA DA SILVA SOUSA;AUX. DE SERV. GERAIS;929,28;522,72;1.452,00;SECRETARIA MUNICIPAL DE EDUCAÇÃO;FUNDO DE MANUT. E DEC.DA EDUC.BASICA-FUNDEB;SME- DEPTO. ADM -FUNDEB 30% II;EFETIVOS;526.XXX.XXX-82;81;40;UNIDADE ESCOLAR MUNICIPAL CÂNDIDA MACEDO;1;02/03/1998;;;018/2022;;;1 - Efetivo;CONCURSO PUBLICO ;;;Efetivo;;AUX. DE SERV. GERAIS
;Folha Mensal - Dezembro;LÊDA VANIA DA SILVA SOUSA;AUX. DE SERV. GERAIS;602,27;1.333,73;1.936,00;SECRETARIA MUNICIPAL DE EDUCAÇÃO;FUNDO DE MANUT. E DEC.DA EDUC.BASICA-FUNDEB;SME- DEPTO. ADM -FUNDEB 30% II;EFETIVOS;526.XXX.XXX-82;81;40;UNIDADE ESCOLAR MUNICIPAL CÂNDIDA MACEDO;1;02/03/1998;;;018/2022;;;1 - Efetivo;CONCURSO PUBLICO ;;;Efetivo;;AUX. DE SERV. GERAIS
;Folha Mensal - Dezembro;LEILANE RAVELLY MACEDO FEITOSA;ASSESSOR TÉCNICO (A) ADMINISTRATIVO;99,00;1.221,00;1.320,00;SECRETARIA MUNICIPAL DE SAUDE;SECRETARIA MUNICIPAL DE SAUDE;SMS-DEPTO.SEC.SAUDE-CONTRATADOS.;COMISSIONADOS;614.XXX.XXX-15;352;40;;1;02/01/2020;;01/2020;01/2025;;;2 - Comissão;TEMPO DETERMINADO;;;Função de Confiança;;ASSESSOR TÉCNICO (A) ADMINISTRATIVO
;Folha Mensal - Dezembro;LEOMIR BONIVAL DE SOUSA;SECRETARIA MUNICIPAL DO MEIO AMBIENTE;138,20;1.617,40;1.755,60;PREFEITURA MUNICIPAL DE PADRE MARCOS-PI;SECRETARIA MUNICIPAL DE MEIO AMBIENTE;SEMA -  SECRETARIA DO MEIO AMBIENTE;COMISSIONADOS;030.XXX.XXX-64;305;40;;2;02/04/2019;;;04/2024;;;2 - Comissão;LIVRE PROVIMENTO ;;;Função de Confiança;;SECRETARIA MUNICIPAL DO MEIO AMBIENTE
;Folha Mensal - Dezembro;LEONARDO DE CARVALHO MACEDO;PROFESSORA DE EJA - CELETISTA;267,85;2.618,29;2.886,14;SECRETARIA MUNICIPAL DE EDUCAÇÃO;SECRETARIA MUNICIPAL DE EDUCAÇÃO;SME-DEPTOR. ENSINO FUNDEB 70%  VI EJA;CONTRATADOS  EDUCAÇÃO;066.XXX.XXX-06;492;40;;1;06/03/2023;;032023;01/2024;;;3 - Temporário;TEMPO DETERMINADO;;;Contrato Temporario;;PROFESSORA DE EJA - CELETISTA
;Folha Mensal - Dezembro;LEYDIANI CLAUDIA DE CARVALHO;PSICOLOGO;106,20;1.293,80;1.400,00;SECRETARIA MUNICIPAL DE EDUCAÇÃO;FUNDO DE MANUT. E DEC.DA EDUC.BASICA-FUNDEB;SME-DEPTO.CONTRATO-ENSINO FUNDEB 30%;CONTRATADOS  EDUCAÇÃO;040.XXX.XXX-00;506;40;;1;01/03/2023;;;01/2025;;;3 - Temporário;TEMPO DETERMINADO;;;Contrato Temporario;;PSICOLOGO
;Folha Mensal - Dezembro;LINNARA EMILY BENEDITO MOURA;SECRETARIO (A);138,20;1.617,40;1.755,60;PREFEITURA MUNICIPAL DE PADRE MARCOS-PI;SECRETARIA MUNICIPAL DE CULTURA;SECRETARIA  MUNICIPAL DE CULTURA;COMISSIONADOS;056.XXX.XXX-80;221;40;;2;01/07/2018;;;01/2025;;;2 - Comissão;LIVRE PROVIMENTO ;;;Função de Confiança;;SECRETARIO (A) DE CULTURA
;Folha Mensal - Dezembro;LORENA MACEDO BARROS;OUVIDOR GERAL DO MUNICIPIO;215,53;2.388,47;2.604,00;PREFEITURA MUNICIPAL DE PADRE MARCOS-PI;GABINETE DO PREFEITO;GABINETE DO PREFEITO;COMISSIONADOS EDUCAÇÃO;025.XXX.XXX-01;468;40;;2;02/06/2023;;;01/2025;;;2 - Comissão;TEMPO DETERMINADO;06/2023;;Função de Confiança;;OUVIDOR GERAL DO MUNICIPIO
;Fechamento 13º Salário - Dezembro;LORENA MACEDO CARVALHO;AUX. DE SERV. GERAIS;971,52;546,48;1.518,00;SECRETARIA MUNICIPAL DE EDUCAÇÃO;FUNDO DE MANUT. E DEC.DA EDUC.BASICA-FUNDEB;SME- DEPTO. ADM -FUNDEB 30% II;EFETIVOS;612.XXX.XXX-88;95;40;UNIDADE ESCOLAR MUNICIPAL CÂNDIDA MACEDO;1;03/08/2015;;;;;;1 - Efetivo;CONCURSO PUBLICO ;;;Efetivo;;AUX. DE SERV. GERAIS
;Folha Mensal - Dezembro;LORENA MACEDO CARVALHO;AUX. DE SERV. GERAIS;212,52;1.871,30;2.083,82;SECRETARIA MUNICIPAL DE EDUCAÇÃO;FUNDO DE MANUT. E DEC.DA EDUC.BASICA-FUNDEB;SME- DEPTO. ADM -FUNDEB 30% II;EFETIVOS;612.XXX.XXX-88;95;40;UNIDADE ESCOLAR MUNICIPAL CÂNDIDA MACEDO;1;03/08/2015;;;;;;1 - Efetivo;CONCURSO PUBLICO ;;;Efetivo;;AUX. DE SERV. GERAIS
;Folha Mensal - Dezembro;LOURIVAL JOSÉ DE SOUSA NETO;AUX. DE SERVIÇOS GERAIS;99,00;1.221,00;1.320,00;SECRETARIA MUNICIPAL DE EDUCAÇÃO;FUNDO DE MANUT. E DEC.DA EDUC.BASICA-FUNDEB;SME-DEPTO.CONTRATO-ENSINO FUNDEB 30%;CONTRATO TEMPORÁRIO;072.XXX.XXX-41;413;40;;2;01/03/2023;;;01/2025;;;3 - Temporário;TEMPO DETERMINADO;;;Contrato Temporario;;AUX. DE SERVIÇOS GERAIS
;Folha Mensal - Dezembro;LUANA KAILANNY DO NASCIMENTO LIMA;DIRETOR DE DEPARTAMENTO;99,00;1.221,00;1.320,00;SECRETARIA MUNICIPAL DE EDUCAÇÃO;FUNDO DE MANUT. E DEC.DA EDUC.BASICA-FUNDEB;SME- DEPTOR ADM FUNDEB 30 % VI - COMISSIONADOS;COMISSIONADOS;045.XXX.XXX-92;488;40;;1;01/02/2023;;;01/2024;;;2 - Comissão;LIVRE PROVIMENTO ;;;;;DIRETOR DE DEPARTAMENTO
;Folha Mensal - Dezembro;LUANA LUCIENE DE SOUSA;CONSELHEIRO TUTELAR;99,00;1.221,00;1.320,00;SECRETARIA MUNICIPAL DE ASSISTENCIA SOCIAL;SECRETARIA MUNICIPAL DE ASSISTENCIA SOCIAL;SASC-ASSISTENCIA SOCIAL - CONSELHO;ELETIVOS;046.XXX.XXX-12;358;40;;1;10/01/2020;;10/2020;05/2024;;;7 - Conselheiro;ELEICAO/INDICACAO;;;;;CONSELHEIRO TUTELAR
;Fechamento 13º Salário - Dezembro;LUCIA PEREIRA DA SILVA;AUX. DE SERV. GERAIS;1.013,76;570,24;1.584,00;SECRETARIA MUNICIPAL DE EDUCAÇÃO;FUNDO DE MANUT. E DEC.DA EDUC.BASICA-FUNDEB;SME- DEPTO. ADM -FUNDEB 30% II;EFETIVOS;629.XXX.XXX-72;82;40;;1;02/03/1998;;;;;;1 - Efetivo;CONCURSO PUBLICO ;;;Efetivo;;AUX. DE SERV. GERAIS
;Folha Mensal - Dezembro;LUCIA PEREIRA DA SILVA;AUX. DE SERV. GERAIS;237,60;1.874,40;2.112,00;SECRETARIA MUNICIPAL DE EDUCAÇÃO;FUNDO DE MANUT. E DEC.DA EDUC.BASICA-FUNDEB;SME- DEPTO. ADM -FUNDEB 30% II;EFETIVOS;629.XXX.XXX-72;82;40;;1;02/03/1998;;;;;;1 - Efetivo;CONCURSO PUBLICO ;;;Efetivo;;AUX. DE SERV. GERAIS
;Folha Mensal - Dezembro;LUCIANO FRANCISCO DA SILVA;ASSESSOR TÉCNICO (A) ADMINISTRATIVO;99,00;1.221,00;1.320,00;SECRETARIA MUNICIPAL DE EDUCAÇÃO;FUNDO DE MANUT. E DEC.DA EDUC.BASICA-FUNDEB;SME- DEPTOR ADM FUNDEB 30 % VI - COMISSIONADOS;COMISSIONADOS EDUCAÇÃO;116.XXX.XXX-28;367;40;;1;02/03/2020;;;01/2025;;;2 - Comissão;TEMPO DETERMINADO;;;Função de Confiança;;ASSESSOR TÉCNICO (A) ADMINISTRATIVO
;Folha Mensal - Dezembro;LUCICLEIDE DE MACEDO SILVA;AUXILIAR DE SAÚDE BUCAL;99,00;1.221,00;1.320,00;SECRETARIA MUNICIPAL DE SAUDE;SECRETARIA MUNICIPAL DE SAUDE;SEC. MUN. SAÚDE- DEPTO. DE SAUDE II-CONTRATADOS;CONTRATO TEMPORÁRIO;081.XXX.XXX-33;319;40;;3;01/03/2023;;;01/2025;;;3 - Temporário;TEMPO DETERMINADO;;;Contrato Temporario;;AUXILIAR DE SAÚDE BUCAL
;Folha Mensal - Dezembro;LUCILÉIA LUCIA DE SOUSA;SECRETARIO(A) UNIDADE ESCOLAR MUNICIPAL;99,00;1.221,00;1.320,00;SECRETARIA MUNICIPAL DE EDUCAÇÃO;FUNDO DE MANUT. E DEC.DA EDUC.BASICA-FUNDEB;SME- DEPTOR ADM FUNDEB 30 % VI - COMISSIONADOS;COMISSIONADOS EDUCAÇÃO;037.XXX.XXX-60;429;40;;3;01/03/2023;;;01/2025;;;2 - Comissão;LIVRE PROVIMENTO ;;;Função de Confiança;;SECRETARIO(A) UNIDADE ESCOLAR MUNICIPAL
;Folha Mensal - Dezembro;LUCILEIDE LÚCIA DE SOUSA;PROFESSOR SELETISTA;267,85;2.618,29;2.886,14;SECRETARIA MUNICIPAL DE EDUCAÇÃO;SECRETARIA MUNICIPAL DE EDUCAÇÃO;SME - DEPTOR. ENSINO FUNDEB 70% IV - CELETISTAS;CONTRATADOS  EDUCAÇÃO;940.XXX.XXX-68;402;40;;2;06/03/2023;;;01/2024;;;3 - Temporário;TEMPO DETERMINADO;;;Contrato Temporario;;PROFESSOR SL 40H - CELETISTA
;Fechamento 13º Salário - Dezembro;LUCILENE MARIA DE CARVALHO;PROFESSOR SE 40H;5.937,93;2.641,02;8.578,95;SECRETARIA MUNICIPAL DE EDUCAÇÃO;SECRETARIA MUNICIPAL DE EDUCAÇÃO;SME- DEPTOR ENSINO FUNDEB 70% II;EFETIVO - PROFESSORES;628.XXX.XXX-20;189;40;UNIDADE ESCOLAR MUNICIPAL CÂNDIDA MACEDO;1;02/02/1998;;;;;;1 - Efetivo;CONCURSO PUBLICO ;;;Efetivo;;PROFESSOR SL 40H
;Folha Mensal - Dezembro;LUCILENE MARIA DE CARVALHO;PROFESSOR SE 40H;3.455,56;9.412,87;12.868,43;SECRETARIA MUNICIPAL DE EDUCAÇÃO;SECRETARIA MUNICIPAL DE EDUCAÇÃO;SME- DEPTOR ENSINO FUNDEB 70% II;EFETIVO - PROFESSORES;628.XXX.XXX-20;189;40;UNIDADE ESCOLAR MUNICIPAL CÂNDIDA MACEDO;1;02/02/1998;;;;;;1 - Efetivo;CONCURSO PUBLICO ;;;Efetivo;;PROFESSOR SL 40H
;Folha Mensal - Dezembro;LUCIMAR MARIA DA SILVA BEZERRA;PROFESSOR SL 40H - CELETISTA;267,85;2.618,29;2.886,14;SECRETARIA MUNICIPAL DE EDUCAÇÃO;SECRETARIA MUNICIPAL DE EDUCAÇÃO;SME- DEPTO  ENSINO INFANTIL FUNDEB 70% - SELETISTAS;CONTRATADOS  EDUCAÇÃO;993.XXX.XXX-34;493;40;;1;06/03/2023;;;01/2024;;;3 - Temporário;TEMPO DETERMINADO;;;;;PROFESSOR SL 40H - CELETISTA
;Folha Mensal - Dezembro;LUCIMÁRIA DE CARVALHO;MONITOR(A);99,00;1.221,00;1.320,00;SECRETARIA MUNICIPAL DE EDUCAÇÃO;FUNDO DE MANUT. E DEC.DA EDUC.BASICA-FUNDEB;SME-DEPTO.CONTRATO-ENSINO FUNDEB 30%;CONTRATADOS  EDUCAÇÃO;086.XXX.XXX-40;507;40;;1;01/03/2023;;;08/2024;;;3 - Temporário;TEMPO DETERMINADO;;;Contrato Temporario;;MONITOR(A)
;Fechamento 13º Salário - Dezembro;LUCIMÁRIA MOURA MACEDO SILVA;PROFESSOR SE 40H;5.075,17;2.232,42;7.307,59;SECRETARIA MUNICIPAL DE EDUCAÇÃO;SECRETARIA MUNICIPAL DE EDUCAÇÃO;SME- DEPTOR ENSINO FUNDEB 70% II;EFETIVO - PROFESSORES;752.XXX.XXX-00;190;40;SECRETARIA MUNICIPAL DE EDUCAÇÃO;1;02/02/1998;;;;;;1 - Efetivo;CONCURSO PUBLICO ;;;Efetivo;;PROFESSOR SE 40H
;Folha Mensal - Dezembro;LUCIMÁRIA MOURA MACEDO SILVA;PROFESSOR SE 40H;3.639,42;7.321,97;10.961,39;SECRETARIA MUNICIPAL DE EDUCAÇÃO;SECRETARIA MUNICIPAL DE EDUCAÇÃO;SME- DEPTOR ENSINO FUNDEB 70% II;EFETIVO - PROFESSORES;752.XXX.XXX-00;190;40;SECRETARIA MUNICIPAL DE EDUCAÇÃO;1;02/02/1998;;;;;;1 - Efetivo;CONCURSO PUBLICO ;;;Efetivo;;PROFESSOR SE 40H
;Folha Mensal - Dezembro;LUCINEIDE FRANCISCA DA CONCEIÇÃO;DIRETOR DE DEPARTAMENTO;99,00;1.221,00;1.320,00;SECRETARIA MUNICIPAL DE EDUCAÇÃO;FUNDO DE MANUT. E DEC.DA EDUC.BASICA-FUNDEB;SME- DEPTOR ADM FUNDEB 30 % VI - COMISSIONADOS;COMISSIONADOS EDUCAÇÃO;986.XXX.XXX-91;424;40;;1;01/04/2021;;;01/2025;;;2 - Comissão;LIVRE PROVIMENTO ;;;Função de Confiança;;DIRETOR DE DEPARTAMENTO
;Folha Mensal - Dezembro;LUCINEIDE MOURA MACEDO SILVA;COORDENADOR(A) PEDAGÓGICO;187,20;2.112,80;2.300,00;SECRETARIA MUNICIPAL DE EDUCAÇÃO;SECRETARIA MUNICIPAL DE EDUCAÇÃO;SME- DEPTOR. ENSINO FUNDEB 70% V - COMISSIONADOS;COMISSIONADOS EDUCAÇÃO;011.XXX.XXX-52;275;40;CRECHE PRÉ-ESCOLAR MARGARIDA DE JESUS ALENCAR ( TIA GUIDA);3;01/03/2019;;;01/2025;;;2 - Comissão;TEMPO DETERMINADO;;;Contrato Temporario;;COORDENADOR(A) PEDAGÓGICO
;Folha Mensal - Dezembro;LUCIO FLÁVIO MOURA;ASSESSOR TÉCNICO (A) ADMINISTRATIVO;99,00;1.221,00;1.320,00;SECRETARIA MUNICIPAL DE SAUDE;SECRETARIA MUNICIPAL DE SAUDE;SMS-DEPTO.SEC.SAUDE-CONTRATADOS.;COMISSIONADOS;673.XXX.XXX-91;353;40;HOSPITAL MUNICIPAL DE PADRE MARCOS;1;02/01/2020;;01/2020;01/2025;;;2 - Comissão;TEMPO DETERMINADO;;;Função de Confiança;;ASSESSOR TÉCNICO (A) ADMINISTRATIVO
;Folha Mensal - Dezembro;LUCIVAL BONIVAL DE SOUSA;ASSESSOR TÉCNICO (A) ADMINISTRATIVO;99,00;1.221,00;1.320,00;PREFEITURA MUNICIPAL DE PADRE MARCOS-PI;SECRETARIA MUNICIPAL  DE ADMINISTRAÇÃO;SEAD -  DEPTO. ADMINISTRAÇÃO V- COMISSIONADOS;COMISSIONADOS;001.XXX.XXX-61;520;40;;1;01/07/2023;;;01/2025;;;2 - Comissão;TEMPO DETERMINADO;;;Função de Confiança;;ASSESSOR TÉCNICO (A) ADMINISTRATIVO
;Folha Mensal - Dezembro;LUIS EDUARDO DE CARVALHO;ASSESSOR TÉCNICO (A) ADMINISTRATIVO;146,52;1.701,48;1.848,00;SECRETARIA MUNICIPAL DE EDUCAÇÃO;FUNDO DE MANUT. E DEC.DA EDUC.BASICA-FUNDEB;SME- DEPTOR ADM FUNDEB 30 % VI - COMISSIONADOS;COMISSIONADOS EDUCAÇÃO;086.XXX.XXX-52;455;40;;1;01/04/2022;;;01/2025;;;2 - Comissão;TEMPO DETERMINADO;;;Função de Confiança;;ASSESSOR TÉCNICO (A) ADMINISTRATIVO
;Folha Mensal - Dezembro;LUIS JOSÉ DE CARVALHO;DIRETOR DE DEPARTAMENTO;158,40;1.821,60;1.980,00;SECRETARIA MUNICIPAL DE EDUCAÇÃO;FUNDO DE MANUT. E DEC.DA EDUC.BASICA-FUNDEB;SME- DEPTOR ADM FUNDEB 30 % VI - COMISSIONADOS;COMISSIONADOS EDUCAÇÃO;956.XXX.XXX-91;479;40;;1;01/10/2022;;;01/2025;;;2 - Comissão;LIVRE PROVIMENTO ;;;;;DIRETOR DE DEPARTAMENTO
;Folha Mensal - Dezembro;LUIS WIDNEY CARVALHO MACEDO;PROFESSOR SL 40H - CELETISTA;267,85;2.618,29;2.886,14;SECRETARIA MUNICIPAL DE EDUCAÇÃO;SECRETARIA MUNICIPAL DE EDUCAÇÃO;SME - DEPTOR. ENSINO FUNDEB 70% IV - CELETISTAS;CONTRATADOS  EDUCAÇÃO;059.XXX.XXX-12;246;40;UNIDADE ESCOLAR MUNICIPAL CÂNDIDA MACEDO;5;01/03/2023;;;01/2024;;;3 - Temporário;TEMPO DETERMINADO;;;Contrato Temporario;;PROFESSOR SL 40H - CELETISTA
;Fechamento 13º Salário - Dezembro;LUISA GENICARLA DE SOUSA REIS;COZINHEIRO (A);971,52;546,48;1.518,00;SECRETARIA MUNICIPAL DE EDUCAÇÃO;FUNDO DE MANUT. E DEC.DA EDUC.BASICA-FUNDEB;SME- DEPTO. ADM.FUNDEB 30% I;EFETIVOS;042.XXX.XXX-54;67;40;;1;02/02/2015;;;;;;1 - Efetivo;CONCURSO PUBLICO ;;;Efetivo;;COZINHEIRO (A)
;Folha Mensal - Dezembro;LUISA GENICARLA DE SOUSA REIS;COZINHEIRO (A);212,52;1.871,30;2.083,82;SECRETARIA MUNICIPAL DE EDUCAÇÃO;FUNDO DE MANUT. E DEC.DA EDUC.BASICA-FUNDEB;SME- DEPTO. ADM.FUNDEB 30% I;EFETIVOS;042.XXX.XXX-54;67;40;;1;02/02/2015;;;;;;1 - Efetivo;CONCURSO PUBLICO ;;;Efetivo;;COZINHEIRO (A)
;Fechamento 13º Salário - Dezembro;LUISA MARIA DE MACEDO SILVA;AG. COMUNITARIO DE SAÚDE;2.292,04;1.271,96;3.564,00;SECRETARIA MUNICIPAL DE SAUDE;SECRETARIA MUNICIPAL DE SAUDE;SMS - SEC.DE SAUDE - ACS I;EFETIVOS;844.XXX.XXX-68;40;40;;1;01/04/2008;;;;;;1 - Efetivo;CONCURSO PUBLICO ;;;Efetivo;;AG. COMUNITARIO DE SAÚDE
;Folha Mensal - Dezembro;LUISA MARIA DE MACEDO SILVA;AG. COMUNITARIO DE SAÚDE;750,11;4.154,65;4.904,76;SECRETARIA MUNICIPAL DE SAUDE;SECRETARIA MUNICIPAL DE SAUDE;SMS - SEC.DE SAUDE - ACS I;EFETIVOS;844.XXX.XXX-68;40;40;;1;01/04/2008;;;;;;1 - Efetivo;CONCURSO PUBLICO ;;;Efetivo;;AG. COMUNITARIO DE SAÚDE
;Folha Complementar c/ Encargos - Dezembro;LUISA MARIA DE MACEDO SILVA;AG. COMUNITARIO DE SAÚDE;390,47;-390,47;;SECRETARIA MUNICIPAL DE SAUDE;SECRETARIA MUNICIPAL DE SAUDE;SMS - SEC.DE SAUDE - ACS I;EFETIVOS;844.XXX.XXX-68;40;40;;1;01/04/2008;;;;;;1 - Efetivo;CONCURSO PUBLICO ;;;Efetivo;;AG. COMUNITARIO DE SAÚDE
;Folha Mensal - Dezembro;LUIZ JOSÉ DE CARVALHO;ASSESSOR TÉCNICO (A) ADMINISTRATIVO;99,00;1.221,00;1.320,00;SECRETARIA MUNICIPAL DE EDUCAÇÃO;FUNDO DE MANUT. E DEC.DA EDUC.BASICA-FUNDEB;SME- DEPTOR ADM FUNDEB 30 % VI - COMISSIONADOS;COMISSIONADOS EDUCAÇÃO;958.XXX.XXX-34;444;40;;1;03/01/2022;;;01/2025;;;2 - Comissão;TEMPO DETERMINADO;;;Função de Confiança;;ASSESSOR TÉCNICO (A) ADMINISTRATIVO
;Folha Mensal - Dezembro;LUIZ JOSE DE SOUSA;ASSESSOR TÉCNICO (A) ADMINISTRATIVO;99,00;1.221,00;1.320,00;SECRETARIA MUNICIPAL DE EDUCAÇÃO;FUNDO DE MANUT. E DEC.DA EDUC.BASICA-FUNDEB;SME- DEPTOR ADM FUNDEB 30 % VI - COMISSIONADOS;COMISSIONADOS;151.XXX.XXX-00;519;40;SECRETARIA MUNICIPAL DE EDUCAÇÃO;1;16/06/2023;;;01/2025;;;2 - Comissão;TEMPO DETERMINADO;;;Função de Confiança;;ASSESSOR TÉCNICO (A) ADMINISTRATIVO
;Folha Mensal - Dezembro;LUIZ RAIMUNDO DA SILVA NETO;COORDENADOR DA VIGILANCIA SOCIOASSISTENCIAL;99,00;1.221,00;1.320,00;SECRETARIA MUNICIPAL DE ASSISTENCIA SOCIAL;SECRETARIA MUNICIPAL DE ASSISTENCIA SOCIAL;SASC-DEPTO. ASSISTENCIA SOCIAL I;COMISSIONADOS;053.XXX.XXX-67;295;40;;3;02/03/2021;;;06/2024;;;2 - Comissão;TEMPO DETERMINADO;;;Contrato/Temporário;;COORDENADOR DA VIGILANCIA SOCIOASSISTENCIAL
;Folha Mensal - Dezembro;LUIZA DEBORA DA SILVA;PROFESSOR SL 40H - CELETISTA;267,85;2.618,29;2.886,14;SECRETARIA MUNICIPAL DE EDUCAÇÃO;SECRETARIA MUNICIPAL DE EDUCAÇÃO;SME - DEPTOR. ENSINO FUNDEB 70% IV - CELETISTAS;CONTRATADOS  EDUCAÇÃO;027.XXX.XXX-11;331;40;;3;01/03/2023;;;01/2024;;;3 - Temporário;TEMPO DETERMINADO;;;Contrato Temporario;;PROFESSOR SL 40H - CELETISTA
;Rescisão - Dezembro;LUSIMAR MARIA DA SILVA SOUSA;DIRETOR DE DEPARTAMENTO;;0,00;;SECRETARIA MUNICIPAL DE EDUCAÇÃO;FUNDO DE MANUT. E DEC.DA EDUC.BASICA-FUNDEB;SME- DEPTOR ADM FUNDEB 30 % VI - COMISSIONADOS;COMISSIONADOS;858.XXX.XXX-68;525;40;SECRETARIA MUNICIPAL DE EDUCAÇÃO;1;01/11/2023;01/12/2023;;12/2023;;;2 - Comissão;LIVRE PROVIMENTO ;;;Função de Confiança;;DIRETOR DE DEPARTAMENTO
;Fechamento 13º Salário - Dezembro;LUVESON BESERRA DE SOUSA;MOTORISTA;1.004,52;645,48;1.650,00;SECRETARIA MUNICIPAL DE EDUCAÇÃO;FUNDO DE MANUT. E DEC.DA EDUC.BASICA-FUNDEB;SME- DEPTOR. ADM FUNDEB 30% V;EFETIVOS;915.XXX.XXX-49;109;40;SECRETARIA MUNICIPAL DE EDUCAÇÃO;1;01/04/2016;;;;;;1 - Efetivo;CONCURSO PUBLICO ;;;Efetivo;;MOTORISTA
;Folha Mensal - Dezembro;LUVESON BESERRA DE SOUSA;MOTORISTA;227,70;2.091,94;2.319,64;SECRETARIA MUNICIPAL DE EDUCAÇÃO;FUNDO DE MANUT. E DEC.DA EDUC.BASICA-FUNDEB;SME- DEPTOR. ADM FUNDEB 30% V;EFETIVOS;915.XXX.XXX-49;109;40;SECRETARIA MUNICIPAL DE EDUCAÇÃO;1;01/04/2016;;;;;;1 - Efetivo;CONCURSO PUBLICO ;;;Efetivo;;MOTORISTA
;Fechamento 13º Salário - Dezembro;LUZANIRA MOURA MACEDO;AUX. DE SERV. GERAIS;971,52;546,48;1.518,00;SECRETARIA MUNICIPAL DE EDUCAÇÃO;FUNDO DE MANUT. E DEC.DA EDUC.BASICA-FUNDEB;SME- DEPTO. ADM -FUNDEB 30% II;EFETIVOS;002.XXX.XXX-60;31;40;UNIDADE ESCOLAR MUNICIPAL DAVI SEVERIANO DE CARVALHO;1;02/03/2015;;;;;;1 - Efetivo;CONCURSO PUBLICO ;;;;;AUX. DE SERV. GERAIS
;Folha Mensal - Dezembro;LUZANIRA MOURA MACEDO;AUX. DE SERV. GERAIS;212,52;1.811,48;2.024,00;SECRETARIA MUNICIPAL DE EDUCAÇÃO;FUNDO DE MANUT. E DEC.DA EDUC.BASICA-FUNDEB;SME- DEPTO. ADM -FUNDEB 30% II;EFETIVOS;002.XXX.XXX-60;31;40;UNIDADE ESCOLAR MUNICIPAL DAVI SEVERIANO DE CARVALHO;1;02/03/2015;;;;;;1 - Efetivo;CONCURSO PUBLICO ;;;;;AUX. DE SERV. GERAIS
;Folha Mensal - Dezembro;LUZIA GRIGORE DA SILVA;ORIENTADORA(O) EDUCACIONAL;99,00;1.221,00;1.320,00;SECRETARIA MUNICIPAL DE EDUCAÇÃO;FUNDO DE MANUT. E DEC.DA EDUC.BASICA-FUNDEB;SME- DEPTOR ADM FUNDEB 30 % VI - COMISSIONADOS;COMISSIONADOS EDUCAÇÃO;671.XXX.XXX-68;437;40;;1;01/09/2021;;;01/2025;;;2 - Comissão;TEMPO DETERMINADO;;;Função de Confiança;;ORIENTADORA(O) EDUCACIONAL
;Folha Mensal - Dezembro;LUZIA LEAL DE ARAUJO CARVALHO;ASSESSOR ESPECIAL;99,00;1.221,00;1.320,00;PREFEITURA MUNICIPAL DE PADRE MARCOS-PI;SECRETARIA MUNICIPAL  DE ADMINISTRAÇÃO;SEAD - DEPTO. ADMINISTRAÇÃO IV;COMISSIONADOS;004.XXX.XXX-59;310;40;;1;02/01/2019;;;01/2025;;;2 - Comissão;LIVRE PROVIMENTO ;;;Função de Confiança;;ASSESSOR ESPECIAL
;Folha Mensal - Dezembro;LUZIA LUZITANEA DE MACEDO;DIRETOR DE DEPARTAMENTO;99,00;1.221,00;1.320,00;SECRETARIA MUNICIPAL DE EDUCAÇÃO;FUNDO DE MANUT. E DEC.DA EDUC.BASICA-FUNDEB;SME- DEPTOR ADM FUNDEB 30 % VI - COMISSIONADOS;COMISSIONADOS;080.XXX.XXX-96;515;40;;1;01/04/2023;;;08/2024;;;2 - Comissão;LIVRE PROVIMENTO ;;;;;DIRETOR DE DEPARTAMENTO
;Fechamento 13º Salário - Dezembro;LUZILENE DE ARAÚJO CARVALHO MATOS;AUX. DE SERV. GERAIS;971,52;546,48;1.518,00;SECRETARIA MUNICIPAL DE EDUCAÇÃO;FUNDO DE MANUT. E DEC.DA EDUC.BASICA-FUNDEB;SME- DEPTO. ADM -FUNDEB 30% II;EFETIVOS;843.XXX.XXX-82;94;40;U.E.M. JOSE DE MOURA LEAL;1;02/02/2015;;;07/2022;;;1 - Efetivo;CONCURSO PUBLICO ;;;Efetivo;;AUX. DE SERV. GERAIS
;Folha Mensal - Dezembro;LUZILENE DE ARAÚJO CARVALHO MATOS;AUX. DE SERV. GERAIS;535,58;1.488,42;2.024,00;SECRETARIA MUNICIPAL DE EDUCAÇÃO;FUNDO DE MANUT. E DEC.DA EDUC.BASICA-FUNDEB;SME- DEPTO. ADM -FUNDEB 30% II;EFETIVOS;843.XXX.XXX-82;94;40;U.E.M. JOSE DE MOURA LEAL;1;02/02/2015;;;07/2022;;;1 - Efetivo;CONCURSO PUBLICO ;;;Efetivo;;AUX. DE SERV. GERAIS
;Folha Mensal - Dezembro;LUZILENE SILVA SOUSA;DIRETOR(A) DE ESCOLA;189,90;2.140,10;2.330,00;SECRETARIA MUNICIPAL DE EDUCAÇÃO;SECRETARIA MUNICIPAL DE EDUCAÇÃO;SME- DEPTOR. ENSINO FUNDEB 70% V - COMISSIONADOS;COMISSIONADOS EDUCAÇÃO;029.XXX.XXX-74;277;40;UNIDADE ESCOLAR MUNICIPAL DAVI SEVERIANO DE CARVALHO;3;01/03/2019;;;01/2025;;;2 - Comissão;LIVRE PROVIMENTO ;;;Função de Confiança;;DIRETOR(A) DE ESCOLA
;Folha Mensal - Dezembro;LYVIA SUELLEN ALVES LIMEIRA SOUSA;ASSESSOR(A) DE COMUNICAÇÃO INSTITUCIONAL ESCOLAR;146,52;1.701,48;1.848,00;SECRETARIA MUNICIPAL DE EDUCAÇÃO;FUNDO DE MANUT. E DEC.DA EDUC.BASICA-FUNDEB;SME- DEPTOR ADM FUNDEB 30 % VI - COMISSIONADOS;COMISSIONADOS EDUCAÇÃO;076.XXX.XXX-23;467;40;;1;01/06/2022;;;01/2025;;;2 - Comissão;LIVRE PROVIMENTO ;;;Função de Confiança;;ASSESSOR(A) DE COMUNICAÇÃO INSTITUCIONAL ESCOLAR
;Folha Mensal - Dezembro;MAILA MENDES PINHEIRO;PROFESSOR SELETISTA;267,85;2.618,29;2.886,14;SECRETARIA MUNICIPAL DE EDUCAÇÃO;SECRETARIA MUNICIPAL DE EDUCAÇÃO;SME - DEPTOR. ENSINO FUNDEB 70% IV - CELETISTAS;CONTRATADOS  EDUCAÇÃO;074.XXX.XXX-55;403;40;;2;01/03/2023;;;01/2024;;;3 - Temporário;TEMPO DETERMINADO;;;Contrato Temporario;;PROFESSOR SL 40H - CELETISTA
;Folha Mensal - Dezembro;MANELICIA MARIA DE CARVALHO;PROFESSOR SL 40H - CELETISTA;267,85;2.618,29;2.886,14;SECRETARIA MUNICIPAL DE EDUCAÇÃO;SECRETARIA MUNICIPAL DE EDUCAÇÃO;SME- DEPTO  ENSINO INFANTIL FUNDEB 70% - SELETISTAS;CONTRATADOS  EDUCAÇÃO;062.XXX.XXX-12;333;40;;3;01/03/2023;;;01/2024;;;3 - Temporário;TEMPO DETERMINADO;;;Contrato Temporario;;PROFESSOR SL 40H - CELETISTA
;Fechamento 13º Salário - Dezembro;MANOEL DO NASCIMENTO LEAL;MOTORISTA;1.321,35;1.009,50;2.330,85;HOSPITAL MUNICIPAL DE PADRE MARCOS;SECRETARIA MUNICIPAL DE SAUDE;HOSPITAL-DEPTO.ADMINISTRATIVO II;EFETIVOS;780.XXX.XXX-20;28;40;HOSPITAL MUNICIPAL DE PADRE MARCOS;1;02/03/1998;;;;;;1 - Efetivo;CONCURSO PUBLICO ;;;Efetivo;;MOTORISTA
;Folha Mensal - Dezembro;MANOEL DO NASCIMENTO LEAL;MOTORISTA;271,39;2.836,41;3.107,80;HOSPITAL MUNICIPAL DE PADRE MARCOS;SECRETARIA MUNICIPAL DE SAUDE;HOSPITAL-DEPTO.ADMINISTRATIVO II;EFETIVOS;780.XXX.XXX-20;28;40;HOSPITAL MUNICIPAL DE PADRE MARCOS;1;02/03/1998;;;;;;1 - Efetivo;CONCURSO PUBLICO ;;;Efetivo;;MOTORISTA
;Folha Mensal - Dezembro;MANOELA MARIA DE CARVALHO;PROFESSOR SL 40H - CELETISTA;267,85;2.618,29;2.886,14;SECRETARIA MUNICIPAL DE EDUCAÇÃO;SECRETARIA MUNICIPAL DE EDUCAÇÃO;SME- DEPTO  ENSINO INFANTIL FUNDEB 70% - SELETISTAS;CONTRATADOS  EDUCAÇÃO;062.XXX.XXX-52;272;40;;5;01/03/2023;;;01/2024;;;3 - Temporário;TEMPO DETERMINADO;;;Contrato Temporario;;PROFESSOR SL 40H - CELETISTA
;Folha Mensal - Dezembro;MARCELO DE CARVALHO MACEDO;PROFESSOR SELETISTA;267,85;2.618,29;2.886,14;SECRETARIA MUNICIPAL DE EDUCAÇÃO;SECRETARIA MUNICIPAL DE EDUCAÇÃO;SME - DEPTOR. ENSINO FUNDEB 70% IV - CELETISTAS;CONTRATADOS  EDUCAÇÃO;081.XXX.XXX-03;404;40;;2;06/03/2023;;;01/2024;;;3 - Temporário;TEMPO DETERMINADO;;;Contrato Temporario;;PROFESSOR SL 40H - CELETISTA
;Folha Mensal - Dezembro;MARCIANA ANATALIA DA SILVA;PROFESSOR SL 40H - CELETISTA;267,85;2.618,29;2.886,14;SECRETARIA MUNICIPAL DE EDUCAÇÃO;SECRETARIA MUNICIPAL DE EDUCAÇÃO;SME- DEPTO  ENSINO INFANTIL FUNDEB 70% - SELETISTAS;CONTRATADOS  EDUCAÇÃO;050.XXX.XXX-80;334;40;;3;01/03/2023;;;01/2024;;;3 - Temporário;TEMPO DETERMINADO;;;Contrato Temporario;;PROFESSOR SL 40H - CELETISTA
;Fechamento 13º Salário - Dezembro;MARCINETE DA SILVA;VIGILANTE;1.169,52;876,48;2.046,00;HOSPITAL MUNICIPAL DE PADRE MARCOS;SECRETARIA MUNICIPAL DE SAUDE;HOSPITAL - DEPTO. ADMINISTRATIVO I;EFETIVOS;796.XXX.XXX-49;23;40;HOSPITAL MUNICIPAL DE PADRE MARCOS;1;02/02/2015;;;;;;1 - Efetivo;CONCURSO PUBLICO ;;;Efetivo;;VIGILANTE
;Folha Mensal - Dezembro;MARCINETE DA SILVA;VIGILANTE;239,58;2.488,42;2.728,00;HOSPITAL MUNICIPAL DE PADRE MARCOS;SECRETARIA MUNICIPAL DE SAUDE;HOSPITAL - DEPTO. ADMINISTRATIVO I;EFETIVOS;796.XXX.XXX-49;23;40;HOSPITAL MUNICIPAL DE PADRE MARCOS;1;02/02/2015;;;;;;1 - Efetivo;CONCURSO PUBLICO ;;;Efetivo;;VIGILANTE
;Folha Mensal - Dezembro;MARCOS PEDRO DE MACEDO;ASSESSOR TÉCNICO (A) ADMINISTRATIVO;99,00;1.221,00;1.320,00;SECRETARIA MUNICIPAL DE EDUCAÇÃO;FUNDO DE MANUT. E DEC.DA EDUC.BASICA-FUNDEB;SME- DEPTOR ADM FUNDEB 30 % VI - COMISSIONADOS;COMISSIONADOS EDUCAÇÃO;048.XXX.XXX-51;505;40;;1;01/03/2023;;;01/2025;;;2 - Comissão;TEMPO DETERMINADO;;;Função de Confiança;;ASSESSOR TÉCNICO (A) ADMINISTRATIVO
;Folha Mensal - Dezembro;MARIA BEATRIZ RODRIGUES MACEDO;ASSESSOR ESPECIAL;99,00;1.221,00;1.320,00;SECRETARIA MUNICIPAL DE SAUDE;SECRETARIA MUNICIPAL DE SAUDE;SMS-DEPTO.SEC.SAUDE-CONTRATADOS.;COMISSIONADOS;041.XXX.XXX-01;434;40;;1;01/08/2021;;;01/2025;;;2 - Comissão;LIVRE PROVIMENTO ;;;Função de Confiança;;ASSESSOR ESPECIAL
;Fechamento 13º Salário - Dezembro;MARIA CONCEIÇÃO FEITOSA COUTINHO;ENFERMEIRO;4.562,24;1.837,76;6.400,00;SECRETARIA MUNICIPAL DE SAUDE;SECRETARIA MUNICIPAL DE SAUDE;SMS - DEPTOR .SEC. DE SAUDE;EFETIVOS;871.XXX.XXX-72;121;40;;1;01/04/2008;;;;;;1 - Efetivo;CONCURSO PUBLICO ;;;Efetivo;;ENFERMEIRO
;Folha Mensal - Dezembro;MARIA CONCEIÇÃO FEITOSA COUTINHO;ENFERMEIRO;2.012,91;7.100,92;9.113,83;SECRETARIA MUNICIPAL DE SAUDE;SECRETARIA MUNICIPAL DE SAUDE;SMS - DEPTOR .SEC. DE SAUDE;EFETIVOS;871.XXX.XXX-72;121;40;;1;01/04/2008;;;;;;1 - Efetivo;CONCURSO PUBLICO ;;;Efetivo;;ENFERMEIRO
;Folha Mensal - Dezembro;MARIA CRISTIANA DE CARVALHO;DIRETOR DE DEPARTAMENTO;99,00;1.221,00;1.320,00;SECRETARIA MUNICIPAL DE EDUCAÇÃO;FUNDO DE MANUT. E DEC.DA EDUC.BASICA-FUNDEB;SME- DEPTOR ADM FUNDEB 30 % VI - COMISSIONADOS;COMISSIONADOS EDUCAÇÃO;072.XXX.XXX-50;440;40;;2;01/02/2022;;;08/2024;;;2 - Comissão;LIVRE PROVIMENTO ;;;Função de Confiança;;DIRETOR DE DEPARTAMENTO
;Folha Mensal - Dezembro;MARIA DA CRUZ DIAS SILVA;CONSELHEIRO TUTELAR;99,00;1.280,82;1.379,82;SECRETARIA MUNICIPAL DE ASSISTENCIA SOCIAL;SECRETARIA MUNICIPAL DE ASSISTENCIA SOCIAL;SASC-ASSISTENCIA SOCIAL - CONSELHO;ELETIVOS;052.XXX.XXX-28;33;40;SEC MUN. DE ASSISTENCIA SOCIAL;2;10/01/2020;;;04/2024;;;7 - Conselheiro;ELEICAO/INDICACAO;;;Contrato Temporario;;CONSELHEIRO TUTELAR
;Fechamento 13º Salário - Dezembro;MARIA DA PAZ CONCEIÇÃO SILVA;AG. COMUNITARIO DE SAÚDE;2.292,04;1.271,96;3.564,00;SECRETARIA MUNICIPAL DE SAUDE;SECRETARIA MUNICIPAL DE SAUDE;SMS - SEC.DE SAUDE - ACS I;EFETIVOS;972.XXX.XXX-72;37;40;;1;18/03/2003;;;;;;1 - Efetivo;CONCURSO PUBLICO ;;;Efetivo;;AG. COMUNITARIO DE SAÚDE
;Folha Mensal - Dezembro;MARIA DA PAZ CONCEIÇÃO SILVA;AG. COMUNITARIO DE SAÚDE;785,75;4.169,01;4.954,76;SECRETARIA MUNICIPAL DE SAUDE;SECRETARIA MUNICIPAL DE SAUDE;SMS - SEC.DE SAUDE - ACS I;EFETIVOS;972.XXX.XXX-72;37;40;;1;18/03/2003;;;;;;1 - Efetivo;CONCURSO PUBLICO ;;;Efetivo;;AG. COMUNITARIO DE SAÚDE
;Folha Complementar c/ Encargos - Dezembro;MARIA DA PAZ CONCEIÇÃO SILVA;AG. COMUNITARIO DE SAÚDE;390,47;-390,47;;SECRETARIA MUNICIPAL DE SAUDE;SECRETARIA MUNICIPAL DE SAUDE;SMS - SEC.DE SAUDE - ACS I;EFETIVOS;972.XXX.XXX-72;37;40;;1;18/03/2003;;;;;;1 - Efetivo;CONCURSO PUBLICO ;;;Efetivo;;AG. COMUNITARIO DE SAÚDE
;Fechamento 13º Salário - Dezembro;MARIA DA PAZ DE CARVALHO MACEDO;AUX. DE SERV. GERAIS;929,28;522,72;1.452,00;SECRETARIA MUNICIPAL DE EDUCAÇÃO;FUNDO DE MANUT. E DEC.DA EDUC.BASICA-FUNDEB;SME- DEPTO. ADM -FUNDEB 30% II;EFETIVOS;840.XXX.XXX-68;83;40;U.E.M.BERLAMINO FLORENTINO DE CARVALHO;1;02/03/1998;;;010/2023;;;1 - Efetivo;CONCURSO PUBLICO ;;;Efetivo;;AUX. DE SERV. GERAIS
;Folha Mensal - Dezembro;MARIA DA PAZ DE CARVALHO MACEDO;AUX. DE SERV. GERAIS;203,28;1.732,72;1.936,00;SECRETARIA MUNICIPAL DE EDUCAÇÃO;FUNDO DE MANUT. E DEC.DA EDUC.BASICA-FUNDEB;SME- DEPTO. ADM -FUNDEB 30% II;EFETIVOS;840.XXX.XXX-68;83;40;U.E.M.BERLAMINO FLORENTINO DE CARVALHO;1;02/03/1998;;;010/2023;;;1 - Efetivo;CONCURSO PUBLICO ;;;Efetivo;;AUX. DE SERV. GERAIS
;Folha Mensal - Dezembro;MARIA DARLANE DA SILVA;MONITOR(A);99,00;1.221,00;1.320,00;SECRETARIA MUNICIPAL DE EDUCAÇÃO;FUNDO DE MANUT. E DEC.DA EDUC.BASICA-FUNDEB;SME-DEPTO.CONTRATO-ENSINO FUNDEB 30%;CONTRATO TEMPORÁRIO;059.XXX.XXX-23;317;40;;3;01/03/2023;;;08/2024;;;3 - Temporário;TEMPO DETERMINADO;;;Contrato Temporario;;MONITOR(A)
;Fechamento 13º Salário - Dezembro;MARIA DAS DORES DA CONCEIÇÃO COSTA;TECNICO EM ENFERMAGEM;1.061,28;654,72;1.716,00;SECRETARIA MUNICIPAL DE SAUDE;SECRETARIA MUNICIPAL DE SAUDE;SMS - DEPTOR .SEC. DE SAUDE;EFETIVOS;712.XXX.XXX-53;60;40;HOSPITAL MUNICIPAL DE PADRE MARCOS;1;03/11/2015;;;;;;1 - Efetivo;CONCURSO PUBLICO ;;;Efetivo;;TECNICO EM ENFERMAGEM
;Folha Mensal - Dezembro;MARIA DAS DORES DA CONCEIÇÃO COSTA;TECNICO EM ENFERMAGEM;220,44;2.283,95;2.504,39;SECRETARIA MUNICIPAL DE SAUDE;SECRETARIA MUNICIPAL DE SAUDE;SMS - DEPTOR .SEC. DE SAUDE;EFETIVOS;712.XXX.XXX-53;60;40;HOSPITAL MUNICIPAL DE PADRE MARCOS;1;03/11/2015;;;;;;1 - Efetivo;CONCURSO PUBLICO ;;;Efetivo;;TECNICO EM ENFERMAGEM
;Folha Complementar c/ Encargos - Dezembro;MARIA DAS DORES DA CONCEIÇÃO COSTA;TECNICO EM ENFERMAGEM;343,46;-343,46;;SECRETARIA MUNICIPAL DE SAUDE;SECRETARIA MUNICIPAL DE SAUDE;SMS - DEPTOR .SEC. DE SAUDE;EFETIVOS;712.XXX.XXX-53;60;40;HOSPITAL MUNICIPAL DE PADRE MARCOS;1;03/11/2015;;;;;;1 - Efetivo;CONCURSO PUBLICO ;;;Efetivo;;TECNICO EM ENFERMAGEM
;Fechamento 13º Salário - Dezembro;MARIA DAS GRAÇAS DE CARVALHO;AUX. DE SERV. GERAIS;929,28;522,72;1.452,00;SECRETARIA MUNICIPAL DE EDUCAÇÃO;FUNDO DE MANUT. E DEC.DA EDUC.BASICA-FUNDEB;SME- DEPTO. ADM -FUNDEB 30% II;EFETIVOS;809.XXX.XXX-00;125;40;PRÉ-ESCOLAR BARRA;1;02/03/1998;;;027/2022;;;1 - Efetivo;CONCURSO PUBLICO ;;;Efetivo;;AUX. DE SERV. GERAIS
;Folha Mensal - Dezembro;MARIA DAS GRAÇAS DE CARVALHO;AUX. DE SERV. GERAIS;203,28;1.732,72;1.936,00;SECRETARIA MUNICIPAL DE EDUCAÇÃO;FUNDO DE MANUT. E DEC.DA EDUC.BASICA-FUNDEB;SME- DEPTO. ADM -FUNDEB 30% II;EFETIVOS;809.XXX.XXX-00;125;40;PRÉ-ESCOLAR BARRA;1;02/03/1998;;;027/2022;;;1 - Efetivo;CONCURSO PUBLICO ;;;Efetivo;;AUX. DE SERV. GERAIS
;Folha Mensal - Dezembro;MARIA DAS MERCES MOURA MACEDO;PROFESSOR SL 40H - CELETISTA;267,85;2.618,29;2.886,14;SECRETARIA MUNICIPAL DE EDUCAÇÃO;SECRETARIA MUNICIPAL DE EDUCAÇÃO;SME- DEPTO  ENSINO INFANTIL FUNDEB 70% - SELETISTAS;CONTRATADOS  EDUCAÇÃO;050.XXX.XXX-75;338;40;;3;06/03/2023;;;01/2024;;;3 - Temporário;TEMPO DETERMINADO;;;Contrato Temporario;;PROFESSOR SL 40H - CELETISTA
;Fechamento 13º Salário - Dezembro;MARIA DE JESUS CARVALHO;PROFESSOR SE 40H;4.626,73;1.918,03;6.544,76;SECRETARIA MUNICIPAL DE EDUCAÇÃO;SECRETARIA MUNICIPAL DE EDUCAÇÃO;SME- DEPTO ENSINO INFANTIL FUNDEB 70% - EFETIVOS;EFETIVO - PROFESSORES;841.XXX.XXX-53;151;40;CRECHE PRÉ-ESCOLAR MARGARIDA DE JESUS ALENCAR ( TIA GUIDA);1;20/03/2015;;;;;;1 - Efetivo;CONCURSO PUBLICO ;;;Efetivo;;PROFESSOR SL 40H
;Folha Mensal - Dezembro;MARIA DE JESUS CARVALHO;PROFESSOR SE 40H;2.518,69;7.298,45;9.817,14;SECRETARIA MUNICIPAL DE EDUCAÇÃO;SECRETARIA MUNICIPAL DE EDUCAÇÃO;SME- DEPTO ENSINO INFANTIL FUNDEB 70% - EFETIVOS;EFETIVO - PROFESSORES;841.XXX.XXX-53;151;40;CRECHE PRÉ-ESCOLAR MARGARIDA DE JESUS ALENCAR ( TIA GUIDA);1;20/03/2015;;;;;;1 - Efetivo;CONCURSO PUBLICO ;;;Efetivo;;PROFESSOR SL 40H
;Fechamento 13º Salário - Dezembro;MARIA DE JESUS LEAL;AUX. DE SERV. GERAIS;929,28;522,72;1.452,00;SECRETARIA MUNICIPAL DE EDUCAÇÃO;FUNDO DE MANUT. E DEC.DA EDUC.BASICA-FUNDEB;SME- DEPTO. ADM -FUNDEB 30% II;EFETIVOS;842.XXX.XXX-59;217;40;;1;02/03/1998;;;0004/2024;;;1 - Efetivo;CONCURSO PUBLICO ;;;Efetivo;;AUX. DE SERV. GERAIS
;Folha Mensal - Dezembro;MARIA DE JESUS LEAL;AUX. DE SERV. GERAIS;349,95;1.586,05;1.936,00;SECRETARIA MUNICIPAL DE EDUCAÇÃO;FUNDO DE MANUT. E DEC.DA EDUC.BASICA-FUNDEB;SME- DEPTO. ADM -FUNDEB 30% II;EFETIVOS;842.XXX.XXX-59;217;40;;1;02/03/1998;;;0004/2024;;;1 - Efetivo;CONCURSO PUBLICO ;;;Efetivo;;AUX. DE SERV. GERAIS
;Folha Mensal - Dezembro;MARIA DO PERPETUO SOCORRO SOUSA ALVES;ASSISTENTE SOCIAL - CONTRATADA;106,20;1.293,80;1.400,00;SECRETARIA MUNICIPAL DE ASSISTENCIA SOCIAL;FUNDO MUNICIPAL DE ASSISTENCIA SOCIAL-FMAS;CENTRO DE REFERENCIA. ASSISTENCIA SOCIAL-CRAS-PSB;CONTRATO TEMPORÁRIO;025.XXX.XXX-05;418;40;;2;01/03/2023;;;01/2024;;;3 - Temporário;TEMPO DETERMINADO;10/2019;;Contrato Temporario;;ASSISTENTE SOCIAL - CONTRATADA
;Fechamento 13º Salário - Dezembro;MARIA DO ROSÁRIO RIBEIRO;GARI;1.235,52;810,48;2.046,00;PREFEITURA MUNICIPAL DE PADRE MARCOS-PI;SECRETARIA MUNICIPAL  DE ADMINISTRAÇÃO;SEAD - DEPTO.ADMINISTRAÇÃO II;EFETIVOS;988.XXX.XXX-91;11;40;;1;19/01/2015;;;;;;1 - Efetivo;CONCURSO PUBLICO ;;;Efetivo;;GARI
;Folha Mensal - Dezembro;MARIA DO ROSÁRIO RIBEIRO;GARI;234,80;2.493,20;2.728,00;PREFEITURA MUNICIPAL DE PADRE MARCOS-PI;SECRETARIA MUNICIPAL  DE ADMINISTRAÇÃO;SEAD - DEPTO.ADMINISTRAÇÃO II;EFETIVOS;988.XXX.XXX-91;11;40;;1;19/01/2015;;;;;;1 - Efetivo;CONCURSO PUBLICO ;;;Efetivo;;GARI
;Fechamento 13º Salário - Dezembro;MARIA DO SOCORRO RODRIGUES SILVA;AG. COMUNITARIO DE SAÚDE;2.292,04;1.271,96;3.564,00;SECRETARIA MUNICIPAL DE SAUDE;SECRETARIA MUNICIPAL DE SAUDE;SMS - SEC.DE SAUDE - ACS I;EFETIVOS;988.XXX.XXX-34;51;40;;1;18/03/2003;;;;;;1 - Efetivo;CONCURSO PUBLICO ;;;Efetivo;;AG. COMUNITARIO DE SAÚDE
;Folha Mensal - Dezembro;MARIA DO SOCORRO RODRIGUES SILVA;AG. COMUNITARIO DE SAÚDE;750,11;4.154,65;4.904,76;SECRETARIA MUNICIPAL DE SAUDE;SECRETARIA MUNICIPAL DE SAUDE;SMS - SEC.DE SAUDE - ACS I;EFETIVOS;988.XXX.XXX-34;51;40;;1;18/03/2003;;;;;;1 - Efetivo;CONCURSO PUBLICO ;;;Efetivo;;AG. COMUNITARIO DE SAÚDE
;Folha Complementar c/ Encargos - Dezembro;MARIA DO SOCORRO RODRIGUES SILVA;AG. COMUNITARIO DE SAÚDE;390,47;-390,47;;SECRETARIA MUNICIPAL DE SAUDE;SECRETARIA MUNICIPAL DE SAUDE;SMS - SEC.DE SAUDE - ACS I;EFETIVOS;988.XXX.XXX-34;51;40;;1;18/03/2003;;;;;;1 - Efetivo;CONCURSO PUBLICO ;;;Efetivo;;AG. COMUNITARIO DE SAÚDE
;Folha Mensal - Dezembro;MARIA ELVIRA DE MACEDO;ASSESSOR ESPECIAL;99,00;1.221,00;1.320,00;SECRETARIA MUNICIPAL DE EDUCAÇÃO;FUNDO DE MANUT. E DEC.DA EDUC.BASICA-FUNDEB;SME- DEPTOR ADM FUNDEB 30 % VI - COMISSIONADOS;COMISSIONADOS EDUCAÇÃO;811.XXX.XXX-49;471;40;;1;01/08/2022;;;01/2025;;;2 - Comissão;LIVRE PROVIMENTO ;;;Função de Confiança;;ASSESSOR ESPECIAL
;Fechamento 13º Salário - Dezembro;MARIA FRANCISCA DA CONCEIÇÃO SILVA;PROFESSOR SE 40H;5.270,46;2.037,12;7.307,58;SECRETARIA MUNICIPAL DE EDUCAÇÃO;SECRETARIA MUNICIPAL DE EDUCAÇÃO;SME- DEPTOR ENSINO FUNDEB 70% II;EFETIVO - PROFESSORES;838.XXX.XXX-15;196;40;U.E.M. JOSE DE MOURA LEAL;1;15/02/2000;;;;;;1 - Efetivo;CONCURSO PUBLICO ;;;Efetivo;;PROFESSOR SE 40H
;Folha Mensal - Dezembro;MARIA FRANCISCA DA CONCEIÇÃO SILVA;PROFESSOR SE 40H;2.918,41;8.042,96;10.961,37;SECRETARIA MUNICIPAL DE EDUCAÇÃO;SECRETARIA MUNICIPAL DE EDUCAÇÃO;SME- DEPTOR ENSINO FUNDEB 70% II;EFETIVO - PROFESSORES;838.XXX.XXX-15;196;40;U.E.M. JOSE DE MOURA LEAL;1;15/02/2000;;;;;;1 - Efetivo;CONCURSO PUBLICO ;;;Efetivo;;PROFESSOR SE 40H
;Folha Mensal - Dezembro;MARIA GORETE DE SOUSA LEAL;ASSESSOR ESPECIAL;99,00;1.221,00;1.320,00;SECRETARIA MUNICIPAL DE EDUCAÇÃO;FUNDO DE MANUT. E DEC.DA EDUC.BASICA-FUNDEB;SME- DEPTOR ADM FUNDEB 30 % VI - COMISSIONADOS;COMISSIONADOS EDUCAÇÃO;805.XXX.XXX-10;227;40;;2;02/01/2020;;;01/2025;;;2 - Comissão;LIVRE PROVIMENTO ;;;Função de Confiança;;ASSESSOR ESPECIAL
;Fechamento 13º Salário - Dezembro;MARIA IRACI LEAL DE ARAÚJO;PROFESSOR SE 40H;5.232,71;2.074,88;7.307,59;SECRETARIA MUNICIPAL DE EDUCAÇÃO;SECRETARIA MUNICIPAL DE EDUCAÇÃO;SME- DEPTO ENSINO INFANTIL FUNDEB 70% - EFETIVOS;EFETIVO - PROFESSORES;805.XXX.XXX-91;197;40;CRECHE PRÉ-ESCOLAR MARGARIDA DE JESUS ALENCAR ( TIA GUIDA);1;02/02/1998;;;182/2020;;;1 - Efetivo;CONCURSO PUBLICO ;;;Efetivo;;PROFESSOR SE 40H
;Folha Mensal - Dezembro;MARIA IRACI LEAL DE ARAÚJO;PROFESSOR SE 40H;2.944,22;8.017,17;10.961,39;SECRETARIA MUNICIPAL DE EDUCAÇÃO;SECRETARIA MUNICIPAL DE EDUCAÇÃO;SME- DEPTO ENSINO INFANTIL FUNDEB 70% - EFETIVOS;EFETIVO - PROFESSORES;805.XXX.XXX-91;197;40;CRECHE PRÉ-ESCOLAR MARGARIDA DE JESUS ALENCAR ( TIA GUIDA);1;02/02/1998;;;182/2020;;;1 - Efetivo;CONCURSO PUBLICO ;;;Efetivo;;PROFESSOR SE 40H
;Fechamento 13º Salário - Dezembro;MARIA JOAQUINA DE BARROS LEAL;PROFESSOR SL 20H;1.699,11;954,17;2.653,28;PREFEITURA MUNICIPAL DE PADRE MARCOS-PI;SECRETARIA MUNICIPAL  DE ADMINISTRAÇÃO;ADMINISTRAÇÃO APOSENTADA;EFETIVO - PROFESSORES;289.XXX.XXX-53;230;20;;1;10/09/1966;;;;;;1 - Efetivo;CONCURSO PUBLICO ;;;Efetivo;;PROFESSOR SL 20H
;Folha Mensal - Dezembro;MARIA JOAQUINA DE BARROS LEAL;PROFESSOR SL 20H;398,99;2.254,29;2.653,28;PREFEITURA MUNICIPAL DE PADRE MARCOS-PI;SECRETARIA MUNICIPAL  DE ADMINISTRAÇÃO;ADMINISTRAÇÃO APOSENTADA;EFETIVO - PROFESSORES;289.XXX.XXX-53;230;20;;1;10/09/1966;;;;;;1 - Efetivo;CONCURSO PUBLICO ;;;Efetivo;;PROFESSOR SL 20H
;Folha Mensal - Dezembro;MARIA JOSE DE MACEDO;PROFESSOR SELETISTA;267,85;2.618,29;2.886,14;SECRETARIA MUNICIPAL DE EDUCAÇÃO;SECRETARIA MUNICIPAL DE EDUCAÇÃO;SME- DEPTO  ENSINO INFANTIL FUNDEB 70% - SELETISTAS;CONTRATADOS  EDUCAÇÃO;079.XXX.XXX-64;397;40;;2;01/03/2023;;;01/2024;;;3 - Temporário;TEMPO DETERMINADO;;;Contrato Temporario;;PROFESSOR SL 40H - CELETISTA
;Folha Mensal - Dezembro;MARIA LAISIA DE ARAUJO;VISITADOR PCF;99,00;1.221,00;1.320,00;SECRETARIA MUNICIPAL DE ASSISTENCIA SOCIAL;SECRETARIA MUNICIPAL DE ASSISTENCIA SOCIAL; PROG.CRIANÇA FELIZ;CONTRATO TEMPORÁRIO;020.XXX.XXX-44;251;40;;5;02/03/2023;;;01/2025;;;3 - Temporário;TEMPO DETERMINADO;;;Contrato Temporario;;VISITADOR PCF
;Fechamento 13º Salário - Dezembro;MARIA LUCIA DA CONCEIÇÃO;AUX. DE SERV. GERAIS;919,38;532,62;1.452,00;SECRETARIA MUNICIPAL DE EDUCAÇÃO;FUNDO DE MANUT. E DEC.DA EDUC.BASICA-FUNDEB;SME- DEPTO. ADM -FUNDEB 30% II;EFETIVOS;838.XXX.XXX-00;85;40;CRECHE PRÉ-ESCOLAR MARGARIDA DE JESUS ALENCAR ( TIA GUIDA);1;02/03/1998;;;017/2023;;;1 - Efetivo;CONCURSO PUBLICO ;;;Efetivo;;AUX. DE SERV. GERAIS
;Folha Mensal - Dezembro;MARIA LUCIA DA CONCEIÇÃO;AUX. DE SERV. GERAIS;217,80;1.718,20;1.936,00;SECRETARIA MUNICIPAL DE EDUCAÇÃO;FUNDO DE MANUT. E DEC.DA EDUC.BASICA-FUNDEB;SME- DEPTO. ADM -FUNDEB 30% II;EFETIVOS;838.XXX.XXX-00;85;40;CRECHE PRÉ-ESCOLAR MARGARIDA DE JESUS ALENCAR ( TIA GUIDA);1;02/03/1998;;;017/2023;;;1 - Efetivo;CONCURSO PUBLICO ;;;Efetivo;;AUX. DE SERV. GERAIS
;Fechamento 13º Salário - Dezembro;MARIA LUCIA DA SILVA;TECNICO EM ENFERMAGEM;1.062,60;257,40;1.320,00;SECRETARIA MUNICIPAL DE SAUDE;SECRETARIA MUNICIPAL DE SAUDE;SMS.DEPTO.SAUDE.SECRETARIO(A);EFETIVOS;245.XXX.XXX-00;129;40;;1;02/02/2015;;;;;;1 - Efetivo;CONCURSO PUBLICO ;;;Efetivo;;TECNICO EM ENFERMAGEM
;Folha Mensal - Dezembro;MARIA LUCIA DA SILVA;TECNICO EM ENFERMAGEM;184,80;1.575,20;1.760,00;SECRETARIA MUNICIPAL DE SAUDE;SECRETARIA MUNICIPAL DE SAUDE;SMS.DEPTO.SAUDE.SECRETARIO(A);EFETIVOS;245.XXX.XXX-00;129;40;;1;02/02/2015;;;;;;1 - Efetivo;CONCURSO PUBLICO ;;;Efetivo;;TECNICO EM ENFERMAGEM
;Folha Complementar c/ Encargos - Dezembro;MARIA LUCIA DA SILVA;TECNICO EM ENFERMAGEM;308,19;-308,19;;SECRETARIA MUNICIPAL DE SAUDE;SECRETARIA MUNICIPAL DE SAUDE;SMS.DEPTO.SAUDE.SECRETARIO(A);EFETIVOS;245.XXX.XXX-00;129;40;;1;02/02/2015;;;;;;1 - Efetivo;CONCURSO PUBLICO ;;;Efetivo;;TECNICO EM ENFERMAGEM
;Folha Mensal - Dezembro;MARIA LUCIA DE CARVALHO;PROFESSOR SL 40H - CELETISTA;267,85;2.618,29;2.886,14;SECRETARIA MUNICIPAL DE EDUCAÇÃO;SECRETARIA MUNICIPAL DE EDUCAÇÃO;SME - DEPTOR. ENSINO FUNDEB 70% IV - CELETISTAS;CONTRATADOS  EDUCAÇÃO;063.XXX.XXX-19;271;40;PRÉ-ESCOLAR TIANA MACEDO;5;01/03/2023;;;01/2024;;;3 - Temporário;TEMPO DETERMINADO;;;Contrato Temporario;;PROFESSOR SL 40H - CELETISTA
;Folha Mensal - Dezembro;MARIA LUCICLEIDE DA SILVA DIAS;SECR. DE ASSISTENCIA SOCIAL;138,20;1.617,40;1.755,60;SECRETARIA MUNICIPAL DE ASSISTENCIA SOCIAL;SECRETARIA MUNICIPAL DE ASSISTENCIA SOCIAL;SASC-SEC.ASSISTENCIA SOCIAL;COMISSIONADOS;015.XXX.XXX-01;222;40;;1;02/01/2017;;;01/2025;;;2 - Comissão;LIVRE PROVIMENTO ;;;Função de Confiança;;SECR. DE ASSISTENCIA SOCIAL
;Fechamento 13º Salário - Dezembro;MARIA LUCILENE DA SILVA DIAS;PROFESSOR SE 40H;5.582,44;2.691,38;8.273,82;SECRETARIA MUNICIPAL DE EDUCAÇÃO;SECRETARIA MUNICIPAL DE EDUCAÇÃO;SME- DEPTOR ENSINO FUNDEB 70% II;EFETIVO - PROFESSORES;553.XXX.XXX-72;198;40;SECRETARIA MUNICIPAL DE EDUCAÇÃO;1;02/02/1998;;;;;;1 - Efetivo;CONCURSO PUBLICO ;;;Efetivo;;PROFESSOR SE 40H
;Folha Mensal - Dezembro;MARIA LUCILENE DA SILVA DIAS;PROFESSOR SE 40H;3.352,45;9.058,28;12.410,73;SECRETARIA MUNICIPAL DE EDUCAÇÃO;SECRETARIA MUNICIPAL DE EDUCAÇÃO;SME- DEPTOR ENSINO FUNDEB 70% II;EFETIVO - PROFESSORES;553.XXX.XXX-72;198;40;SECRETARIA MUNICIPAL DE EDUCAÇÃO;1;02/02/1998;;;;;;1 - Efetivo;CONCURSO PUBLICO ;;;Efetivo;;PROFESSOR SE 40H
;Fechamento 13º Salário - Dezembro;MARIA LUCILENE DE MACEDO SILVA;AG. COMUNITARIO DE SAÚDE;2.267,74;1.296,26;3.564,00;SECRETARIA MUNICIPAL DE SAUDE;SECRETARIA MUNICIPAL DE SAUDE;SMS - SEC.DE SAUDE - ACS I;EFETIVOS;535.XXX.XXX-87;50;40;;1;18/03/2003;;;;;;1 - Efetivo;CONCURSO PUBLICO ;;;Efetivo;;AG. COMUNITARIO DE SAÚDE
;Folha Complementar c/ Encargos - Dezembro;MARIA LUCILENE DE MACEDO SILVA;AG. COMUNITARIO DE SAÚDE;390,47;-390,47;;SECRETARIA MUNICIPAL DE SAUDE;SECRETARIA MUNICIPAL DE SAUDE;SMS - SEC.DE SAUDE - ACS I;EFETIVOS;535.XXX.XXX-87;50;40;;1;18/03/2003;;;;;;1 - Efetivo;CONCURSO PUBLICO ;;;Efetivo;;AG. COMUNITARIO DE SAÚDE
;Folha Mensal - Dezembro;MARIA LUCILENE DE MACEDO SILVA;AG. COMUNITARIO DE SAÚDE;750,11;4.154,65;4.904,76;SECRETARIA MUNICIPAL DE SAUDE;SECRETARIA MUNICIPAL DE SAUDE;SMS - SEC.DE SAUDE - ACS I;EFETIVOS;535.XXX.XXX-87;50;40;;1;18/03/2003;;;;;;1 - Efetivo;CONCURSO PUBLICO ;;;Efetivo;;AG. COMUNITARIO DE SAÚDE
;Folha Mensal - Dezembro;MARIA LUIZA DE SOUSA RODRIGUES;TECNICO DE ENFERMAGEM;122,76;1.461,24;1.584,00;SECRETARIA MUNICIPAL DE SAUDE;SECRETARIA MUNICIPAL DE SAUDE;SEC. MUN. SAÚDE- DEPTO. DE SAUDE II-CONTRATADOS;CONTRATO TEMPORÁRIO;068.XXX.XXX-77;375;40;;3;01/03/2023;;;01/2025;;;3 - Temporário;TEMPO DETERMINADO;;;Contrato Temporario;;TECNICO DE ENFERMAGEM
;Folha Complementar c/ Encargos - Dezembro;MARIA LUIZA DE SOUSA RODRIGUES;TECNICO DE ENFERMAGEM;223,20;-223,20;;SECRETARIA MUNICIPAL DE SAUDE;SECRETARIA MUNICIPAL DE SAUDE;SEC. MUN. SAÚDE- DEPTO. DE SAUDE II-CONTRATADOS;CONTRATO TEMPORÁRIO;068.XXX.XXX-77;375;40;;3;01/03/2023;;;01/2025;;;3 - Temporário;TEMPO DETERMINADO;;;Contrato Temporario;;TECNICO DE ENFERMAGEM
;Fechamento 13º Salário - Dezembro;MARIA LUSENEIDE DO NASCIMENTO SILVA;PROFESSOR SE 40H;5.208,66;2.353,20;7.561,86;SECRETARIA MUNICIPAL DE EDUCAÇÃO;SECRETARIA MUNICIPAL DE EDUCAÇÃO;SME- DEPTOR ENSINO FUNDEB 70% III;EFETIVO - PROFESSORES;086.XXX.XXX-42;199;40;SECRETARIA MUNICIPAL DE EDUCAÇÃO;1;02/02/1998;;;02/2024;;;1 - Efetivo;CONCURSO PUBLICO ;;;Efetivo;;PROFESSOR SE 40H
;Folha Mensal - Dezembro;MARIA LUSENEIDE DO NASCIMENTO SILVA;PROFESSOR SE 40H;3.051,65;8.291,14;11.342,79;SECRETARIA MUNICIPAL DE EDUCAÇÃO;SECRETARIA MUNICIPAL DE EDUCAÇÃO;SME- DEPTOR ENSINO FUNDEB 70% III;EFETIVO - PROFESSORES;086.XXX.XXX-42;199;40;SECRETARIA MUNICIPAL DE EDUCAÇÃO;1;02/02/1998;;;02/2024;;;1 - Efetivo;CONCURSO PUBLICO ;;;Efetivo;;PROFESSOR SE 40H
;Fechamento 13º Salário - Dezembro;MARIA LUZIMAR DE CARVALHO;PROFESSOR SE 40H;6.091,26;2.576,14;8.667,40;SECRETARIA MUNICIPAL DE EDUCAÇÃO;SECRETARIA MUNICIPAL DE EDUCAÇÃO;SME- DEPTOR ENSINO FUNDEB 70% II;TEMPO DE SERVIÇO;439.XXX.XXX-91;200;40;SECRETARIA MUNICIPAL DE EDUCAÇÃO;1;01/01/1986;;;;;;1 - Efetivo;CONCURSO PUBLICO ;;;Efetivo;;PROFESSOR SE 40H
;Folha Mensal - Dezembro;MARIA LUZIMAR DE CARVALHO;PROFESSOR SE 40H;3.959,67;7.007,25;10.966,92;SECRETARIA MUNICIPAL DE EDUCAÇÃO;SECRETARIA MUNICIPAL DE EDUCAÇÃO;SME- DEPTOR ENSINO FUNDEB 70% II;TEMPO DE SERVIÇO;439.XXX.XXX-91;200;40;SECRETARIA MUNICIPAL DE EDUCAÇÃO;1;01/01/1986;;;;;;1 - Efetivo;CONCURSO PUBLICO ;;;Efetivo;;PROFESSOR SE 40H
;Folha Mensal - Dezembro;MARIA NEUSA DE MACEDO MARQUES;ASSESSOR TÉCNICO (A) ADMINISTRATIVO;170,28;1.941,72;2.112,00;PREFEITURA MUNICIPAL DE PADRE MARCOS-PI;SECRETARIA MUNICIPAL  DE ADMINISTRAÇÃO;SEAD -  DEPTO. ADMINISTRAÇÃO V- COMISSIONADOS;COMISSIONADOS;454.XXX.XXX-20;523;40;PREDIO DA PREFEITURA;1;01/11/2023;;;01/2025;;;2 - Comissão;TEMPO DETERMINADO;;;Função de Confiança;;ASSESSOR TÉCNICO (A) ADMINISTRATIVO
;Fechamento 13º Salário - Dezembro;MARIA NILZA DA CONCEIÇÃO;AUX. DE SERV. GERAIS;971,52;546,48;1.518,00;SECRETARIA MUNICIPAL DE EDUCAÇÃO;FUNDO DE MANUT. E DEC.DA EDUC.BASICA-FUNDEB;SME- DEPTO. ADM -FUNDEB 30% II;EFETIVOS;988.XXX.XXX-68;96;40;U.E.M. JOSE DE MOURA LEAL;1;02/03/2015;;;;;;1 - Efetivo;CONCURSO PUBLICO ;;;Efetivo;;AUX. DE SERV. GERAIS
;Folha Mensal - Dezembro;MARIA NILZA DA CONCEIÇÃO;AUX. DE SERV. GERAIS;227,70;1.796,30;2.024,00;SECRETARIA MUNICIPAL DE EDUCAÇÃO;FUNDO DE MANUT. E DEC.DA EDUC.BASICA-FUNDEB;SME- DEPTO. ADM -FUNDEB 30% II;EFETIVOS;988.XXX.XXX-68;96;40;U.E.M. JOSE DE MOURA LEAL;1;02/03/2015;;;;;;1 - Efetivo;CONCURSO PUBLICO ;;;Efetivo;;AUX. DE SERV. GERAIS
;Folha Mensal - Dezembro;MARIA ROSA DE CARVALHO;PROFESSOR SL 40H - CELETISTA;267,85;2.618,29;2.886,14;SECRETARIA MUNICIPAL DE EDUCAÇÃO;SECRETARIA MUNICIPAL DE EDUCAÇÃO;SME- DEPTO  ENSINO INFANTIL FUNDEB 70% - SELETISTAS;CONTRATADOS  EDUCAÇÃO;868.XXX.XXX-91;326;40;;3;01/03/2023;;;01/2024;;;3 - Temporário;TEMPO DETERMINADO;;;Contrato Temporario;;PROFESSOR SL 40H - CELETISTA
;Fechamento 13º Salário - Dezembro;MARIA SIMONE DA SILVA;GARI;212,52;1.833,48;2.046,00;PREFEITURA MUNICIPAL DE PADRE MARCOS-PI;SECRETARIA MUNICIPAL  DE ADMINISTRAÇÃO;SEAD - DEPTO.ADMINISTRAÇÃO II;EFETIVOS;031.XXX.XXX-01;12;40;;1;02/02/2015;;;;;;1 - Efetivo;CONCURSO PUBLICO ;;;Efetivo;;GARI
;Folha Mensal - Dezembro;MARIA SIMONE DA SILVA;GARI;239,58;2.488,42;2.728,00;PREFEITURA MUNICIPAL DE PADRE MARCOS-PI;SECRETARIA MUNICIPAL  DE ADMINISTRAÇÃO;SEAD - DEPTO.ADMINISTRAÇÃO II;EFETIVOS;031.XXX.XXX-01;12;40;;1;02/02/2015;;;;;;1 - Efetivo;CONCURSO PUBLICO ;;;Efetivo;;GARI
;Fechamento 13º Salário - Dezembro;MARIA VANDILENE DA SILVA;PROFESSOR SE 40H;4.626,73;1.918,03;6.544,76;SECRETARIA MUNICIPAL DE EDUCAÇÃO;SECRETARIA MUNICIPAL DE EDUCAÇÃO;SME- DEPTOR ENSINO FUNDEB 70% I;EFETIVO - PROFESSORES;005.XXX.XXX-65;152;40;UNIDADE ESCOLAR MUNICIPAL DAVI SEVERIANO DE CARVALHO;1;01/04/2015;;;;;;1 - Efetivo;CONCURSO PUBLICO ;;;;;PROFESSOR SL 40H
;Folha Mensal - Dezembro;MARIA VANDILENE DA SILVA;PROFESSOR SE 40H;2.518,69;7.298,45;9.817,14;SECRETARIA MUNICIPAL DE EDUCAÇÃO;SECRETARIA MUNICIPAL DE EDUCAÇÃO;SME- DEPTOR ENSINO FUNDEB 70% I;EFETIVO - PROFESSORES;005.XXX.XXX-65;152;40;UNIDADE ESCOLAR MUNICIPAL DAVI SEVERIANO DE CARVALHO;1;01/04/2015;;;;;;1 - Efetivo;CONCURSO PUBLICO ;;;;;PROFESSOR SL 40H
;Fechamento 13º Salário - Dezembro;MARIA ZULDETE DE SOUSA;AUX. DE SERV. GERAIS;915,20;514,80;1.430,00;SECRETARIA MUNICIPAL DE EDUCAÇÃO;FUNDO DE MANUT. E DEC.DA EDUC.BASICA-FUNDEB;SME- DEPTO. ADM -FUNDEB 30% II;TEMPO DE SERVIÇO;840.XXX.XXX-53;86;40;CRECHE PRÉ-ESCOLAR MARGARIDA DE JESUS ALENCAR ( TIA GUIDA);1;01/11/1983;;;;;;1 - Efetivo;CONCURSO PUBLICO ;;;Efetivo;;AUX. DE SERV. GERAIS
;Folha Mensal - Dezembro;MARIA ZULDETE DE SOUSA;AUX. DE SERV. GERAIS;200,20;1.706,47;1.906,67;SECRETARIA MUNICIPAL DE EDUCAÇÃO;FUNDO DE MANUT. E DEC.DA EDUC.BASICA-FUNDEB;SME- DEPTO. ADM -FUNDEB 30% II;TEMPO DE SERVIÇO;840.XXX.XXX-53;86;40;CRECHE PRÉ-ESCOLAR MARGARIDA DE JESUS ALENCAR ( TIA GUIDA);1;01/11/1983;;;;;;1 - Efetivo;CONCURSO PUBLICO ;;;Efetivo;;AUX. DE SERV. GERAIS
;Folha Mensal - Dezembro;MARIELLE PEREIRA DE MATOS;CONSELHEIRO TUTELAR;99,00;1.400,46;1.499,46;SECRETARIA MUNICIPAL DE ASSISTENCIA SOCIAL;SECRETARIA MUNICIPAL DE ASSISTENCIA SOCIAL;SASC-ASSISTENCIA SOCIAL - CONSELHO;ELETIVOS;034.XXX.XXX-04;35;40;SEC MUN. DE ASSISTENCIA SOCIAL;2;10/01/2020;;;03/2024;;;7 - Conselheiro;ELEICAO/INDICACAO;;;;;CONSELHEIRO TUTELAR
;Folha Mensal - Dezembro;MARISA MAGNA DA SILVA;PROFESSOR SELETISTA;267,85;2.618,29;2.886,14;SECRETARIA MUNICIPAL DE EDUCAÇÃO;SECRETARIA MUNICIPAL DE EDUCAÇÃO;SME - DEPTOR. ENSINO FUNDEB 70% IV - CELETISTAS;CONTRATADOS  EDUCAÇÃO;612.XXX.XXX-48;494;40;;1;01/03/2023;;;01/2024;;;3 - Temporário;TEMPO DETERMINADO;;;Contrato Temporario;;PROFESSOR SELETISTA
;Fechamento 13º Salário - Dezembro;MARISLETTE DE SOUSA CARVALHO;AUX. DE SERV. GERAIS;971,52;546,48;1.518,00;SECRETARIA MUNICIPAL DE EDUCAÇÃO;FUNDO DE MANUT. E DEC.DA EDUC.BASICA-FUNDEB;SME- DEPTO. ADM -FUNDEB 30% II;EFETIVOS;790.XXX.XXX-00;97;40;UNIDADE ESCOLAR MUNICIPAL CÂNDIDA MACEDO;1;02/02/2015;;;;;;1 - Efetivo;CONCURSO PUBLICO ;;;Efetivo;;AUX. DE SERV. GERAIS
;Folha Mensal - Dezembro;MARISLETTE DE SOUSA CARVALHO;AUX. DE SERV. GERAIS;227,70;1.796,30;2.024,00;SECRETARIA MUNICIPAL DE EDUCAÇÃO;FUNDO DE MANUT. E DEC.DA EDUC.BASICA-FUNDEB;SME- DEPTO. ADM -FUNDEB 30% II;EFETIVOS;790.XXX.XXX-00;97;40;UNIDADE ESCOLAR MUNICIPAL CÂNDIDA MACEDO;1;02/02/2015;;;;;;1 - Efetivo;CONCURSO PUBLICO ;;;Efetivo;;AUX. DE SERV. GERAIS
;Folha Mensal - Dezembro;MARLON DA SILVA CARVALHO;DIRETOR DE DEPARTAMENTO;135,82;1.593,38;1.729,20;PREFEITURA MUNICIPAL DE PADRE MARCOS-PI;SECRETARIA MUNICIPAL  DE ADMINISTRAÇÃO;SEAD -  DEPTO. ADMINISTRAÇÃO V- COMISSIONADOS;COMISSIONADOS;037.XXX.XXX-38;382;40;;1;04/01/2021;;;04/2024;;;2 - Comissão;LIVRE PROVIMENTO ;;;;;DIRETOR DE DEPARTAMENTO
;Folha Mensal - Dezembro;MAURICELES MACEDO LOBO DE DEUS;FONOAUDIOLOGO;99,00;1.221,00;1.320,00;SECRETARIA MUNICIPAL DE SAUDE;SECRETARIA MUNICIPAL DE SAUDE;SEC. MUN. SAÚDE- DEPTO. DE SAUDE II-CONTRATADOS;CONTRATO TEMPORÁRIO;330.XXX.XXX-91;261;40;;4;01/03/2023;;;01/2025;;;3 - Temporário;TEMPO DETERMINADO;;;Contrato Temporario;;FONOAUDIOLOGO
;Folha Mensal - Dezembro;MENILDA DOS SANTOS SILVA;ASSESSOR TÉCNICO (A) ADMINISTRATIVO;99,00;1.221,00;1.320,00;SECRETARIA MUNICIPAL DE EDUCAÇÃO;FUNDO DE MANUT. E DEC.DA EDUC.BASICA-FUNDEB;SME- DEPTOR ADM FUNDEB 30 % VI - COMISSIONADOS;COMISSIONADOS EDUCAÇÃO;080.XXX.XXX-11;456;40;;1;01/04/2022;;;08/2024;;;2 - Comissão;TEMPO DETERMINADO;;;Função de Confiança;;ASSESSOR TÉCNICO (A) ADMINISTRATIVO
;Folha Mensal - Dezembro;MIRELLY MYLLA DOS REIS OLIVEIRA;MEDICO (A) TEMPORARIO (A) PLANTÃO;394,40;3.090,60;3.485,00;SECRETARIA MUNICIPAL DE SAUDE;SECRETARIA MUNICIPAL DE SAUDE;SMS- DEPARTAMENTO DA SAÚDE- PLANTÃO;CONTRATO TEMPORÁRIO;063.XXX.XXX-76;474;40;;3;02/03/2023;;;11/2024;;;3 - Temporário;TEMPO DETERMINADO;;;Contrato Temporario;;MEDICO (A) TEMPORARIO (A) PLANTÃO
;Folha Mensal - Dezembro;MYCHELL UMBELINO RIBEIRO;DIRETOR DE DEPARTAMENTO;170,28;1.941,72;2.112,00;PREFEITURA MUNICIPAL DE PADRE MARCOS-PI;SECRETARIA MUNICIPAL  DE ADMINISTRAÇÃO;SEAD -  DEPTO. ADMINISTRAÇÃO V- COMISSIONADOS;COMISSIONADOS;045.XXX.XXX-85;220;40;;2;02/09/2023;;;01/2025;;;2 - Comissão;LIVRE PROVIMENTO ;;;Função de Confiança;;DIRETOR DE DEPARTAMENTO
;Fechamento 13º Salário - Dezembro;NAGILA MERCES MENDES SANTANA;PROFESSOR SE 40H;5.457,35;2.206,22;7.663,57;SECRETARIA MUNICIPAL DE EDUCAÇÃO;SECRETARIA MUNICIPAL DE EDUCAÇÃO;SME- DEPTOR ENSINO FUNDEB 70% II;EFETIVO - PROFESSORES;805.XXX.XXX-87;202;40;UNIDADE ESCOLAR MUNICIPAL CÂNDIDA MACEDO;1;15/02/2000;;;;;;1 - Efetivo;CONCURSO PUBLICO ;;;Efetivo;;PROFESSOR SE 40H
;Folha Mensal - Dezembro;NAGILA MERCES MENDES SANTANA;PROFESSOR SE 40H;3.062,70;8.432,66;11.495,36;SECRETARIA MUNICIPAL DE EDUCAÇÃO;SECRETARIA MUNICIPAL DE EDUCAÇÃO;SME- DEPTOR ENSINO FUNDEB 70% II;EFETIVO - PROFESSORES;805.XXX.XXX-87;202;40;UNIDADE ESCOLAR MUNICIPAL CÂNDIDA MACEDO;1;15/02/2000;;;;;;1 - Efetivo;CONCURSO PUBLICO ;;;Efetivo;;PROFESSOR SE 40H
;Folha Mensal - Dezembro;NATILÂNIA DE SOUSA RIBEIRO;PROFESSOR SL 40H - CELETISTA;267,85;2.618,29;2.886,14;SECRETARIA MUNICIPAL DE EDUCAÇÃO;SECRETARIA MUNICIPAL DE EDUCAÇÃO;SME- DEPTO  ENSINO INFANTIL FUNDEB 70% - SELETISTAS;CONTRATADOS  EDUCAÇÃO;818.XXX.XXX-68;336;40;;3;06/03/2023;;;01/2024;;;3 - Temporário;TEMPO DETERMINADO;;;Contrato Temporario;;PROFESSOR SL 40H - CELETISTA
;Fechamento 13º Salário - Dezembro;NELI ROSENO DA SILVA;VIGILANTE;1.156,47;889,53;2.046,00;HOSPITAL MUNICIPAL DE PADRE MARCOS;SECRETARIA MUNICIPAL DE SAUDE;HOSPITAL - DEPTO. ADMINISTRATIVO I;EFETIVOS;603.XXX.XXX-08;24;40;HOSPITAL MUNICIPAL DE PADRE MARCOS;1;19/01/2015;;;;;;1 - Efetivo;CONCURSO PUBLICO ;;;Efetivo;;VIGILANTE
;Folha Mensal - Dezembro;NELI ROSENO DA SILVA;VIGILANTE;234,80;2.493,20;2.728,00;HOSPITAL MUNICIPAL DE PADRE MARCOS;SECRETARIA MUNICIPAL DE SAUDE;HOSPITAL - DEPTO. ADMINISTRATIVO I;EFETIVOS;603.XXX.XXX-08;24;40;HOSPITAL MUNICIPAL DE PADRE MARCOS;1;19/01/2015;;;;;;1 - Efetivo;CONCURSO PUBLICO ;;;Efetivo;;VIGILANTE
;Folha Mensal - Dezembro;NILDETE GORETE DE LIMA;PROFESSOR SL 40H - CELETISTA;267,85;2.618,29;2.886,14;SECRETARIA MUNICIPAL DE EDUCAÇÃO;SECRETARIA MUNICIPAL DE EDUCAÇÃO;SME- DEPTO  ENSINO INFANTIL FUNDEB 70% - SELETISTAS;CONTRATO TEMPORÁRIO;049.XXX.XXX-02;176;40;;3;01/03/2023;;;01/2024;;;3 - Temporário;TEMPO DETERMINADO;;;Contrato Temporario;;PROFESSOR SL 40H - CELETISTA
;Folha Mensal - Dezembro;OCIMARIA MARIA CARVALHO MACEDO;CONSELHEIRO TUTELAR;99,00;1.340,64;1.439,64;SECRETARIA MUNICIPAL DE ASSISTENCIA SOCIAL;SECRETARIA MUNICIPAL DE ASSISTENCIA SOCIAL;SASC-ASSISTENCIA SOCIAL - CONSELHO;ELETIVOS;030.XXX.XXX-50;36;40;SEC MUN. DE ASSISTENCIA SOCIAL;2;10/01/2020;;;01/2024;;;7 - Conselheiro;ELEICAO/INDICACAO;;;;;CONSELHEIRO TUTELAR
;Folha Mensal - Dezembro;ODAIR JOSÉ DA SILVA;CORDENADOR DE TRANSPORTE;99,00;1.221,00;1.320,00;SECRETARIA MUNICIPAL DE EDUCAÇÃO;FUNDO DE MANUT. E DEC.DA EDUC.BASICA-FUNDEB;SME- DEPTOR ADM FUNDEB 30 % VI - COMISSIONADOS;COMISSIONADOS EDUCAÇÃO;265.XXX.XXX-63;439;40;;1;01/10/2021;;;01/2025;;;2 - Comissão;LIVRE PROVIMENTO ;01/2021;;Função de Confiança;;CORDENADOR DE TRANSPORTE
;Folha Mensal - Dezembro;ORLANDIO JOSE DE CARVALHO;SECRETARIO (A);138,20;1.617,40;1.755,60;PREFEITURA MUNICIPAL DE PADRE MARCOS-PI;SECRETARIA MUNICIPAL DE FINANÇAS;SMF - DEPARTAMENTO DE FINANÇA - I;COMISSIONADOS;025.XXX.XXX-22;212;40;PREDIO DA PREFEITURA;1;02/01/2017;;;01/2025;;;2 - Comissão;LIVRE PROVIMENTO ;;;Função de Confiança;;SECRETARIO DE FINANÇAS
;Fechamento 13º Salário - Dezembro;OSIELDO MACEDO PINHEIRO;DIGITADOR(A);971,52;546,48;1.518,00;SECRETARIA MUNICIPAL DE ASSISTENCIA SOCIAL;SECRETARIA MUNICIPAL DE ASSISTENCIA SOCIAL;SASC - DEPTO. ASSISTENCIA SOCIAL IV;EFETIVOS;628.XXX.XXX-72;49;40;SEC MUN. DE ASSISTENCIA SOCIAL;1;02/02/2015;;;;;;1 - Efetivo;CONCURSO PUBLICO ;;;Efetivo;;DIGITADOR(A)
;Folha Mensal - Dezembro;OSIELDO MACEDO PINHEIRO;DIGITADOR(A);227,70;1.856,12;2.083,82;SECRETARIA MUNICIPAL DE ASSISTENCIA SOCIAL;SECRETARIA MUNICIPAL DE ASSISTENCIA SOCIAL;SASC - DEPTO. ASSISTENCIA SOCIAL IV;EFETIVOS;628.XXX.XXX-72;49;40;SEC MUN. DE ASSISTENCIA SOCIAL;1;02/02/2015;;;;;;1 - Efetivo;CONCURSO PUBLICO ;;;Efetivo;;DIGITADOR(A)
;Folha Mensal - Dezembro;OZEIAS DE ARAUJO SILVA;COORDENADOR DE SERVIÇOS;99,00;1.221,00;1.320,00;SECRETARIA MUNICIPAL DE ASSISTENCIA SOCIAL;FUNDO MUNICIPAL DE ASSISTENCIA SOCIAL-FMAS;CENTRO DE REFERENCIA. ASSISTENCIA SOCIAL-CRAS-PSB;COMISSIONADOS;612.XXX.XXX-70;259;40;SEC MUN. DE ASSISTENCIA SOCIAL;3;01/02/2019;;;01/2025;;;2 - Comissão;TEMPO DETERMINADO;;;Função de Confiança;;COORDENADOR DE SERVIÇOS
;Folha Mensal - Dezembro;OZIEL JOSÉ DE CARVALHO MACEDO;SECRETARIO MUNICIPAL DE OBRAS E SERVIÇOS URBANOS;138,20;1.617,40;1.755,60;PREFEITURA MUNICIPAL DE PADRE MARCOS-PI;SEC.MUN.DE OBRAS E SERVIÇOS URBANOS;SMO - SECRETARIA DE OBRAS;COMISSIONADOS;948.XXX.XXX-72;232;40;;2;02/01/2018;;;01/2025;;;2 - Comissão;LIVRE PROVIMENTO ;;;Função de Confiança;;SECRETARIO MUNICIPAL DE OBRAS E SERVIÇOS URBANOS
;Folha Mensal - Dezembro;PATRICIA LEAL DE MACEDO;PROFESSOR SL 40H - CELETISTA;267,85;2.618,29;2.886,14;SECRETARIA MUNICIPAL DE EDUCAÇÃO;SECRETARIA MUNICIPAL DE EDUCAÇÃO;SME- DEPTO  ENSINO INFANTIL FUNDEB 70% - SELETISTAS;CONTRATADOS  EDUCAÇÃO;072.XXX.XXX-95;495;40;;1;01/03/2023;;;01/2025;;;3 - Temporário;TEMPO DETERMINADO;;;Contrato Temporario;;PROFESSOR SL 40H - CELETISTA
;Folha Mensal - Dezembro;PAULO LUIZ DE CARVALHO;PROFESSOR SL 40H - CELETISTA;267,85;2.618,29;2.886,14;SECRETARIA MUNICIPAL DE EDUCAÇÃO;SECRETARIA MUNICIPAL DE EDUCAÇÃO;SME- DEPTO  ENSINO INFANTIL FUNDEB 70% - SELETISTAS;CONTRATADOS  EDUCAÇÃO;071.XXX.XXX-24;477;40;;2;06/03/2023;;;01/2024;;;3 - Temporário;TEMPO DETERMINADO;;;Contrato Temporario;;PROFESSOR SL 40H - CELETISTA
;Fechamento 13º Salário - Dezembro;PEDRO BATISTA DA SILVA;MOTORISTA;1.004,52;645,48;1.650,00;SECRETARIA MUNICIPAL DE EDUCAÇÃO;FUNDO DE MANUT. E DEC.DA EDUC.BASICA-FUNDEB;SME- DEPTOR. ADM FUNDEB 30% V;EFETIVOS;353.XXX.XXX-15;110;40;SECRETARIA MUNICIPAL DE EDUCAÇÃO;1;02/03/2015;;;;;;1 - Efetivo;CONCURSO PUBLICO ;;;Efetivo;;MOTORISTA
;Folha Mensal - Dezembro;PEDRO BATISTA DA SILVA;MOTORISTA;227,70;1.972,30;2.200,00;SECRETARIA MUNICIPAL DE EDUCAÇÃO;FUNDO DE MANUT. E DEC.DA EDUC.BASICA-FUNDEB;SME- DEPTOR. ADM FUNDEB 30% V;EFETIVOS;353.XXX.XXX-15;110;40;SECRETARIA MUNICIPAL DE EDUCAÇÃO;1;02/03/2015;;;;;;1 - Efetivo;CONCURSO PUBLICO ;;;Efetivo;;MOTORISTA
;Folha Mensal - Dezembro;PERPETUA SOCORRO DA SILVA;COORDENADOR(A) PEDAGÓGICO;187,20;2.112,80;2.300,00;SECRETARIA MUNICIPAL DE EDUCAÇÃO;SECRETARIA MUNICIPAL DE EDUCAÇÃO;SME- DEPTOR. ENSINO FUNDEB 70% V - COMISSIONADOS;COMISSIONADOS EDUCAÇÃO;050.XXX.XXX-83;268;40;CRECHE PRÉ-ESCOLAR MARGARIDA DE JESUS ALENCAR ( TIA GUIDA);3;01/03/2019;;;01/2025;;;2 - Comissão;TEMPO DETERMINADO;;;Função de Confiança;;COORDENADOR(A) PEDAGÓGICO
;Folha Mensal - Dezembro;POLIANE MARIA DE CARVALHO;PROFESSOR SELETISTA;267,85;2.618,29;2.886,14;SECRETARIA MUNICIPAL DE EDUCAÇÃO;SECRETARIA MUNICIPAL DE EDUCAÇÃO;SME- DEPTO  ENSINO INFANTIL FUNDEB 70% - SELETISTAS;CONTRATADOS  EDUCAÇÃO;080.XXX.XXX-30;496;40;;1;06/03/2023;;;01/2024;;;3 - Temporário;TEMPO DETERMINADO;;;;;PROFESSOR SELETISTA
;Fechamento 13º Salário - Dezembro;PRESLEY ARAÚJO LEAL;PROFESSOR SE 40H;4.626,73;1.918,03;6.544,76;SECRETARIA MUNICIPAL DE EDUCAÇÃO;SECRETARIA MUNICIPAL DE EDUCAÇÃO;SME- DEPTOR ENSINO FUNDEB 70% I;EFETIVO - PROFESSORES;007.XXX.XXX-13;153;40;UNIDADE ESCOLAR MUNICIPAL CÂNDIDA MACEDO;1;02/03/2015;;;;;06/2018;1 - Efetivo;CONCURSO PUBLICO ;;;Efetivo;;PROFESSOR SL 20H
;Folha Mensal - Dezembro;PRESLEY ARAÚJO LEAL;PROFESSOR SE 40H;2.518,69;7.298,45;9.817,14;SECRETARIA MUNICIPAL DE EDUCAÇÃO;SECRETARIA MUNICIPAL DE EDUCAÇÃO;SME- DEPTOR ENSINO FUNDEB 70% I;EFETIVO - PROFESSORES;007.XXX.XXX-13;153;40;UNIDADE ESCOLAR MUNICIPAL CÂNDIDA MACEDO;1;02/03/2015;;;;;06/2018;1 - Efetivo;CONCURSO PUBLICO ;;;Efetivo;;PROFESSOR SL 20H
;Folha Mensal - Dezembro;RAFAEL BENIZ RAMOS;VISITADOR SANITARIO;99,00;1.221,00;1.320,00;SECRETARIA MUNICIPAL DE SAUDE;SECRETARIA MUNICIPAL DE SAUDE;SMS-DEPTO.SEC.SAUDE-CONTRATADOS.;CONTRATO TEMPORÁRIO;048.XXX.XXX-04;509;40;;1;01/03/2023;;;01/2025;;;3 - Temporário;TEMPO DETERMINADO;;;Contrato Temporario;;VISITADOR SANITARIO
;Folha Mensal - Dezembro;RAFAEL VIEIRA DE ARAUJO;AUXI.DE SERV. GERAIS- SELETISTAS;99,00;1.221,00;1.320,00;SECRETARIA MUNICIPAL DE EDUCAÇÃO;FUNDO DE MANUT. E DEC.DA EDUC.BASICA-FUNDEB;SME-DEPTO.CONTRATO-ENSINO FUNDEB 30%;CONTRATADOS  EDUCAÇÃO;612.XXX.XXX-80;416;40;;2;01/03/2023;;;01/2025;;;3 - Temporário;ELEICAO/INDICACAO;;;Contrato Temporario;;AUXI.DE SERV. GERAIS- SELETISTAS
;Fechamento 13º Salário - Dezembro;RAIANA MARY DE MACEDO VIEIRA;PROFESSOR SE 40H;4.626,73;1.918,03;6.544,76;SECRETARIA MUNICIPAL DE EDUCAÇÃO;SECRETARIA MUNICIPAL DE EDUCAÇÃO;SME- DEPTOR ENSINO FUNDEB 70% I;EFETIVO - PROFESSORES;030.XXX.XXX-33;154;40;;1;02/03/2015;;;;;;1 - Efetivo;CONCURSO PUBLICO ;;;Efetivo;;PROFESSOR SL 20H
;Folha Mensal - Dezembro;RAIANA MARY DE MACEDO VIEIRA;PROFESSOR SE 40H;2.518,69;7.298,45;9.817,14;SECRETARIA MUNICIPAL DE EDUCAÇÃO;SECRETARIA MUNICIPAL DE EDUCAÇÃO;SME- DEPTOR ENSINO FUNDEB 70% I;EFETIVO - PROFESSORES;030.XXX.XXX-33;154;40;;1;02/03/2015;;;;;;1 - Efetivo;CONCURSO PUBLICO ;;;Efetivo;;PROFESSOR SL 20H
;Fechamento 13º Salário - Dezembro;RAIMUNDO DINIZ DE OLIVEIRA NETO;AG. COMUNITARIO DE SAÚDE;2.292,04;1.271,96;3.564,00;SECRETARIA MUNICIPAL DE SAUDE;SECRETARIA MUNICIPAL DE SAUDE;SMS - SEC.DE SAUDE - ACS I;EFETIVOS;553.XXX.XXX-87;59;40;;1;18/03/2003;;;;;;1 - Efetivo;CONCURSO PUBLICO ;;;Efetivo;;AG. COMUNITARIO DE SAÚDE
;Folha Complementar c/ Encargos - Dezembro;RAIMUNDO DINIZ DE OLIVEIRA NETO;AG. COMUNITARIO DE SAÚDE;390,47;-390,47;;SECRETARIA MUNICIPAL DE SAUDE;SECRETARIA MUNICIPAL DE SAUDE;SMS - SEC.DE SAUDE - ACS I;EFETIVOS;553.XXX.XXX-87;59;40;;1;18/03/2003;;;;;;1 - Efetivo;CONCURSO PUBLICO ;;;Efetivo;;AG. COMUNITARIO DE SAÚDE
;Folha Mensal - Dezembro;RAIMUNDO DINIZ DE OLIVEIRA NETO;AG. COMUNITARIO DE SAÚDE;785,75;4.119,01;4.904,76;SECRETARIA MUNICIPAL DE SAUDE;SECRETARIA MUNICIPAL DE SAUDE;SMS - SEC.DE SAUDE - ACS I;EFETIVOS;553.XXX.XXX-87;59;40;;1;18/03/2003;;;;;;1 - Efetivo;CONCURSO PUBLICO ;;;Efetivo;;AG. COMUNITARIO DE SAÚDE
;Folha Mensal - Dezembro;RAIMUNDO NEIVA FILHO;MEDICO (A);257,89;11.849,38;12.107,27;SECRETARIA MUNICIPAL DE SAUDE;SECRETARIA MUNICIPAL DE SAUDE;SMS - DEPTOR .SEC. DE SAUDE;EFETIVOS;142.XXX.XXX-49;219;40;;1;01/04/2008;;;05/2023;;;1 - Efetivo;CONCURSO PUBLICO ;;;Efetivo;;MEDICO (A)
;Fechamento 13º Salário - Dezembro;RAIMUNDO NEIVA FILHO;MEDICO (A);5.212,70;3.867,75;9.080,45;SECRETARIA MUNICIPAL DE SAUDE;SECRETARIA MUNICIPAL DE SAUDE;SMS - DEPTOR .SEC. DE SAUDE;EFETIVOS;142.XXX.XXX-49;219;40;;1;01/04/2008;;;05/2023;;;1 - Efetivo;CONCURSO PUBLICO ;;;Efetivo;;MEDICO (A)
;Folha Mensal - Dezembro;RAMONYELLE HELKYS MACEDO CARVALHO;FISIOTERAPEUTA;190,35;2.144,65;2.335,00;SECRETARIA MUNICIPAL DE SAUDE;SECRETARIA MUNICIPAL DE SAUDE;SMS-DEPTO.SEC.SAUDE-CONTRATADOS.;CONTRATO TEMPORÁRIO;039.XXX.XXX-83;459;40;;2;01/03/2023;;;01/2025;;;3 - Temporário;TEMPO DETERMINADO;03/2021;;Contrato Temporario;;FISIOTERAPEUTA
;Fechamento 13º Salário - Dezembro;REJANE MARIA LEAL DE MOURA LIMA;AG. COMUNITARIO DE SAÚDE;2.065,08;1.234,92;3.300,00;SECRETARIA MUNICIPAL DE SAUDE;SECRETARIA MUNICIPAL DE SAUDE;SMS - SEC.DE SAUDE - ACS I;EFETIVOS;454.XXX.XXX-53;52;40;;1;01/04/2008;;;;;;1 - Efetivo;CONCURSO PUBLICO ;;;Efetivo;;AG. COMUNITARIO DE SAÚDE
;Folha Complementar c/ Encargos - Dezembro;REJANE MARIA LEAL DE MOURA LIMA;AG. COMUNITARIO DE SAÚDE;390,47;-390,47;;SECRETARIA MUNICIPAL DE SAUDE;SECRETARIA MUNICIPAL DE SAUDE;SMS - SEC.DE SAUDE - ACS I;EFETIVOS;454.XXX.XXX-53;52;40;;1;01/04/2008;;;;;;1 - Efetivo;CONCURSO PUBLICO ;;;Efetivo;;AG. COMUNITARIO DE SAÚDE
;Folha Mensal - Dezembro;REJANE MARIA LEAL DE MOURA LIMA;AG. COMUNITARIO DE SAÚDE;750,11;4.154,65;4.904,76;SECRETARIA MUNICIPAL DE SAUDE;SECRETARIA MUNICIPAL DE SAUDE;SMS - SEC.DE SAUDE - ACS I;EFETIVOS;454.XXX.XXX-53;52;40;;1;01/04/2008;;;;;;1 - Efetivo;CONCURSO PUBLICO ;;;Efetivo;;AG. COMUNITARIO DE SAÚDE
;Folha Mensal - Dezembro;RENATO ANTONIO DE OLIVEIRA;TECNICO EM PROTESI DENTARIA;386,30;3.068,70;3.455,00;SECRETARIA MUNICIPAL DE SAUDE;SECRETARIA MUNICIPAL DE SAUDE;SMS-SEC.DE SAÚDE-PROTETICO;CONTRATO TEMPORÁRIO;044.XXX.XXX-01;285;40;;4;01/03/2023;;;09/2023;;;3 - Temporário;TEMPO DETERMINADO;;;Contrato Temporario;;TECNICO PROTESE DENTARIA
;Fechamento 13º Salário - Dezembro;RITA DE LOURDES SOUSA SILVA;AUX. DE SERV. GERAIS;929,28;522,72;1.452,00;SECRETARIA MUNICIPAL DE EDUCAÇÃO;FUNDO DE MANUT. E DEC.DA EDUC.BASICA-FUNDEB;SME- DEPTO. ADM -FUNDEB 30% II;EFETIVOS;553.XXX.XXX-00;88;40;;1;02/03/1998;04/12/2023;;009/2023;;;1 - Efetivo;CONCURSO PUBLICO ;;;Efetivo;;AUX. DE SERV. GERAIS
;Rescisão - Dezembro;RITA DE LOURDES SOUSA SILVA;AUX. DE SERV. GERAIS;20,33;124,87;145,20;SECRETARIA MUNICIPAL DE EDUCAÇÃO;FUNDO DE MANUT. E DEC.DA EDUC.BASICA-FUNDEB;SME- DEPTO. ADM -FUNDEB 30% II;EFETIVOS;553.XXX.XXX-00;88;40;;1;02/03/1998;04/12/2023;;009/2023;;;1 - Efetivo;CONCURSO PUBLICO ;;;Efetivo;;AUX. DE SERV. GERAIS
;Fechamento 13º Salário - Dezembro;RIVALDO DE OLIVEIRA SANTOS;PROFESSOR SE 40H;4.626,73;1.918,03;6.544,76;SECRETARIA MUNICIPAL DE EDUCAÇÃO;SECRETARIA MUNICIPAL DE EDUCAÇÃO;SME- DEPTOR ENSINO FUNDEB 70% I;EFETIVO - PROFESSORES;025.XXX.XXX-20;155;40;U.E.M. JOSE DE MOURA LEAL;1;02/03/2015;;;;;;1 - Efetivo;CONCURSO PUBLICO ;;;Efetivo;;PROFESSOR SL 40H
;Folha Mensal - Dezembro;RIVALDO DE OLIVEIRA SANTOS;PROFESSOR SE 40H;3.691,00;6.380,41;10.071,41;SECRETARIA MUNICIPAL DE EDUCAÇÃO;SECRETARIA MUNICIPAL DE EDUCAÇÃO;SME- DEPTOR ENSINO FUNDEB 70% I;EFETIVO - PROFESSORES;025.XXX.XXX-20;155;40;U.E.M. JOSE DE MOURA LEAL;1;02/03/2015;;;;;;1 - Efetivo;CONCURSO PUBLICO ;;;Efetivo;;PROFESSOR SL 40H
;Folha Mensal - Dezembro;ROBERIO ROBERTO DA SILVA;DIRETOR DE DEPARTAMENTO;99,00;1.221,00;1.320,00;SECRETARIA MUNICIPAL DE EDUCAÇÃO;FUNDO DE MANUT. E DEC.DA EDUC.BASICA-FUNDEB;SME- DEPTOR ADM FUNDEB 30 % VI - COMISSIONADOS;COMISSIONADOS EDUCAÇÃO;065.XXX.XXX-07;476;40;SECRETARIA MUNICIPAL DE EDUCAÇÃO;2;01/02/2023;;;08/2024;;;2 - Comissão;LIVRE PROVIMENTO ;;;Função de Confiança;;DIRETOR DE DEPARTAMENTO
;Fechamento 13º Salário - Dezembro;ROBSON LUIS DE SOUSA;PROFESSOR SE 40H;5.270,46;2.037,12;7.307,58;SECRETARIA MUNICIPAL DE EDUCAÇÃO;SECRETARIA MUNICIPAL DE EDUCAÇÃO;SME- DEPTOR ENSINO FUNDEB 70% II;EFETIVO - PROFESSORES;643.XXX.XXX-53;204;40;UNIDADE ESCOLAR MUNICIPAL CÂNDIDA MACEDO;1;02/02/1998;;;;;;1 - Efetivo;CONCURSO PUBLICO ;;;;;PROFESSOR SE 40H
;Folha Mensal - Dezembro;ROBSON LUIS DE SOUSA;PROFESSOR SE 40H;2.918,41;8.042,96;10.961,37;SECRETARIA MUNICIPAL DE EDUCAÇÃO;SECRETARIA MUNICIPAL DE EDUCAÇÃO;SME- DEPTOR ENSINO FUNDEB 70% II;EFETIVO - PROFESSORES;643.XXX.XXX-53;204;40;UNIDADE ESCOLAR MUNICIPAL CÂNDIDA MACEDO;1;02/02/1998;;;;;;1 - Efetivo;CONCURSO PUBLICO ;;;;;PROFESSOR SE 40H
;Folha Mensal - Dezembro;ROMÂRIO SILVA;ASSESSOR TÉCNICO (A) ADMINISTRATIVO;99,00;1.221,00;1.320,00;SECRETARIA MUNICIPAL DE EDUCAÇÃO;FUNDO DE MANUT. E DEC.DA EDUC.BASICA-FUNDEB;SME- DEPTOR ADM FUNDEB 30 % VI - COMISSIONADOS;COMISSIONADOS EDUCAÇÃO;104.XXX.XXX-40;452;40;SECRETARIA MUNICIPAL DE EDUCAÇÃO;1;01/03/2022;;;01/2025;;;2 - Comissão;TEMPO DETERMINADO;;;Função de Confiança;;ASSESSOR TÉCNICO (A) ADMINISTRATIVO
;Folha Mensal - Dezembro;RONIELLY DE CARVALHO COSTA;PROFESSOR SELETISTA;267,85;2.618,29;2.886,14;SECRETARIA MUNICIPAL DE EDUCAÇÃO;SECRETARIA MUNICIPAL DE EDUCAÇÃO;SME - DEPTOR. ENSINO FUNDEB 70% IV - CELETISTAS;CONTRATADOS  EDUCAÇÃO;050.XXX.XXX-14;497;40;;1;01/03/2023;;;01/2024;;;3 - Temporário;TEMPO DETERMINADO;;;Contrato Temporario;;PROFESSOR SELETISTA
;Folha Mensal - Dezembro;RONIMAURA SOCORRO DIAS SILVA;COORDENADOR(A) PEDAGÓGICO;187,20;2.112,80;2.300,00;SECRETARIA MUNICIPAL DE EDUCAÇÃO;SECRETARIA MUNICIPAL DE EDUCAÇÃO;SME- DEPTOR. ENSINO FUNDEB 70% V - COMISSIONADOS;COMISSIONADOS EDUCAÇÃO;050.XXX.XXX-70;297;40;U.E.M. JOSE DE MOURA LEAL;2;01/03/2019;;;01/2025;;;2 - Comissão;TEMPO DETERMINADO;;;Função de Confiança;;COORDENADOR(A) PEDAGÓGICO
;Folha Mensal - Dezembro;RONIVONN BIZERRA DA COSTA;ASSESSOR TÉCNICO (A) ADMINISTRATIVO;158,40;1.821,60;1.980,00;SECRETARIA MUNICIPAL DE ASSISTENCIA SOCIAL;SECRETARIA MUNICIPAL DE ASSISTENCIA SOCIAL;SASC-DEPTO. ASSISTENCIA SOCIAL I;COMISSIONADOS;440.XXX.XXX-91;384;40;;1;01/02/2021;;;01/2025;;;2 - Comissão;TEMPO DETERMINADO;;;Função de Confiança;;ASSESSOR TÉCNICO (A) ADMINISTRATIVO
;Folha Mensal - Dezembro;ROSIANA MARIA DA CONCEIÇÃO;AUX. DE SERVIÇOS GERAIS;99,00;1.221,00;1.320,00;SECRETARIA MUNICIPAL DE SAUDE;SECRETARIA MUNICIPAL DE SAUDE;SMS-DEPTO.SEC.SAUDE-CONTRATADOS.;CONTRATO TEMPORÁRIO;037.XXX.XXX-07;393;40;;3;02/03/2023;;;01/2025;;;3 - Temporário;TEMPO DETERMINADO;;;Contrato Temporario;;AUX. DE SERVIÇOS GERAIS
;Folha Mensal - Dezembro;ROSILENE ROSARIO SILVA DIAS;COORDENADOR(A) PEDAGÓGICO;187,20;2.112,80;2.300,00;SECRETARIA MUNICIPAL DE EDUCAÇÃO;SECRETARIA MUNICIPAL DE EDUCAÇÃO;SME- DEPTOR. ENSINO FUNDEB 70% V - COMISSIONADOS;COMISSIONADOS;894.XXX.XXX-87;226;40;SECRETARIA MUNICIPAL DE EDUCAÇÃO;2;01/03/2023;;;01/2025;;;2 - Comissão;TEMPO DETERMINADO;;;;;COORDENADOR(A) PEDAGÓGICO
;Fechamento 13º Salário - Dezembro;ROZALICE ZITA DA CONCEIÇÃO;PROFESSOR SE 40H;5.208,66;2.353,20;7.561,86;SECRETARIA MUNICIPAL DE EDUCAÇÃO;SECRETARIA MUNICIPAL DE EDUCAÇÃO;SME- DEPTOR ENSINO FUNDEB 70% III;EFETIVO - PROFESSORES;788.XXX.XXX-34;205;40;U.E.M. JOSE DE MOURA LEAL;1;02/02/1998;;;;;;1 - Efetivo;CONCURSO PUBLICO ;;;Efetivo;;PROFESSOR SE 40H
;Folha Mensal - Dezembro;ROZALICE ZITA DA CONCEIÇÃO;PROFESSOR SE 40H;4.452,64;6.890,15;11.342,79;SECRETARIA MUNICIPAL DE EDUCAÇÃO;SECRETARIA MUNICIPAL DE EDUCAÇÃO;SME- DEPTOR ENSINO FUNDEB 70% III;EFETIVO - PROFESSORES;788.XXX.XXX-34;205;40;U.E.M. JOSE DE MOURA LEAL;1;02/02/1998;;;;;;1 - Efetivo;CONCURSO PUBLICO ;;;Efetivo;;PROFESSOR SE 40H
;Fechamento 13º Salário - Dezembro;RUBENS BATISTA;MEDICO (A);6.172,97;2.907,48;9.080,45;SECRETARIA MUNICIPAL DE SAUDE;SECRETARIA MUNICIPAL DE SAUDE;SMS - DEPTOR .SEC. DE SAUDE;EFETIVOS;041.XXX.XXX-72;209;40;HOSPITAL MUNICIPAL DE PADRE MARCOS;1;01/04/2008;;;;;;1 - Efetivo;CONCURSO PUBLICO ;;;Efetivo;;MEDICO (A)
;Folha Mensal - Dezembro;RUBENS BATISTA;MEDICO (A);2.557,23;9.550,04;12.107,27;SECRETARIA MUNICIPAL DE SAUDE;SECRETARIA MUNICIPAL DE SAUDE;SMS - DEPTOR .SEC. DE SAUDE;EFETIVOS;041.XXX.XXX-72;209;40;HOSPITAL MUNICIPAL DE PADRE MARCOS;1;01/04/2008;;;;;;1 - Efetivo;CONCURSO PUBLICO ;;;Efetivo;;MEDICO (A)
;Folha Mensal - Dezembro;RUBENS BATISTA;MEDICO (A) TEMPORARIO (A) PLANTÃO;2.015,05;3.474,95;5.490,00;SECRETARIA MUNICIPAL DE SAUDE;SECRETARIA MUNICIPAL DE SAUDE;SMS- DEPARTAMENTO DA SAÚDE- PLANTÃO;CONTRATO TEMPORÁRIO;041.XXX.XXX-72;209;40;HOSPITAL MUNICIPAL DE PADRE MARCOS;6;02/03/2023;;;01/2025;;;3 - Temporário;TEMPO DETERMINADO;;;Contrato Temporario;;MEDICO (A) TEMPORARIO (A) PLANTÃO
;Folha Complementar c/ Encargos - Dezembro;SABRINA DA SILVA ARAUJO LEAL;TECNICO DE ENFERMAGEM;195,48;-195,48;;SECRETARIA MUNICIPAL DE SAUDE;SECRETARIA MUNICIPAL DE SAUDE;SMS-DEPTO.SEC.SAUDE-CONTRATADOS.;COMISSIONADOS;067.XXX.XXX-14;451;40;;3;02/09/2023;;;01/2025;;;3 - Temporário;TEMPO DETERMINADO;;;Contrato Temporario;;TECNICO DE ENFERMAGEM
;Folha Mensal - Dezembro;SABRINA DA SILVA ARAUJO LEAL;TECNICO DE ENFERMAGEM;99,00;1.221,00;1.320,00;SECRETARIA MUNICIPAL DE SAUDE;SECRETARIA MUNICIPAL DE SAUDE;SMS-DEPTO.SEC.SAUDE-CONTRATADOS.;COMISSIONADOS;067.XXX.XXX-14;451;40;;3;02/09/2023;;;01/2025;;;3 - Temporário;TEMPO DETERMINADO;;;Contrato Temporario;;TECNICO DE ENFERMAGEM
;Folha Mensal - Dezembro;SAMMYA SUELLEN GOMES MACEDO;MONITOR(A);99,00;1.221,00;1.320,00;SECRETARIA MUNICIPAL DE EDUCAÇÃO;FUNDO DE MANUT. E DEC.DA EDUC.BASICA-FUNDEB;SME-DEPTO.CONTRATO-ENSINO FUNDEB 30%;CONTRATADOS  EDUCAÇÃO;066.XXX.XXX-50;508;40;;1;01/03/2023;;;08/2024;;;3 - Temporário;TEMPO DETERMINADO;;;Contrato Temporario;;MONITOR(A)
;Folha Mensal - Dezembro;SANDRA HERCILIA DE MACEDO DIAS;AUX. DE SERV. GERAIS;217,80;1.718,20;1.936,00;SECRETARIA MUNICIPAL DE EDUCAÇÃO;FUNDO DE MANUT. E DEC.DA EDUC.BASICA-FUNDEB;SME- DEPTO. ADM -FUNDEB 30% II;EFETIVOS;880.XXX.XXX-63;89;40;U.E.M. JOSE DE MOURA LEAL;1;02/03/1998;;;008/2022;;;1 - Efetivo;CONCURSO PUBLICO ;;;Efetivo;;AUX. DE SERV. GERAIS
;Fechamento 13º Salário - Dezembro;SANDRA HERCILIA DE MACEDO DIAS;AUX. DE SERV. GERAIS;919,38;532,62;1.452,00;SECRETARIA MUNICIPAL DE EDUCAÇÃO;FUNDO DE MANUT. E DEC.DA EDUC.BASICA-FUNDEB;SME- DEPTO. ADM -FUNDEB 30% II;EFETIVOS;880.XXX.XXX-63;89;40;U.E.M. JOSE DE MOURA LEAL;1;02/03/1998;;;008/2022;;;1 - Efetivo;CONCURSO PUBLICO ;;;Efetivo;;AUX. DE SERV. GERAIS
;Folha Mensal - Dezembro;SEBASTIANA MARIA DA SILVA;MONITOR(A);99,00;1.221,00;1.320,00;SECRETARIA MUNICIPAL DE EDUCAÇÃO;FUNDO DE MANUT. E DEC.DA EDUC.BASICA-FUNDEB;SME-DEPTO.CONTRATO-ENSINO FUNDEB 30%;CONTRATADOS  EDUCAÇÃO;051.XXX.XXX-13;254;40;;5;01/03/2023;;;08/2024;;;3 - Temporário;TEMPO DETERMINADO;;;Contrato Temporario;;MONITOR(A)
;Folha Mensal - Dezembro;SEBASTIÃO PEREIRA DA SILVA NETO;DIRETOR DE DEPARTAMENTO;170,28;1.941,72;2.112,00;PREFEITURA MUNICIPAL DE PADRE MARCOS-PI;SECRETARIA MUNICIPAL DE AGRICULTURA;SMA - SECRETARIA DE AGRICULTURA;COMISSIONADOS;042.XXX.XXX-86;236;40;;2;02/01/2018;;;01/2025;;;2 - Comissão;LIVRE PROVIMENTO ;;;Função de Confiança;;DIRETOR DE DEPARTAMENTO
;Folha Mensal - Dezembro;SHAIDY FRANC CARVALHO BESERRA;ASSESSOR TÉCNICO (A) ADMINISTRATIVO;99,00;1.221,00;1.320,00;SECRETARIA MUNICIPAL DE EDUCAÇÃO;FUNDO DE MANUT. E DEC.DA EDUC.BASICA-FUNDEB;SME- DEPTOR ADM FUNDEB 30 % VI - COMISSIONADOS;COMISSIONADOS EDUCAÇÃO;079.XXX.XXX-70;364;40;;1;02/03/2020;;;01/2025;;;2 - Comissão;TEMPO DETERMINADO;;;;;ASSESSOR TÉCNICO (A) ADMINISTRATIVO
;Fechamento 13º Salário - Dezembro;SIBELLY DE MOURA SOUSA;AUX. DE SERV. GERAIS;961,17;556,83;1.518,00;SECRETARIA MUNICIPAL DE EDUCAÇÃO;FUNDO DE MANUT. E DEC.DA EDUC.BASICA-FUNDEB;SME- DEPTO. ADM -FUNDEB 30% II;EFETIVOS;009.XXX.XXX-46;99;40;CRECHE PRÉ-ESCOLAR MARGARIDA DE JESUS ALENCAR ( TIA GUIDA);1;02/03/2015;;;;;;1 - Efetivo;CONCURSO PUBLICO ;;;Efetivo;;AUX. DE SERV. GERAIS
;Folha Mensal - Dezembro;SIBELLY DE MOURA SOUSA;AUX. DE SERV. GERAIS;227,70;1.856,12;2.083,82;SECRETARIA MUNICIPAL DE EDUCAÇÃO;FUNDO DE MANUT. E DEC.DA EDUC.BASICA-FUNDEB;SME- DEPTO. ADM -FUNDEB 30% II;EFETIVOS;009.XXX.XXX-46;99;40;CRECHE PRÉ-ESCOLAR MARGARIDA DE JESUS ALENCAR ( TIA GUIDA);1;02/03/2015;;;;;;1 - Efetivo;CONCURSO PUBLICO ;;;Efetivo;;AUX. DE SERV. GERAIS
;Folha Mensal - Dezembro;SOCORRO MOURA MACEDO;DIRETOR(A) DE ESCOLA;189,90;2.140,10;2.330,00;SECRETARIA MUNICIPAL DE EDUCAÇÃO;SECRETARIA MUNICIPAL DE EDUCAÇÃO;SME- DEPTOR. ENSINO FUNDEB 70% V - COMISSIONADOS;COMISSIONADOS EDUCAÇÃO;041.XXX.XXX-16;269;40;UNIDADE ESCOLAR JOSE JUBELINO DE MACEDO;3;01/03/2019;;;01/2025;;;2 - Comissão;LIVRE PROVIMENTO ;;;Função de Confiança;;DIRETOR(A) DE ESCOLA
;Folha Mensal - Dezembro;SOENIO JOSE RIBEIRO;SECRETARIO DE ESPORTE;138,20;1.617,40;1.755,60;PREFEITURA MUNICIPAL DE PADRE MARCOS-PI;SECRETARIA MUNICIPAL  DE ADMINISTRAÇÃO;ADM.SEC.MUNICIPAL DE JUVENTUDE ESPORTE E LAZER;COMISSIONADOS;440.XXX.XXX-91;281;40;;2;01/02/2018;;02/2018;01/2025;;;2 - Comissão;LIVRE PROVIMENTO ;;;Função de Confiança;;SECRETARIO DE ESPORTE
;Folha Mensal - Dezembro;SORAYA SOLANGE RIBEIRO MARQUES;TECNICO DE ENFERMAGEM;122,76;1.461,24;1.584,00;SECRETARIA MUNICIPAL DE SAUDE;SECRETARIA MUNICIPAL DE SAUDE;SEC. MUN. SAÚDE- DEPTO. DE SAUDE II-CONTRATADOS;CONTRATO TEMPORÁRIO;048.XXX.XXX-48;376;40;;3;01/03/2023;;;01/2025;;;3 - Temporário;TEMPO DETERMINADO;;;Contrato Temporario;;TECNICO DE ENFERMAGEM
;Folha Complementar c/ Encargos - Dezembro;SORAYA SOLANGE RIBEIRO MARQUES;TECNICO DE ENFERMAGEM;223,20;-223,20;;SECRETARIA MUNICIPAL DE SAUDE;SECRETARIA MUNICIPAL DE SAUDE;SEC. MUN. SAÚDE- DEPTO. DE SAUDE II-CONTRATADOS;CONTRATO TEMPORÁRIO;048.XXX.XXX-48;376;40;;3;01/03/2023;;;01/2025;;;3 - Temporário;TEMPO DETERMINADO;;;Contrato Temporario;;TECNICO DE ENFERMAGEM
;Folha Mensal - Dezembro;SUELI SOCORRO DIAS DA SILVA;AUXILIAR DE SAÚDE BUCAL;99,00;1.221,00;1.320,00;SECRETARIA MUNICIPAL DE SAUDE;SECRETARIA MUNICIPAL DE SAUDE;SEC. MUN. SAÚDE- DEPTO. DE SAUDE II-CONTRATADOS;CONTRATO TEMPORÁRIO;065.XXX.XXX-50;510;40;;1;01/03/2023;;;01/2025;;;3 - Temporário;TEMPO DETERMINADO;;;Contrato Temporario;;AUXILIAR DE SAÚDE BUCAL
;Fechamento 13º Salário - Dezembro;SUELY SILVA;AG. COMUNITARIO DE SAÚDE;2.292,04;1.271,96;3.564,00;SECRETARIA MUNICIPAL DE SAUDE;SECRETARIA MUNICIPAL DE SAUDE;SMS - SEC.DE SAUDE - ACS I;EFETIVOS;000.XXX.XXX-54;54;40;;1;18/03/2003;;;;;;1 - Efetivo;CONCURSO PUBLICO ;;;Efetivo;;AG. COMUNITARIO DE SAÚDE
;Folha Complementar c/ Encargos - Dezembro;SUELY SILVA;AG. COMUNITARIO DE SAÚDE;390,47;-390,47;;SECRETARIA MUNICIPAL DE SAUDE;SECRETARIA MUNICIPAL DE SAUDE;SMS - SEC.DE SAUDE - ACS I;EFETIVOS;000.XXX.XXX-54;54;40;;1;18/03/2003;;;;;;1 - Efetivo;CONCURSO PUBLICO ;;;Efetivo;;AG. COMUNITARIO DE SAÚDE
;Folha Mensal - Dezembro;SUELY SILVA;AG. COMUNITARIO DE SAÚDE;750,11;4.154,65;4.904,76;SECRETARIA MUNICIPAL DE SAUDE;SECRETARIA MUNICIPAL DE SAUDE;SMS - SEC.DE SAUDE - ACS I;EFETIVOS;000.XXX.XXX-54;54;40;;1;18/03/2003;;;;;;1 - Efetivo;CONCURSO PUBLICO ;;;Efetivo;;AG. COMUNITARIO DE SAÚDE
;Folha Mensal - Dezembro;TAISE NOGUEIRA ROLIM;DIRETOR DE DEPARTAMENTO;121,57;1.449,23;1.570,80;SECRETARIA MUNICIPAL DE SAUDE;SECRETARIA MUNICIPAL DE SAUDE;SMS-DEPTO.SEC.SAUDE-CONTRATADOS.;COMISSIONADOS;097.XXX.XXX-67;522;40;;1;01/09/2023;;;01/2025;;;2 - Comissão;LIVRE PROVIMENTO ;;;;;DIRETOR DE DEPARTAMENTO
;Folha Mensal - Dezembro;TALITA LUANA PEREIRA DA SILVA;TECNICO DE ENFERMAGEM;122,76;1.461,24;1.584,00;SECRETARIA MUNICIPAL DE SAUDE;SECRETARIA MUNICIPAL DE SAUDE;SMS-DEPTO.SEC.SAUDE-CONTRATADOS.;CONTRATO TEMPORÁRIO;612.XXX.XXX-86;315;40;;4;02/03/2023;;;01/2025;;;3 - Temporário;TEMPO DETERMINADO;;;Contrato Temporario;;TECNICO DE ENFERMAGEM
;Folha Complementar c/ Encargos - Dezembro;TALITA LUANA PEREIRA DA SILVA;TECNICO DE ENFERMAGEM;223,20;-223,20;;SECRETARIA MUNICIPAL DE SAUDE;SECRETARIA MUNICIPAL DE SAUDE;SMS-DEPTO.SEC.SAUDE-CONTRATADOS.;CONTRATO TEMPORÁRIO;612.XXX.XXX-86;315;40;;4;02/03/2023;;;01/2025;;;3 - Temporário;TEMPO DETERMINADO;;;Contrato Temporario;;TECNICO DE ENFERMAGEM
;Folha Mensal - Dezembro;TATHIANA FRANCISCA DE MACEDO LEITE;AUX. DE SERVIÇOS GERAIS;99,00;1.221,00;1.320,00;SECRETARIA MUNICIPAL DE EDUCAÇÃO;FUNDO DE MANUT. E DEC.DA EDUC.BASICA-FUNDEB;SME-DEPTO.CONTRATO-ENSINO FUNDEB 30%;CONTRATO TEMPORÁRIO;062.XXX.XXX-24;410;40;;3;02/03/2023;;01/2023;01/2025;;;3 - Temporário;TEMPO DETERMINADO;;;Contrato Temporario;;AUX. DE SERVIÇOS GERAIS
;Fechamento 13º Salário - Dezembro;TERESA MARIA DE SOUSA MACEDO;AG. COMUNITARIO DE SAÚDE;2.069,64;1.230,36;3.300,00;SECRETARIA MUNICIPAL DE SAUDE;SECRETARIA MUNICIPAL DE SAUDE;SMS - SEC.DE SAUDE - ACS I;EFETIVOS;011.XXX.XXX-99;55;40;;1;01/04/2008;;;;;;1 - Efetivo;CONCURSO PUBLICO ;;;Efetivo;;AG. COMUNITARIO DE SAÚDE
;Folha Mensal - Dezembro;TERESA MARIA DE SOUSA MACEDO;AG. COMUNITARIO DE SAÚDE;938,34;3.614,42;4.552,76;SECRETARIA MUNICIPAL DE SAUDE;SECRETARIA MUNICIPAL DE SAUDE;SMS - SEC.DE SAUDE - ACS I;EFETIVOS;011.XXX.XXX-99;55;40;;1;01/04/2008;;;;;;1 - Efetivo;CONCURSO PUBLICO ;;;Efetivo;;AG. COMUNITARIO DE SAÚDE
;Folha Complementar c/ Encargos - Dezembro;TERESA MARIA DE SOUSA MACEDO;AG. COMUNITARIO DE SAÚDE;352,03;-352,03;;SECRETARIA MUNICIPAL DE SAUDE;SECRETARIA MUNICIPAL DE SAUDE;SMS - SEC.DE SAUDE - ACS I;EFETIVOS;011.XXX.XXX-99;55;40;;1;01/04/2008;;;;;;1 - Efetivo;CONCURSO PUBLICO ;;;Efetivo;;AG. COMUNITARIO DE SAÚDE
;Folha Mensal - Dezembro;THATIANA ARAUJO SOUSA LEAL;ASSESSOR ESPECIAL;110,88;1.341,12;1.452,00;PREFEITURA MUNICIPAL DE PADRE MARCOS-PI;SECRETARIA MUNICIPAL  DE ADMINISTRAÇÃO;SEAD -  DEPTO. ADMINISTRAÇÃO V- COMISSIONADOS;COMISSIONADOS;868.XXX.XXX-34;278;40;;1;01/03/2017;;;01/2025;;;2 - Comissão;LIVRE PROVIMENTO ;;;Função de Confiança;;ASSESSOR TÉCNICO (A) ADMINISTRATIVO
;Folha Mensal - Dezembro;THAYNA MÁROLLE DA CONCEIÇÃO SILVA;COORDENADORA DE FOMENTO DO TURISMO;170,28;1.941,72;2.112,00;PREFEITURA MUNICIPAL DE PADRE MARCOS-PI;SECRETARIA MUNICIPAL DE MEIO AMBIENTE;SEMA -  SECRETARIA DO MEIO AMBIENTE;COMISSIONADOS;037.XXX.XXX-28;235;40;;4;03/05/2021;;;01/2025;;;3 - Temporário;ELEICAO/INDICACAO;114/2021;;Função de Confiança;;COORDENADORA DE FOMENTO DO TURISMO
;Folha Mensal - Dezembro;THERLLY KELLY DA CONCEIÇÃO MACEDO;ASSESSOR TÉCNICO (A) ADMINISTRATIVO;99,00;1.221,00;1.320,00;SECRETARIA MUNICIPAL DE EDUCAÇÃO;FUNDO DE MANUT. E DEC.DA EDUC.BASICA-FUNDEB;SME- DEPTOR ADM FUNDEB 30 % VI - COMISSIONADOS;COMISSIONADOS EDUCAÇÃO;625.XXX.XXX-10;461;40;;1;01/04/2022;;;08/2024;;;2 - Comissão;TEMPO DETERMINADO;;;Função de Confiança;;ASSESSOR TÉCNICO (A) ADMINISTRATIVO
;Folha Mensal - Dezembro;THIAGO DE CARVALHO MACEDO;ASSESSOR TÉCNICO (A) ADMINISTRATIVO;99,00;1.221,00;1.320,00;PREFEITURA MUNICIPAL DE PADRE MARCOS-PI;SEC.MUN.DE OBRAS E SERVIÇOS URBANOS;SMO - SECRETARIA DE OBRAS;COMISSIONADOS;070.XXX.XXX-82;301;40;PREDIO DA PREFEITURA;1;01/07/2018;;;03/2024;;;2 - Comissão;TEMPO DETERMINADO;;;Função de Confiança;;ASSESSOR TÉCNICO (A) ADMINISTRATIVO
;Fechamento 13º Salário - Dezembro;THUANNY MIKAELLA CONCEIÇÃO SILVA;PSICOLOGO;3.449,09;1.470,91;4.920,00;SECRETARIA MUNICIPAL DE SAUDE;SECRETARIA MUNICIPAL DE SAUDE;SMS-DEPTOR.SEC. DE SAUDE II;EFETIVOS;037.XXX.XXX-40;41;40;PREDIO DA PREFEITURA;1;02/02/2015;;;;;;1 - Efetivo;CONCURSO PUBLICO ;;;;;PSICOLOGO
;Folha Mensal - Dezembro;THUANNY MIKAELLA CONCEIÇÃO SILVA;PSICOLOGO;1.418,42;5.141,58;6.560,00;SECRETARIA MUNICIPAL DE SAUDE;SECRETARIA MUNICIPAL DE SAUDE;SMS-DEPTOR.SEC. DE SAUDE II;EFETIVOS;037.XXX.XXX-40;41;40;PREDIO DA PREFEITURA;1;02/02/2015;;;;;;1 - Efetivo;CONCURSO PUBLICO ;;;;;PSICOLOGO
;Folha Mensal - Dezembro;VALDINETE DE ARAÚJO SILVA;PROFESSORA DE EJA - CELETISTA;267,85;2.618,29;2.886,14;SECRETARIA MUNICIPAL DE EDUCAÇÃO;SECRETARIA MUNICIPAL DE EDUCAÇÃO;SME- DEPTO  ENSINO INFANTIL FUNDEB 70% - SELETISTAS;CONTRATADOS  EDUCAÇÃO;953.XXX.XXX-49;405;40;;2;01/03/2023;;;01/2024;;;3 - Temporário;TEMPO DETERMINADO;;;Contrato Temporario;;PROFESSOR SL 40H - CELETISTA
;Folha Mensal - Dezembro;VALQUIRIA DA CONCEIÇÃO SILVA;PROFESSOR SL 40H - CELETISTA;267,85;2.618,29;2.886,14;SECRETARIA MUNICIPAL DE EDUCAÇÃO;SECRETARIA MUNICIPAL DE EDUCAÇÃO;SME - DEPTOR. ENSINO FUNDEB 70% IV - CELETISTAS;CONTRATADOS  EDUCAÇÃO;891.XXX.XXX-15;329;40;;3;01/03/2023;;;01/2024;;;3 - Temporário;TEMPO DETERMINADO;;;Contrato Temporario;;PROFESSOR SL 40H - CELETISTA
;Folha Mensal - Dezembro;VANESSA DE MACEDO MARQUES;DIRETOR DE DEPARTAMENTO;120,38;1.437,22;1.557,60;SECRETARIA MUNICIPAL DE ASSISTENCIA SOCIAL;FUNDO MUNICIPAL DE ASSISTENCIA SOCIAL-FMAS;CENTRO DE REFERENCIA. ASSISTENCIA SOCIAL-CRAS-PSB;CONTRATO TEMPORÁRIO;038.XXX.XXX-94;296;40;;4;01/01/2023;;;01/2025;;;2 - Comissão;LIVRE PROVIMENTO ;;;Contrato Temporario;;DIRETOR DE DEPARTAMENTO
;Folha Mensal - Dezembro;VANESSA KELLY MACEDO;PROFESSOR SL 40H - CELETISTA;267,85;2.618,29;2.886,14;SECRETARIA MUNICIPAL DE EDUCAÇÃO;SECRETARIA MUNICIPAL DE EDUCAÇÃO;SME - DEPTOR. ENSINO FUNDEB 70% IV - CELETISTAS;CONTRATADOS  EDUCAÇÃO;062.XXX.XXX-84;328;40;;3;01/03/2023;;;01/2024;;;3 - Temporário;TEMPO DETERMINADO;;;Contrato Temporario;;PROFESSOR SL 40H - CELETISTA
;Fechamento 13º Salário - Dezembro;VANESSA THYARA DOS ANJOS BEZERRA;PROFESSOR SE 20H;1.983,14;1.162,11;3.145,25;SECRETARIA MUNICIPAL DE EDUCAÇÃO;SECRETARIA MUNICIPAL DE EDUCAÇÃO;SME- DEPTOR ENSINO FUNDEB 70% I;EFETIVO - PROFESSORES;015.XXX.XXX-80;156;40;UNIDADE ESCOLAR MUNICIPAL CÂNDIDA MACEDO;1;02/03/2015;;;;;;1 - Efetivo;CONCURSO PUBLICO ;;;Efetivo;;PROFESSOR SE 20H
;Folha Mensal - Dezembro;VANESSA THYARA DOS ANJOS BEZERRA;PROFESSOR SE 20H;762,78;3.955,10;4.717,88;SECRETARIA MUNICIPAL DE EDUCAÇÃO;SECRETARIA MUNICIPAL DE EDUCAÇÃO;SME- DEPTOR ENSINO FUNDEB 70% I;EFETIVO - PROFESSORES;015.XXX.XXX-80;156;40;UNIDADE ESCOLAR MUNICIPAL CÂNDIDA MACEDO;1;02/03/2015;;;;;;1 - Efetivo;CONCURSO PUBLICO ;;;Efetivo;;PROFESSOR SE 20H
;Fechamento 13º Salário - Dezembro;VIRLANDIA MARIA DE SOUSA;AG. COMUNITARIO DE SAÚDE;2.292,04;1.271,96;3.564,00;SECRETARIA MUNICIPAL DE SAUDE;SECRETARIA MUNICIPAL DE SAUDE;SMS - SEC.DE SAUDE - ACS I;EFETIVOS;217.XXX.XXX-87;57;40;;1;18/03/2003;;;;;;1 - Efetivo;CONCURSO PUBLICO ;;;Efetivo;;AG. COMUNITARIO DE SAÚDE
;Folha Complementar c/ Encargos - Dezembro;VIRLANDIA MARIA DE SOUSA;AG. COMUNITARIO DE SAÚDE;390,47;-390,47;;SECRETARIA MUNICIPAL DE SAUDE;SECRETARIA MUNICIPAL DE SAUDE;SMS - SEC.DE SAUDE - ACS I;EFETIVOS;217.XXX.XXX-87;57;40;;1;18/03/2003;;;;;;1 - Efetivo;CONCURSO PUBLICO ;;;Efetivo;;AG. COMUNITARIO DE SAÚDE
;Folha Mensal - Dezembro;VIRLANDIA MARIA DE SOUSA;AG. COMUNITARIO DE SAÚDE;750,11;4.154,65;4.904,76;SECRETARIA MUNICIPAL DE SAUDE;SECRETARIA MUNICIPAL DE SAUDE;SMS - SEC.DE SAUDE - ACS I;EFETIVOS;217.XXX.XXX-87;57;40;;1;18/03/2003;;;;;;1 - Efetivo;CONCURSO PUBLICO ;;;Efetivo;;AG. COMUNITARIO DE SAÚDE
;Folha Mensal - Dezembro;VITORIA DA SILVA CARVALHO;ORIENTADORA(O) EDUCACIONAL;99,00;1.221,00;1.320,00;SECRETARIA MUNICIPAL DE EDUCAÇÃO;FUNDO DE MANUT. E DEC.DA EDUC.BASICA-FUNDEB;SME- DEPTOR ADM FUNDEB 30 % VI - COMISSIONADOS;COMISSIONADOS EDUCAÇÃO;080.XXX.XXX-03;502;40;;1;01/03/2023;;;01/2025;;;2 - Comissão;TEMPO DETERMINADO;;;;;ORIENTADORA(O) EDUCACIONAL
;Folha Mensal - Dezembro;VITÓRIA DE CARVALHO SILVA;AUXILIAR DE SAÚDE BUCAL;99,00;1.221,00;1.320,00;SECRETARIA MUNICIPAL DE SAUDE;SECRETARIA MUNICIPAL DE SAUDE;SEC. MUN. SAÚDE- DEPTO. DE SAUDE II-CONTRATADOS;CONTRATO TEMPORÁRIO;080.XXX.XXX-67;441;40;;3;02/03/2023;;;01/2025;;;3 - Temporário;TEMPO DETERMINADO;;;Contrato Temporario;;AUXILIAR DE SAÚDE BUCAL
;Folha Mensal - Dezembro;WESLEY FRANCISCO DE CARVALHO;ENFERMEIRO (A)  CONTRATADO (A);170,28;1.941,72;2.112,00;SECRETARIA MUNICIPAL DE SAUDE;SECRETARIA MUNICIPAL DE SAUDE;SMS-DEPTO.SEC.SAUDE-CONTRATADOS.;CONTRATO TEMPORÁRIO;612.XXX.XXX-50;462;40;;2;02/09/2023;;;01/2025;;;3 - Temporário;TEMPO DETERMINADO;08/2020;;Contrato Temporario;;ENFERMEIRO (A)  CONTRATADO (A)
;Folha Complementar c/ Encargos - Dezembro;WESLEY FRANCISCO DE CARVALHO;ENFERMEIRO (A)  CONTRATADO (A);747,31;-747,31;;SECRETARIA MUNICIPAL DE SAUDE;SECRETARIA MUNICIPAL DE SAUDE;SMS-DEPTO.SEC.SAUDE-CONTRATADOS.;CONTRATO TEMPORÁRIO;612.XXX.XXX-50;462;40;;2;02/09/2023;;;01/2025;;;3 - Temporário;TEMPO DETERMINADO;08/2020;;Contrato Temporario;;ENFERMEIRO (A)  CONTRATADO (A)
;Folha Mensal - Dezembro;WESLEY SOUSA MARQUES;ORIENTADORA(O) EDUCACIONAL;99,00;1.221,00;1.320,00;SECRETARIA MUNICIPAL DE EDUCAÇÃO;FUNDO DE MANUT. E DEC.DA EDUC.BASICA-FUNDEB;SME- DEPTOR ADM FUNDEB 30 % VI - COMISSIONADOS;COMISSIONADOS EDUCAÇÃO;053.XXX.XXX-99;435;40;;2;01/03/2023;;;08/2024;;;2 - Comissão;TEMPO DETERMINADO;;;Função de Confiança;;ORIENTADORA(O) EDUCACIONAL
;Folha Mensal - Dezembro;WILDEMAR MOURA MACEDO;ASSESSOR TÉCNICO (A) ADMINISTRATIVO;99,00;1.221,00;1.320,00;SECRETARIA MUNICIPAL DE EDUCAÇÃO;FUNDO DE MANUT. E DEC.DA EDUC.BASICA-FUNDEB;SME- DEPTOR ADM FUNDEB 30 % VI - COMISSIONADOS;COMISSIONADOS EDUCAÇÃO;056.XXX.XXX-32;464;40;;1;01/05/2022;;;01/2025;;;2 - Comissão;TEMPO DETERMINADO;;;Função de Confiança;;ASSESSOR TÉCNICO (A) ADMINISTRATIVO
;Fechamento 13º Salário - Dezembro;WILLIAMS MACEDO;PROFESSOR SE 40H;4.626,73;1.918,03;6.544,76;SECRETARIA MUNICIPAL DE EDUCAÇÃO;SECRETARIA MUNICIPAL DE EDUCAÇÃO;SME- DEPTOR ENSINO FUNDEB 70% I;EFETIVO - PROFESSORES;504.XXX.XXX-68;157;40;UNIDADE ESCOLAR MUNICIPAL DAVI SEVERIANO DE CARVALHO;1;02/03/2015;;;;;;1 - Efetivo;CONCURSO PUBLICO ;;;Efetivo;;PROFESSOR SL 40H
;Folha Mensal - Dezembro;WILLIAMS MACEDO;PROFESSOR SE 40H;2.518,69;7.298,45;9.817,14;SECRETARIA MUNICIPAL DE EDUCAÇÃO;SECRETARIA MUNICIPAL DE EDUCAÇÃO;SME- DEPTOR ENSINO FUNDEB 70% I;EFETIVO - PROFESSORES;504.XXX.XXX-68;157;40;UNIDADE ESCOLAR MUNICIPAL DAVI SEVERIANO DE CARVALHO;1;02/03/2015;;;;;;1 - Efetivo;CONCURSO PUBLICO ;;;Efetivo;;PROFESSOR SL 40H
;Folha Mensal - Dezembro;WILLISSANDRA BEZERRA DE MOURA;MEDICO (A) TEMPORARIO (A) PLANTÃO;1.383,36;4.976,64;6.360,00;SECRETARIA MUNICIPAL DE SAUDE;SECRETARIA MUNICIPAL DE SAUDE;SMS- DEPARTAMENTO DA SAÚDE- PLANTÃO;CONTRATO TEMPORÁRIO;036.XXX.XXX-60;293;40;HOSPITAL MUNICIPAL DE PADRE MARCOS;13;02/03/2023;;;05/2024;;;3 - Temporário;TEMPO DETERMINADO;;;Contrato Temporario;;MEDICO (A) TEMPORARIO (A) PLANTÃO
;Folha Mensal - Dezembro;WILLISSANDRA BEZERRA DE MOURA;MEDICO(A) TEMPORARIO(A);2.635,47;6.524,53;9.160,00;SECRETARIA MUNICIPAL DE SAUDE;SECRETARIA MUNICIPAL DE SAUDE;SEC. MUN. SAÚDE- DEPTO. DE SAUDE II-CONTRATADOS;CONTRATO TEMPORÁRIO;036.XXX.XXX-60;293;40;HOSPITAL MUNICIPAL DE PADRE MARCOS;14;03/03/2023;;;05/2024;;;3 - Temporário;TEMPO DETERMINADO;;;Contrato Temporario;;MEDICO(A) TEMPORARIO(A)
;Fechamento 13º Salário - Dezembro;WOLNEY BARROS LEAL;PROFESSOR SE 20H;4.278,66;1.757,56;6.036,22;SECRETARIA MUNICIPAL DE EDUCAÇÃO;SECRETARIA MUNICIPAL DE EDUCAÇÃO;SME-DEPTOR. ENSINO FUNDEB 70%  VI EJA;EFETIVO - PROFESSORES;899.XXX.XXX-72;158;40;UNIDADE ESCOLAR MUNICIPAL CÂNDIDA MACEDO;1;02/03/2015;;;;;;1 - Efetivo;CONCURSO PUBLICO ;;;Efetivo;;PROFESSOR SL 40H
;Folha Mensal - Dezembro;WOLNEY BARROS LEAL;PROFESSOR SE 20H;2.217,66;6.836,67;9.054,33;SECRETARIA MUNICIPAL DE EDUCAÇÃO;SECRETARIA MUNICIPAL DE EDUCAÇÃO;SME-DEPTOR. ENSINO FUNDEB 70%  VI EJA;EFETIVO - PROFESSORES;899.XXX.XXX-72;158;40;UNIDADE ESCOLAR MUNICIPAL CÂNDIDA MACEDO;1;02/03/2015;;;;;;1 - Efetivo;CONCURSO PUBLICO ;;;Efetivo;;PROFESSOR SL 40H
;Folha Mensal - Dezembro;YAGO JANDER MACEDO SOUSA;ASSESSOR TÉCNICO (A) ADMINISTRATIVO;99,00;1.221,00;1.320,00;SECRETARIA MUNICIPAL DE EDUCAÇÃO;FUNDO DE MANUT. E DEC.DA EDUC.BASICA-FUNDEB;SME- DEPTOR ADM FUNDEB 30 % VI - COMISSIONADOS;COMISSIONADOS EDUCAÇÃO;064.XXX.XXX-92;466;40;;1;01/05/2022;;;01/2025;;;2 - Comissão;TEMPO DETERMINADO;;;Função de Confiança;;ASSESSOR TÉCNICO (A) ADMINISTRATIVO
;Folha Mensal - Dezembro;YEDDA DAFNY CARVALHO MACEDO;ODONTOLOGO;362,54;3.004,46;3.367,00;SECRETARIA MUNICIPAL DE SAUDE;SECRETARIA MUNICIPAL DE SAUDE;SMS-DEPTO.SEC.SAUDE-CONTRATADOS.;CONTRATO TEMPORÁRIO;057.XXX.XXX-80;320;40;;4;03/04/2023;;;01/2025;;;3 - Temporário;TEMPO DETERMINADO;;;Contrato Temporario;;ODONTOLOGO
;Folha Mensal - Dezembro;YURE JARDEL MACEDO SOUSA;ASSESSOR TÉCNICO (A) ADMINISTRATIVO;99,00;1.221,00;1.320,00;SECRETARIA MUNICIPAL DE EDUCAÇÃO;FUNDO DE MANUT. E DEC.DA EDUC.BASICA-FUNDEB;SME- DEPTOR ADM FUNDEB 30 % VI - COMISSIONADOS;COMISSIONADOS;037.XXX.XXX-66;524;40;SECRETARIA MUNICIPAL DE EDUCAÇÃO;1;01/11/2023;;;01/2025;;;2 - Comissão;TEMPO DETERMINADO;;;Função de Confiança;;ASSESSOR TÉCNICO (A) ADMINISTRATIVO
;;;;712.690,45;1.420.908,84;2.133.599,29;;;;;;;;;;;;;;;;;;;;;;
