Detalhe;Referência;Nome;Cargo;Descontos;Líquido;Proventos;Divisão;Subdivisão;Unidade;Vínculo;CPF;Matrícula;Carga Horária (Sem.);Local de Trabalho;Contrato;Data Admissão;Data Desligamento;Ato Admissão;Ato Demissão;Data Adm. Comissão;Ato Adm. Comissão;Natureza Cargo;Forma de Provimento Cargo;Ato Criação Cargo;Categoria Funcional;Tipo de Contrato;Data Prevista Termino Contrato;Cargo Inicial
;Folha Mensal - Janeiro; IVONILDO SOUSA CARDEAL;ASSESSOR TÉCNICO;121,57;1.499,43;1.621,00;SECRETARIA MUNICIPAL DE EDUCAÇÃO;FUNDO DE MANUT. E DEC.DA EDUC.BASICA-FUNDEB;SME- DEPTOR ADM FUNDEB 30 % VI - COMISSIONADOS;COMISSIONADOS;272.XXX.XXX-51;848;40;;1;01/01/2026;;;;;;2 - Comissão;TEMPO DETERMINADO;;;Função de Confiança;;ASSESSOR TÉCNICO
;Folha Mensal - Janeiro; PHELYPE ALCANTARA BARBOSA LIMA;SECRETARIO DE DESENV. DE EMPREENDEDORISMO;178,68;2.076,92;2.255,60;PREFEITURA MUNICIPAL DE PADRE MARCOS-PI;SECRETARIA MUNICIPAL  DE ADMINISTRAÇÃO;SECRETARIA DE EMPREENDEDORISMO;COMISSIONADOS;541.XXX.XXX-71;598;40;PREDIO DA PREFEITURA;1;01/01/2025;;;02/2026;;;2 - Comissão;LIVRE PROVIMENTO ;;;Função de Confiança;;SECRETARIO DE DESENV. DE EMPREENDEDORISMO
;Folha Mensal - Janeiro;ABDIAS DE CARVALHO FILHO;ASSESSOR TÉCNICO (A) ADMINISTRATIVO;209,10;2.384,50;2.593,60;SECRETARIA MUNICIPAL DE EDUCAÇÃO;FUNDO DE MANUT. E DEC.DA EDUC.BASICA-FUNDEB;SME- DEPTOR ADM FUNDEB 30 % VI - COMISSIONADOS;COMISSIONADOS;080.XXX.XXX-16;564;40;SECRETARIA MUNICIPAL DE EDUCAÇÃO;2;02/01/2025;;;;;;2 - Comissão;TEMPO DETERMINADO;;;Função de Confiança;;ASSESSOR TÉCNICO (A) ADMINISTRATIVO
;Folha Mensal - Janeiro;ACILIANA JOSEFA DE OLIVEIRA;PROFESSORA DE EJA - CELETISTA;3.986,24;0,00;3.986,24;SECRETARIA MUNICIPAL DE EDUCAÇÃO;SECRETARIA MUNICIPAL DE EDUCAÇÃO;SME - DEPTOR. ENSINO FUNDEB 70% IV - CELETISTAS;CONTRATADOS  EDUCAÇÃO;042.XXX.XXX-96;399;40;;4;24/02/2025;;;;;;3 - Temporário;TEMPO DETERMINADO;;;Contrato Temporario;;PROFESSORA DE EJA - CELETISTA
;Folha Mensal - Janeiro;ADA KALINE LEAL RAMOS;FISIOTERAPEUTA;182,68;2.117,32;2.300,00;SECRETARIA MUNICIPAL DE SAUDE;SECRETARIA MUNICIPAL DE SAUDE;SMS-DEPTO.SEC.SAUDE-CONTRATADOS - FUS;CONTRATO TEMPORÁRIO;025.XXX.XXX-25;717;40;;1;01/03/2025;;;;;;3 - Temporário;TEMPO DETERMINADO;03/2021;;Contrato Temporario;;FISIOTERAPEUTA
;Folha Mensal - Janeiro;ADÃO JOSE DA SILVA;VICE PREFEITO;1.408,84;5.341,16;6.750,00;PREFEITURA MUNICIPAL DE PADRE MARCOS-PI;GABINETE DO PREFEITO;GABINETE DO PREFEITO;ELETIVOS;769.XXX.XXX-49;599;40;PREDIO DA PREFEITURA;1;01/01/2025;;;;;;9 - Outros;ELEICAO/INDICACAO;;;;;VICE PREFEITO
;Folha Mensal - Janeiro;ADEILSON ABDIAS DE CARVALHO;ASSESSOR TÉCNICO (A) ADMINISTRATIVO;194,51;2.236,99;2.431,50;SECRETARIA MUNICIPAL DE EDUCAÇÃO;FUNDO DE MANUT. E DEC.DA EDUC.BASICA-FUNDEB;SME- DEPTOR ADM FUNDEB 30 % VI - COMISSIONADOS;COMISSIONADOS EDUCAÇÃO;053.XXX.XXX-44;388;40;;3;02/01/2025;;;;;;2 - Comissão;TEMPO DETERMINADO;;;Função de Confiança;;ASSESSOR TÉCNICO (A) ADMINISTRATIVO
;Folha Mensal - Janeiro;ADELINA JULIANA LEAL;COZINHEIRO (A);295,02;1.974,38;2.269,40;HOSPITAL MUNICIPAL DE PADRE MARCOS;SECRETARIA MUNICIPAL DE SAUDE;HOSPITAL - DEPTO. ADMINISTRATIVO I;EFETIVOS;037.XXX.XXX-23;14;40;HOSPITAL MUNICIPAL DE PADRE MARCOS;1;19/01/2015;;;007/2020;;;1 - Efetivo;CONCURSO PUBLICO ;;;Efetivo;;COZINHEIRO (A)
;Folha Mensal - Janeiro;ADENILDA ALDEILDE BENTO;ASSESSOR ESPECIAL;160,96;1.897,71;2.058,67;SECRETARIA MUNICIPAL DE SAUDE;SECRETARIA MUNICIPAL DE SAUDE;SMS-DEPTO.SEC.SAUDE-CONTRATADOS - FUS;COMISSIONADOS;842.XXX.XXX-20;422;40;;2;02/01/2025;;;;;;2 - Comissão;LIVRE PROVIMENTO ;;;Função de Confiança;;ASSESSOR ESPECIAL
;Folha Mensal - Janeiro;ADENILDA NAILDES DA SILVA;ASSESSOR TÉCNICO (A) ADMINISTRATIVO;121,57;1.499,43;1.621,00;SECRETARIA MUNICIPAL DE SAUDE;SECRETARIA MUNICIPAL DE SAUDE;SMS-DEPTO.SEC.SAUDE-CONTRATADOS - FUS;COMISSIONADOS;295.XXX.XXX-77;552;40;SECRETARIA MUNICIPAL DE SAÚDE;2;02/01/2025;;;04/2026;;;2 - Comissão;TEMPO DETERMINADO;;;Função de Confiança;;ASSESSOR TÉCNICO (A) ADMINISTRATIVO
;Folha Complementar c/ Encargos - Janeiro;ADENILDA NAILDES DA SILVA;ASSESSOR TÉCNICO (A) ADMINISTRATIVO;298,89;-298,89;;SECRETARIA MUNICIPAL DE SAUDE;SECRETARIA MUNICIPAL DE SAUDE;SMS-DEPTO.SEC.SAUDE-CONTRATADOS - FUS;COMISSIONADOS;295.XXX.XXX-77;552;40;SECRETARIA MUNICIPAL DE SAÚDE;2;02/01/2025;;;04/2026;;;2 - Comissão;TEMPO DETERMINADO;;;Função de Confiança;;ASSESSOR TÉCNICO (A) ADMINISTRATIVO
;Folha Mensal - Janeiro;ADENILDA ORINEUSA DA SILVA;ASSESSOR TÉCNICO (A) ADMINISTRATIVO;121,57;1.499,43;1.621,00;SECRETARIA MUNICIPAL DE EDUCAÇÃO;FUNDO DE MANUT. E DEC.DA EDUC.BASICA-FUNDEB;SME- DEPTOR ADM FUNDEB 30 % VI - COMISSIONADOS;COMISSIONADOS EDUCAÇÃO;066.XXX.XXX-29;521;40;SECRETARIA MUNICIPAL DE EDUCAÇÃO;2;03/02/2025;;;;;;2 - Comissão;TEMPO DETERMINADO;;;Função de Confiança;;ASSESSOR TÉCNICO (A) ADMINISTRATIVO
;Folha Mensal - Janeiro;ADENILDA TEREZINHA DE CARVALHO;PROFESSOR SL 40H - CELETISTA;3.986,24;0,00;3.986,24;SECRETARIA MUNICIPAL DE EDUCAÇÃO;SECRETARIA MUNICIPAL DE EDUCAÇÃO;SME - DEPTOR. ENSINO FUNDEB 70% IV - CELETISTAS;CONTRATADOS  EDUCAÇÃO;065.XXX.XXX-58;298;40;;6;24/02/2025;;;;;;3 - Temporário;TEMPO DETERMINADO;;;Contrato Temporario;;PROFESSOR SL 40H - CELETISTA
;Folha Mensal - Janeiro;ADERNIL ROBERTO JACÓ DANTAS;MEDICO (A) TEMPORARIO (A) PLANTÃO;1.286,52;5.223,48;6.510,00;SECRETARIA MUNICIPAL DE SAUDE;SECRETARIA MUNICIPAL DE SAUDE;SMS- DEPARTAMENTO DA SAÚDE- PLANTÃO - FUS;CONTRATO TEMPORÁRIO;037.XXX.XXX-29;999;40;SECRETARIA MUNICIPAL DE SAÚDE;1;01/01/2025;;;;;;3 - Temporário;TEMPO DETERMINADO;;;Contrato Temporario;;MEDICO (A) TEMPORARIO (A) PLANTÃO
;Folha Mensal - Janeiro;ADESANDRA SOUSA SANTOS;DIRETOR DE DEPARTAMENTO;166,79;1.956,72;2.123,51;PREFEITURA MUNICIPAL DE PADRE MARCOS-PI;SECRETARIA MUNICIPAL  DE ADMINISTRAÇÃO;SEAD -  DEPTO. ADMINISTRAÇÃO V- COMISSIONADOS;COMISSIONADOS;052.XXX.XXX-51;570;40;;2;02/01/2025;;;;;;2 - Comissão;LIVRE PROVIMENTO ;;;Função de Confiança;;DIRETOR DE DEPARTAMENTO
;Folha Mensal - Janeiro;ADJANO FRANCISCO BENTO;SECRETARIO DE AGRICULTURA;178,68;2.076,92;2.255,60;PREFEITURA MUNICIPAL DE PADRE MARCOS-PI;SECRETARIA MUNICIPAL DE AGRICULTURA;SMA - SECRETARIA DE AGRICULTURA E ABASTECIMENTO;COMISSIONADOS;842.XXX.XXX-04;373;40;;2;02/01/2025;;;;;;2 - Comissão;LIVRE PROVIMENTO ;;;Função de Confiança;;SECRETARIO DE AGRICULTURA
;Folha Mensal - Janeiro;ADJEANE DA SILVA SOUSA;PROFESSOR SE 40H;2.567,03;6.506,01;9.073,04;SECRETARIA MUNICIPAL DE EDUCAÇÃO;SECRETARIA MUNICIPAL DE EDUCAÇÃO;SME- DEPTOR ENSINO FUNDEB 70% II;EFETIVO - PROFESSORES;757.XXX.XXX-20;160;40;U.E.M. JOSE DE MOURA LEAL;1;02/02/1998;;;;;;1 - Efetivo;CONCURSO PUBLICO ;;;Efetivo;;PROFESSOR SE 40H
;Folha Mensal - Janeiro;ADRIAN RAFAEL DE SOUSA DANTAS;ASSESSOR ESPECIAL;174,09;2.030,47;2.204,56;PREFEITURA MUNICIPAL DE PADRE MARCOS-PI;SECRETARIA MUNICIPAL  DE ADMINISTRAÇÃO;SEAD -  DEPTO. ADMINISTRAÇÃO V- COMISSIONADOS;COMISSIONADOS;612.XXX.XXX-35;794;40;;1;01/05/2025;;;;;;2 - Comissão;LIVRE PROVIMENTO ;;;;;ASSESSOR ESPECIAL
;Folha Mensal - Janeiro;ADRIANA ESPEDITA DA CONCEIÇÃO SILVA;ASSESSOR TÉCNICO (A) ADMINISTRATIVO;121,57;1.499,43;1.621,00;SECRETARIA MUNICIPAL DE EDUCAÇÃO;FUNDO DE MANUT. E DEC.DA EDUC.BASICA-FUNDEB;SME- DEPTOR ADM FUNDEB 30 % VI - COMISSIONADOS;COMISSIONADOS EDUCAÇÃO;991.XXX.XXX-49;344;40;;3;02/01/2025;;;;;;2 - Comissão;TEMPO DETERMINADO;;;Função de Confiança;;ASSESSOR TÉCNICO (A) ADMINISTRATIVO
;Folha Mensal - Janeiro;ADRIANO OTACÍLIO DA LUZ;DIRETOR DE DEPARTAMENTO;194,51;2.236,99;2.431,50;SECRETARIA MUNICIPAL DE EDUCAÇÃO;FUNDO DE MANUT. E DEC.DA EDUC.BASICA-FUNDEB;SME- DEPTOR ADM FUNDEB 30 % VI - COMISSIONADOS;COMISSIONADOS;009.XXX.XXX-86;562;40;SECRETARIA MUNICIPAL DE EDUCAÇÃO;2;03/02/2025;;;;;;2 - Comissão;LIVRE PROVIMENTO ;;;Função de Confiança;;DIRETOR DE DEPARTAMENTO
;Folha Mensal - Janeiro;ADRIANO SILVA SANTOS;DIRETOR DE DEPARTAMENTO;209,10;2.384,50;2.593,60;SECRETARIA MUNICIPAL DE EDUCAÇÃO;FUNDO DE MANUT. E DEC.DA EDUC.BASICA-FUNDEB;SME- DEPTOR ADM FUNDEB 30 % VI - COMISSIONADOS;COMISSIONADOS EDUCAÇÃO;002.XXX.XXX-27;504;40;;3;03/02/2025;;;;;;2 - Comissão;LIVRE PROVIMENTO ;;;Função de Confiança;;DIRETOR DE DEPARTAMENTO
;Folha Mensal - Janeiro;AGDA ÉRICA DA SILVA;DIRETOR HOSPITAL;178,68;2.076,92;2.255,60;HOSPITAL MUNICIPAL DE PADRE MARCOS;SECRETARIA MUNICIPAL DE SAUDE;HOSPITAL-DEPTO. ADMINISTRATIVO III;CONTRATO TEMPORÁRIO;038.XXX.XXX-70;284;40;HOSPITAL MUNICIPAL DE PADRE MARCOS;8;02/01/2025;;;04/2026;;;2 - Comissão;LIVRE PROVIMENTO ;;;Contrato Temporario;;DIRETOR HOSPITAL
;Folha Mensal - Janeiro;AILANE MARIA DE MACEDO;PROFESSOR SL 40H - CELETISTA;3.986,24;0,00;3.986,24;SECRETARIA MUNICIPAL DE EDUCAÇÃO;SECRETARIA MUNICIPAL DE EDUCAÇÃO;SME - DEPTOR. ENSINO FUNDEB 70% IV - CELETISTAS;CONTRATADOS  EDUCAÇÃO;057.XXX.XXX-89;264;40;;6;24/02/2025;;;;;;3 - Temporário;TEMPO DETERMINADO;;;Contrato Temporario;;PROFESSOR SL 40H - CELETISTA
;Folha Mensal - Janeiro;ALBIEGE FRANC BESERRA;ASSESSOR TÉCNICO (A) ADMINISTRATIVO;194,51;2.236,99;2.431,50;SECRETARIA MUNICIPAL DE EDUCAÇÃO;FUNDO DE MANUT. E DEC.DA EDUC.BASICA-FUNDEB;SME- DEPTOR ADM FUNDEB 30 % VI - COMISSIONADOS;COMISSIONADOS;508.XXX.XXX-53;809;40;;1;01/07/2025;;;;;;2 - Comissão;TEMPO DETERMINADO;;;Função de Confiança;;ASSESSOR TÉCNICO (A) ADMINISTRATIVO
;Folha Mensal - Janeiro;ALDEVAN SOUSA MACEDO;DIRETOR DE DEPARTAMENTO;209,10;2.384,50;2.593,60;SECRETARIA MUNICIPAL DE EDUCAÇÃO;FUNDO DE MANUT. E DEC.DA EDUC.BASICA-FUNDEB;SME- DEPTOR ADM FUNDEB 30 % VI - COMISSIONADOS;COMISSIONADOS;960.XXX.XXX-87;528;40;SECRETARIA MUNICIPAL DE EDUCAÇÃO;2;02/01/2025;;;;;;2 - Comissão;LIVRE PROVIMENTO ;;;Função de Confiança;;DIRETOR DE DEPARTAMENTO
;Folha Mensal - Janeiro;ALESSIO DE SOUSA MODESTO;MOTORISTA;308,92;2.529,74;2.838,66;PREFEITURA MUNICIPAL DE PADRE MARCOS-PI;SECRETARIA MUNICIPAL  DE ADMINISTRAÇÃO;SEAD - DEPTO. ADMINISTRAÇÃO III;EFETIVOS;965.XXX.XXX-87;105;40;;1;02/03/2015;;;;;;1 - Efetivo;CONCURSO PUBLICO ;;;Efetivo;;MOTORISTA
;Folha Mensal - Janeiro;ALEXSANDRA DE SOUSA MODESTO;ASSISTENTE SOCIAL;540,00;3.960,00;4.500,00;SECRETARIA MUNICIPAL DE SAUDE;SECRETARIA MUNICIPAL DE SAUDE;SMS - SEC. SAUDE NASF II - PAB;EFETIVOS;745.XXX.XXX-20;128;40;;1;02/02/2015;;;;;;1 - Efetivo;CONCURSO PUBLICO ;;;Efetivo;;ASSISTENTE SOCIAL
;Folha Mensal - Janeiro;ALEXSANDRA DE SOUSA MODESTO;COORD. PROG. CRIANÇA FELIZ;857,61;1.735,99;2.593,60;SECRETARIA MUNICIPAL DE ASSISTENCIA SOCIAL;SECRETARIA MUNICIPAL DE ASSISTENCIA SOCIAL; PROG.CRIANÇA FELIZ;COMISSIONADOS;745.XXX.XXX-20;128;40;;4;02/01/2025;;;;;;3 - Temporário;TEMPO DETERMINADO;;;Função de Confiança;;COORD. PROG. CRIANÇA FELIZ
;Folha Mensal - Janeiro;ALEXSANDRO LOPES DE CARVALHO;VIGILANTE;260,98;2.251,57;2.512,55;HOSPITAL MUNICIPAL DE PADRE MARCOS;SECRETARIA MUNICIPAL DE SAUDE;HOSPITAL - DEPTO. ADMINISTRATIVO I;EFETIVOS;020.XXX.XXX-71;15;40;HOSPITAL MUNICIPAL DE PADRE MARCOS;1;19/01/2015;;;;;;1 - Efetivo;CONCURSO PUBLICO ;;;Efetivo;;VIGILANTE
;Folha Mensal - Janeiro;ALEXSON JOSE DE CARVALHO;ASSESSOR TÉCNICO (A) ADMINISTRATIVO;179,92;2.089,48;2.269,40;SECRETARIA MUNICIPAL DE EDUCAÇÃO;FUNDO DE MANUT. E DEC.DA EDUC.BASICA-FUNDEB;SME- DEPTOR ADM FUNDEB 30 % VI - COMISSIONADOS;CONTRATADOS  EDUCAÇÃO;053.XXX.XXX-66;252;40;;6;03/02/2025;;01/2023;;;;2 - Comissão;TEMPO DETERMINADO;;;Contrato Temporario;;ASSESSOR TÉCNICO (A) ADMINISTRATIVO
;Folha Mensal - Janeiro;ALINE JOSEFA DE SOUSA BEZERRA;TECNICO DE ENFERMAGEM;121,57;1.499,43;1.621,00;SECRETARIA MUNICIPAL DE SAUDE;SECRETARIA MUNICIPAL DE SAUDE;SMS-DEPTO.SEC.SAUDE-CONTRATADOS - FUS;CONTRATO TEMPORÁRIO;072.XXX.XXX-27;314;40;;4;02/01/2025;;;;;;3 - Temporário;TEMPO DETERMINADO;;;Contrato Temporario;;TECNICO DE ENFERMAGEM
;Folha Complementar c/ Encargos - Janeiro;ALINE JOSEFA DE SOUSA BEZERRA;TECNICO DE ENFERMAGEM;142,10;-142,10;;SECRETARIA MUNICIPAL DE SAUDE;SECRETARIA MUNICIPAL DE SAUDE;SMS-DEPTO.SEC.SAUDE-CONTRATADOS - FUS;CONTRATO TEMPORÁRIO;072.XXX.XXX-27;314;40;;4;02/01/2025;;;;;;3 - Temporário;TEMPO DETERMINADO;;;Contrato Temporario;;TECNICO DE ENFERMAGEM
;Folha Mensal - Janeiro;ALONSO SOUSA SILVA;ASSESSOR TÉCNICO (A) ADMINISTRATIVO;121,57;1.499,43;1.621,00;SECRETARIA MUNICIPAL DE EDUCAÇÃO;FUNDO DE MANUT. E DEC.DA EDUC.BASICA-FUNDEB;SME- DEPTOR ADM FUNDEB 30 % VI - COMISSIONADOS;COMISSIONADOS;082.XXX.XXX-13;779;40;;1;01/04/2025;;;04/2026;;;2 - Comissão;TEMPO DETERMINADO;;;Função de Confiança;;ASSESSOR TÉCNICO (A) ADMINISTRATIVO
;Folha Mensal - Janeiro;AMABILLY MACEDO SOUSA;DIRETOR DE DEPARTAMENTO;209,10;2.384,50;2.593,60;SECRETARIA MUNICIPAL DE EDUCAÇÃO;FUNDO DE MANUT. E DEC.DA EDUC.BASICA-FUNDEB;SME- DEPTOR ADM FUNDEB 30 % VI - COMISSIONADOS;COMISSIONADOS;064.XXX.XXX-58;518;40;;3;02/01/2025;;;;;;2 - Comissão;LIVRE PROVIMENTO ;;;Função de Confiança;;DIRETOR DE DEPARTAMENTO
;Folha Mensal - Janeiro;AMANDA KALINE OLIVEIRA GUIMARÃES;FISIOTERAPEUTA;212,92;2.423,08;2.636,00;SECRETARIA MUNICIPAL DE SAUDE;SECRETARIA MUNICIPAL DE SAUDE;SEC. MUN. SAÚDE- DEPTO. DE SAUDE II-CONTRATADOS - PAB;CONTRATO TEMPORÁRIO;037.XXX.XXX-84;369;40;;5;02/01/2025;;01/2023;;;;3 - Temporário;TEMPO DETERMINADO;03/2021;;Contrato Temporario;;FISIOTERAPEUTA
;Folha Mensal - Janeiro;ANA CLAUDIA ALVES;COORDENADOR(A) PEDAGÓGICO;272,58;2.927,42;3.200,00;SECRETARIA MUNICIPAL DE EDUCAÇÃO;SECRETARIA MUNICIPAL DE EDUCAÇÃO;SME- DEPTOR. ENSINO FUNDEB 70% V - COMISSIONADOS;COMISSIONADOS EDUCAÇÃO;104.XXX.XXX-00;266;40;UNIDADE ESCOLAR MUNICIPAL DAVI SEVERIANO DE CARVALHO;4;02/01/2025;;;;;;2 - Comissão;TEMPO DETERMINADO;;;Função de Confiança;;COORDENADOR(A) PEDAGÓGICO
;Folha Mensal - Janeiro;ANA CRISTINA DE CARVALHO;PROFESSOR SL 40H - CELETISTA;3.986,24;0,00;3.986,24;SECRETARIA MUNICIPAL DE EDUCAÇÃO;SECRETARIA MUNICIPAL DE EDUCAÇÃO;SME- DEPTO  ENSINO INFANTIL FUNDEB 70% - SELETISTAS;CONTRATADOS  EDUCAÇÃO;044.XXX.XXX-46;337;40;;5;24/02/2025;;;;;;3 - Temporário;TEMPO DETERMINADO;;;Contrato Temporario;;PROFESSOR SL 40H - CELETISTA
;Folha Mensal - Janeiro;ANA FLAVIA CONCEIÇÃO SOUSA MACEDO;PROFESSOR SL 40H - CELETISTA;3.986,24;0,00;3.986,24;SECRETARIA MUNICIPAL DE EDUCAÇÃO;SECRETARIA MUNICIPAL DE EDUCAÇÃO;SME - DEPTOR. ENSINO FUNDEB 70% IV - CELETISTAS;CONTRATADOS  EDUCAÇÃO;061.XXX.XXX-39;330;40;;5;24/02/2025;;;;;;3 - Temporário;TEMPO DETERMINADO;;;Contrato Temporario;;PROFESSOR SL 40H - CELETISTA
;Folha Mensal - Janeiro;ANA KELE DE CARVALHO ALENCAR;ASSESSOR TÉCNICO (A) ADMINISTRATIVO;1.621,00;0,00;1.621,00;SECRETARIA MUNICIPAL DE EDUCAÇÃO;FUNDO DE MANUT. E DEC.DA EDUC.BASICA-FUNDEB;SME- DEPTOR ADM FUNDEB 30 % VI - COMISSIONADOS;COMISSIONADOS;041.XXX.XXX-35;712;40;;1;01/03/2025;;;;;;2 - Comissão;TEMPO DETERMINADO;;;Função de Confiança;;ASSESSOR TÉCNICO (A) ADMINISTRATIVO
;Folha Mensal - Janeiro;ANA LAIANE CARVALHO;ASSESSOR ESPECIAL;1.621,00;0,00;1.621,00;SECRETARIA MUNICIPAL DE EDUCAÇÃO;FUNDO DE MANUT. E DEC.DA EDUC.BASICA-FUNDEB;SME- DEPTOR ADM FUNDEB 30 % VI - COMISSIONADOS;COMISSIONADOS;081.XXX.XXX-58;1074;40;;1;01/03/2025;;;;;;2 - Comissão;LIVRE PROVIMENTO ;;;Função de Confiança;;ASSESSOR ESPECIAL
;Folha Mensal - Janeiro;ANA MARCIA DE ARAUJO MOURA RIBEIRO;ASSISTENTE ADMINISTRATIVO;499,27;3.066,93;3.566,20;PREFEITURA MUNICIPAL DE PADRE MARCOS-PI;SECRETARIA MUNICIPAL  DE ADMINISTRAÇÃO;SEAD - DEPTO. ADMINISTRAÇÃO III;EFETIVOS;322.XXX.XXX-49;100;40;;1;01/06/2015;;;;;;1 - Efetivo;CONCURSO PUBLICO ;;;Efetivo;;ASSISTENTE ADMINISTRATIVO
;Folha Mensal - Janeiro;ANA MÁRCIA DE CARVALHO LEAL;PROFESSOR SL 40H - CELETISTA;3.986,24;0,00;3.986,24;SECRETARIA MUNICIPAL DE EDUCAÇÃO;SECRETARIA MUNICIPAL  DE ADMINISTRAÇÃO;SME - DEPTOR. ENSINO FUNDEB 70% IV - CELETISTAS;CONTRATADOS  EDUCAÇÃO;081.XXX.XXX-52;411;40;;4;24/02/2025;;;;;;3 - Temporário;TEMPO DETERMINADO;;;Contrato Temporario;;MONITOR(A)
;Folha Mensal - Janeiro;ANA MEIRE MARIA DE MACEDO;SUPERVIORA DE ENSINO;121,57;1.499,43;1.621,00;SECRETARIA MUNICIPAL DE EDUCAÇÃO;SECRETARIA MUNICIPAL DE EDUCAÇÃO;SME- DEPTOR. ENSINO FUNDEB 70% V - COMISSIONADOS;COMISSIONADOS EDUCAÇÃO;226.XXX.XXX-78;161;40;SECRETARIA MUNICIPAL DE EDUCAÇÃO;4;02/01/2025;;;;;;2 - Comissão;TEMPO DETERMINADO;03/2024;;Função de Confiança;;SUPERVIORA DE ENSINO
;Adiantamento 13º Salário - Janeiro;ANA PAULA DE CARVALHO MACEDO;PROFESSOR SE 40H;;3.355,72;3.355,72;SECRETARIA MUNICIPAL DE EDUCAÇÃO;SECRETARIA MUNICIPAL DE EDUCAÇÃO;SME- DEPTOR ENSINO FUNDEB 70% I;EFETIVO - PROFESSORES;052.XXX.XXX-07;2;40;U.E.M. JOSE DE MOURA LEAL;1;01/03/2016;;;;;;1 - Efetivo;CONCURSO PUBLICO ;;;Efetivo;;PROFESSOR SL 20H
;Folha Mensal - Janeiro;ANA PAULA DE CARVALHO MACEDO;PROFESSOR SE 40H;2.095,37;5.757,32;7.852,69;SECRETARIA MUNICIPAL DE EDUCAÇÃO;SECRETARIA MUNICIPAL DE EDUCAÇÃO;SME- DEPTOR ENSINO FUNDEB 70% I;EFETIVO - PROFESSORES;052.XXX.XXX-07;2;40;U.E.M. JOSE DE MOURA LEAL;1;01/03/2016;;;;;;1 - Efetivo;CONCURSO PUBLICO ;;;Efetivo;;PROFESSOR SL 20H
;Folha Mensal - Janeiro;ANA RAYELLE SOUSA OLIVEIRA;ASSESSOR TÉCNICO (A) ADMINISTRATIVO;121,57;1.499,43;1.621,00;SECRETARIA MUNICIPAL DE EDUCAÇÃO;FUNDO DE MANUT. E DEC.DA EDUC.BASICA-FUNDEB;SME- DEPTOR ADM FUNDEB 30 % VI - COMISSIONADOS;COMISSIONADOS;080.XXX.XXX-94;804;40;;1;01/06/2025;;;;;;2 - Comissão;TEMPO DETERMINADO;;;Função de Confiança;;ASSESSOR TÉCNICO (A) ADMINISTRATIVO
;Folha Mensal - Janeiro;ANASTACIA JULIANA LEAL;PROFESSOR SL 40H - CELETISTA;3.986,24;0,00;3.986,24;SECRETARIA MUNICIPAL DE EDUCAÇÃO;SECRETARIA MUNICIPAL DE EDUCAÇÃO;SME- DEPTO  ENSINO INFANTIL FUNDEB 70% - SELETISTAS;CONTRATADOS  EDUCAÇÃO;933.XXX.XXX-34;247;40;U.E.M. JOSE DE MOURA LEAL;7;24/02/2025;;;;;;3 - Temporário;TEMPO DETERMINADO;;;Contrato Temporario;;PROFESSOR SL 40H - CELETISTA
;Folha Mensal - Janeiro;ANATÁLIA CLEIDE DE LIMA;SECRETARIO(A) UNIDADE ESCOLAR MUNICIPAL;3.986,24;0,00;3.986,24;SECRETARIA MUNICIPAL DE EDUCAÇÃO;SECRETARIA MUNICIPAL DE EDUCAÇÃO;SME- DEPTO  ENSINO INFANTIL FUNDEB 70% - SELETISTAS;CONTRATADOS  EDUCAÇÃO;930.XXX.XXX-91;545;40;SECRETARIA MUNICIPAL DE EDUCAÇÃO;2;24/02/2025;;;;;;2 - Comissão;LIVRE PROVIMENTO ;;;Contrato Temporario;;PROFESSOR SL 40H - CELETISTA
;Folha Mensal - Janeiro;ANATÁLIA ZENILTA LEAL;ASSESSOR TÉCNICO (A) ADMINISTRATIVO;121,57;1.499,43;1.621,00;SECRETARIA MUNICIPAL DE EDUCAÇÃO;FUNDO DE MANUT. E DEC.DA EDUC.BASICA-FUNDEB;SME- DEPTOR ADM FUNDEB 30 % VI - COMISSIONADOS;COMISSIONADOS;041.XXX.XXX-23;565;40;SECRETARIA MUNICIPAL DE EDUCAÇÃO;2;01/03/2025;;;;;;2 - Comissão;TEMPO DETERMINADO;;;Função de Confiança;;ASSESSOR TÉCNICO (A) ADMINISTRATIVO
;Folha Mensal - Janeiro;ANATALIO ANTONIO DA SILVA;AUX. DE SERV. GERAIS;279,62;1.584,53;1.864,15;SECRETARIA MUNICIPAL DE ASSISTENCIA SOCIAL;SECRETARIA MUNICIPAL DE ASSISTENCIA SOCIAL;SASC - DEPTO. ASSISTENCIA SOCIAL IV;EFETIVOS;444.XXX.XXX-04;26;40;SEC MUN. DE ASSISTENCIA SOCIAL;1;01/03/1998;;;;;;1 - Efetivo;CONCURSO PUBLICO ;;;Efetivo;;AUX. DE SERV. GERAIS
;Folha Mensal - Janeiro;ANDECLEIA ADALVINA DE LIMA;PROFESSOR SE 40H;2.008,42;5.539,18;7.547,60;SECRETARIA MUNICIPAL DE EDUCAÇÃO;SECRETARIA MUNICIPAL DE EDUCAÇÃO;SME- DEPTOR ENSINO FUNDEB 70% I;EFETIVO - PROFESSORES;923.XXX.XXX-72;132;40;UNIDADE ESCOLAR MUNICIPAL CÂNDIDA MACEDO;1;01/11/2016;;;;;;1 - Efetivo;CONCURSO PUBLICO ;;;Efetivo;;PROFESSOR SL 20H
;Folha Mensal - Janeiro;ANDERSON CLEYTON RAMOS NERY;ODONTÓLOGO;677,74;4.454,91;5.132,65;SECRETARIA MUNICIPAL DE SAUDE;SECRETARIA MUNICIPAL DE SAUDE;SMS - DEPTOR.SEC.SAUDE PSB II - PAB;EFETIVOS;819.XXX.XXX-87;122;40;;1;01/04/2008;;;;;;1 - Efetivo;CONCURSO PUBLICO ;;;Efetivo;;ODONTÓLOGO
;Folha Mensal - Janeiro;ANGELA MARIA DA CONCEIÇÃO SOUSA;GARI;298,27;2.619,53;2.917,80;HOSPITAL MUNICIPAL DE PADRE MARCOS;SECRETARIA MUNICIPAL DE SAUDE;HOSPITAL - DEPTO. ADMINISTRATIVO I;EFETIVOS;759.XXX.XXX-04;4;40;;1;25/11/2016;;;;;;1 - Efetivo;CONCURSO PUBLICO ;;;Efetivo;;GARI
;Folha Mensal - Janeiro;ANNA SAFIRA BENEDITO COUTINHO;MEDICO VETERINARIO;191,68;2.208,32;2.400,00;PREFEITURA MUNICIPAL DE PADRE MARCOS-PI;SECRETARIA MUNICIPAL DE AGRICULTURA;SMA - SECRETARIA DE AGRICULTURA E ABASTECIMENTO;CONTRATO TEMPORÁRIO;065.XXX.XXX-38;803;40;;1;01/06/2025;;;;;;3 - Temporário;TEMPO DETERMINADO;06/2025;;Contrato Temporario;;MEDICO VETERINARIO
;Adiantamento 13º Salário - Janeiro;ANTONIA EDENIA DE LIMA SILVA;AUX. DE SERV. GERAIS;;817,25;817,25;SECRETARIA MUNICIPAL DE EDUCAÇÃO;FUNDO DE MANUT. E DEC.DA EDUC.BASICA-FUNDEB;SME- DEPTO. ADM -FUNDEB 30% II;EFETIVOS;082.XXX.XXX-96;216;40;;1;02/03/1998;;;012/2022;;;1 - Efetivo;CONCURSO PUBLICO ;;;Efetivo;;AUX. DE SERV. GERAIS
;Folha Mensal - Janeiro;ANTONIA EDENIA DE LIMA SILVA;AUX. DE SERV. GERAIS;267,46;1.515,64;1.783,10;SECRETARIA MUNICIPAL DE EDUCAÇÃO;FUNDO DE MANUT. E DEC.DA EDUC.BASICA-FUNDEB;SME- DEPTO. ADM -FUNDEB 30% II;EFETIVOS;082.XXX.XXX-96;216;40;;1;02/03/1998;;;012/2022;;;1 - Efetivo;CONCURSO PUBLICO ;;;Efetivo;;AUX. DE SERV. GERAIS
;Folha Mensal - Janeiro;ANTONIA SALVELINA DE ARAUJO;ASSESSOR TÉCNICO (A) ADMINISTRATIVO;121,57;1.499,43;1.621,00;SECRETARIA MUNICIPAL DE SAUDE;SECRETARIA MUNICIPAL DE SAUDE;SMS-DEPTO.SEC.SAUDE-CONTRATADOS - FUS;COMISSIONADOS;767.XXX.XXX-53;233;40;;3;02/01/2025;;;;;;2 - Comissão;TEMPO DETERMINADO;;;Função de Confiança;;ASSESSOR TÉCNICO (A) ADMINISTRATIVO
;Folha Mensal - Janeiro;ANTONIA ZENAIDE DA SILVA CARVALHO;DIRETOR DE DEPARTAMENTO;121,57;1.499,43;1.621,00;SECRETARIA MUNICIPAL DE EDUCAÇÃO;FUNDO DE MANUT. E DEC.DA EDUC.BASICA-FUNDEB;SME- DEPTOR ADM FUNDEB 30 % VI - COMISSIONADOS;COMISSIONADOS;451.XXX.XXX-20;282;40;;6;02/01/2025;;;;;;2 - Comissão;LIVRE PROVIMENTO ;;;Função de Confiança;;DIRETOR DE DEPARTAMENTO
;Folha Mensal - Janeiro;ANTONIO DE CARVALHO MOURA;DIRETOR DE DEPARTAMENTO;179,92;2.089,48;2.269,40;PREFEITURA MUNICIPAL DE PADRE MARCOS-PI;SECRETARIA MUNICIPAL  DE ADMINISTRAÇÃO;SMO - SECRETARIA DE OBRAS;COMISSIONADOS;003.XXX.XXX-02;361;40;;3;02/01/2025;;;;;;2 - Comissão;LIVRE PROVIMENTO ;;;Função de Confiança;;DIRETOR DE DEPARTAMENTO
;Folha Mensal - Janeiro;ANTONIO DE CARVALHO SILVA;ASSESSOR TÉCNICO (A) ADMINISTRATIVO;121,57;1.499,43;1.621,00;SECRETARIA MUNICIPAL DE EDUCAÇÃO;FUNDO DE MANUT. E DEC.DA EDUC.BASICA-FUNDEB;SME- DEPTOR ADM FUNDEB 30 % VI - COMISSIONADOS;COMISSIONADOS EDUCAÇÃO;047.XXX.XXX-23;573;40;SECRETARIA MUNICIPAL DE EDUCAÇÃO;2;02/01/2025;;;;;;2 - Comissão;TEMPO DETERMINADO;;;Função de Confiança;;ASSESSOR TÉCNICO (A) ADMINISTRATIVO
;Folha Mensal - Janeiro;ANTONIO FRANCISCO DE CARVALHO;SECRETARIO DE ESPORTE;178,68;2.076,92;2.255,60;PREFEITURA MUNICIPAL DE PADRE MARCOS-PI;SECRETARIA MUNICIPAL  DE ADMINISTRAÇÃO;ADM.SEC.MUNICIPAL DE JUVENTUDE ESPORTE E LAZER;COMISSIONADOS;396.XXX.XXX-72;596;40;PREDIO DA PREFEITURA;1;01/01/2025;;;;;;2 - Comissão;LIVRE PROVIMENTO ;;;Função de Confiança;;SECRETARIO DE ESPORTE
;Folha Mensal - Janeiro;ANTONIO JOAQUIM DE MACEDO NETO;AUX. ADMINISTRATIVO;499,27;3.066,93;3.566,20;SECRETARIA MUNICIPAL DE SAUDE;SECRETARIA MUNICIPAL DE SAUDE;SMS-DEPTOR.SEC. DE SAUDE II - FUS;EFETIVOS;350.XXX.XXX-72;130;40;;1;02/02/2015;;;;;;1 - Efetivo;CONCURSO PUBLICO ;;;Efetivo;;AUX. ADMINISTRATIVO
;Folha Mensal - Janeiro;ANTONIO JOSE DE CARVALHO;DIRETOR DE DEPARTAMENTO;209,10;2.384,50;2.593,60;PREFEITURA MUNICIPAL DE PADRE MARCOS-PI;SECRETARIA MUNICIPAL  DE ADMINISTRAÇÃO;SEAD -  DEPTO. ADMINISTRAÇÃO V- COMISSIONADOS;COMISSIONADOS;025.XXX.XXX-50;387;40;PREDIO DA PREFEITURA;2;02/01/2025;;;;;;2 - Comissão;LIVRE PROVIMENTO ;;;Função de Confiança;;COORDENADOR DE DESENVOLVIMENTO RURAL E AGRICULTURA FAMILIAR
;Folha Mensal - Janeiro;ANTONIO LISBOA DA SILVA;PROFESSOR SE 20H;657,60;3.726,37;4.383,97;SECRETARIA MUNICIPAL DE EDUCAÇÃO;SECRETARIA MUNICIPAL DE EDUCAÇÃO;SME-DEPTOR. ENSINO FUNDEB 70%  VI EJA;EFETIVO - PROFESSORES;231.XXX.XXX-00;162;20;SECRETARIA MUNICIPAL DE EDUCAÇÃO;1;02/02/1998;;;;;;1 - Efetivo;CONCURSO PUBLICO ;;;Efetivo;;PROFESSOR SL 20H
;Folha Mensal - Janeiro;ANTONIO MACEDO CARVALHO;ASSESSOR TÉCNICO (A) ADMINISTRATIVO;121,57;1.499,43;1.621,00;SECRETARIA MUNICIPAL DE EDUCAÇÃO;FUNDO DE MANUT. E DEC.DA EDUC.BASICA-FUNDEB;SME- DEPTOR ADM FUNDEB 30 % VI - COMISSIONADOS;COMISSIONADOS EDUCAÇÃO;011.XXX.XXX-51;371;40;;2;02/01/2025;;;;;;2 - Comissão;TEMPO DETERMINADO;;;Função de Confiança;;ASSESSOR TÉCNICO (A) ADMINISTRATIVO
;Folha Mensal - Janeiro;ANTONIO SERGIO SILVA;PROFESSOR SE 40H;2.213,29;5.944,48;8.157,77;SECRETARIA MUNICIPAL DE EDUCAÇÃO;SECRETARIA MUNICIPAL DE EDUCAÇÃO;SME- DEPTOR ENSINO FUNDEB 70% I;EFETIVO - PROFESSORES;001.XXX.XXX-00;133;40;UNIDADE ESCOLAR MUNICIPAL DAVI SEVERIANO DE CARVALHO;1;02/03/2015;;;;;;1 - Efetivo;CONCURSO PUBLICO ;;;Efetivo;;PROFESSOR SL 20H
;Folha Mensal - Janeiro;ARLETE MARIA DA SILVA;PROFESSOR SL 40H;2.244,25;5.913,53;8.157,78;SECRETARIA MUNICIPAL DE EDUCAÇÃO;SECRETARIA MUNICIPAL DE EDUCAÇÃO;SME- DEPTO ENSINO INFANTIL FUNDEB 70% - EFETIVOS;EFETIVO - PROFESSORES;852.XXX.XXX-63;164;40;CRECHE PRÉ-ESCOLAR MARGARIDA DE JESUS ALENCAR ( TIA GUIDA);1;02/02/1998;;;;;;1 - Efetivo;CONCURSO PUBLICO ;;;Efetivo;;PROFESSOR SL 40H
;Folha Mensal - Janeiro;ARLEY JOHANES MOREIRA DE CARVALHO;PROFESSOR SL 40H - CELETISTA;3.986,24;0,00;3.986,24;SECRETARIA MUNICIPAL DE EDUCAÇÃO;SECRETARIA MUNICIPAL DE EDUCAÇÃO;SME - DEPTOR. ENSINO FUNDEB 70% IV - CELETISTAS;CONTRATADOS  EDUCAÇÃO;058.XXX.XXX-40;248;40;;7;24/02/2025;;;;;;3 - Temporário;TEMPO DETERMINADO;;;Contrato Temporario;;PROFESSOR SL 40H - CELETISTA
;Folha Mensal - Janeiro;ARLICIO ALEXANDRE BENIZ;AUX. ADMINISTRATIVO;559,24;3.169,06;3.728,30;SECRETARIA MUNICIPAL DE SAUDE;SECRETARIA MUNICIPAL DE SAUDE;SMS-DEPTOR.SEC. DE SAUDE II - FUS;EFETIVOS;031.XXX.XXX-11;62;40;SECRETARIA MUNICIPAL DE SAÚDE;1;02/02/2015;;;;;;1 - Efetivo;CONCURSO PUBLICO ;;;Efetivo;;AUX. ADMINISTRATIVO
;Folha Mensal - Janeiro;ARRIGO JHORDAM DE CARVALHO GOMES;DIRETOR(A) DE ALMOXARIFADO ESCOLAR;194,51;2.236,99;2.431,50;SECRETARIA MUNICIPAL DE EDUCAÇÃO;SECRETARIA MUNICIPAL DE EDUCAÇÃO;SME- DEPTOR ADM FUNDEB 30 % VI - COMISSIONADOS;COMISSIONADOS;063.XXX.XXX-80;407;40;;5;01/07/2025;;01/2023;;;;2 - Comissão;LIVRE PROVIMENTO ;;;Função de Confiança;;DIRETOR DE DEPARTAMENTO
;Folha Mensal - Janeiro;ARTHUR RIBEIRO MODESTO;ASSESSOR TÉCNICO (A) ADMINISTRATIVO;209,10;2.384,50;2.593,60;SECRETARIA MUNICIPAL DE EDUCAÇÃO;FUNDO DE MANUT. E DEC.DA EDUC.BASICA-FUNDEB;SME- DEPTOR ADM FUNDEB 30 % VI - COMISSIONADOS;COMISSIONADOS;067.XXX.XXX-18;558;40;SECRETARIA MUNICIPAL DE EDUCAÇÃO;2;01/04/2025;;;;;;2 - Comissão;TEMPO DETERMINADO;;;Função de Confiança;;ASSESSOR TÉCNICO (A) ADMINISTRATIVO
;Adiantamento 13º Salário - Janeiro;AUCILENE MODESTO DE CARVALHO;AUX. DE SERV. GERAIS;;891,55;891,55;SECRETARIA MUNICIPAL DE EDUCAÇÃO;FUNDO DE MANUT. E DEC.DA EDUC.BASICA-FUNDEB;SME- DEPTO. ADM -FUNDEB 30% II;EFETIVO - PROFESSORES;628.XXX.XXX-49;72;40;UNIDADE ESCOLAR MUNICIPAL DAVI SEVERIANO DE CARVALHO;1;02/03/1998;;;04/2022;;;1 - Efetivo;CONCURSO PUBLICO ;;;Efetivo;;AUX. DE SERV. GERAIS
;Folha Mensal - Janeiro;AUCILENE MODESTO DE CARVALHO;AUX. DE SERV. GERAIS;865,32;1.079,88;1.945,20;SECRETARIA MUNICIPAL DE EDUCAÇÃO;FUNDO DE MANUT. E DEC.DA EDUC.BASICA-FUNDEB;SME- DEPTO. ADM -FUNDEB 30% II;EFETIVO - PROFESSORES;628.XXX.XXX-49;72;40;UNIDADE ESCOLAR MUNICIPAL DAVI SEVERIANO DE CARVALHO;1;02/03/1998;;;04/2022;;;1 - Efetivo;CONCURSO PUBLICO ;;;Efetivo;;AUX. DE SERV. GERAIS
;Folha Mensal - Janeiro;AURICELIA IRENE DE CARVALHO;PROFESSOR SL 40H - CELETISTA;3.986,24;0,00;3.986,24;SECRETARIA MUNICIPAL DE EDUCAÇÃO;SECRETARIA MUNICIPAL DE EDUCAÇÃO;SME - DEPTOR. ENSINO FUNDEB 70% IV - CELETISTAS;CONTRATADOS  EDUCAÇÃO;033.XXX.XXX-02;279;40;U.E.M. JOSE DE MOURA LEAL;7;24/02/2025;;;;;;3 - Temporário;TEMPO DETERMINADO;;;Contrato Temporario;;PROFESSOR SL 40H - CELETISTA
;Folha Mensal - Janeiro;AURISMAR FRANCISCO BENTO;DIRETOR DE DEPARTAMENTO;194,51;2.236,99;2.431,50;SECRETARIA MUNICIPAL DE EDUCAÇÃO;FUNDO DE MANUT. E DEC.DA EDUC.BASICA-FUNDEB;SME- DEPTOR ADM FUNDEB 30 % VI - COMISSIONADOS;COMISSIONADOS;003.XXX.XXX-32;816;40;;1;01/07/2025;;;;;;2 - Comissão;LIVRE PROVIMENTO ;;;Função de Confiança;;DIRETOR DE DEPARTAMENTO
;Folha Mensal - Janeiro;BENNIS RANGEL DE CARVALHO;ASSESSOR TÉCNICO (A) ADMINISTRATIVO;209,10;2.384,50;2.593,60;SECRETARIA MUNICIPAL DE ASSISTENCIA SOCIAL;SECRETARIA MUNICIPAL DE ASSISTENCIA SOCIAL;SASC-DEPTO. ASSISTENCIA SOCIAL I;COMISSIONADOS;011.XXX.XXX-45;359;40;;3;02/01/2025;;009/2020;;;;2 - Comissão;TEMPO DETERMINADO;;;Função de Confiança;;ASSESSOR TÉCNICO (A) ADMINISTRATIVO
;Folha Mensal - Janeiro;BRUNO DIAS DA SILVA;COORDENADOR DE SERVIÇOS;209,10;2.384,50;2.593,60;SECRETARIA MUNICIPAL DE EDUCAÇÃO;FUNDO DE MANUT. E DEC.DA EDUC.BASICA-FUNDEB;SME- DPTO.ENSINO FUNDEB 30% EQUIPE EMULT-CELETISTAS;COMISSIONADOS EDUCAÇÃO;508.XXX.XXX-96;557;40;SECRETARIA MUNICIPAL DE EDUCAÇÃO;2;02/01/2025;;;;;;2 - Comissão;TEMPO DETERMINADO;;;Função de Confiança;;COORDENADOR DE SERVIÇOS
;Folha Mensal - Janeiro;CAMILA EDILEUDA DA CONCEIÇÃO;ASSESSOR TÉCNICO (A) ADMINISTRATIVO;1.621,00;0,00;1.621,00;SECRETARIA MUNICIPAL DE EDUCAÇÃO;FUNDO DE MANUT. E DEC.DA EDUC.BASICA-FUNDEB;SME- DEPTOR ADM FUNDEB 30 % VI - COMISSIONADOS;COMISSIONADOS EDUCAÇÃO;081.XXX.XXX-02;540;40;SECRETARIA MUNICIPAL DE EDUCAÇÃO;2;01/03/2025;;;;;;2 - Comissão;TEMPO DETERMINADO;;;Função de Confiança;;ASSESSOR TÉCNICO (A) ADMINISTRATIVO
;Folha Mensal - Janeiro;CAMILLY HELEN DE SOUSA DIAS;ASSESSOR TÉCNICO (A) ADMINISTRATIVO;1.621,00;0,00;1.621,00;SECRETARIA MUNICIPAL DE EDUCAÇÃO;FUNDO DE MANUT. E DEC.DA EDUC.BASICA-FUNDEB;SME- DEPTOR ADM FUNDEB 30 % VI - COMISSIONADOS;COMISSIONADOS EDUCAÇÃO;623.XXX.XXX-43;463;40;;4;01/03/2025;;;;;;2 - Comissão;TEMPO DETERMINADO;;;Função de Confiança;;ASSESSOR TÉCNICO (A) ADMINISTRATIVO
;Folha Mensal - Janeiro;CARLA LARIZA RIBEIRO CARVALHO;COORDENADOR DE SERVIÇOS;209,10;2.384,50;2.593,60;SECRETARIA MUNICIPAL DE EDUCAÇÃO;FUNDO DE MANUT. E DEC.DA EDUC.BASICA-FUNDEB;SME- DEPTOR ADM FUNDEB 30 % VI - COMISSIONADOS;COMISSIONADOS EDUCAÇÃO;025.XXX.XXX-09;443;40;;2;02/01/2025;;;;;;2 - Comissão;TEMPO DETERMINADO;;;Função de Confiança;;COORDENADOR DE SERVIÇOS
;Folha Mensal - Janeiro;CARLA MARIANA DE SOUSA SANTOS;ASSESSOR TÉCNICO (A) ADMINISTRATIVO;121,57;1.499,43;1.621,00;SECRETARIA MUNICIPAL DE ASSISTENCIA SOCIAL;SECRETARIA MUNICIPAL DE ASSISTENCIA SOCIAL;SASC-DEPTO. ASSISTENCIA SOCIAL I;COMISSIONADOS;014.XXX.XXX-67;594;40;SEC MUN. DE ASSISTENCIA SOCIAL;1;02/01/2025;;;;;;2 - Comissão;TEMPO DETERMINADO;;;Função de Confiança;;ASSESSOR TÉCNICO (A) ADMINISTRATIVO
;Folha Mensal - Janeiro;CARLOS EDUARDO DE SOUSA LEAL;MONITOR(A);121,57;1.499,43;1.621,00;SECRETARIA MUNICIPAL DE EDUCAÇÃO;FUNDO DE MANUT. E DEC.DA EDUC.BASICA-FUNDEB;SME-DEPTO.CONTRATO-ENSINO FUNDEB 30%;CONTRATO TEMPORÁRIO;066.XXX.XXX-13;341;40;;5;02/03/2025;;;;;;3 - Temporário;TEMPO DETERMINADO;;;Contrato Temporario;;MONITOR(A)
;Folha Mensal - Janeiro;CASSIANO JOSE DA SILVA;GARI;298,27;2.295,33;2.593,60;PREFEITURA MUNICIPAL DE PADRE MARCOS-PI;SECRETARIA MUNICIPAL  DE ADMINISTRAÇÃO;SEAD - DEPTO.ADMINISTRAÇÃO II;EFETIVOS;029.XXX.XXX-18;3;40;;1;19/01/2015;;;;;;1 - Efetivo;CONCURSO PUBLICO ;;;Efetivo;;GARI
;Folha Mensal - Janeiro;CHESMA MARIA CASTRO SILVA LIMA;PROFESSOR SE 40H;2.567,03;6.506,01;9.073,04;SECRETARIA MUNICIPAL DE EDUCAÇÃO;SECRETARIA MUNICIPAL DE EDUCAÇÃO;SME- DEPTOR ENSINO FUNDEB 70% III;EFETIVO - PROFESSORES;628.XXX.XXX-68;208;40;UNIDADE ESCOLAR MUNICIPAL CÂNDIDA MACEDO;1;02/02/1998;;;;;;1 - Efetivo;CONCURSO PUBLICO ;;;Efetivo;;PROFESSOR SE 40H
;Folha Mensal - Janeiro;CLAUDÉCIO DIAS GRANJA;MOTORISTA;209,10;2.384,50;2.593,60;SECRETARIA MUNICIPAL DE EDUCAÇÃO;FUNDO DE MANUT. E DEC.DA EDUC.BASICA-FUNDEB;SME-DEPTO.CONTRATO-ENSINO FUNDEB 30%;CONTRATADOS  EDUCAÇÃO;041.XXX.XXX-04;458;40;;2;02/01/2025;;;;;;1 - Efetivo;CONCURSO PUBLICO ;;;Função de Confiança;;ASSESSOR TÉCNICO (A) ADMINISTRATIVO
;Folha Mensal - Janeiro;CLAUDINEIA MARIA DE MACEDO;DIRETOR(A) DE ESCOLA;272,58;2.927,42;3.200,00;SECRETARIA MUNICIPAL DE EDUCAÇÃO;SECRETARIA MUNICIPAL DE EDUCAÇÃO;SME- DEPTOR. ENSINO FUNDEB 70% V - COMISSIONADOS;COMISSIONADOS EDUCAÇÃO;859.XXX.XXX-91;360;40;;3;02/01/2025;;;;;;2 - Comissão;LIVRE PROVIMENTO ;;;Função de Confiança;;DIRETOR(A) DE ESCOLA
;Folha Mensal - Janeiro;CLEBSON ELISON DE ARAUJO;CONSELHEIRO TUTELAR;121,57;1.499,43;1.621,00;SECRETARIA MUNICIPAL DE ASSISTENCIA SOCIAL;SECRETARIA MUNICIPAL DE ASSISTENCIA SOCIAL;SASC-ASSISTENCIA SOCIAL - CONSELHO;ELETIVOS;051.XXX.XXX-76;32;40;SEC MUN. DE ASSISTENCIA SOCIAL;3;10/01/2024;;;;;;7 - Conselheiro;ELEICAO/INDICACAO;;;Contrato Temporario;;CONSELHEIRO TUTELAR
;Folha Mensal - Janeiro;CLEIDIANO HENRIQUE DA SILVA;DIRETOR DE DEPARTAMENTO;179,92;2.089,48;2.269,40;PREFEITURA MUNICIPAL DE PADRE MARCOS-PI;SECRETARIA MUNICIPAL  DE ADMINISTRAÇÃO;SEAD -  DEPTO. ADMINISTRAÇÃO V- COMISSIONADOS;COMISSIONADOS;013.XXX.XXX-70;290;40;PREDIO DA PREFEITURA;2;02/01/2025;;;;;;2 - Comissão;LIVRE PROVIMENTO ;;;Função de Confiança;;DIRETOR DE PROGRAMAS E POJETOS DO SETOR DE TRIBUTOS
;Folha Mensal - Janeiro;CLEIVIMAR MARIA DE SOUSA;GARI;298,27;2.295,33;2.593,60;PREFEITURA MUNICIPAL DE PADRE MARCOS-PI;SECRETARIA MUNICIPAL  DE ADMINISTRAÇÃO;SEAD - DEPTO.ADMINISTRAÇÃO II;EFETIVOS;026.XXX.XXX-02;5;40;;1;19/01/2015;;;;;;1 - Efetivo;CONCURSO PUBLICO ;;;Efetivo;;GARI
;Rescisão - Janeiro;CLENILSA JOSEFINA LEAL;DIRETOR DE DEPARTAMENTO;;0,00;;SECRETARIA MUNICIPAL DE EDUCAÇÃO;FUNDO DE MANUT. E DEC.DA EDUC.BASICA-FUNDEB;SME- DEPTOR ADM FUNDEB 30 % VI - COMISSIONADOS;COMISSIONADOS;044.XXX.XXX-08;483;40;;2;02/01/2025;01/01/2026;;01/2026;;;2 - Comissão;LIVRE PROVIMENTO ;;;Contrato Temporario;;DIRETOR DE DEPARTAMENTO
;Folha Mensal - Janeiro;CLESSIA SILVA LEAL;MONITOR(A);1.621,00;0,00;1.621,00;SECRETARIA MUNICIPAL DE EDUCAÇÃO;SECRETARIA MUNICIPAL DE EDUCAÇÃO;SME-DEPTO.CONTRATO-ENSINO FUNDEB 30%;CONTRATO TEMPORÁRIO;081.XXX.XXX-08;702;40;SECRETARIA MUNICIPAL DE EDUCAÇÃO;1;24/02/2025;;;;;;3 - Temporário;TEMPO DETERMINADO;;;Contrato Temporario;;MONITOR(A)
;Folha Mensal - Janeiro;CLOVIS FRANCISCO DE MORAIS;MONITOR(A);121,57;1.499,43;1.621,00;SECRETARIA MUNICIPAL DE EDUCAÇÃO;FUNDO DE MANUT. E DEC.DA EDUC.BASICA-FUNDEB;SME-DEPTO.CONTRATO-ENSINO FUNDEB 30%;CONTRATO TEMPORÁRIO;065.XXX.XXX-11;409;40;;5;02/03/2025;;01/2023;;;;3 - Temporário;TEMPO DETERMINADO;;;Contrato Temporario;;MONITOR(A)
;Folha Mensal - Janeiro;CONCEIÇÃO DE MARIA DE ARAUJO BEZERRA;FISIOTERAPEUTA;714,51;4.448,91;5.163,42;SECRETARIA MUNICIPAL DE SAUDE;SECRETARIA MUNICIPAL DE SAUDE;SMS - SEC. SAUDE NASF II - PAB;EFETIVOS;030.XXX.XXX-41;126;40;;1;02/02/2015;;;01/2022;;;1 - Efetivo;CONCURSO PUBLICO ;;;Efetivo;;FISIOTERAPEUTA
;Folha Mensal - Janeiro;CRISTINA MARIA LEAL;MONITOR(A);1.621,00;0,00;1.621,00;SECRETARIA MUNICIPAL DE EDUCAÇÃO;FUNDO DE MANUT. E DEC.DA EDUC.BASICA-FUNDEB;SME-DEPTO.CONTRATO-ENSINO FUNDEB 30%;CONTRATADOS  EDUCAÇÃO;908.XXX.XXX-68;311;40;;5;24/02/2025;;;;;;3 - Temporário;TEMPO DETERMINADO;;;Contrato Temporario;;MONITOR(A)
;Folha Mensal - Janeiro;DAIANA KELLY DA SILVA;DIRETOR DE DEPARTAMENTO;121,57;1.499,43;1.621,00;SECRETARIA MUNICIPAL DE EDUCAÇÃO;FUNDO DE MANUT. E DEC.DA EDUC.BASICA-FUNDEB;SME- DEPTOR ADM FUNDEB 30 % VI - COMISSIONADOS;COMISSIONADOS;037.XXX.XXX-75;530;40;SECRETARIA MUNICIPAL DE EDUCAÇÃO;2;02/01/2025;;;;;;2 - Comissão;LIVRE PROVIMENTO ;;;Função de Confiança;;DIRETOR DE DEPARTAMENTO
;Folha Mensal - Janeiro;DALILA ANTONIA LEAL;AG.COMUNITÁRIO DE SAÚDE;355,43;3.834,97;4.190,40;SECRETARIA MUNICIPAL DE SAUDE;SECRETARIA MUNICIPAL DE SAUDE;SMS - SEC.DE SAUDE - ACS I - PAB;CONTRATO TEMPORÁRIO;002.XXX.XXX-08;243;40;SECRETARIA MUNICIPAL DE SAÚDE;7;02/01/2025;;;;;;3 - Temporário;TEMPO DETERMINADO;;;Contrato Temporario;;AG.COMUNITÁRIO DE SAÚDE
;Folha Mensal - Janeiro;DALVA MARIA DA SILVA;CONTROLADOR GERAL;178,68;2.076,92;2.255,60;PREFEITURA MUNICIPAL DE PADRE MARCOS-PI;GABINETE DO PREFEITO;GABINETE DO PREFEITO;COMISSIONADOS;322.XXX.XXX-15;113;40;;3;02/01/2025;;;;;;3 - Temporário;TEMPO DETERMINADO;;;Contrato Temporario;;CONTROLADOR GERAL
;Folha Mensal - Janeiro;DANIEL CARVALHO RODRIGUES;ASSESSOR ESPECIAL;2.026,25;0,00;2.026,25;SECRETARIA MUNICIPAL DE SAUDE;SECRETARIA MUNICIPAL DE SAUDE;SMS-DEPTO.SEC.SAUDE-CONTRATADOS - FUS;COMISSIONADOS;102.XXX.XXX-06;1075;40;;1;01/03/2025;;;;;;2 - Comissão;LIVRE PROVIMENTO ;;;;;ASSESSOR ESPECIAL
;Folha Mensal - Janeiro;DARCILENE MOURA ARAÚJO SOUSA;PROFESSOR SE 40H;2.480,08;6.287,87;8.767,95;SECRETARIA MUNICIPAL DE EDUCAÇÃO;SECRETARIA MUNICIPAL DE EDUCAÇÃO;SME- DEPTO ENSINO INFANTIL FUNDEB 70% - EFETIVOS;EFETIVO - PROFESSORES;330.XXX.XXX-68;168;40;CRECHE PRÉ-ESCOLAR MARGARIDA DE JESUS ALENCAR ( TIA GUIDA);1;15/02/2000;;;019/2023;;;1 - Efetivo;CONCURSO PUBLICO ;;;Efetivo;;PROFESSOR SE 40H
;Folha Mensal - Janeiro;DAUAN DANIEL DE SOUSA;PROFESSOR SL 40H - CELETISTA;3.986,24;0,00;3.986,24;SECRETARIA MUNICIPAL DE EDUCAÇÃO;SECRETARIA MUNICIPAL DE EDUCAÇÃO;SME - DEPTOR. ENSINO FUNDEB 70% IV - CELETISTAS;CONTRATADOS  EDUCAÇÃO;050.XXX.XXX-97;489;40;;3;24/02/2025;;;;;;3 - Temporário;TEMPO DETERMINADO;;;Contrato Temporario;;PROFESSOR SL 40H - CELETISTA
;Folha Mensal - Janeiro;DEBORA LIMA BARROS;PSICOLOGO;173,68;2.026,32;2.200,00;SECRETARIA MUNICIPAL DE ASSISTENCIA SOCIAL;FUNDO MUNICIPAL DE ASSISTENCIA SOCIAL-FMAS;CENTRO DE REFERENCIA. ASSISTENCIA SOCIAL-CRAS-PSB;CONTRATO TEMPORÁRIO;046.XXX.XXX-07;498;40;;3;01/03/2025;;;;;;3 - Temporário;TEMPO DETERMINADO;;;Contrato Temporario;;PSICOLOGO
;Folha Mensal - Janeiro;DEBORA RIBEIRO LEAL DIAS;ORIENTADOR SOCIAL;121,57;1.499,43;1.621,00;SECRETARIA MUNICIPAL DE ASSISTENCIA SOCIAL;SECRETARIA MUNICIPAL DE ASSISTENCIA SOCIAL;SASC-SEC.ASSISTENCIA SOCIAL - ORIENTADORES;CONTRATO TEMPORÁRIO;068.XXX.XXX-92;265;40;;4;01/03/2025;;;;;;3 - Temporário;TEMPO DETERMINADO;03/2025;;Contrato Temporario;;ORIENTADOR SOCIAL
;Folha Mensal - Janeiro;DENISE DE CARVALHO SILVA;ASSESSOR TÉCNICO (A) ADMINISTRATIVO;121,57;1.499,43;1.621,00;SECRETARIA MUNICIPAL DE EDUCAÇÃO;FUNDO DE MANUT. E DEC.DA EDUC.BASICA-FUNDEB;SME- DEPTOR ADM FUNDEB 30 % VI - COMISSIONADOS;COMISSIONADOS;079.XXX.XXX-77;777;40;;1;01/04/2025;;;;;;2 - Comissão;TEMPO DETERMINADO;;;Função de Confiança;;ASSESSOR TÉCNICO (A) ADMINISTRATIVO
;Folha Mensal - Janeiro;DEUSDARIA DE SOUSA MACEDO CARVALHO;PROFESSOR SE 40H;2.567,03;6.506,01;9.073,04;SECRETARIA MUNICIPAL DE EDUCAÇÃO;SECRETARIA MUNICIPAL DE EDUCAÇÃO;SME- DEPTOR ENSINO FUNDEB 70% II;EFETIVO - PROFESSORES;839.XXX.XXX-34;169;40;U.E.M. JOSE DE MOURA LEAL;1;02/02/1998;;;;;;1 - Efetivo;CONCURSO PUBLICO ;;;Efetivo;;PROFESSOR SE 40H
;Folha Mensal - Janeiro;DIEGO ARTHUR GOMES SILVA;ASSESSOR TÉCNICO (A) ADMINISTRATIVO;209,10;2.384,50;2.593,60;PREFEITURA MUNICIPAL DE PADRE MARCOS-PI;SECRETARIA MUNICIPAL  DE ADMINISTRAÇÃO;SEAD -  DEPTO. ADMINISTRAÇÃO V- COMISSIONADOS;COMISSIONADOS;118.XXX.XXX-80;486;40;;2;03/02/2025;;;;;;2 - Comissão;TEMPO DETERMINADO;;;Função de Confiança;;DIRETOR ADMINISTRATIVO
;Folha Mensal - Janeiro;DIONÍSIO JOSÉ DA SILVA;DIRETOR DE DEPARTAMENTO;121,57;1.499,43;1.621,00;SECRETARIA MUNICIPAL DE EDUCAÇÃO;FUNDO DE MANUT. E DEC.DA EDUC.BASICA-FUNDEB;SME- DEPTOR ADM FUNDEB 30 % VI - COMISSIONADOS;COMISSIONADOS;000.XXX.XXX-95;608;40;SECRETARIA MUNICIPAL DE EDUCAÇÃO;1;03/02/2025;;;;;;2 - Comissão;LIVRE PROVIMENTO ;;;Função de Confiança;;DIRETOR DE DEPARTAMENTO
;Folha Mensal - Janeiro;DOMINGOS ALFREDO DA SILVA;AG. COMUNITARIO DE SAÚDE;1.455,76;3.383,04;4.838,80;SECRETARIA MUNICIPAL DE SAUDE;SECRETARIA MUNICIPAL DE SAUDE;SMS - SEC.DE SAUDE - ACS I - PAB;EFETIVOS;014.XXX.XXX-33;46;40;SECRETARIA MUNICIPAL DE SAÚDE;1;01/04/2008;;;;;;1 - Efetivo;CONCURSO PUBLICO ;;;Efetivo;;AG. COMUNITARIO DE SAÚDE
;Folha Mensal - Janeiro;DOMINGOS ALFREDO DA SILVA;DIRETOR ADJUNTO;1.267,28;1.932,72;3.200,00;SECRETARIA MUNICIPAL DE EDUCAÇÃO;SECRETARIA MUNICIPAL DE EDUCAÇÃO;SME- DEPTOR. ENSINO FUNDEB 70% V - COMISSIONADOS;COMISSIONADOS EDUCAÇÃO;014.XXX.XXX-33;46;40;UNIDADE ESCOLAR MUNICIPAL DAVI SEVERIANO DE CARVALHO;5;02/01/2025;;;;;;3 - Temporário;TEMPO DETERMINADO;;;Função de Confiança;;DIRETOR ADJUNTO
;Folha Mensal - Janeiro;EDELSON EDIMILSON DA SILVA;COORDENADOR(A) PEDAGÓGICO;272,58;2.927,42;3.200,00;SECRETARIA MUNICIPAL DE EDUCAÇÃO;SECRETARIA MUNICIPAL DE EDUCAÇÃO;SME- DEPTOR. ENSINO FUNDEB 70% V - COMISSIONADOS;COMISSIONADOS EDUCAÇÃO;066.XXX.XXX-48;244;40;;5;02/01/2025;;;;;;2 - Comissão;TEMPO DETERMINADO;;;Função de Confiança;;COORDENADOR(A) PEDAGÓGICO
;Folha Mensal - Janeiro;EDENA MARIA DE SOUSA;TECNICO EM ENFERMAGEM;260,98;1.927,37;2.188,35;SECRETARIA MUNICIPAL DE SAUDE;SECRETARIA MUNICIPAL DE SAUDE;SMS-DEPTOR.SEC. DE SAUDE II - FUS;EFETIVOS;397.XXX.XXX-34;16;40;SECRETARIA MUNICIPAL DE SAÚDE;1;02/02/2015;;;20/2022;;;1 - Efetivo;CONCURSO PUBLICO ;;;Efetivo;;TECNICO EM ENFERMAGEM
;Folha Complementar c/ Encargos - Janeiro;EDENA MARIA DE SOUSA;TECNICO EM ENFERMAGEM;210,66;-210,66;;SECRETARIA MUNICIPAL DE SAUDE;SECRETARIA MUNICIPAL DE SAUDE;SMS-DEPTOR.SEC. DE SAUDE II - FUS;EFETIVOS;397.XXX.XXX-34;16;40;SECRETARIA MUNICIPAL DE SAÚDE;1;02/02/2015;;;20/2022;;;1 - Efetivo;CONCURSO PUBLICO ;;;Efetivo;;TECNICO EM ENFERMAGEM
;Folha Mensal - Janeiro;EDILENE MACEDO SILVA;PROFESSOR SE 40H;2.213,29;5.944,48;8.157,77;SECRETARIA MUNICIPAL DE EDUCAÇÃO;SECRETARIA MUNICIPAL DE EDUCAÇÃO;SME- DEPTO ENSINO INFANTIL FUNDEB 70% - EFETIVOS;EFETIVO - PROFESSORES;035.XXX.XXX-75;134;40;CRECHE PRÉ-ESCOLAR MARGARIDA DE JESUS ALENCAR ( TIA GUIDA);1;02/03/2015;;;;;;1 - Efetivo;CONCURSO PUBLICO ;;;Efetivo;;PROFESSOR SE 40H
;Folha Mensal - Janeiro;EDILSON ANTONIO DA SILVA;VIGILANTE;291,78;1.653,42;1.945,20;SECRETARIA MUNICIPAL DE EDUCAÇÃO;FUNDO DE MANUT. E DEC.DA EDUC.BASICA-FUNDEB;SME- DEPTO ADM. FUNDEB 30% IV;EFETIVOS;319.XXX.XXX-40;102;40;U.E.M. JOSE DE MOURA LEAL;1;02/03/2015;;;;;;1 - Efetivo;CONCURSO PUBLICO ;;;Efetivo;;VIGILANTE
;Folha Mensal - Janeiro;EDIMAR BENEDITO DA SILVA;COORDENADOR DE SERVIÇOS;121,57;1.499,43;1.621,00;PREFEITURA MUNICIPAL DE PADRE MARCOS-PI;SECRETARIA MUNICIPAL  DE ADMINISTRAÇÃO;SEAD -  DEPTO. ADMINISTRAÇÃO V- COMISSIONADOS;COMISSIONADOS;159.XXX.XXX-34;114;40;;2;01/12/2025;;;;;;2 - Comissão;TEMPO DETERMINADO;;;Função de Confiança;;COORDENADOR DE SERVIÇOS
;Folha Mensal - Janeiro;EDINALDA DE ARAUJO SILVA;PROFESSORA DE EJA - CELETISTA;3.986,24;0,00;3.986,24;SECRETARIA MUNICIPAL DE EDUCAÇÃO;SECRETARIA MUNICIPAL DE EDUCAÇÃO;SME-DEPTOR. ENSINO FUNDEB 70%  VI EJA;CONTRATADOS  EDUCAÇÃO;877.XXX.XXX-53;300;40;UNIDADE ESCOLAR MUNICIPAL DAVI SEVERIANO DE CARVALHO;6;24/02/2025;;;;;;3 - Temporário;TEMPO DETERMINADO;;;Contrato Temporario;;PROFESSOR SL 40H - CELETISTA
;Folha Mensal - Janeiro;EDJENANE MACEDO MOURA;DIRETOR(A) DE ESCOLA;272,58;2.927,42;3.200,00;SECRETARIA MUNICIPAL DE EDUCAÇÃO;SECRETARIA MUNICIPAL DE EDUCAÇÃO;SME- DEPTOR. ENSINO FUNDEB 70% V - COMISSIONADOS;COMISSIONADOS EDUCAÇÃO;953.XXX.XXX-20;302;40;CRECHE PRÉ-ESCOLAR MARGARIDA DE JESUS ALENCAR ( TIA GUIDA);3;02/01/2025;;;;;;2 - Comissão;LIVRE PROVIMENTO ;;;Função de Confiança;;DIRETOR(A) DE ESCOLA
;Folha Mensal - Janeiro;EDSON MACEDO CARVALHO;PROFESSOR SE 40H;2.567,03;6.506,01;9.073,04;SECRETARIA MUNICIPAL DE EDUCAÇÃO;SECRETARIA MUNICIPAL DE EDUCAÇÃO;SME- DEPTOR ENSINO FUNDEB 70% II;EFETIVO - PROFESSORES;553.XXX.XXX-15;172;40;UNIDADE ESCOLAR MUNICIPAL CÂNDIDA MACEDO;1;02/02/1998;;;016/2023;;;1 - Efetivo;CONCURSO PUBLICO ;;;Efetivo;;PROFESSOR SE 40H
;Folha Mensal - Janeiro;EDVALDO JOAQUIM DA SILVA SOBRINHO;MONITOR(A);1.621,00;0,00;1.621,00;SECRETARIA MUNICIPAL DE EDUCAÇÃO;FUNDO DE MANUT. E DEC.DA EDUC.BASICA-FUNDEB;SME-DEPTO.CONTRATO-ENSINO FUNDEB 30%;CONTRATO TEMPORÁRIO;289.XXX.XXX-28;764;40;;1;01/03/2025;;;;;;3 - Temporário;TEMPO DETERMINADO;;;Contrato Temporario;;MONITOR(A)
;Folha Mensal - Janeiro;EDVAR JOSE DE ARAUJO;AG. COMUNITARIO DE SAÚDE;622,47;4.216,33;4.838,80;SECRETARIA MUNICIPAL DE SAUDE;SECRETARIA MUNICIPAL DE SAUDE;SMS - SEC.DE SAUDE - ACS I - PAB;EFETIVOS;819.XXX.XXX-15;47;40;;1;18/03/2003;;;;;;1 - Efetivo;CONCURSO PUBLICO ;;;Efetivo;;AG. COMUNITARIO DE SAÚDE
;Folha Mensal - Janeiro;EDWIGES MARIA DE JESUS;ASSESSOR ESPECIAL;121,57;1.499,43;1.621,00;SECRETARIA MUNICIPAL DE EDUCAÇÃO;FUNDO DE MANUT. E DEC.DA EDUC.BASICA-FUNDEB;SME- DEPTOR ADM FUNDEB 30 % VI - COMISSIONADOS;COMISSIONADOS;385.XXX.XXX-22;795;40;;1;01/05/2025;;;;;;2 - Comissão;LIVRE PROVIMENTO ;;;Função de Confiança;;ASSESSOR ESPECIAL
;Folha Mensal - Janeiro;EIDE JOSE RIBEIRO;VIGILANTE;238,29;1.787,96;2.026,25;PREFEITURA MUNICIPAL DE PADRE MARCOS-PI;SECRETARIA MUNICIPAL  DE ADMINISTRAÇÃO;SEAD - DEPTO. ADMINISTRAÇÃO III;EFETIVOS;818.XXX.XXX-87;115;40;;1;02/03/1999;;;;;;1 - Efetivo;CONCURSO PUBLICO ;;;Efetivo;;VIGILANTE
;Folha Mensal - Janeiro;ELAINE DE SOUSA CARVALHO;NUTRICIONISTA;528,50;3.946,50;4.475,00;SECRETARIA MUNICIPAL DE SAUDE;SECRETARIA MUNICIPAL DE SAUDE;SMS - SEC. SAUDE NASF II - PAB;EFETIVOS;024.XXX.XXX-27;127;40;;1;02/02/2015;;;;;;1 - Efetivo;CONCURSO PUBLICO ;;;Efetivo;;NUTRICIONISTA
;Folha Mensal - Janeiro;ELIANA RODRIGUES DE SOUSA;PROFESSOR SE 40H;2.567,03;6.506,01;9.073,04;SECRETARIA MUNICIPAL DE EDUCAÇÃO;SECRETARIA MUNICIPAL DE EDUCAÇÃO;SME- DEPTOR ENSINO FUNDEB 70% II;EFETIVO - PROFESSORES;628.XXX.XXX-34;174;40;CRECHE PRÉ-ESCOLAR MARGARIDA DE JESUS ALENCAR ( TIA GUIDA);1;02/02/1998;;;;;;1 - Efetivo;CONCURSO PUBLICO ;;;Efetivo;;PROFESSOR SE 40H
;Folha Mensal - Janeiro;ELIANE FRANCISCA DE SOUSA SILVA;PROFESSOR SL 40H - CELETISTA;3.986,24;0,00;3.986,24;SECRETARIA MUNICIPAL DE EDUCAÇÃO;SECRETARIA MUNICIPAL DE EDUCAÇÃO;SME - DEPTOR. ENSINO FUNDEB 70% IV - CELETISTAS;CONTRATADOS  EDUCAÇÃO;012.XXX.XXX-06;253;40;;7;24/02/2025;;;;;;3 - Temporário;TEMPO DETERMINADO;;;Contrato Temporario;;PROFESSOR SL 40H - CELETISTA
;Folha Mensal - Janeiro;ELIDOMAR EDIMAR DE CARVALHO;ASSESSOR TÉCNICO (A) ADMINISTRATIVO;1.621,00;0,00;1.621,00;SECRETARIA MUNICIPAL DE EDUCAÇÃO;FUNDO DE MANUT. E DEC.DA EDUC.BASICA-FUNDEB;SME- DEPTOR ADM FUNDEB 30 % VI - COMISSIONADOS;COMISSIONADOS EDUCAÇÃO;078.XXX.XXX-08;713;40;;1;01/03/2025;;;;;;2 - Comissão;TEMPO DETERMINADO;;;Função de Confiança;;ASSESSOR TÉCNICO (A) ADMINISTRATIVO
;Folha Mensal - Janeiro;ELINEIDE MARIA DA SILVA ARAÚJO ALMEIDA;COZINHEIRO (A);272,33;1.740,41;2.012,74;SECRETARIA MUNICIPAL DE EDUCAÇÃO;FUNDO DE MANUT. E DEC.DA EDUC.BASICA-FUNDEB;SME- DEPTO. ADM.FUNDEB 30% I;EFETIVOS;024.XXX.XXX-77;68;40;U.E.M. JOSE DE MOURA LEAL;1;01/04/2015;;;;;;1 - Efetivo;CONCURSO PUBLICO ;;;Efetivo;;COZINHEIRO (A)
;Folha Mensal - Janeiro;ELIO ZACARIAS DA SILVA JUNIOR;AUX. DE SERVIÇOS GERAIS;121,57;1.499,43;1.621,00;SECRETARIA MUNICIPAL DE EDUCAÇÃO;FUNDO DE MANUT. E DEC.DA EDUC.BASICA-FUNDEB;SME-DEPTO.CONTRATO-ENSINO FUNDEB 30%;CONTRATADOS  EDUCAÇÃO;006.XXX.XXX-05;412;40;;3;02/01/2025;;;;;;3 - Temporário;TEMPO DETERMINADO;;;Contrato Temporario;;ASSESSOR TÉCNICO (A) ADMINISTRATIVO
;Folha Mensal - Janeiro;ELISVAN JACINTO GOMES CARVALHO;ASSESSOR TÉCNICO (A) ADMINISTRATIVO;209,10;2.384,50;2.593,60;SECRETARIA MUNICIPAL DE EDUCAÇÃO;FUNDO DE MANUT. E DEC.DA EDUC.BASICA-FUNDEB;SME- DEPTOR ADM FUNDEB 30 % VI - COMISSIONADOS;COMISSIONADOS EDUCAÇÃO;835.XXX.XXX-10;430;40;;2;02/01/2025;;;;;;2 - Comissão;TEMPO DETERMINADO;;;Função de Confiança;;ASSESSOR TÉCNICO (A) ADMINISTRATIVO
;Folha Mensal - Janeiro;ELITÂNIA JOSEFA DE CARVALHO MACEDO;VISITADOR PCF;1.621,00;0,00;1.621,00;SECRETARIA MUNICIPAL DE ASSISTENCIA SOCIAL;SECRETARIA MUNICIPAL DE ASSISTENCIA SOCIAL; PROG.CRIANÇA FELIZ;COMISSIONADOS;080.XXX.XXX-03;500;40;;2;01/03/2025;;;;;;3 - Temporário;TEMPO DETERMINADO;;;Contrato Temporario;;VISITADOR PCF
;Folha Mensal - Janeiro;ELITANIA MARIA CONCEIÇÃO;PROFESSOR SL 40H - CELETISTA;3.986,24;0,00;3.986,24;SECRETARIA MUNICIPAL DE EDUCAÇÃO;SECRETARIA MUNICIPAL DE EDUCAÇÃO;SME - DEPTOR. ENSINO FUNDEB 70% IV - CELETISTAS;CONTRATADOS  EDUCAÇÃO;966.XXX.XXX-87;249;40;UNIDADE ESCOLAR MUNICIPAL CÂNDIDA MACEDO;7;24/02/2025;;;;;;3 - Temporário;TEMPO DETERMINADO;;;Contrato Temporario;;PROFESSOR SL 40H - CELETISTA
;Folha Mensal - Janeiro;ELIUDE ERASMA ALVES;DIRETOR DE DEPARTAMENTO;121,57;1.499,43;1.621,00;SECRETARIA MUNICIPAL DE EDUCAÇÃO;FUNDO DE MANUT. E DEC.DA EDUC.BASICA-FUNDEB;SME- DEPTOR ADM FUNDEB 30 % VI - COMISSIONADOS;COMISSIONADOS EDUCAÇÃO;367.XXX.XXX-35;597;40;SECRETARIA MUNICIPAL DE EDUCAÇÃO;1;02/01/2025;;;;;;2 - Comissão;LIVRE PROVIMENTO ;;;Efetivo;;DIRETOR DE DEPARTAMENTO
;Folha Mensal - Janeiro;ELIVELTON EDIVALDO DE MACEDO CARVALHO;ASSESSOR ESPECIAL;209,10;2.384,50;2.593,60;SECRETARIA MUNICIPAL DE EDUCAÇÃO;FUNDO DE MANUT. E DEC.DA EDUC.BASICA-FUNDEB;SME- DEPTOR ADM FUNDEB 30 % VI - COMISSIONADOS;COMISSIONADOS;046.XXX.XXX-75;715;40;;1;01/03/2025;;;;;;2 - Comissão;LIVRE PROVIMENTO ;;;Função de Confiança;;ASSESSOR ESPECIAL
;Folha Mensal - Janeiro;ELLEN RIBEIRO SILVA;ASSESSOR ESPECIAL;121,57;1.499,43;1.621,00;SECRETARIA MUNICIPAL DE EDUCAÇÃO;SECRETARIA MUNICIPAL DE EDUCAÇÃO;SME- DEPTOR ADM FUNDEB 30 % VI - COMISSIONADOS;COMISSIONADOS;047.XXX.XXX-38;1076;40;;1;01/03/2025;;;;;;2 - Comissão;LIVRE PROVIMENTO ;;;Função de Confiança;;ASSESSOR ESPECIAL
;Folha Mensal - Janeiro;EMANOELA CONRADO SOUSA LIMA;PROFESSOR SE 40H;4.108,11;3.744,57;7.852,68;SECRETARIA MUNICIPAL DE EDUCAÇÃO;SECRETARIA MUNICIPAL DE EDUCAÇÃO;SME- DEPTO ENSINO INFANTIL FUNDEB 70% - EFETIVOS;EFETIVO - PROFESSORES;790.XXX.XXX-49;135;40;CRECHE PRÉ-ESCOLAR MARGARIDA DE JESUS ALENCAR ( TIA GUIDA);1;02/03/2015;;;;;;1 - Efetivo;CONCURSO PUBLICO ;;;Efetivo;;PROFESSOR SE 40H
;Folha Mensal - Janeiro;EMANUELA PAIVA SILVA;DIRETOR DE DEPARTAMENTO;121,57;1.499,43;1.621,00;SECRETARIA MUNICIPAL DE EDUCAÇÃO;FUNDO DE MANUT. E DEC.DA EDUC.BASICA-FUNDEB;SME- DEPTOR ADM FUNDEB 30 % VI - COMISSIONADOS;COMISSIONADOS EDUCAÇÃO;068.XXX.XXX-10;448;40;;2;02/01/2025;;;;;;2 - Comissão;LIVRE PROVIMENTO ;;;Função de Confiança;;DIRETOR DE DEPARTAMENTO
;Folha Mensal - Janeiro;EMERSON ROBERTO DA SILVA;ORIENTADOR SOCIAL;121,57;1.499,43;1.621,00;SECRETARIA MUNICIPAL DE ASSISTENCIA SOCIAL;SECRETARIA MUNICIPAL DE ASSISTENCIA SOCIAL;SASC-SEC.ASSISTENCIA SOCIAL - ORIENTADORES;CONTRATO TEMPORÁRIO;068.XXX.XXX-30;453;40;;5;02/03/2025;;;;;;3 - Temporário;TEMPO DETERMINADO;03/2025;;Contrato Temporario;;ORIENTADOR SOCIAL
;Folha Mensal - Janeiro;ENOQUE HERMINO LEAL;ASSESSOR TÉCNICO (A) ADMINISTRATIVO;121,57;1.499,43;1.621,00;PREFEITURA MUNICIPAL DE PADRE MARCOS-PI;SECRETARIA MUNICIPAL  DE ADMINISTRAÇÃO;SEAD -  DEPTO. ADMINISTRAÇÃO V- COMISSIONADOS;COMISSIONADOS;869.XXX.XXX-20;469;40;;2;03/02/2025;;;;;;2 - Comissão;TEMPO DETERMINADO;;;Função de Confiança;;ASSESSOR TÉCNICO (A) ADMINISTRATIVO
;Folha Mensal - Janeiro;ERALDO CARVALHO GOMES;SECRETARIO DE  EDUCAÇÃO;315,78;1.939,82;2.255,60;PREFEITURA MUNICIPAL DE PADRE MARCOS-PI;SECRETARIA MUNICIPAL DE FINANÇAS;SECRETARIA MUNICIPAL DE EDUCAÇÃO;EFETIVOS;010.XXX.XXX-27;214;40;;1;02/03/2015;;;;;;5 - Função de Confiança;TEMPO DETERMINADO;;;Efetivo em Comissão;;AUX. DE SERV. GERAIS
;Folha Mensal - Janeiro;ERICK LOURAM DE CARVALHO;ASSESSOR ESPECIAL;1.621,00;0,00;1.621,00;SECRETARIA MUNICIPAL DE EDUCAÇÃO;FUNDO DE MANUT. E DEC.DA EDUC.BASICA-FUNDEB;SME- DEPTOR ADM FUNDEB 30 % VI - COMISSIONADOS;COMISSIONADOS EDUCAÇÃO;080.XXX.XXX-00;548;40;SECRETARIA MUNICIPAL DE EDUCAÇÃO;2;03/02/2025;;;;;;2 - Comissão;LIVRE PROVIMENTO ;;;Função de Confiança;;ASSESSOR ESPECIAL
;Folha Mensal - Janeiro;ERIK RAMON MACEDO;VIGILANTE;291,78;1.720,96;2.012,74;SECRETARIA MUNICIPAL DE EDUCAÇÃO;FUNDO DE MANUT. E DEC.DA EDUC.BASICA-FUNDEB;SME- DEPTO ADM. FUNDEB 30% IV;EFETIVOS;007.XXX.XXX-03;103;40;UNIDADE ESCOLAR MUNICIPAL DAVI SEVERIANO DE CARVALHO;1;27/02/2015;;;;;;1 - Efetivo;CONCURSO PUBLICO ;;;Efetivo;;VIGILANTE
;Folha Mensal - Janeiro;ERIMAR DE CARVALHO GOMES;SECRETARIO MUNICIPAL DE TRANSPORTE;178,68;2.076,92;2.255,60;PREFEITURA MUNICIPAL DE PADRE MARCOS-PI;SECRETARIA MUNICIPAL  DE ADMINISTRAÇÃO;ADM.SEC.MUNICIPAL DE TRANSPORTES;COMISSIONADOS;001.XXX.XXX-32;258;40;;3;02/01/2025;;;;;;2 - Comissão;LIVRE PROVIMENTO ;;;Função de Confiança;;SECRETARIO MUNICIPAL DE TRANSPORTE
;Folha Mensal - Janeiro;ERISVALDO FRANCISCO DA SILVA LIMA;AUX. DE SERVIÇOS GERAIS;121,57;1.499,43;1.621,00;SECRETARIA MUNICIPAL DE SAUDE;SECRETARIA MUNICIPAL DE SAUDE;SMS-DEPTO.SEC.SAUDE-CONTRATADOS - FUS;CONTRATO TEMPORÁRIO;022.XXX.XXX-70;256;40;;5;02/01/2025;;;;;;3 - Temporário;TEMPO DETERMINADO;;;Contrato Temporario;;AUX. DE SERVIÇOS GERAIS
;Folha Mensal - Janeiro;ESEQUIEL JOAQUIM SILVA DIAS;ENFERMEIRO;1.639,80;6.485,20;8.125,00;SECRETARIA MUNICIPAL DE SAUDE;SECRETARIA MUNICIPAL DE SAUDE;SMS - DEPTOR .SEC. DE SAUDE - PAB;EFETIVOS;823.XXX.XXX-15;118;40;UNIDADE PSF;1;01/04/2008;;;;;;1 - Efetivo;CONCURSO PUBLICO ;;;Efetivo;;ENFERMEIRO
;Folha Mensal - Janeiro;ESEQUIEL JOAQUIM SILVA DIAS;PROFESSOR SL 20H;571,04;3.507,84;4.078,88;SECRETARIA MUNICIPAL DE EDUCAÇÃO;SECRETARIA MUNICIPAL DE EDUCAÇÃO;SME-DEPTOR. ENSINO FUNDEB 70%  VI EJA;EFETIVO - PROFESSORES;823.XXX.XXX-15;118;20;UNIDADE ESCOLAR MUNICIPAL DAVI SEVERIANO DE CARVALHO;2;15/02/2000;;;;;;1 - Efetivo;CONCURSO PUBLICO ;;;Efetivo;;PROFESSOR SL 20H
;Folha Mensal - Janeiro;EUDE DA SILVA OLIVEIRA;AUX. DE SERV. GERAIS;295,02;1.974,38;2.269,40;HOSPITAL MUNICIPAL DE PADRE MARCOS;SECRETARIA MUNICIPAL DE SAUDE;HOSPITAL - DEPTO. ADMINISTRATIVO I;EFETIVOS;925.XXX.XXX-34;17;40;HOSPITAL MUNICIPAL DE PADRE MARCOS;1;02/03/2015;;;;;;1 - Efetivo;CONCURSO PUBLICO ;;;Efetivo;;AUX. DE SERV. GERAIS
;Folha Mensal - Janeiro;EUNICE DA SILVA OLIVEIRA;PROFESSOR SE 40H;2.480,08;6.287,87;8.767,95;SECRETARIA MUNICIPAL DE EDUCAÇÃO;SECRETARIA MUNICIPAL DE EDUCAÇÃO;SME- DEPTO ENSINO INFANTIL FUNDEB 70% - EFETIVOS;EFETIVO - PROFESSORES;837.XXX.XXX-72;177;40;CRECHE PRÉ-ESCOLAR MARGARIDA DE JESUS ALENCAR ( TIA GUIDA);1;03/02/1995;;;;;;1 - Efetivo;CONCURSO PUBLICO ;;;Efetivo;;PROFESSOR SE 40H
;Folha Mensal - Janeiro;EUZELITE ALVES DE OLIVEIRA;SECRETARIO(A) ESCOLAR II;291,78;1.653,42;1.945,20;SECRETARIA MUNICIPAL DE EDUCAÇÃO;FUNDO DE MANUT. E DEC.DA EDUC.BASICA-FUNDEB;SME- DEPTO. ADM.FUNDEB 30% I;EFETIVOS;648.XXX.XXX-00;71;40;U.E.M. JOSE DE MOURA LEAL;1;03/02/2015;;;;01/09/2021;09/2021;1 - Efetivo;CONCURSO PUBLICO ;;;Efetivo;;SECRETARIO(A) ESCOLAR II
;Folha Mensal - Janeiro;EVA LEONICE DA COSTA SOUSA;PROFESSOR SL 40H - CELETISTA;3.986,24;0,00;3.986,24;SECRETARIA MUNICIPAL DE EDUCAÇÃO;SECRETARIA MUNICIPAL DE EDUCAÇÃO;SME- DEPTO  ENSINO INFANTIL FUNDEB 70% - SELETISTAS;CONTRATADOS  EDUCAÇÃO;050.XXX.XXX-51;398;40;;4;24/02/2025;;;;;;3 - Temporário;TEMPO DETERMINADO;;;Contrato Temporario;;PROFESSOR SL 40H - CELETISTA
;Folha Mensal - Janeiro;EVA MARIA DA SILVA;ASSESSOR ESPECIAL;209,10;2.384,50;2.593,60;SECRETARIA MUNICIPAL DE EDUCAÇÃO;FUNDO DE MANUT. E DEC.DA EDUC.BASICA-FUNDEB;SME- DEPTOR ADM FUNDEB 30 % VI - COMISSIONADOS;COMISSIONADOS;838.XXX.XXX-00;797;40;;1;01/05/2025;;;05/2026;;;2 - Comissão;LIVRE PROVIMENTO ;;;Função de Confiança;;ASSESSOR ESPECIAL
;Folha Mensal - Janeiro;EVANA SÁ BRITO;PROFESSOR SE 40H;2.213,29;5.944,48;8.157,77;SECRETARIA MUNICIPAL DE EDUCAÇÃO;SECRETARIA MUNICIPAL DE EDUCAÇÃO;SME- DEPTO ENSINO INFANTIL FUNDEB 70% - EFETIVOS;EFETIVO - PROFESSORES;035.XXX.XXX-93;136;40;CRECHE PRÉ-ESCOLAR MARGARIDA DE JESUS ALENCAR ( TIA GUIDA);1;03/08/2015;;;04/2021;;;1 - Efetivo;CONCURSO PUBLICO ;;;Efetivo;;PROFESSOR SE 40H
;Folha Mensal - Janeiro;EVANIO WAGNEY DE CARVALHO TEIXEIRA;ASSESSOR TÉCNICO (A) ADMINISTRATIVO;194,51;2.236,99;2.431,50;SECRETARIA MUNICIPAL DE EDUCAÇÃO;FUNDO DE MANUT. E DEC.DA EDUC.BASICA-FUNDEB;SME- DEPTOR ADM FUNDEB 30 % VI - COMISSIONADOS;COMISSIONADOS EDUCAÇÃO;084.XXX.XXX-88;554;40;SECRETARIA MUNICIPAL DE EDUCAÇÃO;2;02/01/2025;;;;;;2 - Comissão;TEMPO DETERMINADO;;;Função de Confiança;;ASSESSOR TÉCNICO (A) ADMINISTRATIVO
;Folha Mensal - Janeiro;EVILA SOARES ALVES RODRIGUES;TERAPEUTA OCUPACIONAL;2.200,00;0,00;2.200,00;SECRETARIA MUNICIPAL DE EDUCAÇÃO;FUNDO DE MANUT. E DEC.DA EDUC.BASICA-FUNDEB;SME- DPTO.ENSINO FUNDEB 30% EQUIPE EMULT-CELETISTAS;COMISSIONADOS;061.XXX.XXX-76;586;40;SECRETARIA MUNICIPAL DE EDUCAÇÃO;2;01/03/2025;;;;;;3 - Temporário;TEMPO DETERMINADO;;;Contrato Temporario;;TERAPEUTA OCUPACIONAL
;Folha Mensal - Janeiro;EWERSON MACEDO CARVALHO;ASSESSOR ESPECIAL;121,57;1.499,43;1.621,00;SECRETARIA MUNICIPAL DE EDUCAÇÃO;FUNDO DE MANUT. E DEC.DA EDUC.BASICA-FUNDEB;SME- DEPTOR ADM FUNDEB 30 % VI - COMISSIONADOS;COMISSIONADOS;079.XXX.XXX-25;796;40;;1;01/05/2025;;;;;;2 - Comissão;LIVRE PROVIMENTO ;;;Função de Confiança;;ASSESSOR ESPECIAL
;Folha Mensal - Janeiro;EXPEDITO ANTONIO DE CARVALHO;FISCAL DE OBRA;238,29;2.673,76;2.912,05;PREFEITURA MUNICIPAL DE PADRE MARCOS-PI;SECRETARIA MUNICIPAL  DE ADMINISTRAÇÃO;SEAD - DEPTO. ADMINISTRAÇÃO III;TEMPO DE SERVIÇO;112.XXX.XXX-53;111;40;;1;01/03/1983;;;;;;1 - Efetivo;CONCURSO PUBLICO ;;;Efetivo;;FISCAL DE TRIBUTOS
;Folha Mensal - Janeiro;FÁBIA LOANE DE MACEDO;PROFESSOR SE 40H;2.213,29;5.944,48;8.157,77;SECRETARIA MUNICIPAL DE EDUCAÇÃO;SECRETARIA MUNICIPAL DE EDUCAÇÃO;SME- DEPTOR ENSINO FUNDEB 70% I;EFETIVO - PROFESSORES;807.XXX.XXX-04;137;40;U.E.M. JOSE DE MOURA LEAL;1;02/03/2015;;;;;;1 - Efetivo;CONCURSO PUBLICO ;;;Efetivo;;PROFESSOR SE 40H
;Folha Mensal - Janeiro;FABIANO FRANCISCO DA SILVA;ASSESSOR TÉCNICO (A) ADMINISTRATIVO;121,57;1.499,43;1.621,00;SECRETARIA MUNICIPAL DE EDUCAÇÃO;FUNDO DE MANUT. E DEC.DA EDUC.BASICA-FUNDEB;SME- DEPTOR ADM FUNDEB 30 % VI - COMISSIONADOS;COMISSIONADOS;900.XXX.XXX-49;482;40;;2;01/02/2025;;;;;;2 - Comissão;TEMPO DETERMINADO;;;Função de Confiança;;ASSESSOR TÉCNICO (A) ADMINISTRATIVO
;Adiantamento 13º Salário - Janeiro;FABIO JUNIOR DE CARVALHO NASCIMENTO;AUX. DE SERV. GERAIS;;1.151,59;1.151,59;HOSPITAL MUNICIPAL DE PADRE MARCOS;SECRETARIA MUNICIPAL DE SAUDE;HOSPITAL - DEPTO. ADMINISTRATIVO I;EFETIVOS;007.XXX.XXX-09;18;40;HOSPITAL MUNICIPAL DE PADRE MARCOS;1;19/01/2015;;;;;;1 - Efetivo;CONCURSO PUBLICO ;;;Efetivo;;AUX. DE SERV. GERAIS
;Folha Mensal - Janeiro;FABIO JUNIOR DE CARVALHO NASCIMENTO;AUX. DE SERV. GERAIS;260,98;2.251,57;2.512,55;HOSPITAL MUNICIPAL DE PADRE MARCOS;SECRETARIA MUNICIPAL DE SAUDE;HOSPITAL - DEPTO. ADMINISTRATIVO I;EFETIVOS;007.XXX.XXX-09;18;40;HOSPITAL MUNICIPAL DE PADRE MARCOS;1;19/01/2015;;;;;;1 - Efetivo;CONCURSO PUBLICO ;;;Efetivo;;AUX. DE SERV. GERAIS
;Folha Mensal - Janeiro;FABIO MANOEL DE CARVALHO;MONITOR(A);1.621,00;0,00;1.621,00;SECRETARIA MUNICIPAL DE EDUCAÇÃO;FUNDO DE MANUT. E DEC.DA EDUC.BASICA-FUNDEB;SME-DEPTO.CONTRATO-ENSINO FUNDEB 30%;CONTRATO TEMPORÁRIO;067.XXX.XXX-51;262;40;;5;24/02/2025;;;;;;3 - Temporário;TEMPO DETERMINADO;;;Contrato Temporario;;MONITOR(A)
;Folha Mensal - Janeiro;FABIO MOURA DE ARAÚJO;COZINHEIRO (A);272,33;1.740,41;2.012,74;SECRETARIA MUNICIPAL DE EDUCAÇÃO;FUNDO DE MANUT. E DEC.DA EDUC.BASICA-FUNDEB;SME- DEPTO. ADM.FUNDEB 30% I;EFETIVOS;944.XXX.XXX-04;69;40;U.E.M. JOSE DE MOURA LEAL;1;02/02/2015;;;;;;1 - Efetivo;CONCURSO PUBLICO ;;;Efetivo;;COZINHEIRO (A)
;Folha Mensal - Janeiro;FABRICIO FRANCISCO DE CARVALHO LEITE;TECNICO DE CONTROLE INTERNO DE NIVEL I;453,88;2.788,12;3.242,00;PREFEITURA MUNICIPAL DE PADRE MARCOS-PI;SECRETARIA MUNICIPAL  DE ADMINISTRAÇÃO;SEAD - DEPTO. ADMINISTRAÇÃO III;EFETIVOS;052.XXX.XXX-85;307;40;PREDIO DA PREFEITURA;1;09/11/2018;;;;;;1 - Efetivo;CONCURSO PUBLICO ;01/2018;;Efetivo;;TECNICO DE CONTROLE INTERNO DE NIVEL I
;Folha Mensal - Janeiro;FABRICIO LEAL DE FRANÇA;ASSESSOR TÉCNICO (A) ADMINISTRATIVO;121,57;1.499,43;1.621,00;SECRETARIA MUNICIPAL DE EDUCAÇÃO;FUNDO DE MANUT. E DEC.DA EDUC.BASICA-FUNDEB;SME- DEPTOR ADM FUNDEB 30 % VI - COMISSIONADOS;COMISSIONADOS EDUCAÇÃO;069.XXX.XXX-43;425;40;;2;02/01/2025;;;;;;2 - Comissão;TEMPO DETERMINADO;;;Função de Confiança;;ASSESSOR TÉCNICO (A) ADMINISTRATIVO
;Folha Mensal - Janeiro;FELICIANO FRANCISCO DE CARVALHO;PROFESSOR SL 40H - CELETISTA;3.986,24;0,00;3.986,24;SECRETARIA MUNICIPAL DE EDUCAÇÃO;SECRETARIA MUNICIPAL DE EDUCAÇÃO;SME - DEPTOR. ENSINO FUNDEB 70% IV - CELETISTAS;CONTRATADOS  EDUCAÇÃO;067.XXX.XXX-40;245;40;;7;24/02/2025;;;;;;3 - Temporário;TEMPO DETERMINADO;;;Contrato Temporario;;PROFESSOR SL 40H - CELETISTA
;Folha Mensal - Janeiro;FELIPE FRANCISCO SILVA;ASSESSOR TÉCNICO (A) ADMINISTRATIVO;121,57;1.499,43;1.621,00;SECRETARIA MUNICIPAL DE EDUCAÇÃO;FUNDO DE MANUT. E DEC.DA EDUC.BASICA-FUNDEB;SME- DEPTOR ADM FUNDEB 30 % VI - COMISSIONADOS;COMISSIONADOS;065.XXX.XXX-46;772;40;;1;01/04/2025;;;;;;2 - Comissão;TEMPO DETERMINADO;;;Função de Confiança;;ASSESSOR TÉCNICO (A) ADMINISTRATIVO
;Folha Mensal - Janeiro;FELIPE GABRIEL SOUSA MACEDO;ASSESSOR TÉCNICO (A) ADMINISTRATIVO;209,10;2.384,50;2.593,60;PREFEITURA MUNICIPAL DE PADRE MARCOS-PI;SECRETARIA MUNICIPAL  DE ADMINISTRAÇÃO;SEAD -  DEPTO. ADMINISTRAÇÃO V- COMISSIONADOS;COMISSIONADOS;078.XXX.XXX-28;639;40;PREDIO DA PREFEITURA;1;01/02/2025;;;;;;2 - Comissão;TEMPO DETERMINADO;;;Função de Confiança;;DIRETOR ADMINISTRATIVO
;Folha Mensal - Janeiro;FERNANDO ANTONIO DE MACEDO;ASSESSOR TÉCNICO (A) ADMINISTRATIVO;121,57;1.499,43;1.621,00;SECRETARIA MUNICIPAL DE EDUCAÇÃO;FUNDO DE MANUT. E DEC.DA EDUC.BASICA-FUNDEB;SME- DEPTOR ADM FUNDEB 30 % VI - COMISSIONADOS;COMISSIONADOS;065.XXX.XXX-00;535;40;SECRETARIA MUNICIPAL DE EDUCAÇÃO;2;01/08/2025;;;04/2026;;;2 - Comissão;TEMPO DETERMINADO;;;Função de Confiança;;ASSESSOR TÉCNICO (A) ADMINISTRATIVO
;Folha Mensal - Janeiro;FERNANDO FRANCISCO DE CARVALHO;DIRETOR DE DEPARTAMENTO;1.621,00;0,00;1.621,00;SECRETARIA MUNICIPAL DE EDUCAÇÃO;FUNDO DE MANUT. E DEC.DA EDUC.BASICA-FUNDEB;SME- DEPTOR ADM FUNDEB 30 % VI - COMISSIONADOS;COMISSIONADOS EDUCAÇÃO;043.XXX.XXX-35;454;40;;2;02/01/2025;;;;;;2 - Comissão;LIVRE PROVIMENTO ;;;Função de Confiança;;DIRETOR DE DEPARTAMENTO
;Folha Mensal - Janeiro;FLAVIA MARIA CARVALHO;VIGILANTE;673,20;1.190,95;1.864,15;SECRETARIA MUNICIPAL DE EDUCAÇÃO;FUNDO DE MANUT. E DEC.DA EDUC.BASICA-FUNDEB;SME- DEPTO ADM. FUNDEB 30% IV;EFETIVOS;002.XXX.XXX-40;104;40;CRECHE PRÉ-ESCOLAR MARGARIDA DE JESUS ALENCAR ( TIA GUIDA);1;01/12/2016;;;;;;1 - Efetivo;CONCURSO PUBLICO ;;;Efetivo;;VIGILANTE
;Folha Mensal - Janeiro;FLAVIO HENRIQUE DE CARVALHO OLIVEIRA;SECRETARIO(A) UNIDADE ESCOLAR MUNICIPAL;1.621,00;0,00;1.621,00;SECRETARIA MUNICIPAL DE EDUCAÇÃO;FUNDO DE MANUT. E DEC.DA EDUC.BASICA-FUNDEB;SME- DEPTOR ADM FUNDEB 30 % VI - COMISSIONADOS;COMISSIONADOS;622.XXX.XXX-61;514;40;;2;01/03/2025;;;;;;2 - Comissão;LIVRE PROVIMENTO ;;;Função de Confiança;;SECRETARIO(A) UNIDADE ESCOLAR MUNICIPAL
;Folha Mensal - Janeiro;FRANCIEL LUIZ DE CARVALHO;ASSESSOR TÉCNICO (A) ADMINISTRATIVO;1.621,00;0,00;1.621,00;SECRETARIA MUNICIPAL DE EDUCAÇÃO;FUNDO DE MANUT. E DEC.DA EDUC.BASICA-FUNDEB;SME- DEPTOR ADM FUNDEB 30 % VI - COMISSIONADOS;CONTRATADOS  EDUCAÇÃO;603.XXX.XXX-04;286;40;;6;01/03/2025;;;;;;2 - Comissão;TEMPO DETERMINADO;;;Função de Confiança;;ASSESSOR TÉCNICO (A) ADMINISTRATIVO
;Folha Mensal - Janeiro;FRANCIELE CONCEIÇÃO SILVA;DIRETOR(A) DE ESCOLA;272,58;2.927,42;3.200,00;SECRETARIA MUNICIPAL DE EDUCAÇÃO;SECRETARIA MUNICIPAL DE EDUCAÇÃO;SME- DEPTOR. ENSINO FUNDEB 70% V - COMISSIONADOS;COMISSIONADOS EDUCAÇÃO;037.XXX.XXX-44;346;40;;2;01/02/2025;;;;;;2 - Comissão;LIVRE PROVIMENTO ;;;Função de Confiança;;DIRETOR(A) DE ESCOLA
;Folha Mensal - Janeiro;FRANCIELMA MARIA DE CARVALHO;SECRETARIO(A) UNIDADE ESCOLAR MUNICIPAL;1.621,00;0,00;1.621,00;SECRETARIA MUNICIPAL DE EDUCAÇÃO;FUNDO DE MANUT. E DEC.DA EDUC.BASICA-FUNDEB;SME- DEPTOR ADM FUNDEB 30 % VI - COMISSIONADOS;COMISSIONADOS EDUCAÇÃO;094.XXX.XXX-00;549;40;SECRETARIA MUNICIPAL DE EDUCAÇÃO;2;01/03/2025;;;;;;2 - Comissão;LIVRE PROVIMENTO ;;;Função de Confiança;;SECRETARIO(A) UNIDADE ESCOLAR MUNICIPAL
;Folha Mensal - Janeiro;FRANCILANA MARIA DE CARVALHO;DIRETOR(A) DE ESCOLA;272,58;2.927,42;3.200,00;SECRETARIA MUNICIPAL DE EDUCAÇÃO;SECRETARIA MUNICIPAL DE EDUCAÇÃO;SME- DEPTOR. ENSINO FUNDEB 70% V - COMISSIONADOS;COMISSIONADOS EDUCAÇÃO;026.XXX.XXX-79;255;40;;4;02/01/2025;;;;;;2 - Comissão;LIVRE PROVIMENTO ;;;Contrato/Temporário;;DIRETOR(A) DE ESCOLA
;Folha Mensal - Janeiro;FRANCILENE DA CONCEIÇÃO SILVA;PROFESSOR SL 40H;1.559,11;5.073,23;6.632,34;SECRETARIA MUNICIPAL DE EDUCAÇÃO;SECRETARIA MUNICIPAL DE EDUCAÇÃO;SME- DEPTOR ENSINO FUNDEB 70% I;EFETIVO - PROFESSORES;078.XXX.XXX-06;138;40;UNIDADE ESCOLAR JOSE JUBELINO DE MACEDO;1;03/08/2015;;;;;;1 - Efetivo;CONCURSO PUBLICO ;;;Efetivo;;PROFESSOR SL 40H
;Folha Mensal - Janeiro;FRANCILENE GOMES DA SILVA;TECNICO EM ENFERMAGEM;295,02;2.298,58;2.593,60;SECRETARIA MUNICIPAL DE SAUDE;SECRETARIA MUNICIPAL DE SAUDE;SMS-DEPTOR.SEC. DE SAUDE II - FUS;EFETIVOS;897.XXX.XXX-72;19;40;SECRETARIA MUNICIPAL DE SAÚDE;1;19/01/2015;;;;;;1 - Efetivo;CONCURSO PUBLICO ;;;Efetivo;;TECNICO EM ENFERMAGEM
;Folha Complementar c/ Encargos - Janeiro;FRANCILENE GOMES DA SILVA;TECNICO EM ENFERMAGEM;210,66;-210,66;;SECRETARIA MUNICIPAL DE SAUDE;SECRETARIA MUNICIPAL DE SAUDE;SMS-DEPTOR.SEC. DE SAUDE II - FUS;EFETIVOS;897.XXX.XXX-72;19;40;SECRETARIA MUNICIPAL DE SAÚDE;1;19/01/2015;;;;;;1 - Efetivo;CONCURSO PUBLICO ;;;Efetivo;;TECNICO EM ENFERMAGEM
;Folha Mensal - Janeiro;FRANCIMARY PERPETUA DE CARVALHO;AUX. DE SERVIÇOS GERAIS;1.621,00;0,00;1.621,00;SECRETARIA MUNICIPAL DE EDUCAÇÃO;FUNDO DE MANUT. E DEC.DA EDUC.BASICA-FUNDEB;SME-DEPTO.CONTRATO-ENSINO FUNDEB 30%;CONTRATADOS  EDUCAÇÃO;061.XXX.XXX-62;316;40;;5;02/03/2025;;;;;;3 - Temporário;TEMPO DETERMINADO;;;Contrato Temporario;;AUX. DE SERVIÇOS GERAIS
;Folha Mensal - Janeiro;FRANCIMEIRY JULIETA DE CARVALHO;AG. COMUNITARIO DE SAÚDE;858,99;4.790,31;5.649,30;SECRETARIA MUNICIPAL DE SAUDE;SECRETARIA MUNICIPAL DE SAUDE;SMS - SEC.DE SAUDE - ACS I - PAB;EFETIVOS;028.XXX.XXX-27;48;40;;1;05/10/2016;;;;;;1 - Efetivo;CONCURSO PUBLICO ;;;Efetivo;;AG. COMUNITARIO DE SAÚDE
;Folha Mensal - Janeiro;FRANCINALDO SILVA LIMA;MOTORISTA;209,10;2.384,50;2.593,60;SECRETARIA MUNICIPAL DE EDUCAÇÃO;FUNDO DE MANUT. E DEC.DA EDUC.BASICA-FUNDEB;SME-DEPTO.CONTRATO-ENSINO FUNDEB 30%;CONTRATADOS  EDUCAÇÃO;038.XXX.XXX-06;445;40;;2;02/01/2025;;;;;;1 - Efetivo;CONCURSO PUBLICO ;;;Contrato Temporario;;DIRETOR DE DEPARTAMENTO
;Folha Mensal - Janeiro;FRANCINÊS MARIA DE CARVALHO;COORDENADOR(A) PEDAGÓGICO;272,58;2.927,42;3.200,00;SECRETARIA MUNICIPAL DE EDUCAÇÃO;SECRETARIA MUNICIPAL DE EDUCAÇÃO;SME- DEPTOR. ENSINO FUNDEB 70% V - COMISSIONADOS;COMISSIONADOS;067.XXX.XXX-03;707;40;;1;01/03/2025;;;;;;2 - Comissão;TEMPO DETERMINADO;;;Função de Confiança;;COORDENADOR(A) PEDAGÓGICO
;Folha Mensal - Janeiro;FRANCISCA CRISTINA DE SOUSA SILVA;AUX. DE SERV. GERAIS;291,78;1.653,42;1.945,20;SECRETARIA MUNICIPAL DE EDUCAÇÃO;FUNDO DE MANUT. E DEC.DA EDUC.BASICA-FUNDEB;SME- DEPTO. ADM -FUNDEB 30% II;EFETIVO - PROFESSORES;839.XXX.XXX-00;73;40;UNIDADE ESCOLAR MUNICIPAL CÂNDIDA MACEDO;1;02/03/1998;;;;;;1 - Efetivo;CONCURSO PUBLICO ;;;Efetivo;;AUX. DE SERV. GERAIS
;Folha Mensal - Janeiro;FRANCISCA DOS SANTOS CAMPINA;AG. COMUNITARIO DE SAÚDE;598,15;4.078,55;4.676,70;SECRETARIA MUNICIPAL DE SAUDE;SECRETARIA MUNICIPAL DE SAUDE;SMS - SEC.DE SAUDE - ACS I - PAB;EFETIVOS;000.XXX.XXX-92;45;40;;1;18/03/2003;;;;;;1 - Efetivo;CONCURSO PUBLICO ;;;Efetivo;;AG. COMUNITARIO DE SAÚDE
;Folha Mensal - Janeiro;FRANCISCA MARIA DE ARAUJO BEZERRA;ASSESSOR TÉCNICO (A) ADMINISTRATIVO;121,57;1.499,43;1.621,00;PREFEITURA MUNICIPAL DE PADRE MARCOS-PI;SECRETARIA MUNICIPAL  DE ADMINISTRAÇÃO;SEAD -  DEPTO. ADMINISTRAÇÃO V- COMISSIONADOS;COMISSIONADOS;854.XXX.XXX-00;527;40;PREDIO DA PREFEITURA;2;02/01/2025;;;;;;2 - Comissão;TEMPO DETERMINADO;;;Função de Confiança;;ASSESSOR TÉCNICO (A) ADMINISTRATIVO
;Folha Mensal - Janeiro;FRANCISCA QUEROBINA DE JESUS CARVALHO;ASSESSOR TÉCNICO (A) ADMINISTRATIVO;209,10;2.384,50;2.593,60;SECRETARIA MUNICIPAL DE EDUCAÇÃO;FUNDO DE MANUT. E DEC.DA EDUC.BASICA-FUNDEB;SME- DEPTOR ADM FUNDEB 30 % VI - COMISSIONADOS;COMISSIONADOS EDUCAÇÃO;988.XXX.XXX-49;460;40;;2;02/01/2025;;;;;;2 - Comissão;TEMPO DETERMINADO;;;Função de Confiança;;ASSESSOR TÉCNICO (A) ADMINISTRATIVO
;Folha Mensal - Janeiro;FRANCISCO ALEXANDRE DE CARVALHO;ASSESSOR TÉCNICO (A) ADMINISTRATIVO;179,92;2.089,48;2.269,40;SECRETARIA MUNICIPAL DE EDUCAÇÃO;FUNDO DE MANUT. E DEC.DA EDUC.BASICA-FUNDEB;SME- DEPTOR ADM FUNDEB 30 % VI - COMISSIONADOS;COMISSIONADOS;852.XXX.XXX-10;811;40;;1;01/07/2025;;;;;;2 - Comissão;TEMPO DETERMINADO;;;Função de Confiança;;ASSESSOR TÉCNICO (A) ADMINISTRATIVO
;Folha Mensal - Janeiro;FRANCISCO ANTONIO DA SILVA;PROFESSOR SE 40H;3.951,34;4.206,43;8.157,77;SECRETARIA MUNICIPAL DE EDUCAÇÃO;SECRETARIA MUNICIPAL DE EDUCAÇÃO;SME- DEPTOR ENSINO FUNDEB 70% I;EFETIVO - PROFESSORES;017.XXX.XXX-06;139;40;U.E.M. JOSE DE MOURA LEAL;1;02/03/2015;;;;;;1 - Efetivo;CONCURSO PUBLICO ;;;Efetivo;;PROFESSOR SE 40H
;Folha Mensal - Janeiro;FRANCISCO ANTONIO DE CARVALHO;PROFESSOR SE 40H;2.392,40;6.375,55;8.767,95;SECRETARIA MUNICIPAL DE EDUCAÇÃO;SECRETARIA MUNICIPAL DE EDUCAÇÃO;SME- DEPTOR ENSINO FUNDEB 70% II;EFETIVO - PROFESSORES;833.XXX.XXX-15;179;40;UNIDADE ESCOLAR MUNICIPAL DAVI SEVERIANO DE CARVALHO;1;02/02/1998;;;;;;1 - Efetivo;CONCURSO PUBLICO ;;;Efetivo;;PROFESSOR SL 20H
;Folha Mensal - Janeiro;FRANCISCO BATISTA DE OLIVEIRA;ASSESSOR TÉCNICO (A) ADMINISTRATIVO;121,57;1.499,43;1.621,00;SECRETARIA MUNICIPAL DE EDUCAÇÃO;FUNDO DE MANUT. E DEC.DA EDUC.BASICA-FUNDEB;SME- DEPTOR ADM FUNDEB 30 % VI - COMISSIONADOS;COMISSIONADOS EDUCAÇÃO;622.XXX.XXX-72;821;40;;1;01/08/2025;;;;;;2 - Comissão;TEMPO DETERMINADO;;;Função de Confiança;;ASSESSOR TÉCNICO (A) ADMINISTRATIVO
;Folha Mensal - Janeiro;FRANCISCO CICERO LEAL;DIRETOR DE DEPARTAMENTO;121,57;1.499,43;1.621,00;SECRETARIA MUNICIPAL DE EDUCAÇÃO;FUNDO DE MANUT. E DEC.DA EDUC.BASICA-FUNDEB;SME- DEPTOR ADM FUNDEB 30 % VI - COMISSIONADOS;COMISSIONADOS;019.XXX.XXX-96;589;40;;2;02/01/2024;;;;;;2 - Comissão;LIVRE PROVIMENTO ;;;Função de Confiança;;DIRETOR DE DEPARTAMENTO
;Folha Mensal - Janeiro;FRANCISCO CLEYDERMAN DE SOUSA;ASSESSOR TÉCNICO (A) ADMINISTRATIVO;121,57;1.499,43;1.621,00;SECRETARIA MUNICIPAL DE EDUCAÇÃO;FUNDO DE MANUT. E DEC.DA EDUC.BASICA-FUNDEB;SME- DEPTOR ADM FUNDEB 30 % VI - COMISSIONADOS;COMISSIONADOS;077.XXX.XXX-43;774;40;;1;01/04/2025;;;;;;2 - Comissão;TEMPO DETERMINADO;;;Função de Confiança;;ASSESSOR TÉCNICO (A) ADMINISTRATIVO
;Folha Mensal - Janeiro;FRANCISCO DE ASSIS DE CARVALHO;DIRETOR DE DEPARTAMENTO;121,57;1.499,43;1.621,00;SECRETARIA MUNICIPAL DE EDUCAÇÃO;FUNDO DE MANUT. E DEC.DA EDUC.BASICA-FUNDEB;SME- DEPTOR ADM FUNDEB 30 % VI - COMISSIONADOS;COMISSIONADOS EDUCAÇÃO;012.XXX.XXX-23;432;40;;2;02/01/2025;;;;;;2 - Comissão;LIVRE PROVIMENTO ;;;Função de Confiança;;DIRETOR DE DEPARTAMENTO
;Folha Mensal - Janeiro;FRANCISCO DE ASSIS MARQUES;ASSESSOR ESPECIAL;209,10;2.384,50;2.593,60;PREFEITURA MUNICIPAL DE PADRE MARCOS-PI;SECRETARIA MUNICIPAL  DE ADMINISTRAÇÃO;SEAD -  DEPTO. ADMINISTRAÇÃO V- COMISSIONADOS;COMISSIONADOS;820.XXX.XXX-91;1078;40;;1;01/03/2025;;;;;;2 - Comissão;LIVRE PROVIMENTO ;;;Função de Confiança;;ASSESSOR ESPECIAL
;Folha Mensal - Janeiro;FRANCISCO DE ASSIS SILVA;DIRETOR DE DEPARTAMENTO;121,57;1.499,43;1.621,00;PREFEITURA MUNICIPAL DE PADRE MARCOS-PI;SECRETARIA MUNICIPAL  DE ADMINISTRAÇÃO;SEAD -  DEPTO. ADMINISTRAÇÃO V- COMISSIONADOS;COMISSIONADOS;003.XXX.XXX-13;517;40;;2;02/01/2025;;;;;;2 - Comissão;LIVRE PROVIMENTO ;;;Função de Confiança;;DIRETOR DE OBRAS E INFRAESTRUTURA
;Folha Mensal - Janeiro;FRANCISCO EVALDO DA SILVA;ASSESSOR ESPECIAL;159,50;1.882,96;2.042,46;SECRETARIA MUNICIPAL DE EDUCAÇÃO;SECRETARIA MUNICIPAL DE EDUCAÇÃO;SME- DEPTOR ADM FUNDEB 30 % VI - COMISSIONADOS;COMISSIONADOS;748.XXX.XXX-15;587;40;SECRETARIA MUNICIPAL DE EDUCAÇÃO;2;02/01/2025;;;;;;2 - Comissão;LIVRE PROVIMENTO ;;;Função de Confiança;;ASSESSOR ESPECIAL
;Folha Mensal - Janeiro;FRANCISCO EVERALDO DOS REIS JUNIOR;COORDENADOR DE SERVIÇOS;166,79;1.956,72;2.123,51;PREFEITURA MUNICIPAL DE PADRE MARCOS-PI;SECRETARIA MUNICIPAL  DE ADMINISTRAÇÃO;SEAD -  DEPTO. ADMINISTRAÇÃO V- COMISSIONADOS;COMISSIONADOS EDUCAÇÃO;066.XXX.XXX-55;366;40;;2;02/01/2025;;;;;;2 - Comissão;TEMPO DETERMINADO;;;Função de Confiança;;COORDENADOR DE SERVIÇOS
;Folha Mensal - Janeiro;FRANCISCO FILHO DOS REIS GOMES;TECNICO EM ENFERMAGEM;916,67;1.595,88;2.512,55;HOSPITAL MUNICIPAL DE PADRE MARCOS;SECRETARIA MUNICIPAL DE SAUDE;HOSPITAL - DEPTO. ADMINISTRATIVO I;EFETIVOS;007.XXX.XXX-00;20;40;HOSPITAL MUNICIPAL DE PADRE MARCOS;1;19/01/2015;;;;;;1 - Efetivo;CONCURSO PUBLICO ;;;Efetivo;;TECNICO EM ENFERMAGEM
;Folha Complementar c/ Encargos - Janeiro;FRANCISCO FILHO DOS REIS GOMES;TECNICO EM ENFERMAGEM;210,66;-210,66;;HOSPITAL MUNICIPAL DE PADRE MARCOS;SECRETARIA MUNICIPAL DE SAUDE;HOSPITAL - DEPTO. ADMINISTRATIVO I;EFETIVOS;007.XXX.XXX-00;20;40;HOSPITAL MUNICIPAL DE PADRE MARCOS;1;19/01/2015;;;;;;1 - Efetivo;CONCURSO PUBLICO ;;;Efetivo;;TECNICO EM ENFERMAGEM
;Folha Mensal - Janeiro;FRANCISCO FLORENTINO DE CARVALHO FILHO;GARI;298,27;2.295,33;2.593,60;PREFEITURA MUNICIPAL DE PADRE MARCOS-PI;SECRETARIA MUNICIPAL  DE ADMINISTRAÇÃO;SEAD - DEPTO.ADMINISTRAÇÃO II;EFETIVOS;015.XXX.XXX-55;7;40;;1;19/01/2015;;;;;;1 - Efetivo;CONCURSO PUBLICO ;;;Efetivo;;GARI
;Folha Mensal - Janeiro;FRANCISCO GILMAR DE SOUSA;ASSESSOR TÉCNICO (A) ADMINISTRATIVO;209,10;2.384,50;2.593,60;SECRETARIA MUNICIPAL DE EDUCAÇÃO;FUNDO DE MANUT. E DEC.DA EDUC.BASICA-FUNDEB;SME- DEPTOR ADM FUNDEB 30 % VI - COMISSIONADOS;COMISSIONADOS;021.XXX.XXX-13;572;40;SECRETARIA MUNICIPAL DE EDUCAÇÃO;2;02/01/2025;;;;;;2 - Comissão;TEMPO DETERMINADO;;;Função de Confiança;;ASSESSOR TÉCNICO (A) ADMINISTRATIVO
;Folha Mensal - Janeiro;FRANCISCO JOSE DA SILVA;PROFESSOR SL 40H;2.095,37;5.757,32;7.852,69;SECRETARIA MUNICIPAL DE EDUCAÇÃO;SECRETARIA MUNICIPAL DE EDUCAÇÃO;SME- DEPTOR ENSINO FUNDEB 70% I;EFETIVO - PROFESSORES;031.XXX.XXX-12;140;40;UNIDADE ESCOLAR MUNICIPAL DAVI SEVERIANO DE CARVALHO;1;01/03/2016;;;;;;1 - Efetivo;CONCURSO PUBLICO ;;;Efetivo;;PROFESSOR SL 40H
;Folha Mensal - Janeiro;FRANCISCO JOSÉ DE CARVALHO;AG. COMUNITARIO DE SAÚDE;881,39;3.795,31;4.676,70;SECRETARIA MUNICIPAL DE SAUDE;SECRETARIA MUNICIPAL DE SAUDE;SMS - SEC.DE SAUDE - ACS I - PAB;EFETIVOS;800.XXX.XXX-20;34;40;;1;18/03/2003;;;;;;1 - Efetivo;CONCURSO PUBLICO ;;;Efetivo;;AG. COMUNITARIO DE SAÚDE
;Folha Mensal - Janeiro;FRANCISCO JOSE DE CARVALHO MACEDO;PROFESSOR SE 40H;2.095,37;5.757,32;7.852,69;SECRETARIA MUNICIPAL DE EDUCAÇÃO;SECRETARIA MUNICIPAL DE EDUCAÇÃO;SME- DEPTOR ENSINO FUNDEB 70% I;EFETIVO - PROFESSORES;034.XXX.XXX-57;141;40;UNIDADE ESCOLAR MUNICIPAL CÂNDIDA MACEDO;1;01/03/2016;;;;;;1 - Efetivo;CONCURSO PUBLICO ;;;Efetivo;;PROFESSOR SE 40H
;Folha Mensal - Janeiro;FRANCISCO MIZAEL DE CARVALHO;DIRETOR(A) DE ESCOLA;272,58;2.927,42;3.200,00;SECRETARIA MUNICIPAL DE EDUCAÇÃO;SECRETARIA MUNICIPAL DE EDUCAÇÃO;SME- DEPTOR. ENSINO FUNDEB 70% V - COMISSIONADOS;COMISSIONADOS EDUCAÇÃO;044.XXX.XXX-88;324;40;;2;02/01/2025;;;;;;2 - Comissão;LIVRE PROVIMENTO ;;;Contrato Temporario;;DIRETOR(A) DE ESCOLA
;Folha Mensal - Janeiro;FRANCISCO PEDRO DE CARVALHO;ASSESSOR TÉCNICO (A) ADMINISTRATIVO;149,28;1.779,71;1.928,99;SECRETARIA MUNICIPAL DE EDUCAÇÃO;FUNDO DE MANUT. E DEC.DA EDUC.BASICA-FUNDEB;SME- DEPTOR ADM FUNDEB 30 % VI - COMISSIONADOS;COMISSIONADOS;004.XXX.XXX-74;810;40;;1;01/07/2025;;;;;;2 - Comissão;TEMPO DETERMINADO;;;Função de Confiança;;ASSESSOR TÉCNICO (A) ADMINISTRATIVO
;Folha Mensal - Janeiro;FRANCISCO VITALINO DA SILVA;GARI;286,11;2.226,44;2.512,55;PREFEITURA MUNICIPAL DE PADRE MARCOS-PI;SECRETARIA MUNICIPAL  DE ADMINISTRAÇÃO;SEAD - DEPTO.ADMINISTRAÇÃO II;EFETIVOS;926.XXX.XXX-72;6;40;;1;25/11/2016;;;;;;1 - Efetivo;CONCURSO PUBLICO ;;;Efetivo;;GARI
;Folha Mensal - Janeiro;FRANCISCO WESLEY DIAS DA SILVA;AUX. DE SERV. GERAIS;282,86;2.229,69;2.512,55;HOSPITAL MUNICIPAL DE PADRE MARCOS;SECRETARIA MUNICIPAL DE SAUDE;HOSPITAL - DEPTO. ADMINISTRATIVO I;EFETIVOS;010.XXX.XXX-14;21;40;HOSPITAL MUNICIPAL DE PADRE MARCOS;1;19/01/2015;;;;;;1 - Efetivo;CONCURSO PUBLICO ;;;Efetivo;;AUX. DE SERV. GERAIS
;Folha Mensal - Janeiro;FRANCISCO ZACARIAS RIBEIRO;PROFESSOR SE 40H;2.480,08;6.287,87;8.767,95;SECRETARIA MUNICIPAL DE EDUCAÇÃO;SECRETARIA MUNICIPAL DE EDUCAÇÃO;SME- DEPTOR ENSINO FUNDEB 70% II;EFETIVO - PROFESSORES;713.XXX.XXX-15;180;40;UNIDADE ESCOLAR MUNICIPAL DAVI SEVERIANO DE CARVALHO;1;02/02/1998;;;015/2022;;;1 - Efetivo;CONCURSO PUBLICO ;;;Efetivo;;PROFESSOR SE 40H
;Folha Mensal - Janeiro;FRANSWILKER FRANCISCO DE SOUSA;PROFESSOR SELETISTA;3.986,24;0,00;3.986,24;SECRETARIA MUNICIPAL DE EDUCAÇÃO;SECRETARIA MUNICIPAL DE EDUCAÇÃO;SME - DEPTOR. ENSINO FUNDEB 70% IV - CELETISTAS;CONTRATADOS  EDUCAÇÃO;055.XXX.XXX-32;401;40;;4;24/02/2025;;;;;;3 - Temporário;TEMPO DETERMINADO;;;Contrato Temporario;;PROFESSOR SL 40H - CELETISTA
;Folha Mensal - Janeiro;GEDEONES LOPES DE BRITO;ENGENHEIRO FLORESTAL;364,19;3.599,15;3.963,34;PREFEITURA MUNICIPAL DE PADRE MARCOS-PI;SECRETARIA MUNICIPAL DE MEIO AMBIENTE;SEMA -  SECRETARIA DO MEIO AMBIENTE;CONTRATO TEMPORÁRIO;028.XXX.XXX-02;379;40;;5;02/01/2025;;01/2023;03/2026;;;3 - Temporário;TEMPO DETERMINADO;;;Contrato Temporario;;ENGENHEIRO FLORESTAL
;Folha Mensal - Janeiro;GENEILSA ANA DE OLIVEIRA SOUSA;SECRETARIA MUNICIPAL DO MEIO AMBIENTE;178,68;2.076,92;2.255,60;PREFEITURA MUNICIPAL DE PADRE MARCOS-PI;SECRETARIA MUNICIPAL DE MEIO AMBIENTE;SEMA -  SECRETARIA DO MEIO AMBIENTE;COMISSIONADOS;037.XXX.XXX-09;568;40;PREDIO DA PREFEITURA;2;02/01/2025;;;;;;2 - Comissão;LIVRE PROVIMENTO ;;;Função de Confiança;;SECRETARIA MUNICIPAL DO MEIO AMBIENTE
;Folha Mensal - Janeiro;GENIVALDO FRANCISCO DA SILVA;ASSESSOR TÉCNICO (A) ADMINISTRATIVO;121,57;1.499,43;1.621,00;SECRETARIA MUNICIPAL DE EDUCAÇÃO;FUNDO DE MANUT. E DEC.DA EDUC.BASICA-FUNDEB;SME- DEPTOR ADM FUNDEB 30 % VI - COMISSIONADOS;COMISSIONADOS;077.XXX.XXX-63;773;40;;1;01/04/2025;;;;;;2 - Comissão;TEMPO DETERMINADO;;;Função de Confiança;;ASSESSOR TÉCNICO (A) ADMINISTRATIVO
;Folha Mensal - Janeiro;GEORCISA ARAÚJO LEAL;PROFESSOR SE 20H;588,95;3.337,39;3.926,34;SECRETARIA MUNICIPAL DE EDUCAÇÃO;SECRETARIA MUNICIPAL DE EDUCAÇÃO;SME- DEPTOR ENSINO FUNDEB 70% I;EFETIVO - PROFESSORES;454.XXX.XXX-78;142;20;UNIDADE ESCOLAR MUNICIPAL CÂNDIDA MACEDO;1;02/03/2015;;;;;;1 - Efetivo;CONCURSO PUBLICO ;;;Efetivo;;PROFESSOR SL 20H
;Folha Mensal - Janeiro;GEOVALDO LOURENÇO RIBEIRO;MOTORISTA;209,10;2.384,50;2.593,60;SECRETARIA MUNICIPAL DE EDUCAÇÃO;FUNDO DE MANUT. E DEC.DA EDUC.BASICA-FUNDEB;SME-DEPTO.CONTRATO-ENSINO FUNDEB 30%;CONTRATADOS  EDUCAÇÃO;895.XXX.XXX-91;585;40;SECRETARIA MUNICIPAL DE EDUCAÇÃO;2;02/01/2025;;;;;;1 - Efetivo;CONCURSO PUBLICO ;;;Contrato Temporario;;ASSESSOR TÉCNICO (A) ADMINISTRATIVO
;Folha Mensal - Janeiro;GEOVANA DA SILVA SOUSA;TECNICO DE ENFERMAGEM;121,57;1.499,43;1.621,00;SECRETARIA MUNICIPAL DE SAUDE;SECRETARIA MUNICIPAL DE SAUDE;SMS-DEPTO.SEC.SAUDE-CONTRATADOS - FUS;CONTRATO TEMPORÁRIO;053.XXX.XXX-01;534;40;;2;02/01/2025;;;;;;3 - Temporário;TEMPO DETERMINADO;;;Contrato Temporario;;ASSESSOR TÉCNICO (A) ADMINISTRATIVO
;Folha Complementar c/ Encargos - Janeiro;GEOVANA DA SILVA SOUSA;TECNICO DE ENFERMAGEM;142,10;-142,10;;SECRETARIA MUNICIPAL DE SAUDE;SECRETARIA MUNICIPAL DE SAUDE;SMS-DEPTO.SEC.SAUDE-CONTRATADOS - FUS;CONTRATO TEMPORÁRIO;053.XXX.XXX-01;534;40;;2;02/01/2025;;;;;;3 - Temporário;TEMPO DETERMINADO;;;Contrato Temporario;;ASSESSOR TÉCNICO (A) ADMINISTRATIVO
;Folha Mensal - Janeiro;GERASCO CICERO GOMES;SECRETARIO MUNICIPAL DE OBRAS E SERVIÇOS URBANOS;178,68;2.076,92;2.255,60;PREFEITURA MUNICIPAL DE PADRE MARCOS-PI;SEC.MUN.DE OBRAS E SERVIÇOS URBANOS;SMO - SECRETARIA DE OBRAS;COMISSIONADOS;451.XXX.XXX-20;600;40;PREDIO DA PREFEITURA;1;01/01/2025;;;;;;2 - Comissão;LIVRE PROVIMENTO ;;;Função de Confiança;;SECRETARIO MUNICIPAL DE OBRAS E SERVIÇOS URBANOS
;Folha Mensal - Janeiro;GERONILDO SILVA SOUSA;AUXI.DE SERV. GERAIS- SELETISTAS;121,57;1.499,43;1.621,00;SECRETARIA MUNICIPAL DE EDUCAÇÃO;FUNDO DE MANUT. E DEC.DA EDUC.BASICA-FUNDEB;SME-DEPTO.CONTRATO-ENSINO FUNDEB 30%;CONTRATO TEMPORÁRIO;050.XXX.XXX-58;776;40;SECRETARIA MUNICIPAL DE EDUCAÇÃO;1;01/04/2025;;;;;;3 - Temporário;ELEICAO/INDICACAO;;;Contrato Temporario;;AUXI.DE SERV. GERAIS- SELETISTAS
;Adiantamento 13º Salário - Janeiro;GERUZA DIAS DE SOUSA;AUX. DE SERV. GERAIS;;928,70;928,70;SECRETARIA MUNICIPAL DE EDUCAÇÃO;FUNDO DE MANUT. E DEC.DA EDUC.BASICA-FUNDEB;SME- DEPTO. ADM -FUNDEB 30% II;EFETIVO - PROFESSORES;628.XXX.XXX-04;74;40;CRECHE PRÉ-ESCOLAR MARGARIDA DE JESUS ALENCAR ( TIA GUIDA);1;02/03/1998;;;018/2023;;;1 - Efetivo;CONCURSO PUBLICO ;;;Efetivo;;AUX. DE SERV. GERAIS
;Folha Mensal - Janeiro;GERUZA DIAS DE SOUSA;AUX. DE SERV. GERAIS;650,25;1.376,00;2.026,25;SECRETARIA MUNICIPAL DE EDUCAÇÃO;FUNDO DE MANUT. E DEC.DA EDUC.BASICA-FUNDEB;SME- DEPTO. ADM -FUNDEB 30% II;EFETIVO - PROFESSORES;628.XXX.XXX-04;74;40;CRECHE PRÉ-ESCOLAR MARGARIDA DE JESUS ALENCAR ( TIA GUIDA);1;02/03/1998;;;018/2023;;;1 - Efetivo;CONCURSO PUBLICO ;;;Efetivo;;AUX. DE SERV. GERAIS
;Folha Mensal - Janeiro;GILBERSON DE JESUS ARAÚJO;DIRETOR DE DEPARTAMENTO;209,10;2.384,50;2.593,60;SECRETARIA MUNICIPAL DE EDUCAÇÃO;FUNDO DE MANUT. E DEC.DA EDUC.BASICA-FUNDEB;SME- DEPTOR ADM FUNDEB 30 % VI - COMISSIONADOS;COMISSIONADOS;036.XXX.XXX-32;559;40;SECRETARIA MUNICIPAL DE EDUCAÇÃO;2;02/01/2025;;;;;;2 - Comissão;LIVRE PROVIMENTO ;;;Função de Confiança;;DIRETOR DE DEPARTAMENTO
;Folha Mensal - Janeiro;GILDO PAULO DE ARAUJO;PROFESSOR SL 40H - CELETISTA;3.986,24;0,00;3.986,24;SECRETARIA MUNICIPAL DE EDUCAÇÃO;SECRETARIA MUNICIPAL DE EDUCAÇÃO;SME - DEPTOR. ENSINO FUNDEB 70% IV - CELETISTAS;CONTRATADOS  EDUCAÇÃO;965.XXX.XXX-15;332;40;;5;24/02/2025;;;;;;3 - Temporário;TEMPO DETERMINADO;;;Contrato Temporario;;PROFESSOR SL 40H - CELETISTA
;Folha Mensal - Janeiro;GILSON DE CARVALHO DANTAS FILHO;PROFESSOR SL 20H;528,33;3.245,46;3.773,79;SECRETARIA MUNICIPAL DE EDUCAÇÃO;SECRETARIA MUNICIPAL DE EDUCAÇÃO;SME-DEPTOR. ENSINO FUNDEB 70%  VI EJA;EFETIVO - PROFESSORES;227.XXX.XXX-04;181;20;UNIDADE ESCOLAR MUNICIPAL DAVI SEVERIANO DE CARVALHO;1;20/12/1998;;;;;;1 - Efetivo;CONCURSO PUBLICO ;;;Efetivo;;PROFESSOR SL 20H
;Folha Mensal - Janeiro;GILSON JOÃO DE CARVALHO;ASSESSOR TÉCNICO (A) ADMINISTRATIVO;121,57;1.499,43;1.621,00;PREFEITURA MUNICIPAL DE PADRE MARCOS-PI;SECRETARIA MUNICIPAL DE AGRICULTURA;SMA - SECRETARIA DE AGRICULTURA E ABASTECIMENTO;COMISSIONADOS;988.XXX.XXX-04;348;40;SECRETARIA DE AGRICULTURA;2;02/01/2025;;;;;;2 - Comissão;TEMPO DETERMINADO;;;Função de Confiança;;ASSESSOR TÉCNICO (A) ADMINISTRATIVO
;Folha Mensal - Janeiro;GILVAN JOSE DE CARVALHO MACEDO;DIRETOR DE DEPARTAMENTO;121,57;1.499,43;1.621,00;SECRETARIA MUNICIPAL DE EDUCAÇÃO;FUNDO DE MANUT. E DEC.DA EDUC.BASICA-FUNDEB;SME- DEPTOR ADM FUNDEB 30 % VI - COMISSIONADOS;COMISSIONADOS EDUCAÇÃO;795.XXX.XXX-34;423;40;;2;02/01/2025;;;;;;2 - Comissão;LIVRE PROVIMENTO ;;;Função de Confiança;;DIRETOR DE DEPARTAMENTO
;Folha Mensal - Janeiro;GISLENE BRIGIDA DE MORAES;AUXILIAR DE ENFERMAGEM;260,98;2.227,37;2.488,35;SECRETARIA MUNICIPAL DE SAUDE;SECRETARIA MUNICIPAL DE SAUDE;SMS - DEPTOR .SEC. DE SAUDE - PAB;EFETIVOS;396.XXX.XXX-49;58;40;SECRETARIA MUNICIPAL DE SAÚDE;1;01/02/2000;;;;;;1 - Efetivo;CONCURSO PUBLICO ;;;Efetivo;;AUXILIAR DE ENFERMAGEM
;Folha Complementar c/ Encargos - Janeiro;GISLENE BRIGIDA DE MORAES;AUXILIAR DE ENFERMAGEM;210,66;-210,66;;SECRETARIA MUNICIPAL DE SAUDE;SECRETARIA MUNICIPAL DE SAUDE;SMS - DEPTOR .SEC. DE SAUDE - PAB;EFETIVOS;396.XXX.XXX-49;58;40;SECRETARIA MUNICIPAL DE SAÚDE;1;01/02/2000;;;;;;1 - Efetivo;CONCURSO PUBLICO ;;;Efetivo;;AUXILIAR DE ENFERMAGEM
;Folha Mensal - Janeiro;GIZELIA MARIA DO NASCIMENTO;PROFESSOR SL 40H - CELETISTA;3.986,24;0,00;3.986,24;SECRETARIA MUNICIPAL DE EDUCAÇÃO;SECRETARIA MUNICIPAL DE EDUCAÇÃO;SME - DEPTOR. ENSINO FUNDEB 70% IV - CELETISTAS;CONTRATADOS  EDUCAÇÃO;806.XXX.XXX-68;185;40;;5;24/02/2025;;;;;;3 - Temporário;TEMPO DETERMINADO;;;Contrato Temporario;;PROFESSOR SL 40H - CELETISTA
;Folha Mensal - Janeiro;GRAZIELIA NILTA GRANJA SANTOS;DIRETOR(A) DE ESCOLA;272,58;2.927,42;3.200,00;SECRETARIA MUNICIPAL DE EDUCAÇÃO;SECRETARIA MUNICIPAL DE EDUCAÇÃO;SME- DEPTOR. ENSINO FUNDEB 70% V - COMISSIONADOS;COMISSIONADOS EDUCAÇÃO;054.XXX.XXX-02;241;40;;5;02/01/2025;;;;;;2 - Comissão;LIVRE PROVIMENTO ;;;Contrato/Temporário;;DIRETOR(A) DE ESCOLA
;Folha Mensal - Janeiro;HENRIQUETA MARIA ARAUJO MACÊDO;PROFESSOR SL 40H - CELETISTA;3.986,24;0,00;3.986,24;SECRETARIA MUNICIPAL DE EDUCAÇÃO;SECRETARIA MUNICIPAL DE EDUCAÇÃO;SME - DEPTOR. ENSINO FUNDEB 70% IV - CELETISTAS;CONTRATADOS  EDUCAÇÃO;041.XXX.XXX-84;490;40;;3;24/02/2025;;;;;;3 - Temporário;TEMPO DETERMINADO;;;Contrato Temporario;;PROFESSOR SL 40H - CELETISTA
;Folha Mensal - Janeiro;HERCULANO PEDRO DE MACEDO;AUX. DE SERV. GERAIS;291,78;1.653,42;1.945,20;SECRETARIA MUNICIPAL DE EDUCAÇÃO;FUNDO DE MANUT. E DEC.DA EDUC.BASICA-FUNDEB;SME- DEPTO. ADM -FUNDEB 30% II;EFETIVOS;045.XXX.XXX-06;90;40;UNIDADE ESCOLAR MUNICIPAL CÂNDIDA MACEDO;1;02/03/2015;;;;;;1 - Efetivo;CONCURSO PUBLICO ;;;Efetivo;;AUX. DE SERV. GERAIS
;Folha Mensal - Janeiro;HERIKA MARIA DA SILVA;PROFESSOR SE 40H;2.213,29;5.944,48;8.157,77;SECRETARIA MUNICIPAL DE EDUCAÇÃO;SECRETARIA MUNICIPAL DE EDUCAÇÃO;SME- DEPTO ENSINO INFANTIL FUNDEB 70% - EFETIVOS;EFETIVO - PROFESSORES;003.XXX.XXX-39;144;40;CRECHE PRÉ-ESCOLAR MARGARIDA DE JESUS ALENCAR ( TIA GUIDA);1;02/03/2015;;;;;;1 - Efetivo;CONCURSO PUBLICO ;;;Efetivo;;PROFESSOR SE 40H
;Folha Mensal - Janeiro;HUGO CHARLES MACEDO;OPERADOR DE MAQUINAS PESADAS;268,84;2.653,31;2.922,15;PREFEITURA MUNICIPAL DE PADRE MARCOS-PI;SECRETARIA MUNICIPAL  DE ADMINISTRAÇÃO;SEAD - DEPTO. ADMINISTRAÇÃO III;EFETIVOS;899.XXX.XXX-34;106;40;;1;03/11/2015;;;;;;1 - Efetivo;CONCURSO PUBLICO ;;;Efetivo;;OPERADOR DE MAQUINAS PESADAS
;Folha Mensal - Janeiro;HUMBERTA SILVA VITAL;PROFESSOR SE 40H;2.213,29;5.944,48;8.157,77;SECRETARIA MUNICIPAL DE EDUCAÇÃO;SECRETARIA MUNICIPAL DE EDUCAÇÃO;SME- DEPTO ENSINO INFANTIL FUNDEB 70% - EFETIVOS;EFETIVO - PROFESSORES;988.XXX.XXX-34;145;40;CRECHE PRÉ-ESCOLAR MARGARIDA DE JESUS ALENCAR ( TIA GUIDA);1;02/03/2015;;;;;;1 - Efetivo;CONCURSO PUBLICO ;;;Efetivo;;PROFESSOR SE 40H
;Adiantamento 13º Salário - Janeiro;HYTALO JADER MACEDO;AG. DE HIGIENE E SEGURANÇA;;2.269,40;2.269,40;SECRETARIA MUNICIPAL DE SAUDE;SECRETARIA MUNICIPAL DE SAUDE;SMS- SEC SAUDE - AGENTE DE ENDEMIAS;EFETIVOS;023.XXX.XXX-80;63;40;;1;02/02/2015;;;;;;1 - Efetivo;CONCURSO PUBLICO ;;;Efetivo;;AG. DE HIGIENE E SEGURANÇA
;Folha Mensal - Janeiro;HYTALO JADER MACEDO;AG. DE HIGIENE E SEGURANÇA;1.371,73;3.167,07;4.538,80;SECRETARIA MUNICIPAL DE SAUDE;SECRETARIA MUNICIPAL DE SAUDE;SMS- SEC SAUDE - AGENTE DE ENDEMIAS;EFETIVOS;023.XXX.XXX-80;63;40;;1;02/02/2015;;;;;;1 - Efetivo;CONCURSO PUBLICO ;;;Efetivo;;AG. DE HIGIENE E SEGURANÇA
;Folha Mensal - Janeiro;IANA MÉCIA SILVA RIBEIRO;NUTRICIONISTA;394,98;3.825,02;4.220,00;SECRETARIA MUNICIPAL DE EDUCAÇÃO;FUNDO DE MANUT. E DEC.DA EDUC.BASICA-FUNDEB;SME- DPTO.ENSINO FUNDEB 30% EQUIPE EMULT-CELETISTAS;CONTRATO TEMPORÁRIO;433.XXX.XXX-00;446;40;;3;02/01/2025;;;;;;3 - Temporário;TEMPO DETERMINADO;;;Contrato Temporario;;NUTRICIONISTA
;Rescisão - Janeiro;IANDDRAH KELLY ANDRADE ALEXANDRE;MEDICO (A) TEMPORARIO (A) PLANTÃO;;0,00;;SECRETARIA MUNICIPAL DE SAUDE;SECRETARIA MUNICIPAL DE SAUDE;SMS- DEPARTAMENTO DA SAÚDE- PLANTÃO - FUS;CONTRATO TEMPORÁRIO;049.XXX.XXX-69;541;40;SECRETARIA MUNICIPAL DE SAÚDE;3;02/01/2025;01/01/2026;;01/2026;;;3 - Temporário;TEMPO DETERMINADO;;;Contrato Temporario;;MEDICO (A) TEMPORARIO (A) PLANTÃO
;Folha Mensal - Janeiro;IASMIM LARA MACEDO BORGES;DIRETOR DE DEPARTAMENTO;194,51;2.236,99;2.431,50;SECRETARIA MUNICIPAL DE EDUCAÇÃO;FUNDO DE MANUT. E DEC.DA EDUC.BASICA-FUNDEB;SME- DEPTOR ADM FUNDEB 30 % VI - COMISSIONADOS;COMISSIONADOS;081.XXX.XXX-26;1077;40;SECRETARIA MUNICIPAL DE EDUCAÇÃO;1;01/03/2025;;;;;;2 - Comissão;LIVRE PROVIMENTO ;;;Função de Confiança;;DIRETOR DE DEPARTAMENTO
;Folha Mensal - Janeiro;IDALVA RITA DE LIMA SILVA;AUX. DE SERV. GERAIS;295,02;2.298,58;2.593,60;HOSPITAL MUNICIPAL DE PADRE MARCOS;SECRETARIA MUNICIPAL DE SAUDE;HOSPITAL - DEPTO. ADMINISTRATIVO I;EFETIVOS;888.XXX.XXX-34;91;40;;1;02/03/2015;;;;;;1 - Efetivo;CONCURSO PUBLICO ;;;Efetivo;;AUX. DE SERV. GERAIS
;Folha Mensal - Janeiro;ILANA HÉLIA DE ALMEIDA LUZ;FISIOTERAPEUTA;2.300,00;0,00;2.300,00;SECRETARIA MUNICIPAL DE EDUCAÇÃO;FUNDO DE MANUT. E DEC.DA EDUC.BASICA-FUNDEB;SME- DPTO.ENSINO FUNDEB 30% EQUIPE EMULT-CELETISTAS;CONTRATO TEMPORÁRIO;010.XXX.XXX-57;580;40;SECRETARIA MUNICIPAL DE EDUCAÇÃO;2;01/03/2025;;;;;;3 - Temporário;TEMPO DETERMINADO;03/2021;;Contrato Temporario;;FISIOTERAPEUTA
;Folha Mensal - Janeiro;IRACI HELENA DA CONCEIÇÃO;ORIENTADORA(O) EDUCACIONAL;209,10;2.384,50;2.593,60;SECRETARIA MUNICIPAL DE EDUCAÇÃO;FUNDO DE MANUT. E DEC.DA EDUC.BASICA-FUNDEB;SME- DEPTOR ADM FUNDEB 30 % VI - COMISSIONADOS;COMISSIONADOS EDUCAÇÃO;352.XXX.XXX-15;263;40;;3;02/01/2025;;;;;;2 - Comissão;TEMPO DETERMINADO;;;Função de Confiança;;ORIENTADORA(O) EDUCACIONAL
;Folha Mensal - Janeiro;IRACILDE IRENE DE SOUSA;AUX. DE SERV. GERAIS;303,94;1.722,31;2.026,25;SECRETARIA MUNICIPAL DE EDUCAÇÃO;FUNDO DE MANUT. E DEC.DA EDUC.BASICA-FUNDEB;SME- DEPTO. ADM -FUNDEB 30% II;EFETIVOS;830.XXX.XXX-53;75;40;UNIDADE ESCOLAR MUNICIPAL DAVI SEVERIANO DE CARVALHO;1;02/02/1998;;;;;;1 - Efetivo;CONCURSO PUBLICO ;;;Efetivo;;AUX. DE SERV. GERAIS
;Folha Mensal - Janeiro;IRANEIDE DE ARAUJO LEAL;PROFESSOR SL 40H;2.865,51;5.292,27;8.157,78;SECRETARIA MUNICIPAL DE EDUCAÇÃO;SECRETARIA MUNICIPAL DE EDUCAÇÃO;SME- DEPTOR ENSINO FUNDEB 70% II;EFETIVO - PROFESSORES;882.XXX.XXX-91;182;40;U.E.M. JOSE DE MOURA LEAL;1;01/02/1999;;;;;;1 - Efetivo;CONCURSO PUBLICO ;;;Efetivo;;PROFESSOR SL 40H
;Folha Mensal - Janeiro;IRANILDA ARAUJO LEAL;AUX. DE SERV. GERAIS;291,78;1.720,96;2.012,74;SECRETARIA MUNICIPAL DE EDUCAÇÃO;FUNDO DE MANUT. E DEC.DA EDUC.BASICA-FUNDEB;SME- DEPTO. ADM -FUNDEB 30% II;EFETIVOS;846.XXX.XXX-72;76;40;;1;02/03/1998;;;;;;1 - Efetivo;CONCURSO PUBLICO ;;;Efetivo;;AUX. DE SERV. GERAIS
;Folha Mensal - Janeiro;IRLA LAYANY CARVALHO BATISTA;TECNICO EM ENFERMAGEM;681,34;1.831,21;2.512,55;SECRETARIA MUNICIPAL DE SAUDE;SECRETARIA MUNICIPAL DE SAUDE;SMS-DEPTOR.SEC. DE SAUDE II - FUS;EFETIVOS;044.XXX.XXX-06;22;40;SECRETARIA MUNICIPAL DE SAÚDE;1;01/03/2016;;;;;;1 - Efetivo;CONCURSO PUBLICO ;;;Efetivo;;TECNICO EM ENFERMAGEM
;Folha Complementar c/ Encargos - Janeiro;IRLA LAYANY CARVALHO BATISTA;TECNICO EM ENFERMAGEM;210,66;-210,66;;SECRETARIA MUNICIPAL DE SAUDE;SECRETARIA MUNICIPAL DE SAUDE;SMS-DEPTOR.SEC. DE SAUDE II - FUS;EFETIVOS;044.XXX.XXX-06;22;40;SECRETARIA MUNICIPAL DE SAÚDE;1;01/03/2016;;;;;;1 - Efetivo;CONCURSO PUBLICO ;;;Efetivo;;TECNICO EM ENFERMAGEM
;Folha Mensal - Janeiro;ISABEL FRANCISCA DE CARVALHO;GARI;298,27;2.295,33;2.593,60;PREFEITURA MUNICIPAL DE PADRE MARCOS-PI;SECRETARIA MUNICIPAL  DE ADMINISTRAÇÃO;SEAD - DEPTO.ADMINISTRAÇÃO II;EFETIVOS;045.XXX.XXX-59;8;40;;1;19/01/2015;;;;;;1 - Efetivo;CONCURSO PUBLICO ;;;Efetivo;;GARI
;Folha Mensal - Janeiro;ISABEL ISMÊNIA DE CARVALHO MACEDO;PROFESSOR SE 20H;544,72;3.229,07;3.773,79;SECRETARIA MUNICIPAL DE EDUCAÇÃO;SECRETARIA MUNICIPAL DE EDUCAÇÃO;SME- DEPTOR ENSINO FUNDEB 70% I;EFETIVO - PROFESSORES;962.XXX.XXX-53;292;20;UNIDADE ESCOLAR MUNICIPAL DAVI SEVERIANO DE CARVALHO;1;01/02/2018;;;;;;1 - Efetivo;CONCURSO PUBLICO ;;;Efetivo;;PROFESSOR SE 20H
;Folha Mensal - Janeiro;ISABEL MARIA DA SILVA CARVALHO;ASSESSOR TÉCNICO (A) ADMINISTRATIVO;159,50;1.882,96;2.042,46;PREFEITURA MUNICIPAL DE PADRE MARCOS-PI;SECRETARIA MUNICIPAL  DE ADMINISTRAÇÃO;SEAD -  DEPTO. ADMINISTRAÇÃO V- COMISSIONADOS;COMISSIONADOS;490.XXX.XXX-20;354;40;;2;02/01/2025;;01/2020;;;;2 - Comissão;TEMPO DETERMINADO;;;Função de Confiança;;ASSESSOR TÉCNICO (A) ADMINISTRATIVO
;Folha Mensal - Janeiro;ISMAEL BENEDITO DA SILVA;PROFESSORA DE EJA - CELETISTA;3.986,24;0,00;3.986,24;SECRETARIA MUNICIPAL DE EDUCAÇÃO;SECRETARIA MUNICIPAL DE EDUCAÇÃO;SME-DEPTOR. ENSINO FUNDEB 70%  VI EJA;CONTRATADOS  EDUCAÇÃO;053.XXX.XXX-96;491;40;;3;24/02/2025;;;;;;3 - Temporário;TEMPO DETERMINADO;;;Contrato Temporario;;PROFESSORA DE EJA - CELETISTA
;Folha Mensal - Janeiro;ITAMARA DANTAS SILVA;ENFERMEIRO (A)  CONTRATADO (A);277,22;3.961,42;4.238,64;SECRETARIA MUNICIPAL DE SAUDE;SECRETARIA MUNICIPAL DE SAUDE;SEC. MUN. SAÚDE- DEPTO. DE SAUDE II-CONTRATADOS - PAB;CONTRATO TEMPORÁRIO;023.XXX.XXX-35;228;40;;7;02/01/2025;;;;;;3 - Temporário;TEMPO DETERMINADO;08/2020;;Contrato Temporario;;ENFERMEIRO (A)  CONTRATADO (A)
;Folha Complementar c/ Encargos - Janeiro;ITAMARA DANTAS SILVA;ENFERMEIRO (A)  CONTRATADO (A);769,17;-769,17;;SECRETARIA MUNICIPAL DE SAUDE;SECRETARIA MUNICIPAL DE SAUDE;SEC. MUN. SAÚDE- DEPTO. DE SAUDE II-CONTRATADOS - PAB;CONTRATO TEMPORÁRIO;023.XXX.XXX-35;228;40;;7;02/01/2025;;;;;;3 - Temporário;TEMPO DETERMINADO;08/2020;;Contrato Temporario;;ENFERMEIRO (A)  CONTRATADO (A)
;Folha Mensal - Janeiro;IVONE DE MORAIS CARVALHO;PROFESSOR SELETISTA;3.986,24;0,00;3.986,24;SECRETARIA MUNICIPAL DE EDUCAÇÃO;SECRETARIA MUNICIPAL DE EDUCAÇÃO;SME- DEPTO  ENSINO INFANTIL FUNDEB 70% - SELETISTAS;CONTRATADOS  EDUCAÇÃO;612.XXX.XXX-50;395;40;;4;24/02/2025;;;;;;3 - Temporário;TEMPO DETERMINADO;;;Contrato Temporario;;PROFESSOR SL 40H - CELETISTA
;Folha Mensal - Janeiro;IVONETE FRANCISCA DO NASCIMENTO CARDEAL;AUX. DE SERV. GERAIS;303,94;1.722,31;2.026,25;SECRETARIA MUNICIPAL DE EDUCAÇÃO;FUNDO DE MANUT. E DEC.DA EDUC.BASICA-FUNDEB;SME- DEPTO. ADM -FUNDEB 30% II;EFETIVOS;628.XXX.XXX-72;77;40;CRECHE PRÉ-ESCOLAR MARGARIDA DE JESUS ALENCAR ( TIA GUIDA);1;02/03/1998;;;;;;1 - Efetivo;CONCURSO PUBLICO ;;;Efetivo;;AUX. DE SERV. GERAIS
;Folha Mensal - Janeiro;IVONIERKY DE SOUSA CARDEAL;GARI;298,27;2.295,33;2.593,60;PREFEITURA MUNICIPAL DE PADRE MARCOS-PI;SECRETARIA MUNICIPAL  DE ADMINISTRAÇÃO;SEAD - DEPTO.ADMINISTRAÇÃO II;EFETIVOS;965.XXX.XXX-00;9;40;;1;19/01/2015;;;01/2022;;;1 - Efetivo;CONCURSO PUBLICO ;;;Efetivo;;GARI
;Folha Mensal - Janeiro;IVONILDA DE SOUSA CARDEAL;GARI;298,27;2.295,33;2.593,60;PREFEITURA MUNICIPAL DE PADRE MARCOS-PI;SECRETARIA MUNICIPAL  DE ADMINISTRAÇÃO;SEAD - DEPTO.ADMINISTRAÇÃO II;EFETIVOS;273.XXX.XXX-35;10;40;;1;02/02/2015;;;;;;1 - Efetivo;CONCURSO PUBLICO ;;;Efetivo;;GARI
;Folha Mensal - Janeiro;JACINTO MARTINIANO DE CARVALHO;ASSESSOR TÉCNICO (A) ADMINISTRATIVO;209,10;2.384,50;2.593,60;SECRETARIA MUNICIPAL DE EDUCAÇÃO;FUNDO DE MANUT. E DEC.DA EDUC.BASICA-FUNDEB;SME- DEPTOR ADM FUNDEB 30 % VI - COMISSIONADOS;COMISSIONADOS;392.XXX.XXX-68;385;40;;3;02/01/2024;;;;;;2 - Comissão;TEMPO DETERMINADO;;;Função de Confiança;;ASSESSOR TÉCNICO (A) ADMINISTRATIVO
;Folha Mensal - Janeiro;JAELSON JOSÉ DA SILVA;GARI;298,27;2.619,53;2.917,80;HOSPITAL MUNICIPAL DE PADRE MARCOS;SECRETARIA MUNICIPAL DE SAUDE;HOSPITAL - DEPTO. ADMINISTRATIVO I;EFETIVOS;046.XXX.XXX-09;30;40;HOSPITAL MUNICIPAL DE PADRE MARCOS;1;02/02/2015;;;;;;1 - Efetivo;CONCURSO PUBLICO ;;;Efetivo;;GARI
;Folha Mensal - Janeiro;JAILMA CECÍLIA DE MACEDO;COORDENADOR DE SERVIÇOS;209,10;2.384,50;2.593,60;SECRETARIA MUNICIPAL DE EDUCAÇÃO;SECRETARIA MUNICIPAL DE EDUCAÇÃO;SME- DEPTOR ADM FUNDEB 30 % VI - COMISSIONADOS;COMISSIONADOS;921.XXX.XXX-44;844;40;;1;01/12/2025;;;;;;2 - Comissão;TEMPO DETERMINADO;;;Função de Confiança;;COORDENADOR DE SERVIÇOS
;Folha Mensal - Janeiro;JAKELINE DE ARÁUJO SANTOS;DIRETOR DE DEPARTAMENTO;166,79;1.956,72;2.123,51;SECRETARIA MUNICIPAL DE EDUCAÇÃO;FUNDO DE MANUT. E DEC.DA EDUC.BASICA-FUNDEB;SME- DEPTOR ADM FUNDEB 30 % VI - COMISSIONADOS;COMISSIONADOS;017.XXX.XXX-83;547;40;SECRETARIA MUNICIPAL DE EDUCAÇÃO;2;03/02/2025;;;;;;2 - Comissão;LIVRE PROVIMENTO ;;;Função de Confiança;;DIRETOR DE DEPARTAMENTO
;Folha Mensal - Janeiro;JANAIRA ELVIRA DA CONCEIÇÃO;GARI;298,27;2.619,53;2.917,80;HOSPITAL MUNICIPAL DE PADRE MARCOS;SECRETARIA MUNICIPAL DE SAUDE;HOSPITAL - DEPTO. ADMINISTRATIVO I;EFETIVOS;335.XXX.XXX-06;29;40;HOSPITAL MUNICIPAL DE PADRE MARCOS;1;02/02/2015;;;;;;1 - Efetivo;CONCURSO PUBLICO ;;;Efetivo;;GARI
;Folha Mensal - Janeiro;JANETE MATILDES DA SILVA;ASSESSOR TÉCNICO (A) ADMINISTRATIVO;121,57;1.499,43;1.621,00;PREFEITURA MUNICIPAL DE PADRE MARCOS-PI;SECRETARIA MUNICIPAL  DE ADMINISTRAÇÃO;SEAD -  DEPTO. ADMINISTRAÇÃO V- COMISSIONADOS;COMISSIONADOS;034.XXX.XXX-21;308;40;PREDIO DA PREFEITURA;2;02/01/2025;;;;;;2 - Comissão;TEMPO DETERMINADO;;;Função de Confiança;;ASSESSOR TÉCNICO (A) ADMINISTRATIVO
;Folha Mensal - Janeiro;JÂNIA KALINE DIAS;ASSESSOR TÉCNICO (A) ADMINISTRATIVO;121,57;1.499,43;1.621,00;SECRETARIA MUNICIPAL DE SAUDE;SECRETARIA MUNICIPAL DE SAUDE;SMS-DEPTO.SEC.SAUDE-CONTRATADOS - FUS;COMISSIONADOS EDUCAÇÃO;065.XXX.XXX-27;267;40;SECRETARIA MUNICIPAL DE SAÚDE;4;02/01/2025;;;;;;2 - Comissão;TEMPO DETERMINADO;;;Função de Confiança;;ASSESSOR TÉCNICO (A) ADMINISTRATIVO
;Folha Complementar c/ Encargos - Janeiro;JÂNIA KALINE DIAS;ASSESSOR TÉCNICO (A) ADMINISTRATIVO;142,10;-142,10;;SECRETARIA MUNICIPAL DE SAUDE;SECRETARIA MUNICIPAL DE SAUDE;SMS-DEPTO.SEC.SAUDE-CONTRATADOS - FUS;COMISSIONADOS EDUCAÇÃO;065.XXX.XXX-27;267;40;SECRETARIA MUNICIPAL DE SAÚDE;4;02/01/2025;;;;;;2 - Comissão;TEMPO DETERMINADO;;;Função de Confiança;;ASSESSOR TÉCNICO (A) ADMINISTRATIVO
;Folha Mensal - Janeiro;JANNAÍNA ANTONIA DE ALENCAR CASTRO;COORDENADOR DE SERVIÇOS;272,58;2.927,42;3.200,00;SECRETARIA MUNICIPAL DE SAUDE;SECRETARIA MUNICIPAL DE SAUDE;SMS-DEPTO.SEC.SAUDE-CONTRATADOS - FUS;COMISSIONADOS;011.XXX.XXX-40;442;40;;2;02/01/2025;;;;;;2 - Comissão;TEMPO DETERMINADO;;;Função de Confiança;;COORDENADOR DE SERVIÇOS
;Folha Complementar c/ Encargos - Janeiro;JANNAÍNA ANTONIA DE ALENCAR CASTRO;COORDENADOR DE SERVIÇOS;337,59;-337,59;;SECRETARIA MUNICIPAL DE SAUDE;SECRETARIA MUNICIPAL DE SAUDE;SMS-DEPTO.SEC.SAUDE-CONTRATADOS - FUS;COMISSIONADOS;011.XXX.XXX-40;442;40;;2;02/01/2025;;;;;;2 - Comissão;TEMPO DETERMINADO;;;Função de Confiança;;COORDENADOR DE SERVIÇOS
;Folha Mensal - Janeiro;JARBAS DA SILVA SOUSA;VISITADOR PCF;121,57;1.499,43;1.621,00;SECRETARIA MUNICIPAL DE ASSISTENCIA SOCIAL;SECRETARIA MUNICIPAL DE ASSISTENCIA SOCIAL; PROG.CRIANÇA FELIZ;CONTRATO TEMPORÁRIO;080.XXX.XXX-16;406;40;;3;01/03/2025;;;;;;3 - Temporário;TEMPO DETERMINADO;;;Contrato Temporario;;VISITADOR PCF
;Folha Mensal - Janeiro;JEAN MICHEL DE SOUZA LEAL;ASSESSOR TÉCNICO (A) ADMINISTRATIVO;121,57;1.499,43;1.621,00;SECRETARIA MUNICIPAL DE ASSISTENCIA SOCIAL;SECRETARIA MUNICIPAL DE ASSISTENCIA SOCIAL;SASC-DEPTO. ASSISTENCIA SOCIAL I;COMISSIONADOS;625.XXX.XXX-01;595;40;SEC MUN. DE ASSISTENCIA SOCIAL;1;02/01/2025;;;;;;2 - Comissão;TEMPO DETERMINADO;;;Função de Confiança;;ASSESSOR TÉCNICO (A) ADMINISTRATIVO
;Folha Mensal - Janeiro;JEREMIAS ELIAS DA SILVA;DIRETOR DE DEPARTAMENTO;121,57;1.499,43;1.621,00;SECRETARIA MUNICIPAL DE EDUCAÇÃO;FUNDO DE MANUT. E DEC.DA EDUC.BASICA-FUNDEB;SME- DEPTOR ADM FUNDEB 30 % VI - COMISSIONADOS;COMISSIONADOS EDUCAÇÃO;788.XXX.XXX-49;392;40;;3;02/01/2025;;;;;;2 - Comissão;LIVRE PROVIMENTO ;;;Função de Confiança;;DIRETOR DE DEPARTAMENTO
;Folha Mensal - Janeiro;JOABE LEAL DE MACEDO;ASSESSOR ESPECIAL;1.621,00;0,00;1.621,00;SECRETARIA MUNICIPAL DE EDUCAÇÃO;FUNDO DE MANUT. E DEC.DA EDUC.BASICA-FUNDEB;SME- DEPTOR ADM FUNDEB 30 % VI - COMISSIONADOS;COMISSIONADOS;080.XXX.XXX-83;711;40;;1;01/03/2025;;;;;;2 - Comissão;LIVRE PROVIMENTO ;;;Função de Confiança;;ASSESSOR ESPECIAL
;Folha Mensal - Janeiro;JOÃO BATISTA RIBEIRO;ASSESSOR TÉCNICO (A) ADMINISTRATIVO;149,28;1.779,71;1.928,99;SECRETARIA MUNICIPAL DE EDUCAÇÃO;FUNDO DE MANUT. E DEC.DA EDUC.BASICA-FUNDEB;SME- DEPTOR ADM FUNDEB 30 % VI - COMISSIONADOS;COMISSIONADOS EDUCAÇÃO;900.XXX.XXX-04;426;40;;2;02/01/2025;;;;;;2 - Comissão;TEMPO DETERMINADO;;;Função de Confiança;;ASSESSOR TÉCNICO (A) ADMINISTRATIVO
;Folha Mensal - Janeiro;JOÃO HEIDER DA SILVA;PROFESSOR SL 40H - CELETISTA;3.986,24;0,00;3.986,24;SECRETARIA MUNICIPAL DE EDUCAÇÃO;FUNDO DE MANUT. E DEC.DA EDUC.BASICA-FUNDEB;SME - DEPTOR. ENSINO FUNDEB 70% IV - CELETISTAS;CONTRATADOS  EDUCAÇÃO;065.XXX.XXX-66;501;40;;3;24/02/2025;;;;;;3 - Temporário;TEMPO DETERMINADO;;;Contrato Temporario;;PROFESSOR SL 40H - CELETISTA
;Folha Mensal - Janeiro;JOÃO ISAAC ARAÚJO MODESTO;ASSESSOR ESPECIAL;166,79;1.956,72;2.123,51;SECRETARIA MUNICIPAL DE EDUCAÇÃO;FUNDO DE MANUT. E DEC.DA EDUC.BASICA-FUNDEB;SME- DEPTOR ADM FUNDEB 30 % VI - COMISSIONADOS;COMISSIONADOS EDUCAÇÃO;069.XXX.XXX-12;470;40;SECRETARIA MUNICIPAL DE EDUCAÇÃO;2;02/01/2025;;;;;;2 - Comissão;LIVRE PROVIMENTO ;;;Função de Confiança;;ASSESSOR ESPECIAL
;Folha Mensal - Janeiro;JOÃO ISIDRO DE CARVALHO;DIRETOR DE DEPARTAMENTO;209,10;2.384,50;2.593,60;PREFEITURA MUNICIPAL DE PADRE MARCOS-PI;SECRETARIA MUNICIPAL DE AGRICULTURA;SMA - SECRETARIA DE AGRICULTURA E ABASTECIMENTO;COMISSIONADOS;517.XXX.XXX-15;370;40;;3;02/01/2025;;;;;;2 - Comissão;LIVRE PROVIMENTO ;;;Função de Confiança;;DIRETOR ADMINISTRATIVO
;Folha Mensal - Janeiro;JOÃO MARCUS CARVALHO MACEDO;PROFESSOR SL 40H - CELETISTA;3.986,24;0,00;3.986,24;SECRETARIA MUNICIPAL DE EDUCAÇÃO;SECRETARIA MUNICIPAL DE EDUCAÇÃO;SME - DEPTOR. ENSINO FUNDEB 70% IV - CELETISTAS;CONTRATADOS  EDUCAÇÃO;057.XXX.XXX-52;472;40;;4;24/02/2025;;;;;;3 - Temporário;TEMPO DETERMINADO;;;Contrato Temporario;;PROFESSOR SL 40H - CELETISTA
;Folha Mensal - Janeiro;JOÃO RYKELMY ARAÚJO SILVA;ASSESSOR ESPECIAL;209,10;2.384,50;2.593,60;SECRETARIA MUNICIPAL DE EDUCAÇÃO;FUNDO DE MANUT. E DEC.DA EDUC.BASICA-FUNDEB;SME- DEPTOR ADM FUNDEB 30 % VI - COMISSIONADOS;COMISSIONADOS;120.XXX.XXX-32;792;40;;1;01/05/2025;;;;;;2 - Comissão;LIVRE PROVIMENTO ;;;Função de Confiança;;ASSESSOR ESPECIAL
;Folha Mensal - Janeiro;JOELMA FRANCISCA DE SOUSA;PROFESSOR SL 40H - CELETISTA;3.986,24;0,00;3.986,24;SECRETARIA MUNICIPAL DE EDUCAÇÃO;SECRETARIA MUNICIPAL DE EDUCAÇÃO;SME - DEPTOR. ENSINO FUNDEB 70% IV - CELETISTAS;CONTRATADOS  EDUCAÇÃO;022.XXX.XXX-97;325;40;;5;24/02/2025;;;;;;3 - Temporário;TEMPO DETERMINADO;;;Contrato Temporario;;PROFESSOR SL 40H - CELETISTA
;Folha Mensal - Janeiro;JOICE MIRELY DIAS SILVA;DIRETOR DE DEPARTAMENTO;121,57;1.499,43;1.621,00;SECRETARIA MUNICIPAL DE SAUDE;SECRETARIA MUNICIPAL DE SAUDE;SMS-DEPTO.SEC.SAUDE-CONTRATADOS - FUS;COMISSIONADOS;081.XXX.XXX-11;581;40;SECRETARIA MUNICIPAL DE SAÚDE;2;02/01/2025;;;;;;2 - Comissão;LIVRE PROVIMENTO ;;;Função de Confiança;;DIRETOR DE DEPARTAMENTO
;Folha Mensal - Janeiro;JONATAS SILVA OLIVEIRA;ASSESSOR TÉCNICO (A) ADMINISTRATIVO;121,57;1.499,43;1.621,00;SECRETARIA MUNICIPAL DE EDUCAÇÃO;FUNDO DE MANUT. E DEC.DA EDUC.BASICA-FUNDEB;SME- DEPTOR ADM FUNDEB 30 % VI - COMISSIONADOS;COMISSIONADOS;080.XXX.XXX-20;808;40;;1;01/06/2025;;;;;;2 - Comissão;TEMPO DETERMINADO;;;Função de Confiança;;ASSESSOR TÉCNICO (A) ADMINISTRATIVO
;Folha Mensal - Janeiro;JOSÉ ADAILTON DE MORAIS;ASSESSOR TÉCNICO;121,57;1.499,43;1.621,00;SECRETARIA MUNICIPAL DE EDUCAÇÃO;FUNDO DE MANUT. E DEC.DA EDUC.BASICA-FUNDEB;SME- DEPTOR ADM FUNDEB 30 % VI - COMISSIONADOS;COMISSIONADOS;055.XXX.XXX-61;847;40;SECRETARIA MUNICIPAL DE EDUCAÇÃO;1;01/01/2026;;;;;;2 - Comissão;TEMPO DETERMINADO;;;Função de Confiança;;ASSESSOR TÉCNICO
;Folha Mensal - Janeiro;JOSE AFONSO DE ARAUJO MACEDO;ODONTÓLOGO;470,78;4.814,72;5.285,50;SECRETARIA MUNICIPAL DE SAUDE;SECRETARIA MUNICIPAL DE SAUDE;SMS - DEPTOR.SEC.SAUDE PSB II - PAB;EFETIVOS;160.XXX.XXX-04;123;40;;1;01/04/2008;;;;;;1 - Efetivo;CONCURSO PUBLICO ;;;Efetivo;;ODONTÓLOGO
;Folha Mensal - Janeiro;JOSÉ AGÁPITO DA SILVA;ASSESSOR TÉCNICO (A) ADMINISTRATIVO;121,57;1.499,43;1.621,00;SECRETARIA MUNICIPAL DE EDUCAÇÃO;FUNDO DE MANUT. E DEC.DA EDUC.BASICA-FUNDEB;SME- DEPTOR ADM FUNDEB 30 % VI - COMISSIONADOS;COMISSIONADOS;005.XXX.XXX-30;590;40;SECRETARIA MUNICIPAL DE EDUCAÇÃO;2;02/01/2025;;;;;;2 - Comissão;TEMPO DETERMINADO;;;Função de Confiança;;ASSESSOR TÉCNICO (A) ADMINISTRATIVO
;Folha Mensal - Janeiro;JOSÉ AGNALDO DE MACEDO NETO;DIRETOR DE DEPARTAMENTO;121,57;1.499,43;1.621,00;SECRETARIA MUNICIPAL DE EDUCAÇÃO;FUNDO DE MANUT. E DEC.DA EDUC.BASICA-FUNDEB;SME- DEPTOR ADM FUNDEB 30 % VI - COMISSIONADOS;COMISSIONADOS EDUCAÇÃO;622.XXX.XXX-00;539;40;SECRETARIA MUNICIPAL DE EDUCAÇÃO;2;03/02/2025;;;;;;2 - Comissão;LIVRE PROVIMENTO ;;;Função de Confiança;;DIRETOR DE DEPARTAMENTO
;Folha Mensal - Janeiro;JOSE ALAILSON DA SILVA;SECRETARIO(A) UNIDADE ESCOLAR MUNICIPAL;179,92;2.089,48;2.269,40;SECRETARIA MUNICIPAL DE EDUCAÇÃO;FUNDO DE MANUT. E DEC.DA EDUC.BASICA-FUNDEB;SME- DEPTOR ADM FUNDEB 30 % VI - COMISSIONADOS;COMISSIONADOS EDUCAÇÃO;069.XXX.XXX-61;280;40;U.E.M LUIZ LINO DA SILVA;4;03/02/2025;;;;;;2 - Comissão;LIVRE PROVIMENTO ;;;Função de Confiança;;SECRETARIO(A) UNIDADE ESCOLAR MUNICIPAL
;Folha Mensal - Janeiro;JOSE AQUILES DA SILVA;PROFESSOR SE 40H;2.480,08;6.287,87;8.767,95;SECRETARIA MUNICIPAL DE EDUCAÇÃO;SECRETARIA MUNICIPAL DE EDUCAÇÃO;SME- DEPTOR ENSINO FUNDEB 70% II;EFETIVO - PROFESSORES;451.XXX.XXX-91;184;40;SECRETARIA MUNICIPAL DE EDUCAÇÃO;1;02/02/1998;;;;;;1 - Efetivo;CONCURSO PUBLICO ;;;Efetivo;;PROFESSOR SE 40H
;Folha Mensal - Janeiro;JOSÉ AUGUSTO DE SOUSA MACEDO;AUX. DE SERV. GERAIS;630,78;1.314,42;1.945,20;SECRETARIA MUNICIPAL DE EDUCAÇÃO;FUNDO DE MANUT. E DEC.DA EDUC.BASICA-FUNDEB;SME- DEPTO. ADM -FUNDEB 30% II;EFETIVOS;001.XXX.XXX-07;93;40;;1;02/03/2015;;;;;;1 - Efetivo;CONCURSO PUBLICO ;;;Efetivo;;AUX. DE SERV. GERAIS
;Folha Mensal - Janeiro;JOSÉ BONIFÁCIO DA SILVA DIAS;PROFESSOR SE 40H;2.567,03;6.506,01;9.073,04;SECRETARIA MUNICIPAL DE EDUCAÇÃO;SECRETARIA MUNICIPAL DE EDUCAÇÃO;SME- DEPTOR ENSINO FUNDEB 70% III;EFETIVO - PROFESSORES;782.XXX.XXX-15;186;40;UNIDADE ESCOLAR MUNICIPAL CÂNDIDA MACEDO;1;02/02/1998;;;;;;1 - Efetivo;CONCURSO PUBLICO ;;;Efetivo;;PROFESSOR SE 40H
;Rescisão - Janeiro;JOSÉ CLENDEILDO DE ALENCAR;ASSESSOR TÉCNICO (A) ADMINISTRATIVO;;0,00;;SECRETARIA MUNICIPAL DE EDUCAÇÃO;FUNDO DE MANUT. E DEC.DA EDUC.BASICA-FUNDEB;SME- DEPTOR ADM FUNDEB 30 % VI - COMISSIONADOS;COMISSIONADOS;520.XXX.XXX-04;815;40;;1;01/07/2025;01/01/2026;;01/2026;;;2 - Comissão;TEMPO DETERMINADO;;;Função de Confiança;;ASSESSOR TÉCNICO (A) ADMINISTRATIVO
;Folha Mensal - Janeiro;JOSÉ ELIAS DA SILVA;AG. COMUNITARIO DE SAÚDE;622,47;4.216,33;4.838,80;SECRETARIA MUNICIPAL DE SAUDE;SECRETARIA MUNICIPAL DE SAUDE;SMS - SEC.DE SAUDE - ACS I - PAB;EFETIVOS;809.XXX.XXX-49;38;40;;1;12/09/1995;;;;;;1 - Efetivo;CONCURSO PUBLICO ;;;Efetivo;;AG. COMUNITARIO DE SAÚDE
;Folha Mensal - Janeiro;JOSE EVALDO DA SILVA;ASSESSOR TÉCNICO (A) ADMINISTRATIVO;194,51;2.236,99;2.431,50;PREFEITURA MUNICIPAL DE PADRE MARCOS-PI;SECRETARIA MUNICIPAL  DE ADMINISTRAÇÃO;ADM.SEC.MUNICIPAL DE TRANSPORTES;COMISSIONADOS;872.XXX.XXX-91;309;40;;2;02/01/2025;;;;;;2 - Comissão;TEMPO DETERMINADO;;;Função de Confiança;;COORDENADOR DE MÁQUINAS PESADAS
;Folha Mensal - Janeiro;JOSÉ FRANCISCO CARVALHO;AUX. DE SERVIÇOS GERAIS;121,57;1.499,43;1.621,00;SECRETARIA MUNICIPAL DE EDUCAÇÃO;FUNDO DE MANUT. E DEC.DA EDUC.BASICA-FUNDEB;SME-DEPTO.CONTRATO-ENSINO FUNDEB 30%;CONTRATADOS  EDUCAÇÃO;081.XXX.XXX-21;503;40;;3;02/03/2025;;;;;;3 - Temporário;TEMPO DETERMINADO;;;Contrato Temporario;;AUX. DE SERVIÇOS GERAIS
;Folha Mensal - Janeiro;JOSÉ FRANCISCO DE LIMA;ASSESSOR TÉCNICO (A) ADMINISTRATIVO;121,57;1.499,43;1.621,00;SECRETARIA MUNICIPAL DE EDUCAÇÃO;FUNDO DE MANUT. E DEC.DA EDUC.BASICA-FUNDEB;SME- DEPTOR ADM FUNDEB 30 % VI - COMISSIONADOS;COMISSIONADOS;028.XXX.XXX-18;828;40;;1;01/09/2025;;;;;;2 - Comissão;TEMPO DETERMINADO;;;Efetivo;;ASSESSOR TÉCNICO (A) ADMINISTRATIVO
;Folha Mensal - Janeiro;JOSE FRANCISCO DE SOUSA;AUX. ADMINISTRATIVO;1.415,46;1.902,44;3.317,90;SECRETARIA MUNICIPAL DE EDUCAÇÃO;FUNDO DE MANUT. E DEC.DA EDUC.BASICA-FUNDEB;SME- DEPTO. ADM -FUNDEB 30% II;TEMPO DE SERVIÇO;022.XXX.XXX-24;116;40;U.E.M. JOSE DE MOURA LEAL;1;01/09/1986;;;;;;1 - Efetivo;CONCURSO PUBLICO ;;;Efetivo;;AUX. ADMINISTRATIVO
;Folha Mensal - Janeiro;JOSÉ FRANSUAILAM DE LIMA;DIRETOR DE DEPARTAMENTO;209,10;2.384,50;2.593,60;SECRETARIA MUNICIPAL DE EDUCAÇÃO;FUNDO DE MANUT. E DEC.DA EDUC.BASICA-FUNDEB;SME- DEPTOR ADM FUNDEB 30 % VI - COMISSIONADOS;COMISSIONADOS;612.XXX.XXX-04;537;40;SECRETARIA MUNICIPAL DE EDUCAÇÃO;2;02/01/2025;;;;;;2 - Comissão;LIVRE PROVIMENTO ;;;Função de Confiança;;DIRETOR DE DEPARTAMENTO
;Folha Mensal - Janeiro;JOSE GILDEMAR SOUSA SILVA;PROFESSOR SE 40H;2.213,29;5.944,48;8.157,77;SECRETARIA MUNICIPAL DE EDUCAÇÃO;SECRETARIA MUNICIPAL DE EDUCAÇÃO;SME- DEPTOR ENSINO FUNDEB 70% I;EFETIVO - PROFESSORES;041.XXX.XXX-10;146;40;U.E.M LUIZ LINO DA SILVA;1;02/03/2015;;;030/2022;;;1 - Efetivo;CONCURSO PUBLICO ;;;Efetivo;;PROFESSOR SL 40H
;Folha Mensal - Janeiro;JOSÉ JOAQUIM DA SILVA FILHO;ASSESSOR TÉCNICO (A) ADMINISTRATIVO;121,57;1.499,43;1.621,00;PREFEITURA MUNICIPAL DE PADRE MARCOS-PI;SECRETARIA MUNICIPAL  DE ADMINISTRAÇÃO;SEAD -  DEPTO. ADMINISTRAÇÃO V- COMISSIONADOS;COMISSIONADOS;454.XXX.XXX-20;610;40;PREDIO DA PREFEITURA;1;03/02/2025;;;;;;2 - Comissão;TEMPO DETERMINADO;;;Função de Confiança;;ASSESSOR TÉCNICO (A) ADMINISTRATIVO
;Folha Mensal - Janeiro;JOSÉ LEAL DE MACEDO;ASSESSOR TÉCNICO (A) ADMINISTRATIVO;121,57;1.499,43;1.621,00;PREFEITURA MUNICIPAL DE PADRE MARCOS-PI;SECRETARIA MUNICIPAL  DE ADMINISTRAÇÃO;SEMA -  SECRETARIA DO MEIO AMBIENTE;COMISSIONADOS;895.XXX.XXX-49;240;40;;3;03/02/2025;;;;;;2 - Comissão;TEMPO DETERMINADO;;;Função de Confiança;;ASSESSOR TÉCNICO (A) ADMINISTRATIVO
;Folha Mensal - Janeiro;JOSÉ RIBAMAR DE SOUSA;ASSESSOR TÉCNICO (A) ADMINISTRATIVO;209,10;2.384,50;2.593,60;PREFEITURA MUNICIPAL DE PADRE MARCOS-PI;SECRETARIA MUNICIPAL  DE ADMINISTRAÇÃO;ADM.SEC.MUNICIPAL DE TRANSPORTES;COMISSIONADOS;993.XXX.XXX-87;499;40;;2;02/01/2025;;;;;;2 - Comissão;TEMPO DETERMINADO;;;Função de Confiança;;ASSESSOR TÉCNICO (A) ADMINISTRATIVO
;Folha Mensal - Janeiro;JOSÉ RODOLFO DE CARVALHO;ASSESSOR ESPECIAL;209,10;2.384,50;2.593,60;SECRETARIA MUNICIPAL DE EDUCAÇÃO;FUNDO DE MANUT. E DEC.DA EDUC.BASICA-FUNDEB;SME- DEPTOR ADM FUNDEB 30 % VI - COMISSIONADOS;COMISSIONADOS;612.XXX.XXX-19;1083;40;;1;01/03/2025;;;;;;2 - Comissão;LIVRE PROVIMENTO ;;;Função de Confiança;;ASSESSOR ESPECIAL
;Folha Mensal - Janeiro;JOSE VALDINAR DA SILVA;SECRETARIO MUNICICIPAL DE GOVERNO;178,68;2.076,92;2.255,60;PREFEITURA MUNICIPAL DE PADRE MARCOS-PI;GABINETE DO PREFEITO;GABINETE DO PREFEITO;COMISSIONADOS;864.XXX.XXX-20;223;40;;2;02/01/2025;;;;;;2 - Comissão;LIVRE PROVIMENTO ;;;Função de Confiança;;SECRETARIO MUNICICIPAL DE GOVERNO
;Folha Mensal - Janeiro;JOSÉ VALDINAR FRANCISCO DA SILVA;ASSESSOR TÉCNICO (A) ADMINISTRATIVO;209,10;2.384,50;2.593,60;SECRETARIA MUNICIPAL DE EDUCAÇÃO;FUNDO DE MANUT. E DEC.DA EDUC.BASICA-FUNDEB;SME- DEPTOR ADM FUNDEB 30 % VI - COMISSIONADOS;COMISSIONADOS;005.XXX.XXX-78;526;40;SECRETARIA MUNICIPAL DE EDUCAÇÃO;2;02/01/2025;;;;;;2 - Comissão;TEMPO DETERMINADO;;;;;ASSESSOR TÉCNICO (A) ADMINISTRATIVO
;Folha Mensal - Janeiro;JOSEAN SANTOS ALMEIDA;PROFESSOR SE 40H;2.546,01;6.893,13;9.439,14;SECRETARIA MUNICIPAL DE EDUCAÇÃO;SECRETARIA MUNICIPAL DE EDUCAÇÃO;SME- DEPTOR ENSINO FUNDEB 70% II;EFETIVO - PROFESSORES;718.XXX.XXX-49;183;40;UNIDADE ESCOLAR JOSE JUBELINO DE MACEDO;1;02/03/1998;;;;;;1 - Efetivo;CONCURSO PUBLICO ;;;Efetivo;;PROFESSOR SE 40H
;Folha Mensal - Janeiro;JOSEANO VALDECI DE LIMA;DIRETOR DE DEPARTAMENTO;121,57;1.499,43;1.621,00;PREFEITURA MUNICIPAL DE PADRE MARCOS-PI;SECRETARIA MUNICIPAL  DE ADMINISTRAÇÃO;SEAD -  DEPTO. ADMINISTRAÇÃO V- COMISSIONADOS;COMISSIONADOS;010.XXX.XXX-56;390;40;;2;02/01/2025;;;;;;2 - Comissão;LIVRE PROVIMENTO ;;;Função de Confiança;;COORDENADOR DE CEMITÉRIO PÚBLICO
;Folha Mensal - Janeiro;JOSEFA BENEDITA DA SILVA;TECNICO EM ENFERMAGEM;282,86;2.205,49;2.488,35;SECRETARIA MUNICIPAL DE SAUDE;SECRETARIA MUNICIPAL DE SAUDE;SMS - DEPTOR .SEC. DE SAUDE - PAB;EFETIVOS;241.XXX.XXX-53;56;40;SECRETARIA MUNICIPAL DE SAÚDE;1;02/02/2015;;;;;;1 - Efetivo;CONCURSO PUBLICO ;;;Efetivo;;TECNICO EM ENFERMAGEM
;Folha Complementar c/ Encargos - Janeiro;JOSEFA BENEDITA DA SILVA;TECNICO EM ENFERMAGEM;210,66;-210,66;;SECRETARIA MUNICIPAL DE SAUDE;SECRETARIA MUNICIPAL DE SAUDE;SMS - DEPTOR .SEC. DE SAUDE - PAB;EFETIVOS;241.XXX.XXX-53;56;40;SECRETARIA MUNICIPAL DE SAÚDE;1;02/02/2015;;;;;;1 - Efetivo;CONCURSO PUBLICO ;;;Efetivo;;TECNICO EM ENFERMAGEM
;Folha Mensal - Janeiro;JOSEFA MACEDO DA SILVA;AUX. DE SERV. GERAIS;303,94;1.722,31;2.026,25;SECRETARIA MUNICIPAL DE EDUCAÇÃO;FUNDO DE MANUT. E DEC.DA EDUC.BASICA-FUNDEB;SME- DEPTO. ADM -FUNDEB 30% II;EFETIVOS;628.XXX.XXX-49;92;40;U.E.M.BERLAMINO FLORENTINO DE CARVALHO;1;02/03/1998;;;;;;1 - Efetivo;CONCURSO PUBLICO ;;;Efetivo;;AUX. DE SERV. GERAIS
;Folha Mensal - Janeiro;JOSEFA MÁRCIA DE CARVALHO;DIRETOR(A) DE ESCOLA;272,58;2.927,42;3.200,00;SECRETARIA MUNICIPAL DE EDUCAÇÃO;SECRETARIA MUNICIPAL DE EDUCAÇÃO;SME- DEPTOR. ENSINO FUNDEB 70% V - COMISSIONADOS;COMISSIONADOS EDUCAÇÃO;010.XXX.XXX-42;449;40;U.E.M LUIZ LINO DA SILVA;2;02/01/2025;;;;;;2 - Comissão;LIVRE PROVIMENTO ;;;Contrato Temporario;;DIRETOR(A) DE ESCOLA
;Folha Mensal - Janeiro;JOSEFA PEDRINA DA CONCEIÇÃO SILVA;AG. COMUNITARIO DE SAÚDE;622,47;4.216,33;4.838,80;SECRETARIA MUNICIPAL DE SAUDE;SECRETARIA MUNICIPAL DE SAUDE;SMS - SEC.DE SAUDE - ACS I - PAB;EFETIVOS;689.XXX.XXX-63;44;40;;1;18/03/2003;;;;;;1 - Efetivo;CONCURSO PUBLICO ;;;Efetivo;;AG. COMUNITARIO DE SAÚDE
;Folha Mensal - Janeiro;JOSELIA LUISA DE CARVALHO;ASSESSOR ESPECIAL;121,57;1.499,43;1.621,00;SECRETARIA MUNICIPAL DE EDUCAÇÃO;FUNDO DE MANUT. E DEC.DA EDUC.BASICA-FUNDEB;SME- DEPTOR ADM FUNDEB 30 % VI - COMISSIONADOS;COMISSIONADOS EDUCAÇÃO;068.XXX.XXX-50;339;40;;2;02/01/2025;;;;;;2 - Comissão;LIVRE PROVIMENTO ;;;;;ASSESSOR ESPECIAL
;Folha Mensal - Janeiro;JOSIVALDO GERALDO CARVALHO MACEDO;MOTORISTA;303,91;2.033,81;2.337,72;SECRETARIA MUNICIPAL DE EDUCAÇÃO;FUNDO DE MANUT. E DEC.DA EDUC.BASICA-FUNDEB;SME- DEPTOR. ADM FUNDEB 30% V;EFETIVOS;004.XXX.XXX-03;108;40;SECRETARIA MUNICIPAL DE EDUCAÇÃO;1;02/03/2015;;;;;;1 - Efetivo;CONCURSO PUBLICO ;;;Efetivo;;MOTORISTA
;Adiantamento 13º Salário - Janeiro;JOSIVALDO GERALDO CARVALHO MACEDO;MOTORISTA;;1.071,46;1.071,46;SECRETARIA MUNICIPAL DE EDUCAÇÃO;FUNDO DE MANUT. E DEC.DA EDUC.BASICA-FUNDEB;SME- DEPTOR. ADM FUNDEB 30% V;EFETIVOS;004.XXX.XXX-03;108;40;SECRETARIA MUNICIPAL DE EDUCAÇÃO;1;02/03/2015;;;;;;1 - Efetivo;CONCURSO PUBLICO ;;;Efetivo;;MOTORISTA
;Folha Mensal - Janeiro;JOSIVANHA DE MORAIS CARVALHO;ORIENTADOR SOCIAL;121,57;1.499,43;1.621,00;SECRETARIA MUNICIPAL DE ASSISTENCIA SOCIAL;SECRETARIA MUNICIPAL DE ASSISTENCIA SOCIAL;SASC-SEC.ASSISTENCIA SOCIAL - ORIENTADORES;CONTRATO TEMPORÁRIO;062.XXX.XXX-78;242;40;;6;01/03/2025;;;;;;3 - Temporário;TEMPO DETERMINADO;03/2025;;Contrato Temporario;;ORIENTADOR SOCIAL
;Folha Mensal - Janeiro;JOSIVANIA ELVIRA DE MACEDO;COORDENADOR DE SERVIÇOS;158,04;1.868,21;2.026,25;PREFEITURA MUNICIPAL DE PADRE MARCOS-PI;SECRETARIA MUNICIPAL  DE ADMINISTRAÇÃO;SEAD- DPTO.ADM. ALMOXARIFADO;COMISSIONADOS;009.XXX.XXX-29;237;40;;2;02/01/2025;;;;;;2 - Comissão;TEMPO DETERMINADO;;;Função de Confiança;;COORDENADOR DE SERVIÇOS
;Folha Mensal - Janeiro;JOSUE JOÃO DA SILVA GOMES;MOTORISTA;209,10;2.384,50;2.593,60;SECRETARIA MUNICIPAL DE EDUCAÇÃO;FUNDO DE MANUT. E DEC.DA EDUC.BASICA-FUNDEB;SME-DEPTO.CONTRATO-ENSINO FUNDEB 30%;CONTRATO TEMPORÁRIO;006.XXX.XXX-81;342;40;SECRETARIA MUNICIPAL DE EDUCAÇÃO;2;02/01/2025;;;;;;1 - Efetivo;CONCURSO PUBLICO ;;;Contrato Temporario;;ASSESSOR TÉCNICO (A) ADMINISTRATIVO
;Folha Mensal - Janeiro;JOVELANDO JOSE DE CARVALHO;PROFESSOR SE 40H;2.213,29;5.944,48;8.157,77;SECRETARIA MUNICIPAL DE EDUCAÇÃO;SECRETARIA MUNICIPAL DE EDUCAÇÃO;SME- DEPTOR ENSINO FUNDEB 70% I;EFETIVO - PROFESSORES;015.XXX.XXX-86;147;40;UNIDADE ESCOLAR MUNICIPAL DAVI SEVERIANO DE CARVALHO;1;02/03/2015;;;;;;1 - Efetivo;CONCURSO PUBLICO ;;;Efetivo;;PROFESSOR SE 40H
;Folha Mensal - Janeiro;JOYCE MAIANNE DA SILVA SOUZA;AG. COMUNITARIO DE SAÚDE;888,12;4.923,28;5.811,40;SECRETARIA MUNICIPAL DE SAUDE;SECRETARIA MUNICIPAL DE SAUDE;SMS - SEC.DE SAUDE - ACS I - PAB;EFETIVOS;037.XXX.XXX-56;43;40;;1;02/02/2015;;;02/2021;;;1 - Efetivo;CONCURSO PUBLICO ;;;Efetivo;;AG. COMUNITARIO DE SAÚDE
;Folha Mensal - Janeiro;JUCENAIDE DE CARVALHO BOEIRO;PROFESSOR SE 40H;2.213,29;5.944,48;8.157,77;SECRETARIA MUNICIPAL DE EDUCAÇÃO;SECRETARIA MUNICIPAL DE EDUCAÇÃO;SME- DEPTOR ENSINO FUNDEB 70% I;EFETIVO - PROFESSORES;004.XXX.XXX-20;148;40;UNIDADE ESCOLAR MUNICIPAL CÂNDIDA MACEDO;1;02/03/2015;;;;;;1 - Efetivo;CONCURSO PUBLICO ;;;Efetivo;;PROFESSOR SL 20H
;Folha Mensal - Janeiro;JUCILIA ANAILDA DE SOUSA LEAL;PROFESSOR SE 40H;2.095,37;5.757,32;7.852,69;SECRETARIA MUNICIPAL DE EDUCAÇÃO;SECRETARIA MUNICIPAL DE EDUCAÇÃO;SME- DEPTOR ENSINO FUNDEB 70% I;EFETIVO - PROFESSORES;014.XXX.XXX-08;291;40;UNIDADE ESCOLAR MUNICIPAL DAVI SEVERIANO DE CARVALHO;1;01/02/2018;;;;;;1 - Efetivo;CONCURSO PUBLICO ;;;Efetivo;;PROFESSOR SL 20H
;Folha Mensal - Janeiro;JULIA MARIA DE JESUS DIAS;PROFESSOR SE 40H;3.965,04;5.108,00;9.073,04;SECRETARIA MUNICIPAL DE EDUCAÇÃO;SECRETARIA MUNICIPAL DE EDUCAÇÃO;SME- DEPTO ENSINO INFANTIL FUNDEB 70% - EFETIVOS;EFETIVO - PROFESSORES;514.XXX.XXX-49;187;40;CRECHE PRÉ-ESCOLAR MARGARIDA DE JESUS ALENCAR ( TIA GUIDA);1;02/02/1998;;;;;;1 - Efetivo;CONCURSO PUBLICO ;;;Efetivo;;PROFESSOR SE 40H
;Folha Mensal - Janeiro;JULIANA CRISTINA DIAS BRITO;COORDENADOR(A) PEDAGÓGICO;272,58;2.927,42;3.200,00;SECRETARIA MUNICIPAL DE EDUCAÇÃO;SECRETARIA MUNICIPAL DE EDUCAÇÃO;SME- DEPTOR. ENSINO FUNDEB 70% V - COMISSIONADOS;COMISSIONADOS EDUCAÇÃO;062.XXX.XXX-06;273;40;UNIDADE ESCOLAR MUNICIPAL CÂNDIDA MACEDO;5;02/01/2025;;;;;;2 - Comissão;TEMPO DETERMINADO;;;Função de Confiança;;COORDENADOR(A) PEDAGÓGICO
;Folha Mensal - Janeiro;JULIÊTA TEREZA DE CARVALHO NETA;AG. COMUNITARIO DE SAÚDE;943,23;4.868,17;5.811,40;SECRETARIA MUNICIPAL DE SAUDE;SECRETARIA MUNICIPAL DE SAUDE;SMS - SEC.DE SAUDE - ACS I - PAB;EFETIVOS;877.XXX.XXX-68;42;40;;1;01/08/1999;;;;;;1 - Efetivo;CONCURSO PUBLICO ;;;Efetivo;;AG. COMUNITARIO DE SAÚDE
;Folha Mensal - Janeiro;JURACI RODRIGO DA SILVA;COORDENADOR DE SERVIÇOS;209,10;2.384,50;2.593,60;SECRETARIA MUNICIPAL DE EDUCAÇÃO;FUNDO DE MANUT. E DEC.DA EDUC.BASICA-FUNDEB;SME- DEPTOR ADM FUNDEB 30 % VI - COMISSIONADOS;COMISSIONADOS;535.XXX.XXX-04;485;40;;2;02/01/2025;;;;;;2 - Comissão;TEMPO DETERMINADO;;;Função de Confiança;;COORDENADOR DE SERVIÇOS
;Folha Mensal - Janeiro;JUSSANDRA JUDITE DE MACEDO;AUX. DE SERV. GERAIS;303,94;1.722,31;2.026,25;SECRETARIA MUNICIPAL DE EDUCAÇÃO;FUNDO DE MANUT. E DEC.DA EDUC.BASICA-FUNDEB;SME- DEPTO. ADM -FUNDEB 30% II;EFETIVOS;454.XXX.XXX-72;80;40;UNIDADE ESCOLAR MUNICIPAL DAVI SEVERIANO DE CARVALHO;1;01/03/1988;;;;;;1 - Efetivo;CONCURSO PUBLICO ;;;Efetivo;;AUX. DE SERV. GERAIS
;Adiantamento 13º Salário - Janeiro;JUVANIR ANTONIO DE MACEDO;AG. DE HIGIENE E SEGURANÇA;;2.755,70;2.755,70;SECRETARIA MUNICIPAL DE SAUDE;SECRETARIA MUNICIPAL DE SAUDE;SMS- SEC SAUDE - AGENTE DE ENDEMIAS;EFETIVOS;008.XXX.XXX-66;66;40;;1;02/02/2015;;;;;;1 - Efetivo;CONCURSO PUBLICO ;;;Efetivo;;AG. DE HIGIENE E SEGURANÇA
;Folha Mensal - Janeiro;JUVANIR ANTONIO DE MACEDO;AG. DE HIGIENE E SEGURANÇA;794,51;4.716,89;5.511,40;SECRETARIA MUNICIPAL DE SAUDE;SECRETARIA MUNICIPAL DE SAUDE;SMS- SEC SAUDE - AGENTE DE ENDEMIAS;EFETIVOS;008.XXX.XXX-66;66;40;;1;02/02/2015;;;;;;1 - Efetivo;CONCURSO PUBLICO ;;;Efetivo;;AG. DE HIGIENE E SEGURANÇA
;Folha Mensal - Janeiro;JUVENAL BORGES DE CARVALHO;MOTORISTA;268,84;2.319,35;2.588,19;HOSPITAL MUNICIPAL DE PADRE MARCOS;SECRETARIA MUNICIPAL DE SAUDE;HOSPITAL-DEPTO.ADMINISTRATIVO II;EFETIVOS;004.XXX.XXX-29;25;40;HOSPITAL MUNICIPAL DE PADRE MARCOS;1;04/05/2015;;;02/2026;;;1 - Efetivo;CONCURSO PUBLICO ;;;Efetivo;;MOTORISTA
;Folha Mensal - Janeiro;KALINE BARBOSA CAVALCANTE ARRAES;ENFERMEIRO;1.458,51;6.450,58;7.909,09;SECRETARIA MUNICIPAL DE SAUDE;SECRETARIA MUNICIPAL DE SAUDE;SMS - DEPTOR .SEC. DE SAUDE - PAB;EFETIVOS;936.XXX.XXX-20;119;40;;1;02/05/2008;;;085/2024;;;1 - Efetivo;CONCURSO PUBLICO ;;;Efetivo;;ENFERMEIRO
;Folha Complementar c/ Encargos - Janeiro;KALINE BARBOSA CAVALCANTE ARRAES;ENFERMEIRO;162,16;-162,16;;SECRETARIA MUNICIPAL DE SAUDE;SECRETARIA MUNICIPAL DE SAUDE;SMS - DEPTOR .SEC. DE SAUDE - PAB;EFETIVOS;936.XXX.XXX-20;119;40;;1;02/05/2008;;;085/2024;;;1 - Efetivo;CONCURSO PUBLICO ;;;Efetivo;;ENFERMEIRO
;Folha Mensal - Janeiro;KALINNE CARVALHO COUTINHO MACEDO;DIRETOR DE DEPARTAMENTO;194,51;2.236,99;2.431,50;SECRETARIA MUNICIPAL DE EDUCAÇÃO;FUNDO DE MANUT. E DEC.DA EDUC.BASICA-FUNDEB;SME- DEPTOR ADM FUNDEB 30 % VI - COMISSIONADOS;COMISSIONADOS;074.XXX.XXX-95;831;40;;1;01/09/2025;;;;;;2 - Comissão;LIVRE PROVIMENTO ;;;Função de Confiança;;DIRETOR DE DEPARTAMENTO
;Folha Mensal - Janeiro;kAROLINY VIANA DE SOUSA;PROFESSOR SE 40H;4.543,56;3.614,21;8.157,77;SECRETARIA MUNICIPAL DE EDUCAÇÃO;SECRETARIA MUNICIPAL DE EDUCAÇÃO;SME- DEPTOR ENSINO FUNDEB 70% I;EFETIVO - PROFESSORES;035.XXX.XXX-03;149;40;UNIDADE ESCOLAR MUNICIPAL DAVI SEVERIANO DE CARVALHO;1;02/03/2015;;;195/2021;;;1 - Efetivo;CONCURSO PUBLICO ;;;Efetivo;;PROFESSOR SL 40H
;Folha Mensal - Janeiro;KASSIELLY FRANCIDALVA DE CARVALHO;OUVIDOR GERAL DO MUNICIPIO;251,46;2.772,54;3.024,00;PREFEITURA MUNICIPAL DE PADRE MARCOS-PI;GABINETE DO PREFEITO;GABINETE DO PREFEITO;COMISSIONADOS EDUCAÇÃO;088.XXX.XXX-35;550;40;PREDIO DA PREFEITURA;4;02/04/2025;;;;;;2 - Comissão;TEMPO DETERMINADO;06/2023;;Contrato Temporario;;OUVIDOR GERAL DO MUNICIPIO
;Folha Mensal - Janeiro;KATHYANNE LEAL SOUSA;DIRETOR DE DEPARTAMENTO;1.621,00;0,00;1.621,00;SECRETARIA MUNICIPAL DE EDUCAÇÃO;FUNDO DE MANUT. E DEC.DA EDUC.BASICA-FUNDEB;SME- DEPTOR ADM FUNDEB 30 % VI - COMISSIONADOS;COMISSIONADOS EDUCAÇÃO;046.XXX.XXX-55;347;40;;3;03/02/2025;;;;;;2 - Comissão;LIVRE PROVIMENTO ;;;Função de Confiança;;DIRETOR DE DEPARTAMENTO
;Folha Mensal - Janeiro;KATHYUSSE LEAL SOUSA BENIZ;PROFESSOR SL 40H - CELETISTA;3.986,24;0,00;3.986,24;SECRETARIA MUNICIPAL DE EDUCAÇÃO;SECRETARIA MUNICIPAL DE EDUCAÇÃO;SME- DEPTO  ENSINO INFANTIL FUNDEB 70% - SELETISTAS;CONTRATADOS  EDUCAÇÃO;043.XXX.XXX-79;276;40;CRECHE PRÉ-ESCOLAR MARGARIDA DE JESUS ALENCAR ( TIA GUIDA);6;24/02/2025;;;;;;3 - Temporário;TEMPO DETERMINADO;;;Contrato Temporario;;PROFESSOR SL 40H - CELETISTA
;Folha Mensal - Janeiro;KÁTIA LEILA DA SILVA;ASSESSOR TÉCNICO (A) ADMINISTRATIVO;209,10;2.384,50;2.593,60;SECRETARIA MUNICIPAL DE EDUCAÇÃO;FUNDO DE MANUT. E DEC.DA EDUC.BASICA-FUNDEB;SME- DEPTOR ADM FUNDEB 30 % VI - COMISSIONADOS;COMISSIONADOS;909.XXX.XXX-91;775;40;SECRETARIA MUNICIPAL DE EDUCAÇÃO;1;01/04/2025;;;;;;2 - Comissão;TEMPO DETERMINADO;;;Função de Confiança;;ASSESSOR TÉCNICO (A) ADMINISTRATIVO
;Folha Mensal - Janeiro;KAUÊ JOSÉ DA SILVA;ASSESSOR TÉCNICO (A) ADMINISTRATIVO;166,79;1.956,72;2.123,51;SECRETARIA MUNICIPAL DE EDUCAÇÃO;FUNDO DE MANUT. E DEC.DA EDUC.BASICA-FUNDEB;SME- DEPTOR ADM FUNDEB 30 % VI - COMISSIONADOS;COMISSIONADOS;622.XXX.XXX-44;780;40;;1;01/04/2025;;;;;;2 - Comissão;TEMPO DETERMINADO;;;Função de Confiança;;ASSESSOR TÉCNICO (A) ADMINISTRATIVO
;Folha Mensal - Janeiro;KEDNA RAIMUNDA DA SILVA;PROFESSOR SE 40H;3.660,18;4.192,51;7.852,69;SECRETARIA MUNICIPAL DE EDUCAÇÃO;SECRETARIA MUNICIPAL DE EDUCAÇÃO;SME- DEPTOR ENSINO FUNDEB 70% I;EFETIVO - PROFESSORES;015.XXX.XXX-10;150;40;U.E.M LUIZ LINO DA SILVA;1;02/03/2015;;;;;;1 - Efetivo;CONCURSO PUBLICO ;;;Efetivo;;PROFESSOR SL 40H
;Adiantamento 13º Salário - Janeiro;LAERCIO SILVA SANTOS;GARI;;1.151,59;1.151,59;PREFEITURA MUNICIPAL DE PADRE MARCOS-PI;SECRETARIA MUNICIPAL  DE ADMINISTRAÇÃO;SEAD - DEPTO.ADMINISTRAÇÃO II;EFETIVOS;065.XXX.XXX-60;224;40;;1;25/11/2016;;;;;;1 - Efetivo;CONCURSO PUBLICO ;;;Efetivo;;GARI
;Folha Mensal - Janeiro;LAERCIO SILVA SANTOS;GARI;286,11;2.226,44;2.512,55;PREFEITURA MUNICIPAL DE PADRE MARCOS-PI;SECRETARIA MUNICIPAL  DE ADMINISTRAÇÃO;SEAD - DEPTO.ADMINISTRAÇÃO II;EFETIVOS;065.XXX.XXX-60;224;40;;1;25/11/2016;;;;;;1 - Efetivo;CONCURSO PUBLICO ;;;Efetivo;;GARI
;Adiantamento 13º Salário - Janeiro;LAESIO JOSE DE MACEDO SILVA;AG. DE HIGIENE E SEGURANÇA;;2.269,40;2.269,40;SECRETARIA MUNICIPAL DE SAUDE;SECRETARIA MUNICIPAL DE SAUDE;SMS- SEC SAUDE - AGENTE DE ENDEMIAS;EFETIVOS;008.XXX.XXX-93;64;40;;1;02/02/2015;;;;;;1 - Efetivo;CONCURSO PUBLICO ;;;Efetivo em Comissão;;AG. DE HIGIENE E SEGURANÇA
;Folha Mensal - Janeiro;LAESIO JOSE DE MACEDO SILVA;AG. DE HIGIENE E SEGURANÇA;1.080,08;3.458,72;4.538,80;SECRETARIA MUNICIPAL DE SAUDE;SECRETARIA MUNICIPAL DE SAUDE;SMS- SEC SAUDE - AGENTE DE ENDEMIAS;EFETIVOS;008.XXX.XXX-93;64;40;;1;02/02/2015;;;;;;1 - Efetivo;CONCURSO PUBLICO ;;;Efetivo em Comissão;;AG. DE HIGIENE E SEGURANÇA
;Folha Mensal - Janeiro;LAIANE LUSINEIDE DE CARVALHO;ASSESSOR TÉCNICO (A) ADMINISTRATIVO;121,57;1.499,43;1.621,00;SECRETARIA MUNICIPAL DE SAUDE;SECRETARIA MUNICIPAL DE SAUDE;SMS-DEPTO.SEC.SAUDE-CONTRATADOS - FUS;COMISSIONADOS;086.XXX.XXX-01;593;40;SECRETARIA MUNICIPAL DE SAÚDE;2;02/01/2025;;;;;;2 - Comissão;TEMPO DETERMINADO;;;Função de Confiança;;ASSESSOR TÉCNICO (A) ADMINISTRATIVO
;Folha Complementar c/ Encargos - Janeiro;LAIANE LUSINEIDE DE CARVALHO;ASSESSOR TÉCNICO (A) ADMINISTRATIVO;142,10;-142,10;;SECRETARIA MUNICIPAL DE SAUDE;SECRETARIA MUNICIPAL DE SAUDE;SMS-DEPTO.SEC.SAUDE-CONTRATADOS - FUS;COMISSIONADOS;086.XXX.XXX-01;593;40;SECRETARIA MUNICIPAL DE SAÚDE;2;02/01/2025;;;;;;2 - Comissão;TEMPO DETERMINADO;;;Função de Confiança;;ASSESSOR TÉCNICO (A) ADMINISTRATIVO
;Folha Mensal - Janeiro;LANNA RAFAELA DO NASCIMENTO MACEDO;FISIOTERAPEUTA;212,92;2.423,08;2.636,00;SECRETARIA MUNICIPAL DE SAUDE;SECRETARIA MUNICIPAL DE SAUDE;SEC. MUN. SAÚDE- DEPTO. DE SAUDE II-CONTRATADOS - PAB;CONTRATO TEMPORÁRIO;049.XXX.XXX-10;420;40;;3;02/01/2025;;;;;;3 - Temporário;TEMPO DETERMINADO;03/2021;;Contrato Temporario;;FISIOTERAPEUTA
;Folha Mensal - Janeiro;LARIEL MACEDO CARDEAL;COORDENADOR DE SERVIÇOS;179,92;2.089,48;2.269,40;SECRETARIA MUNICIPAL DE SAUDE;SECRETARIA MUNICIPAL DE SAUDE;SMS-DEPTO.SEC.SAUDE-CONTRATADOS - FUS;COMISSIONADOS;078.XXX.XXX-70;383;40;;2;02/01/2025;;;;;;2 - Comissão;TEMPO DETERMINADO;;;Função de Confiança;;COORDENADOR DE SERVIÇOS
;Folha Mensal - Janeiro;LAUDELINO RODRIGUES DA SILVA;ASSESSOR ESPECIAL;121,57;1.499,43;1.621,00;SECRETARIA MUNICIPAL DE EDUCAÇÃO;FUNDO DE MANUT. E DEC.DA EDUC.BASICA-FUNDEB;SME- DEPTOR ADM FUNDEB 30 % VI - COMISSIONADOS;COMISSIONADOS;241.XXX.XXX-00;706;40;;1;01/03/2025;;;;;;2 - Comissão;LIVRE PROVIMENTO ;;;Função de Confiança;;ASSESSOR ESPECIAL
;Folha Mensal - Janeiro;LAWANNE DAYSE SILVA;ASSESSOR TÉCNICO (A) ADMINISTRATIVO;121,57;1.499,43;1.621,00;PREFEITURA MUNICIPAL DE PADRE MARCOS-PI;SECRETARIA MUNICIPAL  DE ADMINISTRAÇÃO;SEAD -  DEPTO. ADMINISTRAÇÃO V- COMISSIONADOS;COMISSIONADOS;091.XXX.XXX-80;611;40;PREDIO DA PREFEITURA;1;03/02/2025;;;;;;2 - Comissão;TEMPO DETERMINADO;;;Função de Confiança;;ASSESSOR TÉCNICO (A) ADMINISTRATIVO
;Folha Mensal - Janeiro;LAYANY CARLA MACEDO BARROS ALENCAR;ASSESSOR TÉCNICO (A) ADMINISTRATIVO;179,92;2.089,48;2.269,40;SECRETARIA MUNICIPAL DE EDUCAÇÃO;FUNDO DE MANUT. E DEC.DA EDUC.BASICA-FUNDEB;SME- DEPTOR ADM FUNDEB 30 % VI - COMISSIONADOS;COMISSIONADOS;048.XXX.XXX-52;814;40;;1;01/07/2025;;;;;;2 - Comissão;TEMPO DETERMINADO;;;Função de Confiança;;ASSESSOR TÉCNICO (A) ADMINISTRATIVO
;Folha Mensal - Janeiro;LAZZARO NARTAN CARVALHO LEAL;ASSESSOR TÉCNICO (A) ADMINISTRATIVO;121,57;1.499,43;1.621,00;PREFEITURA MUNICIPAL DE PADRE MARCOS-PI;SECRETARIA MUNICIPAL  DE ADMINISTRAÇÃO;SEAD -  DEPTO. ADMINISTRAÇÃO V- COMISSIONADOS;COMISSIONADOS;066.XXX.XXX-92;645;40;PREDIO DA PREFEITURA;1;01/02/2025;;;;;;2 - Comissão;TEMPO DETERMINADO;;;Contrato Temporario;;ASSESSOR TÉCNICO (A) ADMINISTRATIVO
;Folha Mensal - Janeiro;LÊDA VANIA DA SILVA SOUSA;AUX. DE SERV. GERAIS;648,62;1.134,48;1.783,10;SECRETARIA MUNICIPAL DE EDUCAÇÃO;FUNDO DE MANUT. E DEC.DA EDUC.BASICA-FUNDEB;SME- DEPTO. ADM -FUNDEB 30% II;EFETIVOS;526.XXX.XXX-82;81;40;UNIDADE ESCOLAR MUNICIPAL CÂNDIDA MACEDO;1;02/03/1998;;;018/2022;;;1 - Efetivo;CONCURSO PUBLICO ;;;Efetivo;;AUX. DE SERV. GERAIS
;Folha Mensal - Janeiro;LEILANE RAVELLY MACEDO FEITOSA;ASSESSOR TÉCNICO (A) ADMINISTRATIVO;121,57;1.499,43;1.621,00;SECRETARIA MUNICIPAL DE SAUDE;SECRETARIA MUNICIPAL DE SAUDE;SMS-DEPTO.SEC.SAUDE-CONTRATADOS - FUS;COMISSIONADOS;614.XXX.XXX-15;352;40;;3;02/01/2025;;01/2020;;;;2 - Comissão;TEMPO DETERMINADO;;;Função de Confiança;;ASSESSOR TÉCNICO (A) ADMINISTRATIVO
;Folha Mensal - Janeiro;LEONARDO DE CARVALHO MACEDO;PROFESSORA DE EJA - CELETISTA;3.986,24;0,00;3.986,24;SECRETARIA MUNICIPAL DE EDUCAÇÃO;SECRETARIA MUNICIPAL DE EDUCAÇÃO;SME-DEPTOR. ENSINO FUNDEB 70%  VI EJA;CONTRATADOS  EDUCAÇÃO;066.XXX.XXX-06;492;40;;3;01/03/2025;;032023;;;;3 - Temporário;TEMPO DETERMINADO;;;Contrato Temporario;;PROFESSORA DE EJA - CELETISTA
;Folha Mensal - Janeiro;LEONARDO HOMERO DE CARVALHO;VISITADOR PCF;121,57;1.499,43;1.621,00;SECRETARIA MUNICIPAL DE ASSISTENCIA SOCIAL;SECRETARIA MUNICIPAL DE ASSISTENCIA SOCIAL; PROG.CRIANÇA FELIZ;CONTRATO TEMPORÁRIO;612.XXX.XXX-00;761;40;;1;01/03/2025;;;;;;3 - Temporário;TEMPO DETERMINADO;;;Contrato Temporario;;VISITADOR PCF
;Folha Mensal - Janeiro;LINNARA EMILY BENEDITO MOURA;SECRETARIO (A);178,68;2.076,92;2.255,60;PREFEITURA MUNICIPAL DE PADRE MARCOS-PI;SECRETARIA MUNICIPAL DE CULTURA;SECRETARIA  MUNICIPAL DE CULTURA;COMISSIONADOS;056.XXX.XXX-80;221;40;;3;02/01/2025;;;;;;2 - Comissão;LIVRE PROVIMENTO ;;;Função de Confiança;;SECRETARIO (A) DE CULTURA
;Folha Mensal - Janeiro;LORENA MACEDO BARROS;ASSESSORA OUVIDORIA MUNICIPAL;172,63;2.015,72;2.188,35;PREFEITURA MUNICIPAL DE PADRE MARCOS-PI;SECRETARIA MUNICIPAL  DE ADMINISTRAÇÃO;SEAD -  DEPTO. ADMINISTRAÇÃO V- COMISSIONADOS;COMISSIONADOS EDUCAÇÃO;025.XXX.XXX-01;468;40;;3;02/01/2025;;;;;;2 - Comissão;TEMPO DETERMINADO;;;Contrato Temporario;;ASSESSORA OUVIDORIA MUNICIPAL
;Folha Mensal - Janeiro;LORENA MACEDO CARVALHO;AUX. DE SERV. GERAIS;260,98;1.738,25;1.999,23;SECRETARIA MUNICIPAL DE EDUCAÇÃO;FUNDO DE MANUT. E DEC.DA EDUC.BASICA-FUNDEB;SME- DEPTO. ADM -FUNDEB 30% II;EFETIVOS;612.XXX.XXX-88;95;40;UNIDADE ESCOLAR MUNICIPAL CÂNDIDA MACEDO;1;03/08/2015;;;;;;1 - Efetivo;CONCURSO PUBLICO ;;;Efetivo;;AUX. DE SERV. GERAIS
;Folha Mensal - Janeiro;LOURIVAL JOSÉ DE SOUSA NETO;AUX. DE SERVIÇOS GERAIS;121,57;1.499,43;1.621,00;SECRETARIA MUNICIPAL DE EDUCAÇÃO;SECRETARIA MUNICIPAL DE EDUCAÇÃO;SME-DEPTO.CONTRATO-ENSINO FUNDEB 30%;CONTRATADOS  EDUCAÇÃO;072.XXX.XXX-41;413;40;;3;01/03/2025;;;;;;3 - Temporário;TEMPO DETERMINADO;;;Contrato Temporario;;DIRETOR DE DEPARTAMENTO
;Folha Mensal - Janeiro;LOURIVAN LUETIL LEAL;DIRETOR DE DEPARTAMENTO;121,57;1.499,43;1.621,00;SECRETARIA MUNICIPAL DE EDUCAÇÃO;FUNDO DE MANUT. E DEC.DA EDUC.BASICA-FUNDEB;SME- DEPTOR ADM FUNDEB 30 % VI - COMISSIONADOS;COMISSIONADOS;006.XXX.XXX-06;6007;40;SECRETARIA MUNICIPAL DE EDUCAÇÃO;1;03/02/2025;;;;;;2 - Comissão;LIVRE PROVIMENTO ;;;Função de Confiança;;DIRETOR DE DEPARTAMENTO
;Folha Mensal - Janeiro;LUANA LUCIENE DE SOUSA;CONSELHEIRO TUTELAR;121,57;1.499,43;1.621,00;SECRETARIA MUNICIPAL DE ASSISTENCIA SOCIAL;SECRETARIA MUNICIPAL DE ASSISTENCIA SOCIAL;SASC-ASSISTENCIA SOCIAL - CONSELHO;ELETIVOS;046.XXX.XXX-12;358;40;;2;10/01/2024;;10/2020;;;;7 - Conselheiro;ELEICAO/INDICACAO;;;Contrato Temporario;;CONSELHEIRO TUTELAR
;Folha Mensal - Janeiro;LUCEILDO LUIS ALVES;ASSESSOR TÉCNICO (A) ADMINISTRATIVO;121,57;1.499,43;1.621,00;SECRETARIA MUNICIPAL DE EDUCAÇÃO;FUNDO DE MANUT. E DEC.DA EDUC.BASICA-FUNDEB;SME- DEPTOR ADM FUNDEB 30 % VI - COMISSIONADOS;COMISSIONADOS;019.XXX.XXX-08;592;40;SECRETARIA MUNICIPAL DE EDUCAÇÃO;2;02/01/2025;;;;;;2 - Comissão;TEMPO DETERMINADO;;;Contrato Temporario;;ASSESSOR TÉCNICO (A) ADMINISTRATIVO
;Folha Mensal - Janeiro;LUCIA PEREIRA DA SILVA;AUX. DE SERV. GERAIS;303,94;1.722,31;2.026,25;SECRETARIA MUNICIPAL DE EDUCAÇÃO;FUNDO DE MANUT. E DEC.DA EDUC.BASICA-FUNDEB;SME- DEPTO. ADM -FUNDEB 30% II;EFETIVOS;629.XXX.XXX-72;82;40;;1;02/03/1998;;;;;;1 - Efetivo;CONCURSO PUBLICO ;;;Efetivo;;AUX. DE SERV. GERAIS
;Folha Mensal - Janeiro;LUCIANE LÚCIA DE CARVALHO MACEDO;DIRETOR DE DEPARTAMENTO;121,57;1.499,43;1.621,00;SECRETARIA MUNICIPAL DE EDUCAÇÃO;FUNDO DE MANUT. E DEC.DA EDUC.BASICA-FUNDEB;SME- DEPTOR ADM FUNDEB 30 % VI - COMISSIONADOS;COMISSIONADOS;965.XXX.XXX-53;536;40;SECRETARIA MUNICIPAL DE EDUCAÇÃO;2;02/01/2025;;;;;;2 - Comissão;LIVRE PROVIMENTO ;;;Função de Confiança;;DIRETOR DE DEPARTAMENTO
;Folha Mensal - Janeiro;LUCIANO FRANCISCO DA SILVA;ASSESSOR TÉCNICO (A) ADMINISTRATIVO;209,10;2.384,50;2.593,60;SECRETARIA MUNICIPAL DE EDUCAÇÃO;FUNDO DE MANUT. E DEC.DA EDUC.BASICA-FUNDEB;SME- DEPTOR ADM FUNDEB 30 % VI - COMISSIONADOS;COMISSIONADOS EDUCAÇÃO;116.XXX.XXX-28;367;40;;2;02/01/2025;;;;;;2 - Comissão;TEMPO DETERMINADO;;;Função de Confiança;;ASSESSOR TÉCNICO (A) ADMINISTRATIVO
;Folha Mensal - Janeiro;LUCICLEIDE DE MACEDO SILVA;AUXILIAR DE SAÚDE BUCAL;121,57;1.799,43;1.921,00;SECRETARIA MUNICIPAL DE SAUDE;SECRETARIA MUNICIPAL DE SAUDE;SEC. MUN. SAÚDE- DEPTO. DE SAUDE II-CONTRATADOS - PAB;CONTRATO TEMPORÁRIO;081.XXX.XXX-33;319;40;;4;02/01/2025;;;;;;3 - Temporário;TEMPO DETERMINADO;;;Contrato Temporario;;AUXILIAR DE SAÚDE BUCAL
;Folha Mensal - Janeiro;LUCILEIDE LÚCIA DE SOUSA;PROFESSOR SELETISTA;3.986,24;0,00;3.986,24;SECRETARIA MUNICIPAL DE EDUCAÇÃO;SECRETARIA MUNICIPAL DE EDUCAÇÃO;SME - DEPTOR. ENSINO FUNDEB 70% IV - CELETISTAS;CONTRATADOS  EDUCAÇÃO;940.XXX.XXX-68;402;40;;4;24/02/2025;;;;;;3 - Temporário;TEMPO DETERMINADO;;;Contrato Temporario;;PROFESSOR SL 40H - CELETISTA
;Folha Mensal - Janeiro;LUCILENE MARIA DE CARVALHO;PROFESSOR SE 40H;4.353,95;6.244,53;10.598,48;SECRETARIA MUNICIPAL DE EDUCAÇÃO;SECRETARIA MUNICIPAL DE EDUCAÇÃO;SME- DEPTOR ENSINO FUNDEB 70% II;EFETIVO - PROFESSORES;628.XXX.XXX-20;189;40;UNIDADE ESCOLAR MUNICIPAL CÂNDIDA MACEDO;1;02/02/1998;;;;;;1 - Efetivo;CONCURSO PUBLICO ;;;Efetivo;;PROFESSOR SL 40H
;Folha Mensal - Janeiro;LUCIMAR FRANCELINA DE CARVALHO;PSICOPEDAGOGA;2.200,00;0,00;2.200,00;SECRETARIA MUNICIPAL DE EDUCAÇÃO;FUNDO DE MANUT. E DEC.DA EDUC.BASICA-FUNDEB;SME- DPTO.ENSINO FUNDEB 30% EQUIPE EMULT-CELETISTAS;CONTRATADOS  EDUCAÇÃO;016.XXX.XXX-57;576;40;SECRETARIA MUNICIPAL DE EDUCAÇÃO;2;01/03/2025;;;;;;3 - Temporário;TEMPO DETERMINADO;;;Contrato Temporario;;PSICOPEDAGOGA
;Folha Mensal - Janeiro;LUCIMAR MARIA DA SILVA BEZERRA;PROFESSOR SL 40H - CELETISTA;3.986,24;0,00;3.986,24;SECRETARIA MUNICIPAL DE EDUCAÇÃO;SECRETARIA MUNICIPAL DE EDUCAÇÃO;SME- DEPTO  ENSINO INFANTIL FUNDEB 70% - SELETISTAS;CONTRATADOS  EDUCAÇÃO;993.XXX.XXX-34;493;40;;3;24/02/2025;;;;;;3 - Temporário;TEMPO DETERMINADO;;;;;PROFESSOR SL 40H - CELETISTA
;Folha Mensal - Janeiro;LUCIMÁRIA DE CARVALHO;MONITOR(A);1.621,00;0,00;1.621,00;SECRETARIA MUNICIPAL DE EDUCAÇÃO;FUNDO DE MANUT. E DEC.DA EDUC.BASICA-FUNDEB;SME-DEPTO.CONTRATO-ENSINO FUNDEB 30%;CONTRATADOS  EDUCAÇÃO;086.XXX.XXX-40;507;40;;3;24/02/2025;;;;;;3 - Temporário;TEMPO DETERMINADO;;;Contrato Temporario;;MONITOR(A)
;Folha Mensal - Janeiro;LUCIMÁRIA MOURA MACEDO SILVA;PROFESSOR SE 40H;2.480,08;6.287,87;8.767,95;SECRETARIA MUNICIPAL DE EDUCAÇÃO;SECRETARIA MUNICIPAL DE EDUCAÇÃO;SME- DEPTOR ENSINO FUNDEB 70% II;EFETIVO - PROFESSORES;752.XXX.XXX-00;190;40;SECRETARIA MUNICIPAL DE EDUCAÇÃO;1;02/02/1998;;;;;;1 - Efetivo;CONCURSO PUBLICO ;;;Efetivo;;PROFESSOR SE 40H
;Folha Mensal - Janeiro;LUCINEIDE MOURA MACEDO SILVA;COORDENADOR(A) PEDAGÓGICO;272,58;2.927,42;3.200,00;SECRETARIA MUNICIPAL DE EDUCAÇÃO;SECRETARIA MUNICIPAL DE EDUCAÇÃO;SME- DEPTOR. ENSINO FUNDEB 70% V - COMISSIONADOS;COMISSIONADOS EDUCAÇÃO;011.XXX.XXX-52;275;40;CRECHE PRÉ-ESCOLAR MARGARIDA DE JESUS ALENCAR ( TIA GUIDA);4;02/01/2025;;;;;;2 - Comissão;TEMPO DETERMINADO;;;Contrato Temporario;;COORDENADOR(A) PEDAGÓGICO
;Folha Mensal - Janeiro;LUCIO FLÁVIO MOURA;ASSESSOR TÉCNICO (A) ADMINISTRATIVO;209,10;2.384,50;2.593,60;SECRETARIA MUNICIPAL DE SAUDE;SECRETARIA MUNICIPAL DE SAUDE;SMS-DEPTO.SEC.SAUDE-CONTRATADOS - FUS;COMISSIONADOS;673.XXX.XXX-91;353;40;HOSPITAL MUNICIPAL DE PADRE MARCOS;2;02/01/2025;;01/2020;;;;2 - Comissão;TEMPO DETERMINADO;;;Função de Confiança;;ASSESSOR TÉCNICO (A) ADMINISTRATIVO
;Folha Mensal - Janeiro;LUCIVAL BONIVAL DE SOUSA;MOTORISTA CONTRATADO;194,51;2.236,99;2.431,50;SECRETARIA MUNICIPAL DE EDUCAÇÃO;FUNDO DE MANUT. E DEC.DA EDUC.BASICA-FUNDEB;SME-DEPTO.CONTRATO-ENSINO FUNDEB 30%;CONTRATADOS  EDUCAÇÃO;001.XXX.XXX-61;520;40;;2;02/01/2025;;;;;;3 - Temporário;TEMPO DETERMINADO;;;Contrato Temporario;;ASSESSOR TÉCNICO (A) ADMINISTRATIVO
;Folha Mensal - Janeiro;LUIS EDUARDO DE CARVALHO;ASSESSOR TÉCNICO (A) ADMINISTRATIVO;209,10;2.384,50;2.593,60;SECRETARIA MUNICIPAL DE EDUCAÇÃO;FUNDO DE MANUT. E DEC.DA EDUC.BASICA-FUNDEB;SME- DEPTOR ADM FUNDEB 30 % VI - COMISSIONADOS;COMISSIONADOS EDUCAÇÃO;086.XXX.XXX-52;455;40;;2;02/01/2025;;;;;;2 - Comissão;TEMPO DETERMINADO;;;Função de Confiança;;ASSESSOR TÉCNICO (A) ADMINISTRATIVO
;Folha Mensal - Janeiro;LUIS JOSÉ DE CARVALHO;DIRETOR DE DEPARTAMENTO;194,51;2.236,99;2.431,50;SECRETARIA MUNICIPAL DE EDUCAÇÃO;FUNDO DE MANUT. E DEC.DA EDUC.BASICA-FUNDEB;SME- DEPTOR ADM FUNDEB 30 % VI - COMISSIONADOS;COMISSIONADOS EDUCAÇÃO;956.XXX.XXX-91;479;40;;2;02/01/2025;;;;;;2 - Comissão;LIVRE PROVIMENTO ;;;Função de Confiança;;DIRETOR DE DEPARTAMENTO
;Folha Mensal - Janeiro;LUIS JOSE DE SOUSA FILHO;ASSESSOR TÉCNICO (A) ADMINISTRATIVO;121,57;1.499,43;1.621,00;SECRETARIA MUNICIPAL DE EDUCAÇÃO;FUNDO DE MANUT. E DEC.DA EDUC.BASICA-FUNDEB;SME- DEPTOR ADM FUNDEB 30 % VI - COMISSIONADOS;COMISSIONADOS;965.XXX.XXX-91;323;40;;3;01/10/2025;;;02/2026;;;2 - Comissão;TEMPO DETERMINADO;;;Função de Confiança;;ASSESSOR TÉCNICO (A) ADMINISTRATIVO
;Folha Mensal - Janeiro;LUIS WIDNEY CARVALHO MACEDO;PROFESSOR SL 40H - CELETISTA;3.986,24;0,00;3.986,24;SECRETARIA MUNICIPAL DE EDUCAÇÃO;SECRETARIA MUNICIPAL DE EDUCAÇÃO;SME - DEPTOR. ENSINO FUNDEB 70% IV - CELETISTAS;CONTRATADOS  EDUCAÇÃO;059.XXX.XXX-12;246;40;UNIDADE ESCOLAR MUNICIPAL CÂNDIDA MACEDO;7;24/02/2025;;;;;;3 - Temporário;TEMPO DETERMINADO;;;Contrato Temporario;;PROFESSOR SL 40H - CELETISTA
;Folha Mensal - Janeiro;LUISA GENICARLA DE SOUSA REIS;COZINHEIRO (A);272,33;1.740,41;2.012,74;SECRETARIA MUNICIPAL DE EDUCAÇÃO;FUNDO DE MANUT. E DEC.DA EDUC.BASICA-FUNDEB;SME- DEPTO. ADM.FUNDEB 30% I;EFETIVOS;042.XXX.XXX-54;67;40;;1;02/02/2015;;;;;;1 - Efetivo;CONCURSO PUBLICO ;;;Efetivo;;COZINHEIRO (A)
;Folha Mensal - Janeiro;LUISA MARIA DE MACEDO SILVA;AG. COMUNITARIO DE SAÚDE;554,38;4.122,32;4.676,70;SECRETARIA MUNICIPAL DE SAUDE;SECRETARIA MUNICIPAL DE SAUDE;SMS - SEC.DE SAUDE - ACS I - PAB;EFETIVOS;844.XXX.XXX-68;40;40;;1;01/04/2008;;;;;;1 - Efetivo;CONCURSO PUBLICO ;;;Efetivo;;AG. COMUNITARIO DE SAÚDE
;Folha Mensal - Janeiro;LUIZ FERNANDO DE CARVALHO;AUX. DE SERVIÇOS GERAIS;1.621,00;0,00;1.621,00;SECRETARIA MUNICIPAL DE EDUCAÇÃO;FUNDO DE MANUT. E DEC.DA EDUC.BASICA-FUNDEB;SME-DEPTO.CONTRATO-ENSINO FUNDEB 30%;CONTRATADOS  EDUCAÇÃO;080.XXX.XXX-44;785;40;SECRETARIA MUNICIPAL DE EDUCAÇÃO;1;01/04/2025;;;;;;3 - Temporário;TEMPO DETERMINADO;;;Contrato Temporario;;AUX. DE SERVIÇOS GERAIS
;Folha Mensal - Janeiro;LUIZ JOSÉ DE CARVALHO;ASSESSOR TÉCNICO (A) ADMINISTRATIVO;121,57;1.499,43;1.621,00;SECRETARIA MUNICIPAL DE EDUCAÇÃO;FUNDO DE MANUT. E DEC.DA EDUC.BASICA-FUNDEB;SME- DEPTOR ADM FUNDEB 30 % VI - COMISSIONADOS;COMISSIONADOS EDUCAÇÃO;958.XXX.XXX-34;444;40;;2;02/01/2025;;;;;;2 - Comissão;TEMPO DETERMINADO;;;Função de Confiança;;ASSESSOR TÉCNICO (A) ADMINISTRATIVO
;Folha Mensal - Janeiro;LUIZ JOSE DE SOUSA;ASSESSOR TÉCNICO (A) ADMINISTRATIVO;121,57;1.499,43;1.621,00;SECRETARIA MUNICIPAL DE EDUCAÇÃO;FUNDO DE MANUT. E DEC.DA EDUC.BASICA-FUNDEB;SME- DEPTOR ADM FUNDEB 30 % VI - COMISSIONADOS;COMISSIONADOS;151.XXX.XXX-00;519;40;SECRETARIA MUNICIPAL DE EDUCAÇÃO;2;02/01/2025;;;;;;2 - Comissão;TEMPO DETERMINADO;;;Função de Confiança;;ASSESSOR TÉCNICO (A) ADMINISTRATIVO
;Folha Mensal - Janeiro;LUIZA DEBORA DA SILVA;PROFESSOR SL 40H - CELETISTA;3.986,24;0,00;3.986,24;SECRETARIA MUNICIPAL DE EDUCAÇÃO;SECRETARIA MUNICIPAL DE EDUCAÇÃO;SME - DEPTOR. ENSINO FUNDEB 70% IV - CELETISTAS;CONTRATADOS  EDUCAÇÃO;027.XXX.XXX-11;331;40;;5;24/02/2025;;;;;;3 - Temporário;TEMPO DETERMINADO;;;Contrato Temporario;;PROFESSOR SL 40H - CELETISTA
;Folha Mensal - Janeiro;LUVESON BESERRA DE SOUSA;MOTORISTA;291,38;1.962,85;2.254,23;SECRETARIA MUNICIPAL DE EDUCAÇÃO;FUNDO DE MANUT. E DEC.DA EDUC.BASICA-FUNDEB;SME- DEPTOR. ADM FUNDEB 30% V;EFETIVOS;915.XXX.XXX-49;109;40;SECRETARIA MUNICIPAL DE EDUCAÇÃO;1;01/04/2016;;;;;;1 - Efetivo;CONCURSO PUBLICO ;;;Efetivo;;MOTORISTA
;Folha Mensal - Janeiro;LUZANIRA MOURA MACEDO;AUX. DE SERV. GERAIS;291,78;1.653,42;1.945,20;SECRETARIA MUNICIPAL DE EDUCAÇÃO;FUNDO DE MANUT. E DEC.DA EDUC.BASICA-FUNDEB;SME- DEPTO. ADM -FUNDEB 30% II;EFETIVOS;002.XXX.XXX-60;31;40;UNIDADE ESCOLAR MUNICIPAL DAVI SEVERIANO DE CARVALHO;1;02/03/2015;;;;;;1 - Efetivo;CONCURSO PUBLICO ;;;;;AUX. DE SERV. GERAIS
;Folha Mensal - Janeiro;LUZIA GRIGORE DA SILVA;ORIENTADORA(O) EDUCACIONAL;121,57;1.499,43;1.621,00;SECRETARIA MUNICIPAL DE EDUCAÇÃO;FUNDO DE MANUT. E DEC.DA EDUC.BASICA-FUNDEB;SME- DEPTOR ADM FUNDEB 30 % VI - COMISSIONADOS;COMISSIONADOS EDUCAÇÃO;671.XXX.XXX-68;437;40;;2;02/01/2025;;;;;;2 - Comissão;TEMPO DETERMINADO;;;Função de Confiança;;ORIENTADORA(O) EDUCACIONAL
;Folha Mensal - Janeiro;LUZIA LEAL DE ARAUJO CARVALHO;ASSESSOR ESPECIAL;158,04;1.868,21;2.026,25;SECRETARIA MUNICIPAL DE EDUCAÇÃO;FUNDO DE MANUT. E DEC.DA EDUC.BASICA-FUNDEB;SME- DEPTOR ADM FUNDEB 30 % VI - COMISSIONADOS;COMISSIONADOS;004.XXX.XXX-59;310;40;;2;02/01/2025;;;;;;2 - Comissão;LIVRE PROVIMENTO ;;;Função de Confiança;;ASSESSOR ESPECIAL
;Folha Mensal - Janeiro;LUZIA LUZITANEA DE MACEDO;MONITOR(A);1.621,00;0,00;1.621,00;SECRETARIA MUNICIPAL DE EDUCAÇÃO;FUNDO DE MANUT. E DEC.DA EDUC.BASICA-FUNDEB;SME-DEPTO.CONTRATO-ENSINO FUNDEB 30%;CONTRATADOS  EDUCAÇÃO;080.XXX.XXX-96;515;40;;3;24/02/2025;;;;;;3 - Temporário;TEMPO DETERMINADO;;;Contrato Temporario;;MONITOR(A)
;Folha Mensal - Janeiro;LUZILENE DE ARAÚJO CARVALHO MATOS;AUX. DE SERV. GERAIS;272,33;1.672,87;1.945,20;SECRETARIA MUNICIPAL DE EDUCAÇÃO;FUNDO DE MANUT. E DEC.DA EDUC.BASICA-FUNDEB;SME- DEPTO. ADM -FUNDEB 30% II;EFETIVOS;843.XXX.XXX-82;94;40;U.E.M. JOSE DE MOURA LEAL;1;02/02/2015;;;07/2022;;;1 - Efetivo;CONCURSO PUBLICO ;;;Efetivo;;AUX. DE SERV. GERAIS
;Folha Mensal - Janeiro;LUZILENE SILVA SOUSA;DIRETOR(A) DE ESCOLA;272,58;2.927,42;3.200,00;SECRETARIA MUNICIPAL DE EDUCAÇÃO;SECRETARIA MUNICIPAL DE EDUCAÇÃO;SME- DEPTOR. ENSINO FUNDEB 70% V - COMISSIONADOS;COMISSIONADOS EDUCAÇÃO;029.XXX.XXX-74;277;40;UNIDADE ESCOLAR MUNICIPAL DAVI SEVERIANO DE CARVALHO;4;02/01/2025;;;;;;2 - Comissão;LIVRE PROVIMENTO ;;;Função de Confiança;;DIRETOR(A) DE ESCOLA
;Folha Mensal - Janeiro;LYVIA SUELLEN ALVES LIMEIRA SOUSA;ASSESSOR(A) DE COMUNICAÇÃO INSTITUCIONAL ESCOLAR;179,92;2.089,48;2.269,40;SECRETARIA MUNICIPAL DE EDUCAÇÃO;FUNDO DE MANUT. E DEC.DA EDUC.BASICA-FUNDEB;SME- DEPTOR ADM FUNDEB 30 % VI - COMISSIONADOS;COMISSIONADOS EDUCAÇÃO;076.XXX.XXX-23;467;40;;2;02/01/2025;;;;;;2 - Comissão;LIVRE PROVIMENTO ;;;Função de Confiança;;ASSESSOR(A) DE COMUNICAÇÃO INSTITUCIONAL ESCOLAR
;Folha Mensal - Janeiro;MAILA MENDES PINHEIRO;PROFESSOR SELETISTA;3.986,24;0,00;3.986,24;SECRETARIA MUNICIPAL DE EDUCAÇÃO;SECRETARIA MUNICIPAL DE EDUCAÇÃO;SME - DEPTOR. ENSINO FUNDEB 70% IV - CELETISTAS;CONTRATADOS  EDUCAÇÃO;074.XXX.XXX-55;403;40;;4;24/02/2025;;;;;;3 - Temporário;TEMPO DETERMINADO;;;Contrato Temporario;;PROFESSOR SL 40H - CELETISTA
;Folha Mensal - Janeiro;MANELICIA MARIA DE CARVALHO;PROFESSOR SL 40H - CELETISTA;366,93;3.619,31;3.986,24;SECRETARIA MUNICIPAL DE EDUCAÇÃO;SECRETARIA MUNICIPAL DE EDUCAÇÃO;SME - DEPTOR. ENSINO FUNDEB 70% IV - CELETISTAS;CONTRATADOS  EDUCAÇÃO;062.XXX.XXX-12;333;40;;5;24/02/2025;;;;;;3 - Temporário;TEMPO DETERMINADO;;;Contrato Temporario;;PROFESSOR SL 40H - CELETISTA
;Folha Mensal - Janeiro;MANOEL DO NASCIMENTO LEAL;MOTORISTA;664,17;2.391,00;3.055,17;HOSPITAL MUNICIPAL DE PADRE MARCOS;SECRETARIA MUNICIPAL DE SAUDE;HOSPITAL-DEPTO.ADMINISTRATIVO II;EFETIVOS;780.XXX.XXX-20;28;40;HOSPITAL MUNICIPAL DE PADRE MARCOS;1;02/03/1998;;;;;;1 - Efetivo;CONCURSO PUBLICO ;;;Efetivo;;MOTORISTA
;Folha Mensal - Janeiro;MANOELA MARIA DE CARVALHO;PROFESSOR SL 40H - CELETISTA;3.986,24;0,00;3.986,24;SECRETARIA MUNICIPAL DE EDUCAÇÃO;SECRETARIA MUNICIPAL DE EDUCAÇÃO;SME - DEPTOR. ENSINO FUNDEB 70% IV - CELETISTAS;CONTRATADOS  EDUCAÇÃO;062.XXX.XXX-52;272;40;;7;24/02/2025;;;;;;3 - Temporário;TEMPO DETERMINADO;;;Contrato Temporario;;PROFESSOR SL 40H - CELETISTA
;Folha Mensal - Janeiro;MARCELA DOS SANTOS CARVALHO;ASSESSOR ESPECIAL;1.621,00;0,00;1.621,00;SECRETARIA MUNICIPAL DE EDUCAÇÃO;FUNDO DE MANUT. E DEC.DA EDUC.BASICA-FUNDEB;SME- DEPTOR ADM FUNDEB 30 % VI - COMISSIONADOS;COMISSIONADOS;072.XXX.XXX-30;1084;40;;1;01/03/2025;;;;;;2 - Comissão;LIVRE PROVIMENTO ;;;Função de Confiança;;ASSESSOR ESPECIAL
;Folha Mensal - Janeiro;MARCELO DE CARVALHO MACEDO;PROFESSOR SELETISTA;3.986,24;0,00;3.986,24;SECRETARIA MUNICIPAL DE EDUCAÇÃO;SECRETARIA MUNICIPAL DE EDUCAÇÃO;SME - DEPTOR. ENSINO FUNDEB 70% IV - CELETISTAS;CONTRATADOS  EDUCAÇÃO;081.XXX.XXX-03;404;40;;4;24/02/2025;;;;;;3 - Temporário;TEMPO DETERMINADO;;;Contrato Temporario;;PROFESSOR SL 40H - CELETISTA
;Folha Mensal - Janeiro;MARCELO FRANCISCO DA SILVA;ASSESSOR ESPECIAL;121,57;1.499,43;1.621,00;SECRETARIA MUNICIPAL DE EDUCAÇÃO;FUNDO DE MANUT. E DEC.DA EDUC.BASICA-FUNDEB;SME- DEPTOR ADM FUNDEB 30 % VI - COMISSIONADOS;COMISSIONADOS;373.XXX.XXX-68;544;40;SECRETARIA MUNICIPAL DE EDUCAÇÃO;2;02/01/2025;;;;;;2 - Comissão;LIVRE PROVIMENTO ;;;Função de Confiança;;ASSESSOR ESPECIAL
;Folha Mensal - Janeiro;MARCIANA ANATALIA DA SILVA;PROFESSOR SL 40H - CELETISTA;3.986,24;0,00;3.986,24;SECRETARIA MUNICIPAL DE EDUCAÇÃO;SECRETARIA MUNICIPAL DE EDUCAÇÃO;SME- DEPTO  ENSINO INFANTIL FUNDEB 70% - SELETISTAS;CONTRATADOS  EDUCAÇÃO;050.XXX.XXX-80;334;40;;5;24/02/2025;;;;;;3 - Temporário;TEMPO DETERMINADO;;;Contrato Temporario;;PROFESSOR SL 40H - CELETISTA
;Folha Mensal - Janeiro;MARCIEL PEDRO DE MACEDO;DIRETOR DE DEPARTAMENTO;194,51;2.236,99;2.431,50;SECRETARIA MUNICIPAL DE EDUCAÇÃO;FUNDO DE MANUT. E DEC.DA EDUC.BASICA-FUNDEB;SME- DEPTOR ADM FUNDEB 30 % VI - COMISSIONADOS;COMISSIONADOS;603.XXX.XXX-17;830;40;;1;01/09/2025;;;;;;2 - Comissão;LIVRE PROVIMENTO ;;;Função de Confiança;;DIRETOR DE DEPARTAMENTO
;Folha Mensal - Janeiro;MARCINETE DA SILVA;VIGILANTE;295,02;2.298,58;2.593,60;HOSPITAL MUNICIPAL DE PADRE MARCOS;SECRETARIA MUNICIPAL DE SAUDE;HOSPITAL - DEPTO. ADMINISTRATIVO I;EFETIVOS;796.XXX.XXX-49;23;40;HOSPITAL MUNICIPAL DE PADRE MARCOS;1;02/02/2015;;;;;;1 - Efetivo;CONCURSO PUBLICO ;;;Efetivo;;VIGILANTE
;Folha Mensal - Janeiro;MARCOS ALONSO MACEDO SILVA;SECRETARIO(A) UNIDADE ESCOLAR MUNICIPAL;1.621,00;0,00;1.621,00;SECRETARIA MUNICIPAL DE EDUCAÇÃO;FUNDO DE MANUT. E DEC.DA EDUC.BASICA-FUNDEB;SME- DEPTOR ADM FUNDEB 30 % VI - COMISSIONADOS;COMISSIONADOS;622.XXX.XXX-60;546;40;SECRETARIA MUNICIPAL DE EDUCAÇÃO;2;02/01/2025;;;;;;2 - Comissão;LIVRE PROVIMENTO ;;;Função de Confiança;;SECRETARIO(A) UNIDADE ESCOLAR MUNICIPAL
;Folha Mensal - Janeiro;MARCOS PEDRO DE MACEDO;ASSESSOR TÉCNICO (A) ADMINISTRATIVO;121,57;1.499,43;1.621,00;SECRETARIA MUNICIPAL DE EDUCAÇÃO;FUNDO DE MANUT. E DEC.DA EDUC.BASICA-FUNDEB;SME- DEPTOR ADM FUNDEB 30 % VI - COMISSIONADOS;COMISSIONADOS EDUCAÇÃO;048.XXX.XXX-51;505;40;;2;02/01/2025;;;;;;2 - Comissão;TEMPO DETERMINADO;;;Função de Confiança;;ASSESSOR TÉCNICO (A) ADMINISTRATIVO
;Folha Mensal - Janeiro;MARIA BEATRIZ RODRIGUES MACEDO;ASSESSOR ESPECIAL;209,10;2.384,50;2.593,60;SECRETARIA MUNICIPAL DE SAUDE;SECRETARIA MUNICIPAL DE SAUDE;SMS-DEPTO.SEC.SAUDE-CONTRATADOS - FUS;COMISSIONADOS;041.XXX.XXX-01;434;40;;2;02/01/2025;;;;;;2 - Comissão;LIVRE PROVIMENTO ;;;Função de Confiança;;ASSESSOR ESPECIAL
;Folha Mensal - Janeiro;MARIA CECILIA EVA DE SOUSA;DIRETOR DE DEPARTAMENTO;121,57;1.499,43;1.621,00;SECRETARIA MUNICIPAL DE EDUCAÇÃO;SECRETARIA MUNICIPAL DE EDUCAÇÃO;SME- DEPTOR ADM FUNDEB 30 % VI - COMISSIONADOS;COMISSIONADOS;923.XXX.XXX-04;837;40;;1;01/11/2025;;;;;;2 - Comissão;LIVRE PROVIMENTO ;;;Função de Confiança;;DIRETOR DE DEPARTAMENTO
;Folha Mensal - Janeiro;MARIA CLARA SOUSA LIMA;MEDICO (A) TEMPORARIO (A) PLANTÃO;1.940,53;6.009,47;7.950,00;SECRETARIA MUNICIPAL DE SAUDE;SECRETARIA MUNICIPAL DE SAUDE;SMS- DEPARTAMENTO DA SAÚDE- PLANTÃO - FUS;CONTRATO TEMPORÁRIO;061.XXX.XXX-02;569;40;HOSPITAL MUNICIPAL DE PADRE MARCOS;2;02/01/2025;;;;;;3 - Temporário;TEMPO DETERMINADO;;;Contrato Temporario;;MEDICO (A) TEMPORARIO (A) PLANTÃO
;Folha Mensal - Janeiro;MARIA CONCEIÇÃO FEITOSA COUTINHO;ENFERMEIRO;1.639,80;6.485,20;8.125,00;SECRETARIA MUNICIPAL DE SAUDE;SECRETARIA MUNICIPAL DE SAUDE;SMS - DEPTOR .SEC. DE SAUDE - PAB;EFETIVOS;871.XXX.XXX-72;121;40;;1;01/04/2008;;;;;;1 - Efetivo;CONCURSO PUBLICO ;;;Efetivo;;ENFERMEIRO
;Folha Complementar c/ Encargos - Janeiro;MARIA CONCEIÇÃO FEITOSA COUTINHO;ENFERMEIRO;149,76;168,42;318,18;SECRETARIA MUNICIPAL DE SAUDE;SECRETARIA MUNICIPAL DE SAUDE;SMS - DEPTOR .SEC. DE SAUDE - PAB;EFETIVOS;871.XXX.XXX-72;121;40;;1;01/04/2008;;;;;;1 - Efetivo;CONCURSO PUBLICO ;;;Efetivo;;ENFERMEIRO
;Folha Mensal - Janeiro;MARIA DA CRUZ DIAS SILVA;CONSELHEIRO TUTELAR;121,57;1.634,51;1.756,08;SECRETARIA MUNICIPAL DE ASSISTENCIA SOCIAL;SECRETARIA MUNICIPAL DE ASSISTENCIA SOCIAL;SASC-ASSISTENCIA SOCIAL - CONSELHO;ELETIVOS;052.XXX.XXX-28;33;40;SEC MUN. DE ASSISTENCIA SOCIAL;3;10/01/2024;;;;;;7 - Conselheiro;ELEICAO/INDICACAO;;;Contrato Temporario;;CONSELHEIRO TUTELAR
;Folha Mensal - Janeiro;MARIA DA PAZ CONCEIÇÃO SILVA;AG. COMUNITARIO DE SAÚDE;622,47;4.216,33;4.838,80;SECRETARIA MUNICIPAL DE SAUDE;SECRETARIA MUNICIPAL DE SAUDE;SMS - SEC.DE SAUDE - ACS I - PAB;EFETIVOS;972.XXX.XXX-72;37;40;;1;18/03/2003;;;;;;1 - Efetivo;CONCURSO PUBLICO ;;;Efetivo;;AG. COMUNITARIO DE SAÚDE
;Folha Mensal - Janeiro;MARIA DA PAZ DE CARVALHO MACEDO;AUX. DE SERV. GERAIS;249,63;1.533,47;1.783,10;SECRETARIA MUNICIPAL DE EDUCAÇÃO;FUNDO DE MANUT. E DEC.DA EDUC.BASICA-FUNDEB;SME- DEPTO. ADM -FUNDEB 30% II;EFETIVOS;840.XXX.XXX-68;83;40;U.E.M.BERLAMINO FLORENTINO DE CARVALHO;1;02/03/1998;;;010/2023;;;1 - Efetivo;CONCURSO PUBLICO ;;;Efetivo;;AUX. DE SERV. GERAIS
;Folha Mensal - Janeiro;MARIA DARLANE DA SILVA;MONITOR(A);1.621,00;0,00;1.621,00;SECRETARIA MUNICIPAL DE EDUCAÇÃO;FUNDO DE MANUT. E DEC.DA EDUC.BASICA-FUNDEB;SME-DEPTO.CONTRATO-ENSINO FUNDEB 30%;CONTRATO TEMPORÁRIO;059.XXX.XXX-23;317;40;;5;24/02/2025;;;;;;3 - Temporário;TEMPO DETERMINADO;;;Contrato Temporario;;MONITOR(A)
;Folha Mensal - Janeiro;MARIA DAS DORES DA CONCEIÇÃO COSTA;TECNICO EM ENFERMAGEM;295,02;2.274,38;2.569,40;SECRETARIA MUNICIPAL DE SAUDE;SECRETARIA MUNICIPAL DE SAUDE;SMS - DEPTOR .SEC. DE SAUDE - PAB;EFETIVOS;712.XXX.XXX-53;60;40;HOSPITAL MUNICIPAL DE PADRE MARCOS;1;03/11/2015;;;;;;1 - Efetivo;CONCURSO PUBLICO ;;;Efetivo;;TECNICO EM ENFERMAGEM
;Folha Complementar c/ Encargos - Janeiro;MARIA DAS DORES DA CONCEIÇÃO COSTA;TECNICO EM ENFERMAGEM;210,66;-210,66;;SECRETARIA MUNICIPAL DE SAUDE;SECRETARIA MUNICIPAL DE SAUDE;SMS - DEPTOR .SEC. DE SAUDE - PAB;EFETIVOS;712.XXX.XXX-53;60;40;HOSPITAL MUNICIPAL DE PADRE MARCOS;1;03/11/2015;;;;;;1 - Efetivo;CONCURSO PUBLICO ;;;Efetivo;;TECNICO EM ENFERMAGEM
;Folha Mensal - Janeiro;MARIA DAS GRAÇAS DE CARVALHO;AUX. DE SERV. GERAIS;249,63;1.533,47;1.783,10;SECRETARIA MUNICIPAL DE EDUCAÇÃO;FUNDO DE MANUT. E DEC.DA EDUC.BASICA-FUNDEB;SME- DEPTO. ADM -FUNDEB 30% II;EFETIVOS;809.XXX.XXX-00;125;40;PRÉ-ESCOLAR BARRA;1;02/03/1998;;;027/2022;;;1 - Efetivo;CONCURSO PUBLICO ;;;Efetivo;;AUX. DE SERV. GERAIS
;Folha Mensal - Janeiro;MARIA DAS GRAÇAS DE CARVALHO;COORDENADOR(A) PEDAGÓGICO;3.200,00;0,00;3.200,00;SECRETARIA MUNICIPAL DE EDUCAÇÃO;SECRETARIA MUNICIPAL DE EDUCAÇÃO;SME- DEPTOR. ENSINO FUNDEB 70% V - COMISSIONADOS;CONTRATO TEMPORÁRIO;004.XXX.XXX-48;270;40;;5;02/03/2025;;;;;;2 - Comissão;TEMPO DETERMINADO;;;Contrato Temporario;;COORDENADOR(A) PEDAGÓGICO
;Folha Mensal - Janeiro;MARIA DAS MERCES MOURA MACEDO;PROFESSOR SL 40H - CELETISTA;3.986,24;0,00;3.986,24;SECRETARIA MUNICIPAL DE EDUCAÇÃO;SECRETARIA MUNICIPAL DE EDUCAÇÃO;SME- DEPTO  ENSINO INFANTIL FUNDEB 70% - SELETISTAS;CONTRATADOS  EDUCAÇÃO;050.XXX.XXX-75;338;40;;5;24/02/2025;;;;;;3 - Temporário;TEMPO DETERMINADO;;;Contrato Temporario;;PROFESSOR SL 40H - CELETISTA
;Folha Mensal - Janeiro;MARIA DE FÁTIMA DA CONCEIÇÃO SILVA;ASSESSOR TECNICO II;231,28;2.608,72;2.840,00;SECRETARIA MUNICIPAL DE EDUCAÇÃO;FUNDO DE MANUT. E DEC.DA EDUC.BASICA-FUNDEB;SME- DEPTOR ADM FUNDEB 30 % VI - COMISSIONADOS;COMISSIONADOS;504.XXX.XXX-00;846;40;;1;01/01/2026;;;;;;2 - Comissão;TEMPO DETERMINADO;;;Função de Confiança;;ASSESSOR TECNICO II
;Folha Mensal - Janeiro;MARIA DE JESUS CARVALHO;PROFESSOR SE 40H;2.213,29;5.944,48;8.157,77;SECRETARIA MUNICIPAL DE EDUCAÇÃO;SECRETARIA MUNICIPAL DE EDUCAÇÃO;SME- DEPTO ENSINO INFANTIL FUNDEB 70% - EFETIVOS;EFETIVO - PROFESSORES;841.XXX.XXX-53;151;40;CRECHE PRÉ-ESCOLAR MARGARIDA DE JESUS ALENCAR ( TIA GUIDA);1;20/03/2015;;;;;;1 - Efetivo;CONCURSO PUBLICO ;;;Efetivo;;PROFESSOR SL 40H
;Folha Mensal - Janeiro;MARIA DO PERPETUO SOCORRO SOUSA ALVES;ASSISTENTE SOCIAL - CONTRATADA;173,68;2.026,32;2.200,00;SECRETARIA MUNICIPAL DE ASSISTENCIA SOCIAL;FUNDO MUNICIPAL DE ASSISTENCIA SOCIAL-FMAS;CENTRO DE REFERENCIA. ASSISTENCIA SOCIAL-CRAS-PSB;CONTRATO TEMPORÁRIO;025.XXX.XXX-05;418;40;;4;01/03/2025;;;;;;3 - Temporário;TEMPO DETERMINADO;10/2019;;Contrato Temporario;;ASSISTENTE SOCIAL - CONTRATADA
;Folha Mensal - Janeiro;MARIA DO ROSÁRIO RIBEIRO;GARI;298,27;2.295,33;2.593,60;PREFEITURA MUNICIPAL DE PADRE MARCOS-PI;SECRETARIA MUNICIPAL  DE ADMINISTRAÇÃO;SEAD - DEPTO.ADMINISTRAÇÃO II;EFETIVOS;988.XXX.XXX-91;11;40;;1;19/01/2015;;;;;;1 - Efetivo;CONCURSO PUBLICO ;;;Efetivo;;GARI
;Folha Mensal - Janeiro;MARIA DO SOCORRO RODRIGUES SILVA;AG. COMUNITARIO DE SAÚDE;577,08;4.261,72;4.838,80;SECRETARIA MUNICIPAL DE SAUDE;SECRETARIA MUNICIPAL DE SAUDE;SMS - SEC.DE SAUDE - ACS I - PAB;EFETIVOS;988.XXX.XXX-34;51;40;;1;18/03/2003;;;;;;1 - Efetivo;CONCURSO PUBLICO ;;;Efetivo;;AG. COMUNITARIO DE SAÚDE
;Folha Mensal - Janeiro;MARIA ELVIRA DE MACEDO;ASSESSOR ESPECIAL;121,57;1.499,43;1.621,00;SECRETARIA MUNICIPAL DE EDUCAÇÃO;FUNDO DE MANUT. E DEC.DA EDUC.BASICA-FUNDEB;SME- DEPTOR ADM FUNDEB 30 % VI - COMISSIONADOS;COMISSIONADOS EDUCAÇÃO;811.XXX.XXX-49;471;40;;2;02/01/2025;;;;;;2 - Comissão;LIVRE PROVIMENTO ;;;Função de Confiança;;ASSESSOR ESPECIAL
;Folha Mensal - Janeiro;MARIA FRANCISCA DA CONCEIÇÃO SILVA;PROFESSOR SE 40H;2.567,03;6.506,01;9.073,04;SECRETARIA MUNICIPAL DE EDUCAÇÃO;SECRETARIA MUNICIPAL DE EDUCAÇÃO;SME- DEPTOR ENSINO FUNDEB 70% II;EFETIVO - PROFESSORES;838.XXX.XXX-15;196;40;U.E.M. JOSE DE MOURA LEAL;1;15/02/2000;;;;;;1 - Efetivo;CONCURSO PUBLICO ;;;Efetivo;;PROFESSOR SE 40H
;Folha Mensal - Janeiro;MARIA GORETE DE SOUSA LEAL;ASSESSOR ESPECIAL;121,57;1.499,43;1.621,00;SECRETARIA MUNICIPAL DE EDUCAÇÃO;FUNDO DE MANUT. E DEC.DA EDUC.BASICA-FUNDEB;SME- DEPTOR ADM FUNDEB 30 % VI - COMISSIONADOS;COMISSIONADOS EDUCAÇÃO;805.XXX.XXX-10;227;40;;3;02/01/2025;;;;;;2 - Comissão;LIVRE PROVIMENTO ;;;Função de Confiança;;ASSESSOR ESPECIAL
;Folha Mensal - Janeiro;MARIA IRACI LEAL DE ARAÚJO;PROFESSOR SE 40H;2.480,08;6.287,87;8.767,95;SECRETARIA MUNICIPAL DE EDUCAÇÃO;SECRETARIA MUNICIPAL DE EDUCAÇÃO;SME- DEPTO ENSINO INFANTIL FUNDEB 70% - EFETIVOS;EFETIVO - PROFESSORES;805.XXX.XXX-91;197;40;CRECHE PRÉ-ESCOLAR MARGARIDA DE JESUS ALENCAR ( TIA GUIDA);1;02/02/1998;;;182/2020;;;1 - Efetivo;CONCURSO PUBLICO ;;;Efetivo;;PROFESSOR SE 40H
;Folha Mensal - Janeiro;MARIA JOAQUINA DE BARROS LEAL;PROFESSOR SL 20H;489,46;2.773,64;3.263,10;PREFEITURA MUNICIPAL DE PADRE MARCOS-PI;SECRETARIA MUNICIPAL  DE ADMINISTRAÇÃO;ADMINISTRAÇÃO APOSENTADA;EFETIVO - PROFESSORES;289.XXX.XXX-53;230;20;;1;10/09/1966;;;;;;1 - Efetivo;CONCURSO PUBLICO ;;;Efetivo;;PROFESSOR SL 20H
;Folha Mensal - Janeiro;MARIA JOSE DE MACEDO;PROFESSOR SELETISTA;3.986,24;0,00;3.986,24;SECRETARIA MUNICIPAL DE EDUCAÇÃO;SECRETARIA MUNICIPAL DE EDUCAÇÃO;SME- DEPTO  ENSINO INFANTIL FUNDEB 70% - SELETISTAS;CONTRATADOS  EDUCAÇÃO;079.XXX.XXX-64;397;40;;4;24/02/2025;;;;;;3 - Temporário;TEMPO DETERMINADO;;;Contrato Temporario;;PROFESSOR SL 40H - CELETISTA
;Folha Mensal - Janeiro;MARIA LAISIA DE ARAUJO;VISITADOR PCF;121,57;1.499,43;1.621,00;SECRETARIA MUNICIPAL DE ASSISTENCIA SOCIAL;SECRETARIA MUNICIPAL DE ASSISTENCIA SOCIAL; PROG.CRIANÇA FELIZ;CONTRATO TEMPORÁRIO;020.XXX.XXX-44;251;40;;6;01/03/2025;;;;;;3 - Temporário;TEMPO DETERMINADO;;;Contrato Temporario;;VISITADOR PCF
;Adiantamento 13º Salário - Janeiro;MARIA LUCIA DA CONCEIÇÃO;AUX. DE SERV. GERAIS;;817,25;817,25;SECRETARIA MUNICIPAL DE EDUCAÇÃO;FUNDO DE MANUT. E DEC.DA EDUC.BASICA-FUNDEB;SME- DEPTO. ADM -FUNDEB 30% II;EFETIVOS;838.XXX.XXX-00;85;40;CRECHE PRÉ-ESCOLAR MARGARIDA DE JESUS ALENCAR ( TIA GUIDA);1;02/03/1998;;;017/2023;;;1 - Efetivo;CONCURSO PUBLICO ;;;Efetivo;;AUX. DE SERV. GERAIS
;Folha Mensal - Janeiro;MARIA LUCIA DA CONCEIÇÃO;AUX. DE SERV. GERAIS;267,46;1.515,64;1.783,10;SECRETARIA MUNICIPAL DE EDUCAÇÃO;FUNDO DE MANUT. E DEC.DA EDUC.BASICA-FUNDEB;SME- DEPTO. ADM -FUNDEB 30% II;EFETIVOS;838.XXX.XXX-00;85;40;CRECHE PRÉ-ESCOLAR MARGARIDA DE JESUS ALENCAR ( TIA GUIDA);1;02/03/1998;;;017/2023;;;1 - Efetivo;CONCURSO PUBLICO ;;;Efetivo;;AUX. DE SERV. GERAIS
;Folha Mensal - Janeiro;MARIA LUCIA DA SILVA;TECNICO EM ENFERMAGEM;260,98;1.927,37;2.188,35;SECRETARIA MUNICIPAL DE SAUDE;SECRETARIA MUNICIPAL DE SAUDE;SMS.DEPTO.SAUDE.SECRETARIO(A) - FUS;EFETIVOS;245.XXX.XXX-00;129;40;;1;02/02/2015;;;;;;1 - Efetivo;CONCURSO PUBLICO ;;;Efetivo;;TECNICO EM ENFERMAGEM
;Folha Complementar c/ Encargos - Janeiro;MARIA LUCIA DA SILVA;TECNICO EM ENFERMAGEM;210,66;-210,66;;SECRETARIA MUNICIPAL DE SAUDE;SECRETARIA MUNICIPAL DE SAUDE;SMS.DEPTO.SAUDE.SECRETARIO(A) - FUS;EFETIVOS;245.XXX.XXX-00;129;40;;1;02/02/2015;;;;;;1 - Efetivo;CONCURSO PUBLICO ;;;Efetivo;;TECNICO EM ENFERMAGEM
;Folha Mensal - Janeiro;MARIA LUCIA DE CARVALHO;DIRETOR ADJUNTO;272,58;2.927,42;3.200,00;SECRETARIA MUNICIPAL DE EDUCAÇÃO;SECRETARIA MUNICIPAL DE EDUCAÇÃO;SME- DEPTOR. ENSINO FUNDEB 70% V - COMISSIONADOS;COMISSIONADOS EDUCAÇÃO;063.XXX.XXX-19;271;40;PRÉ-ESCOLAR TIANA MACEDO;7;01/03/2025;;;;;;3 - Temporário;TEMPO DETERMINADO;;;Função de Confiança;;DIRETOR ADJUNTO
;Folha Mensal - Janeiro;MARIA LUCIA DOS SANTOS SOUSA;DIRETOR DE DEPARTAMENTO;209,10;2.384,50;2.593,60;SECRETARIA MUNICIPAL DE EDUCAÇÃO;FUNDO DE MANUT. E DEC.DA EDUC.BASICA-FUNDEB;SME- DEPTOR ADM FUNDEB 30 % VI - COMISSIONADOS;COMISSIONADOS;790.XXX.XXX-04;560;40;SECRETARIA MUNICIPAL DE EDUCAÇÃO;2;03/02/2025;;;;;;2 - Comissão;LIVRE PROVIMENTO ;;;Função de Confiança;;DIRETOR DE DEPARTAMENTO
;Folha Mensal - Janeiro;MARIA LUCICLEIDE DA SILVA DIAS;SECR. DE ASSISTENCIA SOCIAL;178,68;2.076,92;2.255,60;SECRETARIA MUNICIPAL DE ASSISTENCIA SOCIAL;SECRETARIA MUNICIPAL DE ASSISTENCIA SOCIAL;SASC-SEC.ASSISTENCIA SOCIAL;COMISSIONADOS;015.XXX.XXX-01;222;40;;2;02/01/2025;;;;;;2 - Comissão;LIVRE PROVIMENTO ;;;Função de Confiança;;SECR. DE ASSISTENCIA SOCIAL
;Folha Mensal - Janeiro;MARIA LUCILENE DA SILVA DIAS;PROFESSOR SE 40H;2.810,49;7.116,80;9.927,29;SECRETARIA MUNICIPAL DE EDUCAÇÃO;SECRETARIA MUNICIPAL DE EDUCAÇÃO;SME- DEPTOR ENSINO FUNDEB 70% II;EFETIVO - PROFESSORES;553.XXX.XXX-72;198;40;SECRETARIA MUNICIPAL DE EDUCAÇÃO;1;02/02/1998;;;;;;1 - Efetivo;CONCURSO PUBLICO ;;;Efetivo;;PROFESSOR SE 40H
;Folha Mensal - Janeiro;MARIA LUCILENE DE MACEDO SILVA;AG. COMUNITARIO DE SAÚDE;554,38;4.122,32;4.676,70;SECRETARIA MUNICIPAL DE SAUDE;SECRETARIA MUNICIPAL DE SAUDE;SMS - SEC.DE SAUDE - ACS I - PAB;EFETIVOS;535.XXX.XXX-87;50;40;;1;18/03/2003;;;;;;1 - Efetivo;CONCURSO PUBLICO ;;;Efetivo;;AG. COMUNITARIO DE SAÚDE
;Folha Mensal - Janeiro;MARIA LUIZA DA CONCEIÇÃO SOUSA;ASSESSOR ESPECIAL;1.621,00;0,00;1.621,00;SECRETARIA MUNICIPAL DE EDUCAÇÃO;SECRETARIA MUNICIPAL DE EDUCAÇÃO;SME- DEPTOR ADM FUNDEB 30 % VI - COMISSIONADOS;COMISSIONADOS;028.XXX.XXX-45;1070;40;SECRETARIA MUNICIPAL DE EDUCAÇÃO;1;01/03/2025;;;;;;2 - Comissão;LIVRE PROVIMENTO ;;;Função de Confiança;;ASSESSOR ESPECIAL
;Folha Mensal - Janeiro;MARIA LUIZA DE CARVALHO MACEDO PAIVA;DIRETOR DE DEPARTAMENTO;121,57;1.499,43;1.621,00;SECRETARIA MUNICIPAL DE EDUCAÇÃO;FUNDO DE MANUT. E DEC.DA EDUC.BASICA-FUNDEB;SME- DEPTOR ADM FUNDEB 30 % VI - COMISSIONADOS;COMISSIONADOS;036.XXX.XXX-59;832;40;;1;01/09/2025;;;;;;2 - Comissão;LIVRE PROVIMENTO ;;;Função de Confiança;;DIRETOR DE DEPARTAMENTO
;Folha Mensal - Janeiro;MARIA LUIZA DE SOUSA RODRIGUES;PROFESSOR SL 40H - CELETISTA;3.986,24;0,00;3.986,24;SECRETARIA MUNICIPAL DE EDUCAÇÃO;SECRETARIA MUNICIPAL DE EDUCAÇÃO;SME - DEPTOR. ENSINO FUNDEB 70% IV - CELETISTAS;CONTRATO TEMPORÁRIO;068.XXX.XXX-77;375;40;;4;24/02/2025;;;;;;3 - Temporário;TEMPO DETERMINADO;;;Contrato Temporario;;PROFESSOR SL 40H - CELETISTA
;Folha Mensal - Janeiro;MARIA NILZA DA CONCEIÇÃO;AUX. DE SERV. GERAIS;291,78;1.653,42;1.945,20;SECRETARIA MUNICIPAL DE EDUCAÇÃO;FUNDO DE MANUT. E DEC.DA EDUC.BASICA-FUNDEB;SME- DEPTO. ADM -FUNDEB 30% II;EFETIVOS;988.XXX.XXX-68;96;40;U.E.M. JOSE DE MOURA LEAL;1;02/03/2015;;;;;;1 - Efetivo;CONCURSO PUBLICO ;;;Efetivo;;AUX. DE SERV. GERAIS
;Folha Mensal - Janeiro;MARIA ROSA DE CARVALHO;PROFESSOR SL 40H - CELETISTA;3.986,24;0,00;3.986,24;SECRETARIA MUNICIPAL DE EDUCAÇÃO;SECRETARIA MUNICIPAL DE EDUCAÇÃO;SME- DEPTO  ENSINO INFANTIL FUNDEB 70% - SELETISTAS;CONTRATADOS  EDUCAÇÃO;868.XXX.XXX-91;326;40;;5;24/02/2025;;;;;;3 - Temporário;TEMPO DETERMINADO;;;Contrato Temporario;;PROFESSOR SL 40H - CELETISTA
;Folha Mensal - Janeiro;MARIA SIMONE DA SILVA;GARI;298,27;2.295,33;2.593,60;PREFEITURA MUNICIPAL DE PADRE MARCOS-PI;SECRETARIA MUNICIPAL  DE ADMINISTRAÇÃO;SEAD - DEPTO.ADMINISTRAÇÃO II;EFETIVOS;031.XXX.XXX-01;12;40;;1;02/02/2015;;;;;;1 - Efetivo;CONCURSO PUBLICO ;;;Efetivo;;GARI
;Folha Mensal - Janeiro;MARIA VANDILENE DA SILVA;PROFESSOR SE 40H;2.213,29;5.944,48;8.157,77;SECRETARIA MUNICIPAL DE EDUCAÇÃO;SECRETARIA MUNICIPAL DE EDUCAÇÃO;SME- DEPTOR ENSINO FUNDEB 70% I;EFETIVO - PROFESSORES;005.XXX.XXX-65;152;40;UNIDADE ESCOLAR MUNICIPAL DAVI SEVERIANO DE CARVALHO;1;01/04/2015;;;;;;1 - Efetivo;CONCURSO PUBLICO ;;;;;PROFESSOR SL 40H
;Folha Mensal - Janeiro;MARIA ZULDETE DE SOUSA;AUX. DE SERV. GERAIS;237,57;1.459,33;1.696,90;SECRETARIA MUNICIPAL DE EDUCAÇÃO;FUNDO DE MANUT. E DEC.DA EDUC.BASICA-FUNDEB;SME- DEPTO. ADM -FUNDEB 30% II;TEMPO DE SERVIÇO;840.XXX.XXX-53;86;40;CRECHE PRÉ-ESCOLAR MARGARIDA DE JESUS ALENCAR ( TIA GUIDA);1;01/11/1983;;;;;;1 - Efetivo;CONCURSO PUBLICO ;;;Efetivo;;AUX. DE SERV. GERAIS
;Folha Mensal - Janeiro;MARIANA COELHO DAMASCENO;ASSESSOR TÉCNICO (A) ADMINISTRATIVO;209,10;2.384,50;2.593,60;SECRETARIA MUNICIPAL DE EDUCAÇÃO;FUNDO DE MANUT. E DEC.DA EDUC.BASICA-FUNDEB;SME- DEPTOR ADM FUNDEB 30 % VI - COMISSIONADOS;COMISSIONADOS;050.XXX.XXX-88;834;40;;1;01/10/2025;;;;;;2 - Comissão;TEMPO DETERMINADO;;;Função de Confiança;;ASSESSOR TÉCNICO (A) ADMINISTRATIVO
;Folha Mensal - Janeiro;MARIELLE PEREIRA DE MATOS;ASSISTENTE SOCIAL - CONTRATADA;173,68;2.026,32;2.200,00;SECRETARIA MUNICIPAL DE EDUCAÇÃO;FUNDO DE MANUT. E DEC.DA EDUC.BASICA-FUNDEB;SME-DEPTO.CONTRATO-ENSINO FUNDEB 30%;CONTRATADOS  EDUCAÇÃO;034.XXX.XXX-04;35;40;SECRETARIA MUNICIPAL DE EDUCAÇÃO;4;01/03/2025;;;;;;3 - Temporário;TEMPO DETERMINADO;10/2019;;Contrato Temporario;;ASSISTENTE SOCIAL - CONTRATADA
;Folha Mensal - Janeiro;MARISA MAGNA DA SILVA LEAL;PROFESSOR SL 40H - CELETISTA;3.986,24;0,00;3.986,24;SECRETARIA MUNICIPAL DE EDUCAÇÃO;SECRETARIA MUNICIPAL DE EDUCAÇÃO;SME - DEPTOR. ENSINO FUNDEB 70% IV - CELETISTAS;CONTRATADOS  EDUCAÇÃO;612.XXX.XXX-48;494;40;;3;24/02/2025;;;;;;3 - Temporário;TEMPO DETERMINADO;;;Contrato Temporario;;PROFESSOR SL 40H - CELETISTA
;Folha Mensal - Janeiro;MARISLETTE DE SOUSA CARVALHO;AUX. DE SERV. GERAIS;291,78;1.653,42;1.945,20;SECRETARIA MUNICIPAL DE EDUCAÇÃO;FUNDO DE MANUT. E DEC.DA EDUC.BASICA-FUNDEB;SME- DEPTO. ADM -FUNDEB 30% II;EFETIVOS;790.XXX.XXX-00;97;40;UNIDADE ESCOLAR MUNICIPAL CÂNDIDA MACEDO;1;02/02/2015;;;;;;1 - Efetivo;CONCURSO PUBLICO ;;;Efetivo;;AUX. DE SERV. GERAIS
;Folha Mensal - Janeiro;MATHEUS COSTA FONTES;MEDICO(A) TEMPORARIO(A);;3.180,00;3.180,00;SECRETARIA MUNICIPAL DE SAUDE;SECRETARIA MUNICIPAL DE SAUDE;SMS- DEPARTAMENTO DA SAÚDE- PLANTÃO - FUS;CONTRATO TEMPORÁRIO;972.XXX.XXX-49;584;40;SECRETARIA MUNICIPAL DE SAÚDE;3;02/01/2025;;;;;;3 - Temporário;TEMPO DETERMINADO;;;Contrato Temporario;;MEDICO(A) TEMPORARIO(A)
;Folha Mensal - Janeiro;MATHEUS COSTA FONTES;MEDICO(A) TEMPORARIO(A);2.326,62;6.833,38;9.160,00;SECRETARIA MUNICIPAL DE SAUDE;SECRETARIA MUNICIPAL DE SAUDE;SEC. MUN. SAÚDE- DEPTO. DE SAUDE II-CONTRATADOS - PAB;CONTRATO TEMPORÁRIO;972.XXX.XXX-49;584;40;SECRETARIA MUNICIPAL DE SAÚDE;4;02/01/2025;;;;;;3 - Temporário;TEMPO DETERMINADO;;;Contrato Temporario;;MEDICO(A) TEMPORARIO(A)
;Folha Mensal - Janeiro;MAURICELES MACEDO LOBO DE DEUS;FONOAUDIOLOGO;173,68;2.426,32;2.600,00;SECRETARIA MUNICIPAL DE SAUDE;SECRETARIA MUNICIPAL DE SAUDE;SEC. MUN. SAÚDE- DEPTO. DE SAUDE II-CONTRATADOS - PAB;CONTRATO TEMPORÁRIO;330.XXX.XXX-91;261;40;;5;02/01/2025;;;;;;3 - Temporário;TEMPO DETERMINADO;;;Contrato Temporario;;FONOAUDIOLOGO
;Folha Mensal - Janeiro;MAURICÉLIO HENRIQUE DOS SANTOS;ASSESSOR TÉCNICO (A) ADMINISTRATIVO;121,57;1.499,43;1.621,00;SECRETARIA MUNICIPAL DE EDUCAÇÃO;FUNDO DE MANUT. E DEC.DA EDUC.BASICA-FUNDEB;SME- DEPTOR ADM FUNDEB 30 % VI - COMISSIONADOS;COMISSIONADOS;054.XXX.XXX-63;822;40;;1;01/08/2025;;;;;;2 - Comissão;TEMPO DETERMINADO;;;Função de Confiança;;ASSESSOR TÉCNICO (A) ADMINISTRATIVO
;Folha Mensal - Janeiro;MELISSA DIAS LEAL RIBEIRO;MEDICO (A) TEMPORARIO (A) PLANTÃO;2.703,37;7.826,63;10.530,00;SECRETARIA MUNICIPAL DE SAUDE;SECRETARIA MUNICIPAL DE SAUDE;SMS- DEPARTAMENTO DA SAÚDE- PLANTÃO - FUS;CONTRATO TEMPORÁRIO;043.XXX.XXX-88;819;40;;1;01/07/2025;;;;;;3 - Temporário;TEMPO DETERMINADO;;;Contrato Temporario;;MEDICO (A) TEMPORARIO (A) PLANTÃO
;Folha Mensal - Janeiro;MENILDA DOS SANTOS SILVA;PROFESSOR SL 40H - CELETISTA;3.986,24;0,00;3.986,24;SECRETARIA MUNICIPAL DE EDUCAÇÃO;SECRETARIA MUNICIPAL DE EDUCAÇÃO;SME - DEPTOR. ENSINO FUNDEB 70% IV - CELETISTAS;CONTRATADOS  EDUCAÇÃO;080.XXX.XXX-11;456;40;;3;03/02/2025;;;;;;3 - Temporário;TEMPO DETERMINADO;;;Contrato Temporario;;PROFESSOR SL 40H - CELETISTA
;Folha Mensal - Janeiro;MICAELA DE BRITO ROCHA;FISIOTERAPEUTA;182,68;2.117,32;2.300,00;SECRETARIA MUNICIPAL DE SAUDE;SECRETARIA MUNICIPAL DE SAUDE;SMS-DEPTO.SEC.SAUDE-CONTRATADOS - FUS;CONTRATO TEMPORÁRIO;044.XXX.XXX-05;716;40;;1;01/03/2025;;;;;;3 - Temporário;TEMPO DETERMINADO;03/2021;;Contrato Temporario;;FISIOTERAPEUTA
;Folha Mensal - Janeiro;MIKAIANA JOSEFA DA CONCEIÇÃO;SECRETARIO(A) UNIDADE ESCOLAR MUNICIPAL;1.621,00;0,00;1.621,00;SECRETARIA MUNICIPAL DE EDUCAÇÃO;FUNDO DE MANUT. E DEC.DA EDUC.BASICA-FUNDEB;SME- DEPTOR ADM FUNDEB 30 % VI - COMISSIONADOS;COMISSIONADOS;096.XXX.XXX-84;1081;40;;1;01/03/2025;;;;;;2 - Comissão;LIVRE PROVIMENTO ;;;Função de Confiança;;SECRETARIO(A) UNIDADE ESCOLAR MUNICIPAL
;Folha Mensal - Janeiro;MODESTO ANTONIO DIAS;ASSESSOR TÉCNICO (A) ADMINISTRATIVO;121,57;1.499,43;1.621,00;SECRETARIA MUNICIPAL DE EDUCAÇÃO;FUNDO DE MANUT. E DEC.DA EDUC.BASICA-FUNDEB;SME- DEPTOR ADM FUNDEB 30 % VI - COMISSIONADOS;COMISSIONADOS;004.XXX.XXX-00;783;40;;1;01/04/2025;;;;;;2 - Comissão;TEMPO DETERMINADO;;;Função de Confiança;;ASSESSOR TÉCNICO (A) ADMINISTRATIVO
;Folha Mensal - Janeiro;MOISEIS DIAS LEAL;PROFESSORA DE EJA - CELETISTA;3.986,24;0,00;3.986,24;SECRETARIA MUNICIPAL DE EDUCAÇÃO;SECRETARIA MUNICIPAL DE EDUCAÇÃO;SME-DEPTOR. ENSINO FUNDEB 70%  VI EJA;CONTRATO TEMPORÁRIO;004.XXX.XXX-38;250;40;;3;01/03/2025;;;;;;3 - Temporário;TEMPO DETERMINADO;;;Contrato Temporario;;PROFESSORA DE EJA - CELETISTA
;Folha Mensal - Janeiro;MYCHELL UMBELINO RIBEIRO;ASSESSOR TECNICO II;231,28;2.608,72;2.840,00;PREFEITURA MUNICIPAL DE PADRE MARCOS-PI;SECRETARIA MUNICIPAL  DE ADMINISTRAÇÃO;SEAD -  DEPTO. ADMINISTRAÇÃO V- COMISSIONADOS;COMISSIONADOS;045.XXX.XXX-85;220;40;;3;02/01/2025;;;;;;2 - Comissão;TEMPO DETERMINADO;;;Função de Confiança;;DIRETOR DE DEPARTAMENTO
;Adiantamento 13º Salário - Janeiro;NAGILA MERCES MENDES SANTANA;PROFESSOR SE 40H;;4.059,74;4.059,74;SECRETARIA MUNICIPAL DE EDUCAÇÃO;SECRETARIA MUNICIPAL DE EDUCAÇÃO;SME- DEPTOR ENSINO FUNDEB 70% II;EFETIVO - PROFESSORES;805.XXX.XXX-87;202;40;UNIDADE ESCOLAR MUNICIPAL CÂNDIDA MACEDO;1;15/02/2000;;;;;;1 - Efetivo;CONCURSO PUBLICO ;;;Efetivo;;PROFESSOR SE 40H
;Folha Mensal - Janeiro;NAGILA MERCES MENDES SANTANA;PROFESSOR SE 40H;2.688,76;6.811,40;9.500,16;SECRETARIA MUNICIPAL DE EDUCAÇÃO;SECRETARIA MUNICIPAL DE EDUCAÇÃO;SME- DEPTOR ENSINO FUNDEB 70% II;EFETIVO - PROFESSORES;805.XXX.XXX-87;202;40;UNIDADE ESCOLAR MUNICIPAL CÂNDIDA MACEDO;1;15/02/2000;;;;;;1 - Efetivo;CONCURSO PUBLICO ;;;Efetivo;;PROFESSOR SE 40H
;Folha Mensal - Janeiro;NAHYLÊ STÉFANI REIS ALENCAR;ASSESSOR TÉCNICO (A) ADMINISTRATIVO;1.621,00;0,00;1.621,00;SECRETARIA MUNICIPAL DE EDUCAÇÃO;FUNDO DE MANUT. E DEC.DA EDUC.BASICA-FUNDEB;SME- DEPTOR ADM FUNDEB 30 % VI - COMISSIONADOS;COMISSIONADOS;057.XXX.XXX-81;571;40;SECRETARIA MUNICIPAL DE EDUCAÇÃO;2;01/04/2025;;;;;;2 - Comissão;TEMPO DETERMINADO;;;Função de Confiança;;ASSESSOR TÉCNICO (A) ADMINISTRATIVO
;Folha Mensal - Janeiro;NATANIELE RODRIGUES DAMASCENO SILVA LIMA;DIRETOR DE DEPARTAMENTO;121,57;1.499,43;1.621,00;SECRETARIA MUNICIPAL DE SAUDE;SECRETARIA MUNICIPAL DE SAUDE;SMS-DEPTO.SEC.SAUDE-CONTRATADOS - FUS;COMISSIONADOS;050.XXX.XXX-48;843;40;;1;01/12/2025;;;;;;2 - Comissão;LIVRE PROVIMENTO ;;;Função de Confiança;;DIRETOR DE DEPARTAMENTO
;Folha Mensal - Janeiro;NATILÂNIA DE SOUSA RIBEIRO;PROFESSOR SL 40H - CELETISTA;3.986,24;0,00;3.986,24;SECRETARIA MUNICIPAL DE EDUCAÇÃO;SECRETARIA MUNICIPAL DE EDUCAÇÃO;SME- DEPTO  ENSINO INFANTIL FUNDEB 70% - SELETISTAS;CONTRATADOS  EDUCAÇÃO;818.XXX.XXX-68;336;40;;5;24/02/2025;;;;;;3 - Temporário;TEMPO DETERMINADO;;;Contrato Temporario;;PROFESSOR SL 40H - CELETISTA
;Folha Mensal - Janeiro;NELI ROSENO DA SILVA;VIGILANTE;295,02;2.298,58;2.593,60;HOSPITAL MUNICIPAL DE PADRE MARCOS;SECRETARIA MUNICIPAL DE SAUDE;HOSPITAL - DEPTO. ADMINISTRATIVO I;EFETIVOS;603.XXX.XXX-08;24;40;HOSPITAL MUNICIPAL DE PADRE MARCOS;1;19/01/2015;;;;;;1 - Efetivo;CONCURSO PUBLICO ;;;Efetivo;;VIGILANTE
;Folha Mensal - Janeiro;NILDETE GORETE DE LIMA;PROFESSOR SL 40H - CELETISTA;3.986,24;0,00;3.986,24;SECRETARIA MUNICIPAL DE EDUCAÇÃO;SECRETARIA MUNICIPAL DE EDUCAÇÃO;SME- DEPTO  ENSINO INFANTIL FUNDEB 70% - SELETISTAS;CONTRATO TEMPORÁRIO;049.XXX.XXX-02;176;40;;5;24/02/2025;;;;;;3 - Temporário;TEMPO DETERMINADO;;;Contrato Temporario;;PROFESSOR SL 40H - CELETISTA
;Folha Mensal - Janeiro;OCIMARIA MARIA CARVALHO MACEDO;CONSELHEIRO TUTELAR;121,57;1.566,97;1.688,54;SECRETARIA MUNICIPAL DE ASSISTENCIA SOCIAL;SECRETARIA MUNICIPAL DE ASSISTENCIA SOCIAL;SASC-ASSISTENCIA SOCIAL - CONSELHO;ELETIVOS;030.XXX.XXX-50;36;40;SEC MUN. DE ASSISTENCIA SOCIAL;3;10/01/2024;;;;;;7 - Conselheiro;ELEICAO/INDICACAO;;;;;CONSELHEIRO TUTELAR
;Folha Mensal - Janeiro;ODAIR JOSÉ DA SILVA;CORDENADOR DE TRANSPORTE;121,57;1.499,43;1.621,00;SECRETARIA MUNICIPAL DE EDUCAÇÃO;FUNDO DE MANUT. E DEC.DA EDUC.BASICA-FUNDEB;SME- DEPTOR ADM FUNDEB 30 % VI - COMISSIONADOS;COMISSIONADOS EDUCAÇÃO;265.XXX.XXX-63;439;40;;2;02/01/2025;;;;;;2 - Comissão;LIVRE PROVIMENTO ;01/2021;;Função de Confiança;;CORDENADOR DE TRANSPORTE
;Folha Mensal - Janeiro;ORLANDIO JOSE DE CARVALHO;SECRETARIO (A);178,68;2.076,92;2.255,60;PREFEITURA MUNICIPAL DE PADRE MARCOS-PI;SECRETARIA MUNICIPAL DE FINANÇAS;SMF - DEPARTAMENTO DE FINANÇA - I;COMISSIONADOS;025.XXX.XXX-22;212;40;PREDIO DA PREFEITURA;2;02/01/2025;;;;;;2 - Comissão;LIVRE PROVIMENTO ;;;Função de Confiança;;SECRETARIO DE FINANÇAS
;Folha Mensal - Janeiro;OSIELDO MACEDO PINHEIRO;DIGITADOR(A);279,62;1.652,07;1.931,69;SECRETARIA MUNICIPAL DE ASSISTENCIA SOCIAL;SECRETARIA MUNICIPAL DE ASSISTENCIA SOCIAL;SASC - DEPTO. ASSISTENCIA SOCIAL IV;EFETIVOS;628.XXX.XXX-72;49;40;SEC MUN. DE ASSISTENCIA SOCIAL;1;02/02/2015;;;;;;1 - Efetivo;CONCURSO PUBLICO ;;;Efetivo;;DIGITADOR(A)
;Folha Mensal - Janeiro;OZEIAS DE ARAUJO SILVA;COORDENADOR DE SERVIÇOS;121,57;1.499,43;1.621,00;SECRETARIA MUNICIPAL DE ASSISTENCIA SOCIAL;FUNDO MUNICIPAL DE ASSISTENCIA SOCIAL-FMAS;CENTRO DE REFERENCIA. ASSISTENCIA SOCIAL-CRAS-PSB;COMISSIONADOS;612.XXX.XXX-70;259;40;SEC MUN. DE ASSISTENCIA SOCIAL;4;02/01/2025;;;02/2026;;;2 - Comissão;TEMPO DETERMINADO;;;Função de Confiança;;COORDENADOR DE SERVIÇOS
;Folha Mensal - Janeiro;OZIEL DOS SANTOS SOUSA;ASSESSOR TÉCNICO (A) ADMINISTRATIVO;121,57;1.499,43;1.621,00;SECRETARIA MUNICIPAL DE EDUCAÇÃO;FUNDO DE MANUT. E DEC.DA EDUC.BASICA-FUNDEB;SME- DEPTOR ADM FUNDEB 30 % VI - COMISSIONADOS;COMISSIONADOS;612.XXX.XXX-08;805;40;;1;01/06/2025;;;;;;2 - Comissão;TEMPO DETERMINADO;;;Função de Confiança;;ASSESSOR TÉCNICO (A) ADMINISTRATIVO
;Folha Mensal - Janeiro;OZIEL JOSÉ DE CARVALHO MACEDO;ASSESSOR TÉCNICO (A) ADMINISTRATIVO;139,07;1.676,45;1.815,52;PREFEITURA MUNICIPAL DE PADRE MARCOS-PI;SECRETARIA MUNICIPAL  DE ADMINISTRAÇÃO;SEAD -  DEPTO. ADMINISTRAÇÃO V- COMISSIONADOS;COMISSIONADOS;948.XXX.XXX-72;232;40;PREDIO DA PREFEITURA;3;02/01/2025;;;;;;2 - Comissão;TEMPO DETERMINADO;;;Função de Confiança;;COORDENADOR DE LAZER
;Folha Mensal - Janeiro;PATRICIA LEAL DE MACEDO;PROFESSOR SL 40H - CELETISTA;3.986,24;0,00;3.986,24;SECRETARIA MUNICIPAL DE EDUCAÇÃO;SECRETARIA MUNICIPAL DE EDUCAÇÃO;SME- DEPTO  ENSINO INFANTIL FUNDEB 70% - SELETISTAS;CONTRATADOS  EDUCAÇÃO;072.XXX.XXX-95;495;40;;2;24/02/2025;;;;;;3 - Temporário;TEMPO DETERMINADO;;;Contrato Temporario;;PROFESSOR SL 40H - CELETISTA
;Folha Mensal - Janeiro;PAULO LUIZ DE CARVALHO;PROFESSOR SL 40H - CELETISTA;3.986,24;0,00;3.986,24;SECRETARIA MUNICIPAL DE EDUCAÇÃO;SECRETARIA MUNICIPAL DE EDUCAÇÃO;SME- DEPTO  ENSINO INFANTIL FUNDEB 70% - SELETISTAS;CONTRATADOS  EDUCAÇÃO;071.XXX.XXX-24;477;40;;4;24/02/2025;;;;;;3 - Temporário;TEMPO DETERMINADO;;;Contrato Temporario;;PROFESSOR SL 40H - CELETISTA
;Folha Mensal - Janeiro;PEDRO BATISTA DA SILVA;MOTORISTA;303,91;2.033,81;2.337,72;SECRETARIA MUNICIPAL DE EDUCAÇÃO;FUNDO DE MANUT. E DEC.DA EDUC.BASICA-FUNDEB;SME- DEPTOR. ADM FUNDEB 30% V;EFETIVOS;353.XXX.XXX-15;110;40;SECRETARIA MUNICIPAL DE EDUCAÇÃO;1;02/03/2015;;;;;;1 - Efetivo;CONCURSO PUBLICO ;;;Efetivo;;MOTORISTA
;Folha Mensal - Janeiro;PEDRO EZRON PEREIRA LIMA;ASSESSOR TÉCNICO (A) ADMINISTRATIVO;121,57;1.499,43;1.621,00;SECRETARIA MUNICIPAL DE EDUCAÇÃO;FUNDO DE MANUT. E DEC.DA EDUC.BASICA-FUNDEB;SME- DEPTOR ADM FUNDEB 30 % VI - COMISSIONADOS;COMISSIONADOS;054.XXX.XXX-40;577;40;SECRETARIA MUNICIPAL DE EDUCAÇÃO;2;02/01/2025;;;;;;2 - Comissão;TEMPO DETERMINADO;;;Função de Confiança;;ASSESSOR TÉCNICO (A) ADMINISTRATIVO
;Folha Mensal - Janeiro;PERPETUA SOCORRO DA SILVA;COORDENADOR(A) PEDAGÓGICO;272,58;2.927,42;3.200,00;SECRETARIA MUNICIPAL DE EDUCAÇÃO;SECRETARIA MUNICIPAL DE EDUCAÇÃO;SME- DEPTOR. ENSINO FUNDEB 70% V - COMISSIONADOS;COMISSIONADOS EDUCAÇÃO;050.XXX.XXX-83;268;40;CRECHE PRÉ-ESCOLAR MARGARIDA DE JESUS ALENCAR ( TIA GUIDA);4;02/01/2025;;;;;;2 - Comissão;TEMPO DETERMINADO;;;Função de Confiança;;COORDENADOR(A) PEDAGÓGICO
;Folha Mensal - Janeiro;POLIANE MARIA DE CARVALHO;PROFESSOR SELETISTA;3.986,24;0,00;3.986,24;SECRETARIA MUNICIPAL DE EDUCAÇÃO;SECRETARIA MUNICIPAL DE EDUCAÇÃO;SME- DEPTO  ENSINO INFANTIL FUNDEB 70% - SELETISTAS;CONTRATADOS  EDUCAÇÃO;080.XXX.XXX-30;496;40;;3;24/02/2025;;;;;;3 - Temporário;TEMPO DETERMINADO;;;Contrato Temporario;;PROFESSOR SELETISTA
;Folha Mensal - Janeiro;PRESLEY ARAÚJO LEAL;PROFESSOR SE 40H;2.213,29;5.944,48;8.157,77;SECRETARIA MUNICIPAL DE EDUCAÇÃO;SECRETARIA MUNICIPAL DE EDUCAÇÃO;SME- DEPTOR ENSINO FUNDEB 70% I;EFETIVO - PROFESSORES;007.XXX.XXX-13;153;40;UNIDADE ESCOLAR MUNICIPAL CÂNDIDA MACEDO;1;02/03/2015;;;;;06/2018;1 - Efetivo;CONCURSO PUBLICO ;;;Efetivo;;PROFESSOR SL 20H
;Folha Mensal - Janeiro;RAFAEL BENIZ RAMOS;VISITADOR SANITARIO;121,57;1.499,43;1.621,00;SECRETARIA MUNICIPAL DE SAUDE;SECRETARIA MUNICIPAL DE SAUDE;SMS-DEPTO.SEC.SAUDE-CONTRATADOS - FUS;CONTRATO TEMPORÁRIO;048.XXX.XXX-04;509;40;;2;01/03/2025;;;;;;3 - Temporário;TEMPO DETERMINADO;;;Contrato Temporario;;VISITADOR SANITARIO
;Folha Mensal - Janeiro;RAFAEL VIEIRA DE ARAUJO;AUX. DE SERVIÇOS GERAIS;121,57;1.499,43;1.621,00;SECRETARIA MUNICIPAL DE EDUCAÇÃO;FUNDO DE MANUT. E DEC.DA EDUC.BASICA-FUNDEB;SME-DEPTO.CONTRATO-ENSINO FUNDEB 30%;CONTRATADOS  EDUCAÇÃO;612.XXX.XXX-80;416;40;;3;02/01/2025;;;;;;3 - Temporário;TEMPO DETERMINADO;;;Contrato Temporario;;ASSESSOR TÉCNICO (A) ADMINISTRATIVO
;Folha Mensal - Janeiro;RAFAELLA LEAL SILVA;FONOAUDIOLOGO;2.200,00;0,00;2.200,00;SECRETARIA MUNICIPAL DE EDUCAÇÃO;FUNDO DE MANUT. E DEC.DA EDUC.BASICA-FUNDEB;SME- DPTO.ENSINO FUNDEB 30% EQUIPE EMULT-CELETISTAS;CONTRATO TEMPORÁRIO;079.XXX.XXX-82;583;40;SECRETARIA MUNICIPAL DE EDUCAÇÃO;2;01/03/2025;;;;;;3 - Temporário;TEMPO DETERMINADO;;;Contrato Temporario;;FONOAUDIOLOGO
;Folha Mensal - Janeiro;RAIANA MARY DE MACEDO VIEIRA;PROFESSOR SE 40H;2.684,94;6.693,18;9.378,12;SECRETARIA MUNICIPAL DE EDUCAÇÃO;SECRETARIA MUNICIPAL DE EDUCAÇÃO;SME- DEPTOR ENSINO FUNDEB 70% I;EFETIVO - PROFESSORES;030.XXX.XXX-33;154;40;;1;02/03/2015;;;;;;1 - Efetivo;CONCURSO PUBLICO ;;;Efetivo;;PROFESSOR SL 20H
;Folha Mensal - Janeiro;RAIMUNDO DINIZ DE OLIVEIRA NETO;AG. COMUNITARIO DE SAÚDE;622,47;4.216,33;4.838,80;SECRETARIA MUNICIPAL DE SAUDE;SECRETARIA MUNICIPAL DE SAUDE;SMS - SEC.DE SAUDE - ACS I - PAB;EFETIVOS;553.XXX.XXX-87;59;40;;1;18/03/2003;;;;;;1 - Efetivo;CONCURSO PUBLICO ;;;Efetivo;;AG. COMUNITARIO DE SAÚDE
;Folha Mensal - Janeiro;RAIMUNDO NEIVA FILHO;MEDICO (A);1.219,69;7.492,35;8.712,04;SECRETARIA MUNICIPAL DE SAUDE;SECRETARIA MUNICIPAL DE SAUDE;SMS - DEPTOR .SEC. DE SAUDE - PAB;EFETIVOS;142.XXX.XXX-49;219;40;;1;01/04/2008;;;05/2023;;;1 - Efetivo;CONCURSO PUBLICO ;;;Efetivo;;MEDICO (A)
;Folha Mensal - Janeiro;RAIMUNDO NONATO DE SOUSA;ASSESSOR TÉCNICO (A) ADMINISTRATIVO;121,57;1.499,43;1.621,00;PREFEITURA MUNICIPAL DE PADRE MARCOS-PI;SECRETARIA MUNICIPAL  DE ADMINISTRAÇÃO;SEAD -  DEPTO. ADMINISTRAÇÃO V- COMISSIONADOS;COMISSIONADOS;125.XXX.XXX-27;538;40;PREDIO DA PREFEITURA;3;01/05/2025;;;;;;2 - Comissão;TEMPO DETERMINADO;;;Função de Confiança;;ASSESSOR TÉCNICO (A) ADMINISTRATIVO
;Folha Mensal - Janeiro;RAMONYELLE HELKYS MACEDO CARVALHO;FISIOTERAPEUTA;212,92;2.423,08;2.636,00;SECRETARIA MUNICIPAL DE SAUDE;SECRETARIA MUNICIPAL DE SAUDE;SMS-DEPTO.SEC.SAUDE-CONTRATADOS - FUS;CONTRATO TEMPORÁRIO;039.XXX.XXX-83;459;40;;3;02/01/2025;;;;;;3 - Temporário;TEMPO DETERMINADO;03/2021;;Contrato Temporario;;FISIOTERAPEUTA
;Folha Mensal - Janeiro;RAYKA EMILY SOUSA;ASSESSOR ESPECIAL;166,79;1.956,72;2.123,51;PREFEITURA MUNICIPAL DE PADRE MARCOS-PI;SECRETARIA MUNICIPAL  DE ADMINISTRAÇÃO;SEAD -  DEPTO. ADMINISTRAÇÃO V- COMISSIONADOS;COMISSIONADOS;061.XXX.XXX-67;1079;40;;1;01/03/2025;;;;;;2 - Comissão;LIVRE PROVIMENTO ;;;Função de Confiança;;ASSESSOR ESPECIAL
;Folha Mensal - Janeiro;REGINALDO ROSENO DA SILVA;ASSESSOR TÉCNICO (A) ADMINISTRATIVO;121,57;1.499,43;1.621,00;SECRETARIA MUNICIPAL DE SAUDE;SECRETARIA MUNICIPAL DE SAUDE;SMS-DEPTO.SEC.SAUDE-CONTRATADOS - FUS;COMISSIONADOS;716.XXX.XXX-40;823;40;;1;01/08/2025;;;;;;2 - Comissão;TEMPO DETERMINADO;;;Função de Confiança;;ASSESSOR TÉCNICO (A) ADMINISTRATIVO
;Folha Mensal - Janeiro;REJANE MARIA LEAL DE MOURA LIMA;AG. COMUNITARIO DE SAÚDE;577,08;4.261,72;4.838,80;SECRETARIA MUNICIPAL DE SAUDE;SECRETARIA MUNICIPAL DE SAUDE;SMS - SEC.DE SAUDE - ACS I - PAB;EFETIVOS;454.XXX.XXX-53;52;40;;1;01/04/2008;;;;;;1 - Efetivo;CONCURSO PUBLICO ;;;Efetivo;;AG. COMUNITARIO DE SAÚDE
;Folha Mensal - Janeiro;RENAN WENDEL ALVES DE SOUSA CARVALHO;ASSESSOR TÉCNICO (A) ADMINISTRATIVO;209,10;2.384,50;2.593,60;SECRETARIA MUNICIPAL DE EDUCAÇÃO;FUNDO DE MANUT. E DEC.DA EDUC.BASICA-FUNDEB;SME- DEPTOR ADM FUNDEB 30 % VI - COMISSIONADOS;COMISSIONADOS;706.XXX.XXX-41;791;40;SECRETARIA MUNICIPAL DE EDUCAÇÃO;1;01/04/2025;;;;;;2 - Comissão;TEMPO DETERMINADO;;;Função de Confiança;;ASSESSOR TÉCNICO (A) ADMINISTRATIVO
;Folha Mensal - Janeiro;RENATA DA SILVA;CONSELHEIRO TUTELAR;121,57;1.634,51;1.756,08;SECRETARIA MUNICIPAL DE ASSISTENCIA SOCIAL;SECRETARIA MUNICIPAL DE ASSISTENCIA SOCIAL;SASC-ASSISTENCIA SOCIAL - CONSELHO;ELETIVOS;062.XXX.XXX-67;531;40;SEC MUN. DE ASSISTENCIA SOCIAL;1;10/01/2024;;;;;;7 - Conselheiro;ELEICAO/INDICACAO;;;;;CONSELHEIRO TUTELAR
;Folha Mensal - Janeiro;RENATO ANTONIO DE OLIVEIRA;TECNICO EM PROTESI DENTARIA;302,58;3.147,42;3.450,00;SECRETARIA MUNICIPAL DE SAUDE;SECRETARIA MUNICIPAL DE SAUDE;SMS-SEC.DE SAÚDE-PROTETICO;CONTRATO TEMPORÁRIO;044.XXX.XXX-01;285;40;;6;01/03/2025;;;;;;3 - Temporário;TEMPO DETERMINADO;;;Contrato Temporario;;TECNICO PROTESE DENTARIA
;Folha Mensal - Janeiro;RENATO JOSÉ DA SILVA;ASSESSOR TÉCNICO;121,57;1.499,43;1.621,00;SECRETARIA MUNICIPAL DE EDUCAÇÃO;FUNDO DE MANUT. E DEC.DA EDUC.BASICA-FUNDEB;SME- DEPTOR ADM FUNDEB 30 % VI - COMISSIONADOS;COMISSIONADOS;018.XXX.XXX-44;845;40;SECRETARIA MUNICIPAL DE EDUCAÇÃO;1;01/01/2026;;;;;;2 - Comissão;TEMPO DETERMINADO;;;Função de Confiança;;ASSESSOR TÉCNICO
;Folha Mensal - Janeiro;RENÊ ALESSANDRO BRITO DE SÁ;ENGENHEIRO(A) CIVIL;494,50;4.455,50;4.950,00;PREFEITURA MUNICIPAL DE PADRE MARCOS-PI;SECRETARIA MUNICIPAL  DE ADMINISTRAÇÃO;SECRETARIA MUNICIPAL DE ADMINISTRAÇÃO;CONTRATO TEMPORÁRIO;056.XXX.XXX-42;532;40;PREDIO DA PREFEITURA;2;02/01/2025;;;02/2026;;;3 - Temporário;TEMPO DETERMINADO;;;Contrato Temporario;;ENGENHEIRO(A) CIVIL
;Folha Mensal - Janeiro;RIVALDO DE OLIVEIRA SANTOS;PROFESSOR SE 40H;3.733,05;4.424,72;8.157,77;SECRETARIA MUNICIPAL DE EDUCAÇÃO;SECRETARIA MUNICIPAL DE EDUCAÇÃO;SME- DEPTOR ENSINO FUNDEB 70% I;EFETIVO - PROFESSORES;025.XXX.XXX-20;155;40;U.E.M. JOSE DE MOURA LEAL;1;02/03/2015;;;;;;1 - Efetivo;CONCURSO PUBLICO ;;;Efetivo;;PROFESSOR SL 40H
;Folha Mensal - Janeiro;ROBERIO ROBERTO DA SILVA;ASSESSOR TÉCNICO (A) ADMINISTRATIVO;121,57;1.499,43;1.621,00;SECRETARIA MUNICIPAL DE EDUCAÇÃO;FUNDO DE MANUT. E DEC.DA EDUC.BASICA-FUNDEB;SME- DEPTOR ADM FUNDEB 30 % VI - COMISSIONADOS;COMISSIONADOS EDUCAÇÃO;065.XXX.XXX-07;476;40;SECRETARIA MUNICIPAL DE EDUCAÇÃO;4;03/02/2025;;;;;;2 - Comissão;TEMPO DETERMINADO;;;Função de Confiança;;ASSESSOR TÉCNICO (A) ADMINISTRATIVO
;Folha Mensal - Janeiro;ROBSON LUIS DE SOUSA;PROFESSOR SE 40H;2.449,12;6.318,83;8.767,95;SECRETARIA MUNICIPAL DE EDUCAÇÃO;SECRETARIA MUNICIPAL DE EDUCAÇÃO;SME- DEPTOR ENSINO FUNDEB 70% II;EFETIVO - PROFESSORES;643.XXX.XXX-53;204;40;UNIDADE ESCOLAR MUNICIPAL CÂNDIDA MACEDO;1;02/02/1998;;;;;;1 - Efetivo;CONCURSO PUBLICO ;;;;;PROFESSOR SE 40H
;Folha Mensal - Janeiro;ROGER MANOEL DA SILVA;ASSESSOR TÉCNICO (A) ADMINISTRATIVO;121,57;1.499,43;1.621,00;SECRETARIA MUNICIPAL DE EDUCAÇÃO;FUNDO DE MANUT. E DEC.DA EDUC.BASICA-FUNDEB;SME- DEPTOR ADM FUNDEB 30 % VI - COMISSIONADOS;COMISSIONADOS;078.XXX.XXX-52;533;40;SECRETARIA MUNICIPAL DE EDUCAÇÃO;2;03/02/2025;;;;;;2 - Comissão;TEMPO DETERMINADO;;;Função de Confiança;;ASSESSOR TÉCNICO (A) ADMINISTRATIVO
;Folha Mensal - Janeiro;ROMÂRIO SILVA;ASSESSOR TÉCNICO (A) ADMINISTRATIVO;121,57;1.499,43;1.621,00;SECRETARIA MUNICIPAL DE EDUCAÇÃO;FUNDO DE MANUT. E DEC.DA EDUC.BASICA-FUNDEB;SME- DEPTOR ADM FUNDEB 30 % VI - COMISSIONADOS;COMISSIONADOS EDUCAÇÃO;104.XXX.XXX-40;452;40;SECRETARIA MUNICIPAL DE EDUCAÇÃO;2;02/01/2025;;;;;;2 - Comissão;TEMPO DETERMINADO;;;Função de Confiança;;ASSESSOR TÉCNICO (A) ADMINISTRATIVO
;Folha Mensal - Janeiro;RONIELLY DE CARVALHO COSTA;PROFESSOR SELETISTA;3.986,24;0,00;3.986,24;SECRETARIA MUNICIPAL DE EDUCAÇÃO;SECRETARIA MUNICIPAL DE EDUCAÇÃO;SME - DEPTOR. ENSINO FUNDEB 70% IV - CELETISTAS;CONTRATADOS  EDUCAÇÃO;050.XXX.XXX-14;497;40;;3;24/02/2025;;;;;;3 - Temporário;TEMPO DETERMINADO;;;Contrato Temporario;;PROFESSOR SELETISTA
;Folha Mensal - Janeiro;RONIMAURA SOCORRO DIAS SILVA;COORDENADOR(A) PEDAGÓGICO;272,58;2.927,42;3.200,00;SECRETARIA MUNICIPAL DE EDUCAÇÃO;SECRETARIA MUNICIPAL DE EDUCAÇÃO;SME- DEPTOR. ENSINO FUNDEB 70% V - COMISSIONADOS;COMISSIONADOS EDUCAÇÃO;050.XXX.XXX-70;297;40;U.E.M. JOSE DE MOURA LEAL;3;02/01/2025;;;;;;2 - Comissão;TEMPO DETERMINADO;;;Função de Confiança;;COORDENADOR(A) PEDAGÓGICO
;Folha Mensal - Janeiro;RONIVONN BIZERRA DA COSTA;ASSESSOR TÉCNICO (A) ADMINISTRATIVO;194,51;2.236,99;2.431,50;SECRETARIA MUNICIPAL DE EDUCAÇÃO;FUNDO DE MANUT. E DEC.DA EDUC.BASICA-FUNDEB;SME- DEPTOR ADM FUNDEB 30 % VI - COMISSIONADOS;COMISSIONADOS;440.XXX.XXX-91;384;40;;2;02/01/2025;;;;;;2 - Comissão;TEMPO DETERMINADO;;;Função de Confiança;;ASSESSOR TÉCNICO (A) ADMINISTRATIVO
;Folha Mensal - Janeiro;ROSILENE ROSARIO SILVA DIAS;COORDENADOR(A) PEDAGÓGICO;272,58;2.927,42;3.200,00;SECRETARIA MUNICIPAL DE EDUCAÇÃO;SECRETARIA MUNICIPAL DE EDUCAÇÃO;SME- DEPTOR. ENSINO FUNDEB 70% V - COMISSIONADOS;COMISSIONADOS;894.XXX.XXX-87;226;40;SECRETARIA MUNICIPAL DE EDUCAÇÃO;3;02/01/2025;;;;;;2 - Comissão;TEMPO DETERMINADO;;;Função de Confiança;;COORDENADOR(A) PEDAGÓGICO
;Folha Mensal - Janeiro;ROZALICE ZITA DA CONCEIÇÃO;PROFESSOR SE 40H;3.175,68;5.897,36;9.073,04;SECRETARIA MUNICIPAL DE EDUCAÇÃO;SECRETARIA MUNICIPAL DE EDUCAÇÃO;SME- DEPTOR ENSINO FUNDEB 70% III;EFETIVO - PROFESSORES;788.XXX.XXX-34;205;40;U.E.M. JOSE DE MOURA LEAL;1;02/02/1998;;;;;;1 - Efetivo;CONCURSO PUBLICO ;;;Efetivo;;PROFESSOR SE 40H
;Folha Mensal - Janeiro;RUBENS BATISTA;MEDICO (A);2.850,52;7.603,93;10.454,45;SECRETARIA MUNICIPAL DE SAUDE;SECRETARIA MUNICIPAL DE SAUDE;SMS - DEPTOR .SEC. DE SAUDE - PAB;EFETIVOS;041.XXX.XXX-72;209;40;HOSPITAL MUNICIPAL DE PADRE MARCOS;1;01/04/2008;;;;;;1 - Efetivo;CONCURSO PUBLICO ;;;Efetivo;;MEDICO (A)
;Folha Mensal - Janeiro;RUBENS BATISTA;MEDICO (A) TEMPORARIO (A) PLANTÃO;1.923,07;3.566,93;5.490,00;SECRETARIA MUNICIPAL DE SAUDE;SECRETARIA MUNICIPAL DE SAUDE;SMS- DEPARTAMENTO DA SAÚDE- PLANTÃO - FUS;CONTRATO TEMPORÁRIO;041.XXX.XXX-72;209;40;HOSPITAL MUNICIPAL DE PADRE MARCOS;7;02/01/2025;;;;;;3 - Temporário;TEMPO DETERMINADO;;;Contrato Temporario;;MEDICO (A) TEMPORARIO (A) PLANTÃO
;Folha Mensal - Janeiro;SABRINA DA SILVA ARAUJO LEAL;TECNICO DE ENFERMAGEM;121,57;1.499,43;1.621,00;SECRETARIA MUNICIPAL DE SAUDE;SECRETARIA MUNICIPAL DE SAUDE;SMS-DEPTO.SEC.SAUDE-CONTRATADOS - FUS;COMISSIONADOS;067.XXX.XXX-14;451;40;;4;02/01/2025;;;;;;3 - Temporário;TEMPO DETERMINADO;;;Contrato Temporario;;TECNICO DE ENFERMAGEM
;Folha Complementar c/ Encargos - Janeiro;SABRINA DA SILVA ARAUJO LEAL;TECNICO DE ENFERMAGEM;142,10;-142,10;;SECRETARIA MUNICIPAL DE SAUDE;SECRETARIA MUNICIPAL DE SAUDE;SMS-DEPTO.SEC.SAUDE-CONTRATADOS - FUS;COMISSIONADOS;067.XXX.XXX-14;451;40;;4;02/01/2025;;;;;;3 - Temporário;TEMPO DETERMINADO;;;Contrato Temporario;;TECNICO DE ENFERMAGEM
;Folha Mensal - Janeiro;SAMMYA SUELLEN GOMES MACEDO;MONITOR(A);1.621,00;0,00;1.621,00;SECRETARIA MUNICIPAL DE EDUCAÇÃO;FUNDO DE MANUT. E DEC.DA EDUC.BASICA-FUNDEB;SME-DEPTO.CONTRATO-ENSINO FUNDEB 30%;CONTRATADOS  EDUCAÇÃO;066.XXX.XXX-50;508;40;;3;24/02/2025;;;;;;3 - Temporário;TEMPO DETERMINADO;;;Contrato Temporario;;MONITOR(A)
;Folha Mensal - Janeiro;SANDRA HERCILIA DE MACEDO DIAS;AUX. DE SERV. GERAIS;267,46;1.515,64;1.783,10;SECRETARIA MUNICIPAL DE EDUCAÇÃO;FUNDO DE MANUT. E DEC.DA EDUC.BASICA-FUNDEB;SME- DEPTO. ADM -FUNDEB 30% II;EFETIVOS;880.XXX.XXX-63;89;40;U.E.M. JOSE DE MOURA LEAL;1;02/03/1998;;;008/2022;;;1 - Efetivo;CONCURSO PUBLICO ;;;Efetivo;;AUX. DE SERV. GERAIS
;Folha Mensal - Janeiro;SARAH JACO DANTAS;MEDICO (A) TEMPORARIO (A) PLANTÃO;1.940,53;6.009,47;7.950,00;SECRETARIA MUNICIPAL DE SAUDE;SECRETARIA MUNICIPAL DE SAUDE;SMS- DEPARTAMENTO DA SAÚDE- PLANTÃO - FUS;CONTRATO TEMPORÁRIO;037.XXX.XXX-57;849;40;;1;01/01/2026;;;;;;3 - Temporário;TEMPO DETERMINADO;;;Contrato Temporario;;MEDICO (A) TEMPORARIO (A) PLANTÃO
;Folha Mensal - Janeiro;SÁVIO RODRIGUES DA SILVA;DIRETOR DE DEPARTAMENTO;209,10;2.384,50;2.593,60;SECRETARIA MUNICIPAL DE EDUCAÇÃO;FUNDO DE MANUT. E DEC.DA EDUC.BASICA-FUNDEB;SME- DEPTOR ADM FUNDEB 30 % VI - COMISSIONADOS;COMISSIONADOS;076.XXX.XXX-58;567;40;SECRETARIA MUNICIPAL DE EDUCAÇÃO;2;03/02/2025;;;;;;2 - Comissão;LIVRE PROVIMENTO ;;;Função de Confiança;;DIRETOR DE DEPARTAMENTO
;Folha Mensal - Janeiro;SEBASTIANA MARIA DA SILVA;COORDENADOR(A) PEDAGÓGICO;272,58;2.927,42;3.200,00;SECRETARIA MUNICIPAL DE EDUCAÇÃO;SECRETARIA MUNICIPAL DE EDUCAÇÃO;SME- DEPTOR. ENSINO FUNDEB 70% V - COMISSIONADOS;COMISSIONADOS;051.XXX.XXX-13;254;40;;7;01/03/2025;;;;;;2 - Comissão;TEMPO DETERMINADO;;;Função de Confiança;;COORDENADOR(A) PEDAGÓGICO
;Folha Mensal - Janeiro;SEBASTIÃO PEREIRA DA SILVA NETO;DIRETOR DE DEPARTAMENTO;209,10;2.384,50;2.593,60;PREFEITURA MUNICIPAL DE PADRE MARCOS-PI;SECRETARIA MUNICIPAL DE AGRICULTURA;SMA - SECRETARIA DE AGRICULTURA E ABASTECIMENTO;COMISSIONADOS;042.XXX.XXX-86;236;40;;3;02/01/2025;;;;;;2 - Comissão;LIVRE PROVIMENTO ;;;Função de Confiança;;DIRETOR ADMINISTRATIVO
;Folha Mensal - Janeiro;SHAIDY FRANC CARVALHO BESERRA;ASSESSOR TÉCNICO (A) ADMINISTRATIVO;121,57;1.499,43;1.621,00;SECRETARIA MUNICIPAL DE EDUCAÇÃO;FUNDO DE MANUT. E DEC.DA EDUC.BASICA-FUNDEB;SME- DEPTOR ADM FUNDEB 30 % VI - COMISSIONADOS;COMISSIONADOS EDUCAÇÃO;079.XXX.XXX-70;364;40;;2;02/01/2025;;;;;;2 - Comissão;TEMPO DETERMINADO;;;Função de Confiança;;ASSESSOR TÉCNICO (A) ADMINISTRATIVO
;Folha Mensal - Janeiro;SIBELLY DE MOURA SOUSA;AUX. DE SERV. GERAIS;291,78;1.720,96;2.012,74;SECRETARIA MUNICIPAL DE EDUCAÇÃO;FUNDO DE MANUT. E DEC.DA EDUC.BASICA-FUNDEB;SME- DEPTO. ADM -FUNDEB 30% II;EFETIVOS;009.XXX.XXX-46;99;40;CRECHE PRÉ-ESCOLAR MARGARIDA DE JESUS ALENCAR ( TIA GUIDA);1;02/03/2015;;;;;;1 - Efetivo;CONCURSO PUBLICO ;;;Efetivo;;AUX. DE SERV. GERAIS
;Folha Mensal - Janeiro;SOENIO JOSE RIBEIRO;COORDENADOR DE SERVIÇOS;121,57;1.499,43;1.621,00;PREFEITURA MUNICIPAL DE PADRE MARCOS-PI;SECRETARIA MUNICIPAL  DE ADMINISTRAÇÃO;ADM.SEC.MUNICIPAL DE JUVENTUDE ESPORTE E LAZER;COMISSIONADOS;440.XXX.XXX-91;281;40;;3;02/01/2025;;02/2018;;;;2 - Comissão;TEMPO DETERMINADO;;;Função de Confiança;;COORDENADOR DE SERVIÇOS
;Folha Mensal - Janeiro;SOLIZÂNGELA MARIA DE ARAUJO MACEDO;DIRETOR DE DEPARTAMENTO;149,28;1.779,71;1.928,99;SECRETARIA MUNICIPAL DE EDUCAÇÃO;FUNDO DE MANUT. E DEC.DA EDUC.BASICA-FUNDEB;SME- DEPTOR ADM FUNDEB 30 % VI - COMISSIONADOS;COMISSIONADOS;721.XXX.XXX-53;812;40;;1;01/07/2025;;;;;;2 - Comissão;LIVRE PROVIMENTO ;;;Função de Confiança;;DIRETOR DE DEPARTAMENTO
;Folha Mensal - Janeiro;SORAYA SOLANGE RIBEIRO;TECNICO DE ENFERMAGEM;150,74;1.794,46;1.945,20;SECRETARIA MUNICIPAL DE SAUDE;SECRETARIA MUNICIPAL DE SAUDE;SMS-DEPTO.SEC.SAUDE-CONTRATADOS - FUS;CONTRATO TEMPORÁRIO;048.XXX.XXX-48;376;40;;4;02/01/2025;;;;;;3 - Temporário;TEMPO DETERMINADO;;;Contrato Temporario;;TECNICO DE ENFERMAGEM
;Folha Complementar c/ Encargos - Janeiro;SORAYA SOLANGE RIBEIRO;TECNICO DE ENFERMAGEM;151,84;-151,84;;SECRETARIA MUNICIPAL DE SAUDE;SECRETARIA MUNICIPAL DE SAUDE;SMS-DEPTO.SEC.SAUDE-CONTRATADOS - FUS;CONTRATO TEMPORÁRIO;048.XXX.XXX-48;376;40;;4;02/01/2025;;;;;;3 - Temporário;TEMPO DETERMINADO;;;Contrato Temporario;;TECNICO DE ENFERMAGEM
;Folha Mensal - Janeiro;SUELI SOCORRO DIAS DA SILVA;AUXILIAR DE SAÚDE BUCAL;121,57;1.799,43;1.921,00;SECRETARIA MUNICIPAL DE SAUDE;SECRETARIA MUNICIPAL DE SAUDE;SEC. MUN. SAÚDE- DEPTO. DE SAUDE II-CONTRATADOS - PAB;CONTRATO TEMPORÁRIO;065.XXX.XXX-50;510;40;;2;02/01/2025;;;;;;3 - Temporário;TEMPO DETERMINADO;;;Contrato Temporario;;AUXILIAR DE SAÚDE BUCAL
;Folha Mensal - Janeiro;SUELY SILVA;AG. COMUNITARIO DE SAÚDE;577,08;4.261,72;4.838,80;SECRETARIA MUNICIPAL DE SAUDE;SECRETARIA MUNICIPAL DE SAUDE;SMS - SEC.DE SAUDE - ACS I - PAB;EFETIVOS;000.XXX.XXX-54;54;40;;1;18/03/2003;;;;;;1 - Efetivo;CONCURSO PUBLICO ;;;Efetivo;;AG. COMUNITARIO DE SAÚDE
;Folha Mensal - Janeiro;TAISE NOGUEIRA ROLIM;DIRETOR DE DEPARTAMENTO;139,07;1.676,45;1.815,52;SECRETARIA MUNICIPAL DE SAUDE;SECRETARIA MUNICIPAL DE SAUDE;SMS-DEPTO.SEC.SAUDE-CONTRATADOS - FUS;COMISSIONADOS;097.XXX.XXX-67;522;40;;2;02/01/2025;;;;;;2 - Comissão;LIVRE PROVIMENTO ;;;Função de Confiança;;DIRETOR DE DEPARTAMENTO
;Folha Mensal - Janeiro;TALITA LUANA PEREIRA DA SILVA;TECNICO DE ENFERMAGEM;150,74;1.794,46;1.945,20;SECRETARIA MUNICIPAL DE SAUDE;SECRETARIA MUNICIPAL DE SAUDE;SMS-DEPTO.SEC.SAUDE-CONTRATADOS - FUS;CONTRATO TEMPORÁRIO;612.XXX.XXX-86;315;40;;5;02/01/2025;;;;;;3 - Temporário;TEMPO DETERMINADO;;;Contrato Temporario;;TECNICO DE ENFERMAGEM
;Folha Complementar c/ Encargos - Janeiro;TALITA LUANA PEREIRA DA SILVA;TECNICO DE ENFERMAGEM;151,84;-151,84;;SECRETARIA MUNICIPAL DE SAUDE;SECRETARIA MUNICIPAL DE SAUDE;SMS-DEPTO.SEC.SAUDE-CONTRATADOS - FUS;CONTRATO TEMPORÁRIO;612.XXX.XXX-86;315;40;;5;02/01/2025;;;;;;3 - Temporário;TEMPO DETERMINADO;;;Contrato Temporario;;TECNICO DE ENFERMAGEM
;Folha Mensal - Janeiro;TAMIRES EURIDES DA CONCEIÇAO SILVA;DIRETOR DE DEPARTAMENTO;1.621,00;0,00;1.621,00;SECRETARIA MUNICIPAL DE EDUCAÇÃO;FUNDO DE MANUT. E DEC.DA EDUC.BASICA-FUNDEB;SME- DEPTOR ADM FUNDEB 30 % VI - COMISSIONADOS;COMISSIONADOS EDUCAÇÃO;433.XXX.XXX-93;555;40;SECRETARIA MUNICIPAL DE EDUCAÇÃO;2;03/02/2025;;;;;;2 - Comissão;LIVRE PROVIMENTO ;;;Função de Confiança;;DIRETOR DE DEPARTAMENTO
;Folha Mensal - Janeiro;TATHIANA FRANCISCA DA CONCEIÇÃO  MACEDO;MONITOR(A);121,57;1.499,43;1.621,00;SECRETARIA MUNICIPAL DE EDUCAÇÃO;FUNDO DE MANUT. E DEC.DA EDUC.BASICA-FUNDEB;SME-DEPTO.CONTRATO-ENSINO FUNDEB 30%;CONTRATO TEMPORÁRIO;062.XXX.XXX-24;410;40;;4;24/02/2025;;01/2023;;;;3 - Temporário;TEMPO DETERMINADO;;;Contrato Temporario;;MONITOR(A)
;Folha Mensal - Janeiro;TERESA MARIA DE SOUSA MACEDO;AG. COMUNITARIO DE SAÚDE;508,99;3.843,51;4.352,50;SECRETARIA MUNICIPAL DE SAUDE;SECRETARIA MUNICIPAL DE SAUDE;SMS - SEC.DE SAUDE - ACS I - PAB;EFETIVOS;011.XXX.XXX-99;55;40;;1;01/04/2008;;;;;;1 - Efetivo;CONCURSO PUBLICO ;;;Efetivo;;AG. COMUNITARIO DE SAÚDE
;Folha Mensal - Janeiro;THALES MANOEL DA SILVA;FARMACÊUTICA ( O );200,68;2.299,32;2.500,00;SECRETARIA MUNICIPAL DE SAUDE;SECRETARIA MUNICIPAL DE SAUDE;SEC. MUN. SAÚDE- DEPTO. DE SAUDE II-CONTRATADOS - PAB;COMISSIONADOS;025.XXX.XXX-42;561;40;SECRETARIA MUNICIPAL DE SAÚDE;2;01/02/2025;;;;;;3 - Temporário;TEMPO DETERMINADO;;;Função de Confiança;;FARMACÊUTICA ( O )
;Folha Mensal - Janeiro;THATIANA ARAUJO SOUSA LEAL;ASSESSOR ESPECIAL;139,07;1.676,45;1.815,52;PREFEITURA MUNICIPAL DE PADRE MARCOS-PI;SECRETARIA MUNICIPAL  DE ADMINISTRAÇÃO;SECRETARIA DE EMPREENDEDORISMO;COMISSIONADOS;868.XXX.XXX-34;278;40;;2;02/01/2025;;;;;;2 - Comissão;LIVRE PROVIMENTO ;;;Função de Confiança;;ASSESSOR ESPECIAL
;Folha Mensal - Janeiro;THAYNA MÁROLLE DA CONCEIÇÃO SILVA;AUX. DE OUVIDORIA MUNICIPAL;210,04;2.393,96;2.604,00;PREFEITURA MUNICIPAL DE PADRE MARCOS-PI;GABINETE DO PREFEITO;GABINETE DO PREFEITO;COMISSIONADOS;037.XXX.XXX-28;235;40;PREDIO DA PREFEITURA;5;02/01/2025;;;;;;2 - Comissão;LIVRE PROVIMENTO ;;;Função de Confiança;;AUX. DE OUVIDORIA MUNICIPAL
;Folha Mensal - Janeiro;THERLLY KELLY DA CONCEIÇÃO MACEDO;ASSESSOR TÉCNICO (A) ADMINISTRATIVO;1.621,00;0,00;1.621,00;SECRETARIA MUNICIPAL DE EDUCAÇÃO;FUNDO DE MANUT. E DEC.DA EDUC.BASICA-FUNDEB;SME- DEPTOR ADM FUNDEB 30 % VI - COMISSIONADOS;COMISSIONADOS EDUCAÇÃO;625.XXX.XXX-10;461;40;;3;01/04/2025;;;;;;2 - Comissão;TEMPO DETERMINADO;;;Função de Confiança;;ASSESSOR TÉCNICO (A) ADMINISTRATIVO
;Folha Mensal - Janeiro;THIAGO JOAQUIM DE CARVALHO;DIRETOR DE DEPARTAMENTO;1.621,00;0,00;1.621,00;SECRETARIA MUNICIPAL DE EDUCAÇÃO;;SME- DEPTOR ADM FUNDEB 30 % VI - COMISSIONADOS;COMISSIONADOS;612.XXX.XXX-39;766;40;SECRETARIA MUNICIPAL DE EDUCAÇÃO;1;01/03/2025;;;;;;2 - Comissão;LIVRE PROVIMENTO ;;;;;DIRETOR DE DEPARTAMENTO
;Folha Mensal - Janeiro;THUANNY MIKAELLA CONCEIÇÃO SILVA;PSICOLOGO;3.145,91;7.623,39;10.769,30;SECRETARIA MUNICIPAL DE SAUDE;SECRETARIA MUNICIPAL DE SAUDE;SMS-DEPTOR.SEC. DE SAUDE II - FUS;EFETIVOS;037.XXX.XXX-40;41;40;PREDIO DA PREFEITURA;1;02/02/2015;;;;;;1 - Efetivo;CONCURSO PUBLICO ;;;;;PSICOLOGO
;Folha Mensal - Janeiro;TIAGO RAFAEL DE SOUSA;INSPETOR ESCOLAR;1.621,00;0,00;1.621,00;SECRETARIA MUNICIPAL DE EDUCAÇÃO;FUNDO DE MANUT. E DEC.DA EDUC.BASICA-FUNDEB;SME- DEPTOR ADM FUNDEB 30 % VI - COMISSIONADOS;COMISSIONADOS;070.XXX.XXX-64;566;40;SECRETARIA MUNICIPAL DE EDUCAÇÃO;2;01/03/2025;;;;;;2 - Comissão;TEMPO DETERMINADO;;;Função de Confiança;;INSPETOR ESCOLAR
;Folha Mensal - Janeiro;VALDANIA DA SILVA SANTOS GOMES;AUX. DE SERVIÇOS GERAIS;1.621,00;0,00;1.621,00;SECRETARIA MUNICIPAL DE EDUCAÇÃO;FUNDO DE MANUT. E DEC.DA EDUC.BASICA-FUNDEB;SME-DEPTO.CONTRATO-ENSINO FUNDEB 30%;CONTRATADOS  EDUCAÇÃO;091.XXX.XXX-46;784;40;SECRETARIA MUNICIPAL DE EDUCAÇÃO;1;01/04/2025;;;;;;3 - Temporário;TEMPO DETERMINADO;;;Contrato Temporario;;AUX. DE SERVIÇOS GERAIS
;Folha Mensal - Janeiro;VALDEMIR FRANCISCO DE SOUSA;ASSESSOR TÉCNICO (A) ADMINISTRATIVO;121,57;1.499,43;1.621,00;SECRETARIA MUNICIPAL DE EDUCAÇÃO;FUNDO DE MANUT. E DEC.DA EDUC.BASICA-FUNDEB;SME- DEPTOR ADM FUNDEB 30 % VI - COMISSIONADOS;COMISSIONADOS;892.XXX.XXX-49;806;40;;1;01/06/2025;;;;;;2 - Comissão;TEMPO DETERMINADO;;;Função de Confiança;;ASSESSOR TÉCNICO (A) ADMINISTRATIVO
;Folha Mensal - Janeiro;VALDENEI JOÃO DE CARVALHO;ASSESSOR TÉCNICO (A) ADMINISTRATIVO;121,57;1.499,43;1.621,00;SECRETARIA MUNICIPAL DE EDUCAÇÃO;FUNDO DE MANUT. E DEC.DA EDUC.BASICA-FUNDEB;SME- DEPTOR ADM FUNDEB 30 % VI - COMISSIONADOS;COMISSIONADOS;298.XXX.XXX-57;827;40;;1;01/09/2025;;;;;;2 - Comissão;TEMPO DETERMINADO;;;Função de Confiança;;ASSESSOR TÉCNICO (A) ADMINISTRATIVO
;Folha Mensal - Janeiro;VALDINETE DE ARAÚJO SILVA;PROFESSORA DE EJA - CELETISTA;3.986,24;0,00;3.986,24;SECRETARIA MUNICIPAL DE EDUCAÇÃO;SECRETARIA MUNICIPAL DE EDUCAÇÃO;SME- DEPTO  ENSINO INFANTIL FUNDEB 70% - SELETISTAS;CONTRATADOS  EDUCAÇÃO;953.XXX.XXX-49;405;40;;4;24/02/2025;;;;;;3 - Temporário;TEMPO DETERMINADO;;;Contrato Temporario;;PROFESSOR SL 40H - CELETISTA
;Folha Mensal - Janeiro;VALQUIRIA DA CONCEIÇÃO SILVA;PROFESSOR SL 40H - CELETISTA;3.986,24;0,00;3.986,24;SECRETARIA MUNICIPAL DE EDUCAÇÃO;SECRETARIA MUNICIPAL DE EDUCAÇÃO;SME - DEPTOR. ENSINO FUNDEB 70% IV - CELETISTAS;CONTRATADOS  EDUCAÇÃO;891.XXX.XXX-15;329;40;;5;24/02/2025;;;;;;3 - Temporário;TEMPO DETERMINADO;;;Contrato Temporario;;PROFESSOR SL 40H - CELETISTA
;Folha Mensal - Janeiro;VANESSA DE MACEDO MARQUES;DIRETOR DE DEPARTAMENTO;147,83;1.764,95;1.912,78;SECRETARIA MUNICIPAL DE ASSISTENCIA SOCIAL;FUNDO MUNICIPAL DE ASSISTENCIA SOCIAL-FMAS;CENTRO DE REFERENCIA. ASSISTENCIA SOCIAL-CRAS-PSB;CONTRATO TEMPORÁRIO;038.XXX.XXX-94;296;40;;5;02/01/2025;;;;;;2 - Comissão;LIVRE PROVIMENTO ;;;Contrato Temporario;;ASSESSOR TÉCNICO
;Folha Mensal - Janeiro;VANESSA KELLY MACEDO;PROFESSOR SL 40H - CELETISTA;3.986,24;0,00;3.986,24;SECRETARIA MUNICIPAL DE EDUCAÇÃO;SECRETARIA MUNICIPAL DE EDUCAÇÃO;SME - DEPTOR. ENSINO FUNDEB 70% IV - CELETISTAS;CONTRATADOS  EDUCAÇÃO;062.XXX.XXX-84;328;40;;5;24/02/2025;;;;;;3 - Temporário;TEMPO DETERMINADO;;;Contrato Temporario;;PROFESSOR SL 40H - CELETISTA
;Folha Mensal - Janeiro;VANESSA THYARA DOS ANJOS BEZERRA;PROFESSOR SM 20H;654,55;3.881,96;4.536,51;SECRETARIA MUNICIPAL DE EDUCAÇÃO;SECRETARIA MUNICIPAL DE EDUCAÇÃO;SME- DEPTOR ENSINO FUNDEB 70% I;EFETIVO - PROFESSORES;015.XXX.XXX-80;156;40;UNIDADE ESCOLAR MUNICIPAL CÂNDIDA MACEDO;1;02/03/2015;;;;;;1 - Efetivo;CONCURSO PUBLICO ;;;Efetivo;;PROFESSOR SE 20H
;Folha Mensal - Janeiro;VIRLANDIA MARIA DE SOUSA;AG. COMUNITARIO DE SAÚDE;577,08;4.261,72;4.838,80;SECRETARIA MUNICIPAL DE SAUDE;SECRETARIA MUNICIPAL DE SAUDE;SMS - SEC.DE SAUDE - ACS I - PAB;EFETIVOS;217.XXX.XXX-87;57;40;;1;18/03/2003;;;;;;1 - Efetivo;CONCURSO PUBLICO ;;;Efetivo;;AG. COMUNITARIO DE SAÚDE
;Folha Mensal - Janeiro;VITORIA DA SILVA CARVALHO SANTOS;ASSESSOR TÉCNICO (A) ADMINISTRATIVO;1.621,00;0,00;1.621,00;SECRETARIA MUNICIPAL DE EDUCAÇÃO;FUNDO DE MANUT. E DEC.DA EDUC.BASICA-FUNDEB;SME- DEPTOR ADM FUNDEB 30 % VI - COMISSIONADOS;COMISSIONADOS EDUCAÇÃO;080.XXX.XXX-03;502;40;;2;01/03/2025;;;;;;2 - Comissão;TEMPO DETERMINADO;;;Função de Confiança;;ASSESSOR TÉCNICO (A) ADMINISTRATIVO
;Folha Mensal - Janeiro;VITÓRIA DE CARVALHO SILVA;ASSESSOR ESPECIAL;158,04;1.868,21;2.026,25;SECRETARIA MUNICIPAL DE SAUDE;SECRETARIA MUNICIPAL DE SAUDE;SEC. MUN. SAÚDE- DEPTO. DE SAUDE II-CONTRATADOS - PAB;CONTRATO TEMPORÁRIO;080.XXX.XXX-67;441;40;;5;02/04/2025;;;;;;2 - Comissão;LIVRE PROVIMENTO ;;;Contrato Temporario;;ASSESSOR ESPECIAL
;Folha Mensal - Janeiro;WALKIRO KELL PEREIRA CHAVES;ASSESSOR TÉCNICO (A) ADMINISTRATIVO;150,74;1.794,46;1.945,20;SECRETARIA MUNICIPAL DE EDUCAÇÃO;FUNDO DE MANUT. E DEC.DA EDUC.BASICA-FUNDEB;SME- DEPTOR ADM FUNDEB 30 % VI - COMISSIONADOS;COMISSIONADOS;091.XXX.XXX-00;778;40;;1;01/04/2025;;;;;;2 - Comissão;TEMPO DETERMINADO;;;Função de Confiança;;ASSESSOR TÉCNICO (A) ADMINISTRATIVO
;Folha Mensal - Janeiro;WANESSA DA SILVA LIMA SÁ;DIRETOR DE DEPARTAMENTO;158,04;1.868,21;2.026,25;SECRETARIA MUNICIPAL DE SAUDE;SECRETARIA MUNICIPAL DE SAUDE;SMS-DEPTO.SEC.SAUDE-CONTRATADOS - FUS;COMISSIONADOS;035.XXX.XXX-20;601;40;SECRETARIA MUNICIPAL DE SAÚDE;1;02/01/2025;;;;;;2 - Comissão;LIVRE PROVIMENTO ;;;Função de Confiança;;DIRETOR DE DEPARTAMENTO
;Folha Mensal - Janeiro;WESLEY SOUSA MARQUES;ASSESSOR TÉCNICO (A) ADMINISTRATIVO;1.621,00;0,00;1.621,00;SECRETARIA MUNICIPAL DE EDUCAÇÃO;FUNDO DE MANUT. E DEC.DA EDUC.BASICA-FUNDEB;SME- DEPTOR ADM FUNDEB 30 % VI - COMISSIONADOS;COMISSIONADOS EDUCAÇÃO;053.XXX.XXX-99;435;40;;4;01/03/2025;;;;;;2 - Comissão;TEMPO DETERMINADO;;;Função de Confiança;;ASSESSOR TÉCNICO (A) ADMINISTRATIVO
;Folha Mensal - Janeiro;WILCEMAR MOURA MACEDO;ASSESSOR TÉCNICO (A) ADMINISTRATIVO;121,57;1.499,43;1.621,00;SECRETARIA MUNICIPAL DE EDUCAÇÃO;FUNDO DE MANUT. E DEC.DA EDUC.BASICA-FUNDEB;SME- DEPTOR ADM FUNDEB 30 % VI - COMISSIONADOS;COMISSIONADOS;062.XXX.XXX-31;820;40;;1;01/08/2025;;;03/2026;;;2 - Comissão;TEMPO DETERMINADO;;;Função de Confiança;;ASSESSOR TÉCNICO (A) ADMINISTRATIVO
;Folha Mensal - Janeiro;WILDEMAR MOURA MACEDO;ASSESSOR TÉCNICO (A) ADMINISTRATIVO;121,57;1.499,43;1.621,00;SECRETARIA MUNICIPAL DE EDUCAÇÃO;FUNDO DE MANUT. E DEC.DA EDUC.BASICA-FUNDEB;SME- DEPTOR ADM FUNDEB 30 % VI - COMISSIONADOS;COMISSIONADOS EDUCAÇÃO;056.XXX.XXX-32;464;40;;2;02/01/2025;;;;;;2 - Comissão;TEMPO DETERMINADO;;;Função de Confiança;;ASSESSOR TÉCNICO (A) ADMINISTRATIVO
;Folha Mensal - Janeiro;WILIANE KELLY DA SILVA;PREFEITO;3.520,12;9.979,88;13.500,00;PREFEITURA MUNICIPAL DE PADRE MARCOS-PI;GABINETE DO PREFEITO;GABINETE DO PREFEITO;CONTRATO TEMPORÁRIO;367.XXX.XXX-35;303;40;PREDIO DA PREFEITURA;4;01/01/2025;;;;;;9 - Outros;ELEICAO/INDICACAO;;;Contrato Temporario;;PREFEITO
;Adiantamento 13º Salário - Janeiro;WILLIAMS MACEDO;PROFESSOR SE 40H;;3.486,09;3.486,09;SECRETARIA MUNICIPAL DE EDUCAÇÃO;SECRETARIA MUNICIPAL DE EDUCAÇÃO;SME- DEPTOR ENSINO FUNDEB 70% I;EFETIVO - PROFESSORES;504.XXX.XXX-68;157;40;UNIDADE ESCOLAR MUNICIPAL DAVI SEVERIANO DE CARVALHO;1;02/03/2015;;;;;;1 - Efetivo;CONCURSO PUBLICO ;;;Efetivo;;PROFESSOR SL 40H
;Folha Mensal - Janeiro;WILLIAMS MACEDO;PROFESSOR SE 40H;2.213,29;5.944,48;8.157,77;SECRETARIA MUNICIPAL DE EDUCAÇÃO;SECRETARIA MUNICIPAL DE EDUCAÇÃO;SME- DEPTOR ENSINO FUNDEB 70% I;EFETIVO - PROFESSORES;504.XXX.XXX-68;157;40;UNIDADE ESCOLAR MUNICIPAL DAVI SEVERIANO DE CARVALHO;1;02/03/2015;;;;;;1 - Efetivo;CONCURSO PUBLICO ;;;Efetivo;;PROFESSOR SL 40H
;Folha Mensal - Janeiro;WILLIAMS MACEDO JÚNIOR;DIRETOR DE DEPARTAMENTO;121,57;1.499,43;1.621,00;SECRETARIA MUNICIPAL DE EDUCAÇÃO;FUNDO DE MANUT. E DEC.DA EDUC.BASICA-FUNDEB;SME- DEPTOR ADM FUNDEB 30 % VI - COMISSIONADOS;COMISSIONADOS;072.XXX.XXX-27;829;40;;1;01/09/2025;;;;;;2 - Comissão;LIVRE PROVIMENTO ;;;Função de Confiança;;DIRETOR DE DEPARTAMENTO
;Folha Mensal - Janeiro;WOLNEY BARROS LEAL;PROFESSOR SE 40H;1.932,94;5.614,66;7.547,60;SECRETARIA MUNICIPAL DE EDUCAÇÃO;SECRETARIA MUNICIPAL DE EDUCAÇÃO;SME-DEPTOR. ENSINO FUNDEB 70%  VI EJA;EFETIVO - PROFESSORES;899.XXX.XXX-72;158;40;UNIDADE ESCOLAR MUNICIPAL CÂNDIDA MACEDO;1;02/03/2015;;;;;;1 - Efetivo;CONCURSO PUBLICO ;;;Efetivo;;PROFESSOR SL 40H
;Folha Mensal - Janeiro;YAGO JANDER MACEDO SOUSA;ASSESSOR TÉCNICO (A) ADMINISTRATIVO;166,79;1.956,72;2.123,51;SECRETARIA MUNICIPAL DE EDUCAÇÃO;FUNDO DE MANUT. E DEC.DA EDUC.BASICA-FUNDEB;SME- DEPTOR ADM FUNDEB 30 % VI - COMISSIONADOS;COMISSIONADOS EDUCAÇÃO;064.XXX.XXX-92;466;40;;2;02/01/2025;;;;;;2 - Comissão;TEMPO DETERMINADO;;;Função de Confiança;;ASSESSOR TÉCNICO (A) ADMINISTRATIVO
;Folha Mensal - Janeiro;YEDDA DAFNY CARVALHO MACEDO;ODONTOLOGO;376,74;4.391,26;4.768,00;SECRETARIA MUNICIPAL DE SAUDE;SECRETARIA MUNICIPAL DE SAUDE;SEC. MUN. SAÚDE- DEPTO. DE SAUDE II-CONTRATADOS - PAB;CONTRATO TEMPORÁRIO;057.XXX.XXX-80;320;40;;5;02/01/2025;;;;;;3 - Temporário;TEMPO DETERMINADO;;;Contrato Temporario;;ODONTOLOGO
;Folha Mensal - Janeiro;YURE JARDEL MACEDO SOUSA;PROFESSOR SL 40H - CELETISTA;3.986,24;0,00;3.986,24;SECRETARIA MUNICIPAL DE EDUCAÇÃO;SECRETARIA MUNICIPAL DE EDUCAÇÃO;SME - DEPTOR. ENSINO FUNDEB 70% IV - CELETISTAS;CONTRATO TEMPORÁRIO;037.XXX.XXX-66;524;40;SECRETARIA MUNICIPAL DE EDUCAÇÃO;3;24/02/2025;;;;;;3 - Temporário;TEMPO DETERMINADO;;;Contrato Temporario;;PROFESSOR SL 40H - CELETISTA
;;;;535.587,32;1.207.820,01;1.743.407,33;;;;;;;;;;;;;;;;;;;;;;
